:020000040000FA
:1000000080410020F100000011010000D500000037
:1000100000000000000000000000000000000000E0
:1000200000000000000000000000000015010000BA
:10003000000000000000000017010000190100008E
:100040001B0100001B0100001B0100001B01000040
:100050001B0100001B0100001B0100001B01000030
:100060005D94000085940000A19400001B01000035
:10007000E99800001B0100001B0100001B010000AB
:100080001B0100001B0100001B0100001B01000000
:100090001B0100001B0100001B010000DD9C000093
:1000A000A56B00001B0100001B0100001B010000EC
:1000B0001B0100001B0100001B0100001B010000D0
:1000C0000348854600F0B8F80048004791B40000A6
:1000D0008041002004207146084202D0EFF30980DD
:1000E00001E0EFF308807146004A10479D47000089
:1000F0000A480B4901600B4901600B4901600B4A3A
:100100000B491160002101600A4880470A480047F6
:10011000FEE7FEE7FEE7FEE7FEE7FEE70001005030
:100120005900000016000000880000002400005064
:10013000A55A0000518E0000C100000030B50B46EA
:10014000014600202022012409E00D46D5409D42B1
:1001500005D31D469540491B254695404019154637
:10016000521E002DF1DC30BD70B50024254600285C
:1001700001DA01244042002901DA01254942FFF752
:10018000DDFFAC4200D04042002C00D0494270BD9F
:1001900003460B439B0703D009E008C9121F08C0A0
:1001A000042AFAD203E00B78491C0370401C521E4B
:1001B000F9D27047D2B201E00270401C491EFBD256
:1001C00070470022F6E710B513460A460446194662
:1001D000FFF7F0FF204610BDF0B51FB40646002023
:1001E00082B005464024019100901BE0019922460F
:1001F0000F46304600F042F8049A059B801A994158
:1002000010D310461946224600F028F8361A8F41BE
:100210000197224601200021009F00F01FF83818A6
:100220004D4100902046641E0028DFDC019B0098B1
:100230002946324607B0F0BD064C0125064E05E0C2
:100240002046E36807C82B4398471034B442F7D3DD
:10025000FFF73AFFC0CC0000E0CC000010B5202A28
:1002600004DB0146203A9140002010BD914020233C
:100270009C1A0346E3401943904010BD10B5202A54
:1002800004DB0846203AD040002110BD0B46D34085
:10029000D0402024A21A91400843194610BD10B442
:1002A000016A0C24A14311430162416A090A09024F
:1002B0001943416210BC7047F8B505200007C26BB6
:1002C00028218A43C263C26B0A43C263254841693D
:1002D0004212914341614169114341612249486899
:1002E00010434860214C204603F0E4FA0322120434
:1002F0000C21204603F020FB1D4807F098FF1D4D00
:100300000022082311462846FFF7C9FF296A012069
:1003100001432962184E0024696A090A0902203142
:100320006962296A0122D20211432962296BC90735
:10033000FCD0286369698F05BF0D00214A0093191D
:10034000491C5B88C9B2B3520429F7D33781696A63
:10035000090A090208316962641CE4B2052CDBD386
:10036000F8BD000040000050C04000501CFE235665
:100370001C00000400000E407004002070B5002234
:100380001021214804F030F92048017C2048002940
:1003900006D00122082104F027F902F083FC70BD89
:1003A0000122082104F020F91A4C0120E0601A4DC6
:1003B00000221146284603F0BFFA284603F07AFAD5
:1003C0006005826B30218A438263826B0A438263B9
:1003D0001248026949068A43026102690A430261BE
:1003E0000F4807F024FF0F4DE1214902284609F08C
:1003F00047FB1121284609F031FB052003F02AFEB6
:100400000020E06070BD0000C04000504C0C002097
:100410008040005080420050103D80574000005006
:100420001000000400000540F8B50025514C524E64
:10043000E5762A464021304604F0D6F80122110222
:10044000304604F0D1F800222021304604F0CCF8E8
:1004500001221021304604F0C7F848488369012181
:10046000474A002B03D011740561A5760AE0157484
:100470004269002A75D001616176E07E082210434E
:10048000E076A17607F0D0F860770122910230463D
:1004900004F0AAF801225102304604F0A5F8012226
:1004A00057033946374804F09FF8002006F040F91A
:1004B00001221103344804F097F801221146314813
:1004C00004F092F8012202212E4804F08DF8012256
:1004D00004212C4804F088F82C4C256306F04CF9D4
:1004E00001223946284804F07FF80122910326486A
:1004F00004F07AF8264F01221146384604F074F8C9
:1005000001220221384604F06FF801220421384606
:1005100004F06AF86563A56301221103194804F029
:1005200063F80122D102174804F05EF8012291021B
:10053000144804F059F801225102124804F054F80A
:10054000012211020F4804F04FF80122D1030E4896
:1005500004F04AF800228021304604F045F8F8BD46
:10056000FFE7BFF34F8F0C490A48C860BFF34F8FB6
:1005700000BFFDE7AC0C002040400050404200505E
:100580004C0C0020804000500040005000420050C1
:10059000C04000500400FA0500ED00E0F8B5FFF798
:1005A00043FF00F0A9F80127254CBF02032239467A
:1005B000204604F019F80122D102204604F014F874
:1005C000FFF77AFE1F4C204603F074F90022114613
:1005D000204603F0B1F961061B4C7D22D200204673
:1005E00008F00CFF2068650328432060174E376031
:1005F0002068A7033843206015480021154C8173FB
:10060000204603F057F900221146204603F094F9E2
:10061000124C114AA910204608F0F0FE2068284329
:1006200020606015306020683843206000F090F84A
:100630000AF0D6FAFFF7A2FE00F0FEF8F8BD0000BF
:10064000004000500400005F0000114000E100E0A5
:10065000AC0C00200300C05EF81600002000014032
:1006600010B5094C0346074A0021204606F068FBF6
:100670000121204606F010FC0121204606F008FC6E
:1006800010BD0000504600000000044070B5044654
:1006900005200007026B012109038A430263026BF4
:1006A0000A430263104807F0C2FD104D01210022E9
:1006B0004907284603F040F9284603F0FBF80021DB
:1006C000491C0429FCDB23460A4C094A0021204628
:1006D00006F036FB0121204606F0DEFB0121204614
:1006E00006F0D6FB70BD0000140000041400C057D3
:1006F000504600000000044010B55920114C16214E
:1007000088222060216022602368002BF9D00E49E6
:100710004868032210434860012003F0D9F80B48D1
:10072000C168C907C90FFBD0016A0122D2049143F5
:1007300001620020206008F0A3FA002003F04EF9C7
:1007400010BD0000000100504000005000020050A9
:1007500070B5104C104E0025A572304603F0AAF873
:1007600000221146304603F0E7F825720B480C4C86
:100770000288B106204608F041FE20686103084364
:1007800020604815074908602068890508432060F3
:1007900070BD00004C0C00200200805E60BD0000B7
:1007A0000000014000E100E010B5094C02460121C3
:1007B000C906204608F022FE206861030843206035
:1007C000481504490860206889050843206010BD69
:1007D0000000014000E100E010B5114C204603F09C
:1007E00069F820220021204603F0A6F80D4C0E499E
:1007F000E079085C0AF062FA607E002801D006F019
:1008000073F8002209490A4809F004FB03F096FF37
:1008100009F088FC01200749C005086010BD0000F0
:100820009B3C00404C0C00205CBD000015460000C5
:100830002802002000E100E070B5144C2068012877
:1008400008D0592016218822206021602260236868
:10085000012BF9D1082003F03BF80D4A0820D1689C
:100860000142FBD02B256D06284603F023F8002219
:100870000321284603F060F80122052000231146D9
:1008800000020AF0B7FA0020206070BD000100509D
:100890000002005070B5134C1349607A401CC0B27E
:1008A0006072098A884211D900256572217A204632
:1008B000807A00290BD0012908D1401EC0B2A07255
:1008C000FFF7CEFEA07A002800D1257270BD401C33
:1008D000C0B2A072FFF7C4FEA07A6528F6D301204B
:1008E000207270BDC003002000040020422847D2BF
:1008F000244A927C002A01D1002841D0F0B5234C33
:1009000042008318204D1A19072909D848000818F1
:10091000295CE15440194178517080789070F0BDA5
:10092000092907D81A480178E15441785170807834
:100930009070F0BD0A2907D00B2918D00C29F8D1E6
:10094000FF2100F073FEF0BD124EB1794800081887
:100950002F5CE75440194378537080789070491C9D
:10096000C8B2B0710728EED30020B071F0BD0A48BC
:10097000C15CE15418184178517080789070F0BDD6
:10098000704700004C0C00206BC80000803800202D
:100990001A040020C003002046390020422840D21B
:1009A000F0B50C461F49897C002901D100281AD0D6
:1009B0001D4D410043185919072C17D860001B4ED4
:1009C0002018375C0024002F01D0EA5400E0EC54DA
:1009D00080194378002B01D04A7000E04C70807879
:1009E000002801D08A70F0BD8C70F0BD092C07D8AA
:1009F0000F480278EA5442784A7080788870F0BDD7
:100A00000B2C05D00C2CFAD1114600F00FFEF0BDD6
:100A10000848C25CEA54181842784A708078887096
:100A2000F0BD70474C0C0020803800206BC80000DF
:100A30001A0400204639002042280FD210B4084C76
:100A4000A47C002C01D1002806D044000019054CDC
:100A5000215400194270837010BC70477047000029
:100A60004C0C002080380020F0B42D4C2D4D072870
:100A700012D8420080180021225C00194478837843
:100A8000480008182A544019491C4470C9B28370A0
:100A90004229F5D3F0BC7047092810D8224900201C
:100AA0000C784B788A78410041186C544919401CE5
:100AB0004B70C0B28A704228F5D3F0BC70470A2848
:100AC00013D00B28F9D1194B0020410041185A5C72
:100AD0006A54CA18491954784C70401C9278C0B2B4
:100AE0008A704228F1D3F0BC7047002001464200D2
:100AF00083180F4AE65C525C1B195700D219AE549A
:100B000052195E785670401C9B78C0B293700728CB
:100B100000D30020491CC9B24229E8D3F0BC704779
:100B20006BC80000803800201A04002046390020DD
:100B300030CA00004749487900287DD1F8B5C87F00
:100B4000454C401CC0B2C8772278904275D900202D
:100B5000C8776078414D401CC2B2627020468078F0
:100B60003F4B410041184819012A02D0082A04D0FD
:100B700006E0695C1970407801E080781870587060
:100B80003748384B007800218446914216D20846F7
:100B90000F30824212D8022901D2604600E00720BD
:100BA000207100202579571A0601361AF618F61911
:100BB000203E401CC0B2F5770528F5D3491CC9B2C8
:100BC0000329E2D32648002140788446914215D279
:100BD00008460F30824211D8022901D2604600E057
:100BE00007202071002025798F1A0601361AF61881
:100BF000F619401CC0B2F5730528F6D3491CC9B2DA
:100C00000329E3D3002617493001801B41180091C6
:100C10001549002547180098415D785DFFF766FE8D
:100C20006D1CEDB20F2DF6D3761CF6B2052EEAD36D
:100C3000607811280CD301E00BE009E0002161701D
:100C4000A078401CC0B2A070062801D32171A17009
:100C5000F8BD7047C0030020E00300207BCB0000FC
:100C600018040020BF3B0020ACC700003149487980
:100C700000285ED1487E401CC0B248768A7E9042F1
:100C800057D9F0B5002082B0487606462948417F02
:100C90000029C17E30D0891B0F31CDB21C2D01D36C
:100CA0001C3DEDB2B100244A711889186800019109
:100CB000281822490024009047181E4B0198D97823
:100CC000005D0A291AD01E4A525D002A2DD0FFF776
:100CD00065FE641CE4B2052CEFD3761CF6B2102E30
:100CE000D4D31449C87E401CC0B2C8761C2801D396
:100CF0000020C87602B0F0BD8919CEE70F49009AEE
:100D000042288A5C79788C46B978E2D20D4B9B7C7C
:100D1000002B01D10028DCD04300C0180A4B1A5424
:100D20006246C01842708170D3E79978FFF7DEFD04
:100D3000CFE77047C003002095C900008EC80000AF
:100D4000FEC800004C0C0020803800203149487952
:100D500000285ED1487E401CC0B248768A7E904210
:100D600057D9F0B5002082B0487606462948817FE1
:100D70000029C17E30D0891B091DCDB21C2D01D3A5
:100D80001C3DEDB23101244A891B8918680001918C
:100D9000281822490024009047181E4B0198D97842
:100DA000005D0A291AD01E4A525D002A2DD0FFF795
:100DB000F5FD641CE4B20F2CEFD3761CF6B2052EC1
:100DC000D4D31449C87E401CC0B2C8761C2801D3B5
:100DD0000020C87602B0F0BD8919CEE70F49009A0D
:100DE00042288A5C79788C46B978E2D20D4B9B7C9C
:100DF000002B01D10028DCD04300C0180A4B1A5444
:100E00006246C01842708170D3E79978FFF76EFD93
:100E1000CFE77047C0030020ACC700008EC80000B9
:100E2000FEC800004C0C0020803800206748407944
:100E300000287DD1F8B5664C6079401CC0B2607165
:100E4000A179884275D900276771607A614D401C8D
:100E5000C0B26072012810D15F4E00204200022112
:100E60008218A9544100735C521989195370401CAF
:100E70004978C0B291700528F0D30026700035186B
:100E80005448405D002805D0524901280FD002285F
:100E900030D065E04F482818417850480918300193
:100EA000801BC01E085C0721FFF720FD58E0494861
:100EB000281800904178494809183001871BF81E0E
:100EC000085CE179FFF712FD009841784348091862
:100ED000381F085C0721FFF709FD0098BF1E417805
:100EE0003E480818C05D0721FFF700FD3949002082
:100EF000485535E06D186878032808D337494118FC
:100F00003001801BC01E085CE179FFF7EFFC6878B8
:100F1000042808D3314941183001801B001F085CA8
:100F20000721FFF7E3FCA878C11E0F290BDA01E0C7
:100F30004BE049E0294941183001801BC01E085C84
:100F4000E179FFF7D3FCA878811E0F2908DA23493D
:100F500041183001801B801E085C0721FFF7C6FC8A
:100F6000761CF6B2052E89D300201A4E01274100C7
:100F70004218B15C00290BD091194B785B1CDDB293
:100F80004D708B785B1EDBB28B709D4200D1B754E5
:100F9000401CC0B20528EAD33078002814D1F0787C
:100FA000002811D1B07900280ED1707A00280BD119
:100FB000307B002808D100216172E079401CC0B26A
:100FC000E071062800D9E171F8BD7047C003002028
:100FD000E00300200A3C00208DCB0000ACC70000DD
:100FE0005649487900287DD1087D401CC0B208755B
:100FF0004A7D904276D9F0B5002483B00C75264620
:101000004E4A907D8019C5B21C2D01D31C3DEDB216
:10101000D07D00282DD04A480027815D002919D9AC
:101020006800281847490190401800904648434BF3
:10103000005D641CD978E4B20A295FD0434A525D4E
:10104000002A75D0FFF7AAFC3D487F1C805DFFB2E7
:10105000B842EBD8761CF6B2092ED1D33749887D39
:10106000401CC0B288751C2801D30020887503B0CD
:10107000F0BD0820801B32490290085C0027002840
:10108000E8D9680028182F490190401800904120A5
:10109000011B2D48294B405C641CD978E4B20A2915
:1010A0000DD02A4A525D002A24D0FFF777FC24494C
:1010B00002987F1C085CFFB2B842E8D8CAE7214911
:1010C000019A009B8A5C00999B7849789C4642284B
:1010D000EDD21F4B9B7C002B01D10028E7D04300B1
:1010E000C01800E028E01B4B1A54C018417061463C
:1010F0008170DCE79978FFF7F9FBD8E71149019A8D
:1011000042288A5C009949788C46009989789BD25C
:101110000F4B9B7C002B01D1002895D04300C018B9
:101120000C4B1A546246C018427081708CE7FFE77E
:101130009978FFF7DBFB87E770470000C0030020CA
:1011400027CA00008EC80000E5C90000FEC80000E4
:101150004C0C0020803800205649487900287DD169
:10116000C87B401CC0B2C8730A7C904276D9F0B5E7
:10117000002483B0CC7326464E4A507C8019C5B2F9
:101180001C2D01D31C3DEDB2907C00282DD04A4887
:101190000027815D002919D9680028184749019066
:1011A000401800904648434B005D641CD978E4B277
:1011B0000A295FD0434A525D002A75D0FFF7EEFB43
:1011C0003D487F1C805DFFB2B842EBD8761CF6B27A
:1011D0001C2ED1D33749487C401CC0B248741C280F
:1011E00001D30020487403B0F0BD1B20801B32499E
:1011F0000290085C00270028E8D968002818A9395F
:101200000190401800904120011B2D48294B405C63
:10121000641CD978E4B20A290DD02A4A525D002A0A
:1012200024D0FFF7BBFB244902987F1C085CFFB267
:10123000B842E8D8CAE72149019A009B8A5C009924
:101240009B7849789C464228EDD21F4B9B7C002B13
:1012500001D10028E7D04300C01800E028E01B4B74
:101260001A54C018417061468170DCE79978FFF725
:101270003DFBD8E71149019A42288A5C00994978D8
:101280008C46009989789BD20F4B9B7C002B01D117
:10129000002895D04300C0180C4B1A546246C01861
:1012A000427081708CE7FFE79978FFF71FFB87E7B3
:1012B00070470000C003002037C900008EC800003E
:1012C00053C90000E2C800004C0C00208038002008
:1012D000F8B52E2003F066F8BC4E00277074012884
:1012E00000D97774B7741A2003F05CF8B84C04285E
:1012F000A07000D9A770B748A178405C20821E205A
:1013000003F050F8E070042800D9E770E078B249A3
:101310004000085AE0821B2003F044F820710428A2
:1013200000D92771AD482179AD4D405C28731C2050
:1013300003F038F8E071042801D90320E071A948CE
:10134000E179405C60711D2003F02CF820720428C4
:1013500001D903202072A448217A405CA0711F208B
:1013600003F020F8E874042801D90120E8749F48AC
:10137000E97C405C2874202003F014F828760428C7
:1013800001D9012028769A48297E405C6875212081
:1013900003F008F82877042801D90120287790481D
:1013A0009449027F895C8176222002F0FBFF924DF6
:1013B0000428E87001D90120E8709048E978405C81
:1013C0002870232002F0EEFF2872042801D90120A2
:1013D00028728B48297A405CA871242002F0E2FF31
:1013E000E873042801D90120E8738648E97B405C52
:1013F0006073252002F0D6FF2873042801D901204C
:1014000028738149C0B2095CA1728049085C2073CD
:10141000262002F0C7FF6874042801D901206874EF
:101420007B48697C405CA073272002F0BBFFA87555
:10143000042801D90120A8757548A97D405CE07396
:10144000282002F0AFFF664D0128A87401D90120C1
:10145000A874292002F0A6FFE875012801D901200F
:10146000E8752A2002F09EFF6877012801D9012043
:1014700068772B2002F096FFA877012801D9012078
:10148000A877152002F08EFF624C0428207201D943
:1014900004202072C1B26048405CFFF7F7F81720C3
:1014A00002F080FFE871012800D9EF7101F02AF9FC
:1014B000A079042805D8E879002802D00B20FFF78E
:1014C000D3FA182002F06EFFA870092801D9AF7076
:1014D00002E0072800D1AF712D2002F063FF2871D0
:1014E0000A2801D92F7103E0072801D108202871AB
:1014F000192002F057FFE870062802D90A2800D008
:10150000EF70E878A978884201D1401CE870162075
:1015100002F048FFA0710E2800D9A77101F05EF912
:101520002F2002F03FFF6871012801D96F710AE096
:10153000002808D0A079401F0928F7D8FB22C6212F
:10154000364802F0EBFE3648364D007C002816D0B7
:101550003348407C022807D02C2002F023FF0121D1
:10156000B073F17301282ED0B773F7732868012187
:101570008907884328602C4802F08EF919E0296811
:101580000120800781432960274802F085F924481B
:10159000C07D002818D0707C002815D02C2002F0C7
:1015A00001FFB0730120F0731B4827720078FFF72A
:1015B00057F8B07B012806D0B773F77305F0DCF855
:1015C00001F024FA2772F8BDB773F5E7AC0C0020E0
:1015D0000004002070C6000084C8000075C600002A
:1015E000C00300207AC600007FC6000084C6000049
:1015F00089C600008EC60000E003002093C60000EC
:1016000098C600009DC60000A2C60000A7C6000044
:10161000ACC600006C0C00206BC6000080380020B7
:101620004C0C0020200001400300C05EF0B44200DA
:101630008518194A194E545D002C02D000237355A9
:1016400000E071554700C019AA18144F5378C0190B
:10165000002B02D00027477000E041709778002FE0
:1016600002D00022827000E08170002C12D0002B8A
:1016700010D0002F0ED071550022417081709C4215
:1016800002D9BC4203D303E00122BB4200D20222B2
:1016900000218154F0BC704746390020803800207A
:1016A00070B51C48418A491C89B24182C28A914264
:1016B0001BD90021418218488078092816D00828B3
:1016C00013D107F0A1FA1548154D8079022810D0E2
:1016D00004280AD80024AB786A7829782046FFF7D6
:1016E000ABF9641CE4B2422CF5D370BD06F04CFAA1
:1016F000E9E70C4E0024305D002805D1AB786A780C
:1017000029782046FFF798F9641CE4B2422CF2D302
:1017100070BD000000040020C00300206C0C0020FD
:101720001A040020D23A0020F1B52D4D00242D4995
:1017300006226243511800208E4661002A4A535AFD
:101740002A4A4600925B13421FD0294E735A1F4605
:10175000174222D1134373526A7A1F2A1DD273464D
:101760001B5C5E00234BB4469F5D5300224ED31892
:10177000F754204F6646F6191F4F7678DB195E70D6
:1017800001269E70521C6A7207E0194F7B5A134261
:1017900003D01A4A925B13407B52401CC0B2062809
:1017A000CCD3641CE4B20B2CC1D3009800221449A2
:1017B000002809D0487B401CC0B248736B7998421E
:1017C0000DD94A73012008E0887B401CC0B28873A1
:1017D000AB79984203D98A73002006F007FAF8BD66
:1017E00000040020F7C70000C41A00209EC10000BA
:1017F0006A38002028C700005F3B0020BEC10000FF
:10180000C00300202248807B002840D0F8B5214A40
:101810000B215078204B1030C0B2507084461078A5
:1018200000904843C0B286461C4E00204100401C38
:10183000C0B273520328F9D30021724652185300E4
:10184000D218174B0020D7184B003A5C624505D3DD
:10185000144D4200B45AED5A2C40B452401CC0B250
:101860000328F2D3491CC9B20B29E6D3094C0098CE
:1018700004F0A6FF60780021F02800D36170207882
:10188000401CC0B22070062800D32170F8BD7047FC
:10189000AC0C0020C0030020FFFF00001E0400204D
:1018A00080380020C6C60000F8B521480027009007
:1018B00020480621794300240E187D001E48415B14
:1018C0001E486200805A01420ED01D4A515B0B46F1
:1018D000034223D1014351530098012283792146C9
:1018E000384607F017F919E0154B595B014203D050
:1018F0001448805A01405953305D00280ED01249D7
:10190000097B884201D2002000E0401A305500983F
:10191000002283792146384607F0FCF8641CE4B2C3
:10192000062CCBD37F1CFFB20B2FC1D3F8BD000018
:101930006C0C00200C3A0020C41A00209EC100004C
:101940006A380020BEC10000C0030020F8B5FF4C7B
:101950000746A07B00280AD1FD4B1D4660337C352D
:10196000187F0A2F0FD0092F17D0002F14D1F84855
:10197000417C022910D0C07D00280DD0F448007CA5
:10198000002812D01CE0042801D2401C20770D2230
:101990000121284602F096FCF8BD002801D0401E27
:1019A00020770D220121284691E3EA48807900281A
:1019B00006D1607C0028EFD0E74800780228EBD2FF
:1019C000781E0026E54D032802D9F81F062808D8FE
:1019D0006879002805D06E712F220121E04802F0BD
:1019E00071FC0E2FD8D23B007B441B79DB189F443F
:1019F000073C606E89A906BFF3F2F1F006EFCBE772
:101A0000A07B002815D0A673D648E673016842066D
:101A100091430160D44801F03FFF04F0ADFE00F0B7
:101A2000F5FFCB48D149007A4000085AFEF7BCFECA
:101A300017E00120A073E073CD480672CD4800780E
:101A4000FEF724FEC248CC49007A4000085AFEF74F
:101A5000ABFEC54801F02EFFC24908684A06104394
:101A600008602C220121C54831E3C148817905294C
:101A700010D3867116220121C14802F023FCE879B7
:101A8000012874D00120E87101461722BD4802F0F8
:101A900019FC7EE3E8790128B1D00124EC7117220A
:101AA0002146B84802F00EFCB7480477467786779F
:101AB000F8BDAF488179491CC9B281710E2900D99E
:101AC000867100F08BFE16220121AD48FFE2A84886
:101AD0008079801E0A28EBD8E878401CC0B2E870F4
:101AE000062805D90A2802D20A20E87000E0EE7024
:101AF000E878A978884201D1401CE87019220121B8
:101B0000A248E4E29A4CA0790028D1D0012804D15F
:101B1000217A9848405CFEF7A3FDA671E879002879
:101B200008D1A878072805D1AE701822012198485D
:101B300002F0C8FB01219448162201774677867788
:101B40008F48C4E28A488079401F0928B0D8687954
:101B5000002801D06E7106E001206871FB22C621C9
:101B60008C4802F055FB2F2201217D48AFE205E3AE
:101B70007F488079002830D0012842D002284ED0FA
:101B800003285AD0042866D005287AD0062871D0B8
:101B9000072870D008286ED00D286DD00E286CD084
:101BA00009286BD00A286AD00B2869D00C2800D0ED
:101BB0007EE77549887D0028FAD0401EC0B288753E
:101BC00075492722095C7548C173012174487EE27A
:101BD00080E247E232E21CE225E1A878092801D040
:101BE0000828E5D16D48C1780029E1D0491EC9B265
:101BF000C1706C4A4900515AC1821E2201216A48B3
:101C000065E2664881780029D2D0491EC9B2674A88
:101C10008170515C01821A220121654857E25F48B8
:101C200001790029C4D0491EC9B2017161481B2243
:101C3000405C28730121604849E25848C179002975
:101C4000B6D0491EC9B25D4AC171515C41711C22B6
:101C500001215B483BE25148017A0029A8D0491E86
:101C6000C9B2584A0172515C81711D220121564846
:101C70002DE206E012E01EE02AE037E044E052E008
:101C8000C2E0E87C002893D0401EC0B24F49E874FF
:101C9000085C28741F2201214D4818E2287E002884
:101CA00086D0401EC0B24B492876085C6875202259
:101CB000012149480BE2287F002896D0401EC0B27F
:101CC00046492877085CA876212201214448FEE194
:101CD0002D48C178002988D0491EC9B2414AC17037
:101CE000515C0170222201213F48F0E12648017A2F
:101CF000002989D0491EC9B23C4A0172515C8171E8
:101D0000232201213A48E2E11F49C87B002889D0FB
:101D1000401EC0B2C87337492422095C1F48417372
:101D200001213548D3E11849087B002888D0401E9E
:101D3000C0B2087331490A5C18498A72304A105C93
:101D40000873252201212F48C1E10000AC0C0020BE
:101D50004C0C0020CC0C002010030020C0030020FD
:101D6000C5030020200001400300C05E6CBD0000E0
:101D70006C0C00206BC6000060BD0000BA0C002097
:101D8000720C0020C7030020E0030020C3030020E2
:101D9000C203002080380020B1C6000000040020EB
:101DA000F603002084C800000304002070C6000071
:101DB0000204002075C60000040400207AC600005A
:101DC000070400207FC600000804002084C600002D
:101DD000D303002089C60000D80300208EC600006F
:101DE000DC03002093C60000E303002098C6000037
:101DF000E80300209DC60000EF030020A2C60000FB
:101E0000A7C60000EC030020E548417C00298DD0E6
:101E1000491EC9B24174E3482622415CE2488173FD
:101E20000121E24853E1E248807900282BD00128C3
:101E30003DD0022849D0032855D0042861D0052878
:101E40006DD006287FD0072877D0082875D00D28B8
:101E500074D00E2873D0092872D00A2871D00B28AC
:101E600070D00C2800D023E6CD48817D0429FAD219
:101E7000491CC9B28175CF482722415CCA48C17349
:101E80000121CD4823E1A878092801D00828EAD10A
:101E9000C548C1780429E6D2491CC9B2C170C74AF5
:101EA0004900515AC1821E220121C5480FE1BE4896
:101EB00081780429D7D2491CC9B2C24A8170515CC9
:101EC00001821A220121C04801E1B74801790429A1
:101ED000C9D2491CC9B20171BC481B22405C28739D
:101EE0000121BB48F3E0B048C1790429BBD2491CA9
:101EF000C9B2B84AC171515C41711C220121B64876
:101F0000E5E0A948017A0429ADD2491CC9B2B34A17
:101F10000172515C81711D220121B148D7E0E87C3A
:101F20000428A0D2401CC0B2AE49E874085C2874F2
:101F30001F220121AC48CAE005E011E01DE02AE0C3
:101F400037E045E056E0287E04288CD2401CC0B221
:101F5000A6492876085C687520220121A448B6E0CD
:101F6000287F042897D2401CC0B2A2492877085C79
:101F7000A87621220121A048A9E08948C178042936
:101F800089D2491CC9B29D4AC170515C017022229C
:101F900001219B489BE08248017A04298AD2491C8E
:101FA000C9B2984A0172515C81712322012196487D
:101FB0008DE07B48C17B04298AD2491CC9B2C17318
:101FC00092482422415C78484173012190487EE088
:101FD0007349087B042889D2401CC0B208738D491C
:101FE0000A5C71498A728C4A105C087325220121AF
:101FF0008A486CE06A48417C042985D2491CC9B2F0
:10200000417468482622415C6748817301210F387A
:102010005DE0674CA079012800D149E5207A0028CD
:10202000FBD0401E2072152201217D4802F04AF9A2
:10203000207A7C49085CFEF713FBF8BD5C4CA07964
:102040000128FAD0207A0428F7D2401C20721522E9
:102050000121734802F036F9207A7249085CFEF7D4
:10206000FFFAF8BD5248807905280AD0062813D017
:1020700007281CD00828F4D1A87F002822D0AE77EA
:1020800022E0A87C002801D0AE7401E00120A874F1
:102090002822012164481AE0E87D002801D0EE756D
:1020A00001E00120E8752922012160480FE0687FE6
:1020B000002801D06E7701E0012068772A220121F3
:1020C0005B4804E00120A8772B220121594802F047
:1020D000F9F8F8BD364CA07901460D39012906D82A
:1020E000A67116220121544802F0ECF806E00728F8
:1020F00001D0082802D1E8780A28EAD0E879002837
:1021000017D0EE71A878092805D9AE7018220121E0
:102110004A4802F0D7F817220121494802F0D2F8C4
:10212000A079012825D0A878092828D0082829D006
:102130002AE0A07901280CD0A878401CC0B2A87071
:10214000092800D9AE70182201213C4802F0BAF8E3
:10215000E6E72879401CC0B228710A2801D92E71FF
:1021600003E0072801D1082028712D2201213548DC
:10217000ECE72879092802D0082803D009E002F00A
:1021800073F901E002F0BAF9A0790728A1D0082874
:102190009FD003480121017746778677F8BD00007C
:1021A000E0030020ACC6000000040020F103002082
:1021B0006C0C0020B1C60000F603002084C80000AB
:1021C0000304002070C600000204002075C6000051
:1021D000040400207AC60000070400207FC6000027
:1021E0000804002084C60000D303002089C6000034
:1021F000D80300208EC60000DC03002093C6000038
:10220000E303002098C60000E80300209DC60000FC
:10221000EF030020A2C60000A7C60000EC030020C8
:10222000740C00206BC60000D2030020D7030020EE
:10223000DD030020DE030020720C0020C20300201A
:10224000C7030020C40300204B484079002875D103
:10225000F0B54A48017C491CCAB249490274897BDD
:102260008E4672452DD900220274C37C1146002B84
:1022700020D9414FFA789446424D847C424E2D5DE0
:102280000322725562460A2A09D1404EBA79725524
:10229000521CD2B2BA71072A01D30022BA71641C4F
:1022A000E2B282740F2A01D300228274491CC9B29F
:1022B0009942E1D35B1CD9B2C174042901D901212F
:1022C000C174017D7246491CC9B2D21C017591428C
:1022D0004FD900212E4F2F4E01758A008C180420F3
:1022E000E319A2191518203DED7F15541D18203D46
:1022F000ED7F1D54401E0006000EF3D1224B264AEE
:10230000585C125C3255214A0028525C3A5501D083
:10231000401E5854491CC9B20F29DED300251C4A5F
:10232000A8001C492818002487184618325D002A86
:1023300005D01148C1780A290BD00BE01AE0200122
:10234000011B164808180C49405D8978FEF7CEFA43
:1023500007E0395D2001031B10481818405DFEF7A7
:102360001DFB641CE4B2052CE0D36D1CEDB20F2DF7
:10237000D5D3F0BD70470000C0030020E00300206B
:102380000004002012CB00009D3C0020423D0020B4
:10239000F73C0020AC3C002062C60000ACC7000047
:1023A00057484079002872D1F0B5564C564DA07A66
:1023B000401CC0B2A072A97A884229D90020A0721C
:1023C000E97A0646002923D9504F4D48C178E07A72
:1023D0000A29385CFFD1FEF789FAE07A4C4B3A5C67
:1023E0000121995400214B4B401CC0B29954E0721A
:1023F000422800D3E172A87A801CC0B2A8721428C7
:1024000001D90A20A872761CE87AF6B28642DCD39B
:10241000E87A401CC0B2E872072801D90320E872AC
:102420003B4E0024305D012802D0022830D048E025
:10243000384F2A7B395D32488918CAB23A55C1787B
:102440000A290BD02046FEF7A9FA2A7B395DFF2026
:10245000801A814235D90220305532E0422CF4D224
:102460002D48807C002801D1002CEED0610060183E
:102470002A490B5C002B00D00A54401841780029EF
:1024800000D0427081780029DFD08270DDE736E02D
:1024900020492A7B085D904209D8002718480F552B
:1024A0008178FF222046FEF779FA375509E0801A35
:1024B000C2B213480A55C1780A2907D02046FEF750
:1024C0006DFA641CE4B2422CACD3F0BD422CF8D2BD
:1024D0001148807C002801D1002CF2D061006018E6
:1024E0000E490B5C002B00D00A544018417800299B
:1024F00000D0427081780029E3D08270E1E7704714
:10250000C0030020E00300200004002030CA0000C7
:102510005B3C0020193C00204C0C0020803800203F
:1025200000B50D484079002811D10C480C4A417D76
:10253000491CC9B24175D27B914208D9002141752D
:10254000407E002804D0012801D107F041F900BDE8
:1025500007F0B4F800BD0000C0030020E003002035
:1025600000040020F0B5184F7879002825D1174DC8
:102570001749687B401CC0B26873497B88421CD9EC
:1025800000206873B878FEF76FFA124E0024F978CD
:10259000A87B0A2912D0142250438019005DFEF74F
:1025A000A5F9641CE4B2142CF1D3A87B401CC0B282
:1025B000A873082801D30020A873F0BD1421484354
:1025C0008019005D0A21EAE7C0030020E003002033
:1025D0000004002072CA000070B5254C0025A07CC4
:1025E000E17C01280FD002280CD1491CC8B2E0744C
:1025F000FEF736F81F48204A007AE17C105C8142E1
:1026000000D3A57470BD491EC8B2E074FEF728F867
:10261000E07C0028F6D1194E1949B572A5740868F6
:102620008A03904308601748016891430160164887
:10263000016891430160154801F02EF9144801F03A
:102640002BF9144801F028F904F096F800F0DEF9AF
:10265000E576284604F06CF8042006F011FB022011
:1026600020750D49042008700120B07270BD000073
:10267000AC0C00206C0C00206BC600004C0C002041
:102680000000114020000140000001400400005FF4
:102690000300C05E0200805E1303002010B50B48EB
:1026A000C179012905D00121C1711722084801F023
:1026B00009FE08488179002906D00021817116227F
:1026C0000121054801F0FEFD10BD0000C0030020FF
:1026D000C70300206C0C0020720C002010B500F025
:1026E00011F806488079042806D80548C0790028E2
:1026F00002D00B20FEF7B8F910BD00006C0C0020D2
:10270000C0030020F8B53522C6210C4801F006FEB2
:102710000A4C0B4F0B4D002041004218395CA35C62
:102720004E0089196B541219491953784B70401C8B
:102730009278C0B28A704228EED3F8BD7C040020A3
:10274000E6C600004639002010B5224CA07B0028C8
:1027500017D000F019F9204880790F2811D2030012
:102760007B441B79DB189F440C070D101216191CB3
:102770001F282B2E31222500A07C002801D1FEF736
:1027800089F810BDFFF790F810BD012000E000208F
:10279000FEF7CAFF10BDFEF7DFFC10BDFEF720FC00
:1027A00010BDFEF763FA10BDFEF7D0FA10BDFEF7BC
:1027B000C1F910BDFEF73AFB10BDFFF7D3FE10BD07
:1027C000FFF7EEFD10BDFFF73FFD10BDFFF7A8FEC0
:1027D00010BD0000AC0C00206C0C0020F8B501F01E
:1027E00019FE4C484C4E80790025012822D0022841
:1027F00028D0032829D0042827D005283FD0062830
:1028000048D0072848D0082846D0444C0D2845D049
:102810000E2855D0092858D00A2858D00B2861D046
:102820000C2806D1B078FEF71FF9E5751C2020763C
:102830006576F8BDB0780728FBD12846B570FEF75D
:1028400013F9F8BD01F022FEF8BD35490020420021
:10285000401CC0B28D520B28F9D3324B00210A0123
:102860000020521AD2181554401CC0B20F28FAD3B7
:10287000491CC9B20529F2D32B484572F8BDF0793D
:10288000002805D0F57117220121284801F01AFD12
:102890007574F8BDB575F8BDF576F8BD0022244E07
:1028A0000720130100219B1A9B195854491CC9B2D7
:1028B0000F29FAD3521CD2B2052AF2D36570F8BDA3
:1028C0000720FEF7D1F86572F8BDA573F8BD194968
:1028D000194A00200D541554401CC0B24228F9D3A7
:1028E000E572F8BD154E164F00218A008A180020A7
:1028F0009319D2191D541554401CC0B20528F9D3A0
:102900001048455410484554491CC9B20F29ECD30E
:10291000A574F8BD6C0C0020C0030020E00300206B
:102920006A380020143B002000040020C703002068
:10293000BF3B0020193C00205B3C0020AC3C002049
:10294000F73C00209D3C0020423D002000B50B4894
:10295000807B00280AD00A48C179002906D109499C
:102960008979012903D08078082803D200BD007935
:102970000828FBD3FEF794FE00BD0000AC0C00203D
:10298000C00300206C0C0020F0B51B4C207F0028F9
:102990002FD0E07E401CC0B2E0760A2829D900275B
:1029A000E7761648617F3D46415C00291AD9144EEE
:1029B0001448A17F405C491CA1771349CA79002AB9
:1029C00003D00B21FDF792FF05E0B279012A11D067
:1029D0008978FDF78BFF0948617F6D1C405CEDB283
:1029E000A842E5D8607F401CC0B26077092800D3B8
:1029F0002777F0BD0979ECE7E003002027CA000043
:102A00006C0C0020E5C90000C003002010B50A4886
:102A100000F042FF05200007026B012109038A43F1
:102A20000263026B02630122044801F0DDFD0449E8
:102A30000020086310BD00001400C0570040005083
:102A40000042005070B50B4D00200B4CA872A178CD
:102A50000126002901D0A07000E0A67011220121FA
:102A6000064801F02FFCA078401CC0B201F038FFEE
:102A7000AE7270BD4C0C00206C0C00206E0C00205F
:102A800070B5244E0020244CB072A17B002906D0E2
:102A9000A07303F071FEFF20F53001F0DBFAE57E54
:102AA00028090001E07604F01FFB617F012901D0B5
:102AB0002E3080B24D22D2001849904207D3E07EDA
:102AC0000F221043E076084601F0C4FA1BE0144AD6
:102AD000904207D3E07E0B221043E076084601F0D7
:102AE000B9FA10E00F4A9042E07E06D30922104363
:102AF000E076084601F0AEFA05E008221043E076E1
:102B0000084601F0A7FAE576E07BA0730120B072D9
:102B100070BD00004C0C0020AC0C0020DC05000057
:102B2000510200004102000007490A78002A0AD138
:102B300008B50875FD216A4611705070022168467B
:102B400003F066FA08BD7047CC0C0020F8B5494F79
:102B5000B87A401CC0B2B872042875D30026464922
:102B6000BE72087C00286FD144480090807900280C
:102B70006AD10D46AE7204F087FA414CA080012064
:102B8000A872A088FF21373188425DD3A0883D49D3
:102B90003D4D884233D2387B401CC0B238730A287E
:102BA00016D93E733878022812D002203870A87BDC
:102BB00000280DD0AE733548EE730168420691438C
:102BC0000160334800F068FE03F0D6FDFFF71EFFFA
:102BD000A088304988420FD2F87A401CC0B2F872FF
:102BE000797D884209D9244886722B4800780028CC
:102BF00003D12A48066100E0FE727E7315E0A088CA
:102C00008721890088420DD93878002807D0787B41
:102C1000401CC0B278730A2801D97E733E70FE72E0
:102C20003E7302E07E73FE723E73687F012808D017
:102C3000A2882521002009018A4206D3642012E0DF
:102C400002E0A08800F0D4FEF8BD154B00218C00F6
:102C5000E4186488944202D98800185C03E0491C97
:102C6000C9B21429F3D30099097D8142ECD9FFF749
:102C70005BFFF8BD100300204C0C0020CC0C0020A2
:102C80005003002012020000AC0C00202000014084
:102C90000300C05E030200006903002040420050B0
:102CA0002EC1000010B5104800F0F6FD0520000709
:102CB000816B302291438163816B81630B48016991
:102CC00052069143016101690161094C00222021F2
:102CD000204601F089FC00221021204601F084FCEE
:102CE00004490120C86010BD103D805740000050CD
:102CF000804000508042005008B5694608700121AC
:102D0000684603F085F908BD08B500200090064824
:102D100001210173F4216A461170407A507002213A
:102D2000684603F075F908BDCC0C002070B5084C5E
:102D30000025E078002803D0064800F043FDE57048
:102D40002079002803D0044800F03CFD257170BDB7
:102D5000600300200C0E0020150E002018480021F2
:102D600081724171C172017241720173C18101743A
:102D7000EA224274134A154B917781740122C2747E
:102D80001148202241708170017000201954401CAC
:102D90009042FBD30E4A062300201154401C984257
:102DA000FBD30C4B062200201954401C9042FBD34D
:102DB000094A402300201154401C9842FBD370471D
:102DC000CC0C0020AC0C0020B00300200A380020FE
:102DD000B9030020B30300202A380020F8B50020F2
:102DE0006946087008F014F80121684600F09EF862
:102DF000002870D0684600784849002803D08878B9
:102E0000CF780E7902E008784F788E78444C2546CA
:102E100060358034062E18D0052E19D00021E977B0
:102E20002173042E3FD0002003F006FB207AB84225
:102E300048D02772012F39D0022F3BD0032F3CD02E
:102E4000042F45D0052F47D03AE00120E87754E021
:102E5000217B00291DD000202073617A304E217221
:102E6000B07200F013F9C82001F0F4F8002000F06F
:102E70000DF9C82001F0EEF8002000F007F9C82095
:102E800001F0E8F8002000F001F927720120B0728B
:102E900033E003F0D1FA2248C07D00282DD121482B
:102EA0000A21018629E003F0C7FABFE71C48C17E6A
:102EB000817605E01A48017F01E01948417F81765B
:102EC00007F0ECFF1648E671C07D002807D009E046
:102ED0001348817FF3E720E01148C17FEFE71148F5
:102EE0000A210186207A032805D9E87EF9210840C5
:102EF00040084000E87603F05DFB0621074803F038
:102F000047FD0020A877A079002806D02078002867
:102F100003D0FF210448F5314180F8BDB303002000
:102F20004C0C00201003002050030020F8B58C4604
:102F30002E490A460F781679557953789478D278C5
:102F4000002F02D0F62F1AD009E0002B07D1002C59
:102F500005D1002A03D1002E01D1002D43D0FB184A
:102F60001B19DBB200240470214C9A421ED0E07F72
:102F7000012838D01F480078002808D033E0F63305
:102F8000A2189A189219D3B22A460124EBE7604698
:102F9000002828D004F0F6FBA07F052823D2F620D5
:102FA000FFF7AAFEA07F401CA0771CE00022A277BA
:102FB000007800280CD00879062814D8C87805288D
:102FC00011D8887807280ED8487801280BD808E04F
:102FD0008878062807D84878052804D8087807286C
:102FE00001D80120F8BD0020F8BD0000B303002087
:102FF000AC0C0020CC0C002010B5FFF753FE642071
:1030000001F028F804F0BEFBFDF7B8F910BD000090
:1030100030B40A490020487409490C78002C0AD9B8
:10302000084D09492B5C8A691202FCD40B60401CD4
:10303000C0B2A042F6D330BC70470000CC0C0020D8
:10304000B00300200A3800200000054010B50C4CE9
:10305000617800290DD0002000F020F9FFF766FE0E
:103060006178012000F01AF9FFF760FE07F0D0FE4A
:1030700010BD0449002008800349087010BD0000FD
:10308000600300204603002022030020F0B55049D1
:103090004E4CCA7EFB239446E57A1A40277A6B1C75
:1030A000DEB2062F14D23B007B441B79DB189F4411
:1030B0000F021C324C6C00280BD0FD20024050083F
:1030C0004000C876052D03D204221043C876E6726C
:1030D000F0BD6046FD22104040084000C87642071F
:1030E00001D5FB2215E004226CE000280BD0FD2066
:1030F000024050084000C876052DE9D20222104354
:10310000C876E672F0BD50084000C87682073AD50E
:10311000FD22104057E000280BD0FD20024050084F
:103120004000C876052DEDD201221043C876E67224
:10313000F0BDFD200240CA76D00702D05008400002
:1031400041E001200243CA76F0BD002809D0FD20ED
:10315000024050084000C876052DF5D204221043E5
:10316000CCE7604640084000C876420702D5FB2203
:10317000104001E004221043C876C0B2820702D595
:10318000FD2210401FE002221CE0002809D0FD2093
:10319000024050084000C876052DD5D202221043C7
:1031A000C2E7CA76900702D5FD20024001E0022066
:1031B0000243CA76D0B2C20703D040084000C876A6
:1031C000F0BD01221043C876F0BD0000CC0C0020F9
:1031D000AC0C0020F8B52D4C607C2D4D00262D4FF9
:1031E000EE281AD0787A002824D0207C002821D11B
:1031F000607CEA2802D0288800281BD1F87A264B68
:103200000101081A24490A5C2049C018C979F72A23
:1032100011D0F32A22D0092123E0387B401CC0B210
:103220003873052803D802F013FD0A200DE03E7321
:10323000EA206074F8BDA27C002A09D1BA7B521C36
:10324000D2B2BA73032A02D208202880F8BDBE7316
:10325000042908D10F2102F0DBFE04E0042902D189
:10326000052102F0D5FE787A401E7872F87A401C6B
:10327000C0B2F872FA2800D3FE72A07C002803D0F6
:103280000A2028803E73F8BD0820FAE7CC0C002005
:10329000480300206003002064220020F0B50A46A5
:1032A00087B0423A0692093A0592FB4A0126521823
:1032B000E03A0492F94A0392F94A0B465278029294
:1032C000F84AFC4D927E0192F74A527894460A469B
:1032D000823A9640F54AD23B127A0092F44A541848
:1032E000F54AA03C5718243A803FD27900287DD077
:1032F0006B2903D9CC2901D00B2B5FD80698032862
:1033000012D9372910D047290ED048290CD04A2984
:103310000AD00598022814D8F2206A461070E748AF
:10332000405C50700221A1E0DD48F0220270E34BC6
:10333000029A595C0A434270DC490120C87007B008
:10334000F0BDCC2904D00B2B04D80498807B03E07B
:10335000642001E0D948405CD44C052A0AD2D04907
:10336000F0230B708918C870521CE2710120E070C4
:1033700007B0F0BDCC291FD00B2BF9D9D048405C49
:10338000D049F7220A70C20855184007012769780A
:10339000400F3E468640314208D0CA4800F012FA3B
:1033A0006878B0436870C74800F00CFA687830431A
:1033B0006870277107B0F0BD6C20E1E7CF2933D0EA
:1033C0007D293DD9D0293BD0D12939D08629F1D8C2
:1033D000812958D8B878B34E401CB8707079B64C73
:1033E00000280AD0002003F051FB00E0BEE0F07896
:1033F00000283DD0B4480A210180B4490878401C17
:10340000087020780028D5D060780028D2D0A07825
:103410000028CFD0E0780028CCD07D20C000688282
:103420000420687507B0F0BD01980028FAD09C49C7
:10343000F0200870012008729C49C870039992E03E
:10344000F1206A461070A2484A0010187D2905D85C
:10345000E038017A6A465170407A05E0FF388138D9
:1034600001796A46517040799070032110464DE110
:10347000964800780028C0D1707996494000095AD2
:1034800091480180B9E7842926D8874DF320287018
:103490000098864F0642A17F604614D0884368702A
:1034A00003F0C0FA6878A17F0843687003F0BAFAA5
:1034B0006878A17F8843687003F0B4FA387AB04323
:1034C000387207B0F0BD08436870009806433E723A
:1034D00003F0A8FA07B0F0BD734E307900280BD086
:1034E000852902D0862903D006E0802802D803E08F
:1034F000802801D2784868826A4D287C002803D051
:10350000687E002803D115E00198002812D0F3202E
:103510003070A07F307103F085FA287900270028E9
:1035200006D903F07FFA7F1C2879FFB2B842F8D899
:1035300001200EE0F32030705A48684A007985294E
:10354000105C02D0FF210131081A307103F06AFAD1
:103550000020A871A07F3071FF215B48F531018008
:103560005A490878401C087007B0F0BD6B2903D990
:10357000CC2901D00B2B71D80698032811D93729F3
:103580000FD047290DD048290BD04A2909D00598DA
:10359000022813D8F22069460870002048700221E2
:1035A000B3E03F48F0220270444B029A595C8A43D0
:1035B00042703E490120C87007B0F0BD0126CC29F9
:1035C00004D00B2B04D80498857B03E0642501E02C
:1035D0003A48455C0020002A23D9314C2718FF784F
:1035E000AF4218D1F021314B217090420DD200250D
:1035F000042804D221180E79CE700D7101E0211833
:10360000CD70401CC0B29042F2D3521EDA7101203C
:10361000D87007B0F0BD401CC0B29042DED3012E7E
:10362000F7D1CC2918D00B2BF3D92548405C254C79
:10363000C1080919450701224B786D0F1046A840B3
:103640000342E6D0F72323704B78834317484B702F
:10365000027107B0F0BD01E06C20E8E7CF293FD050
:103660007D294CD9D0294AD0D12948D08629F0D8F3
:1036700016480278501EC0B281294BD8B97800296B
:1036800001D0491EB9701149002A00D008700020ED
:10369000688207B0F0BD0000D0C300006C0C0020B1
:1036A0000C0E00204C0C002088030020600300203A
:1036B00081C100008C0C00208403002064C3000042
:1036C000DCC30000150E00204C0300201503002071
:1036D00048C4000070C40000B80B000098C100008E
:1036E00001980028D5D01B48F021017000210172FB
:1036F00019480122C2700398017007B0F0BD002084
:103700000090F120694608700321684602F080FCB1
:1037100007B0F0BD842911D800980F4D0028F7D0CC
:103720000E48F3210170A27F61469143417003F07E
:1037300079F9287AB043287207B0F0BD0021084B10
:103740006982002A00D0187004480171054881710F
:1037500007B0F0BD0C0E002060030020880300209D
:10376000150300204C0C002070B50C460546FFF7F1
:1037700095FD6B2C03D92146CC3911290ED80C4864
:10378000C07800280AD00B4B0B4A0C49002D06D0FC
:103790000B484C70C08918800120107070BD4878AB
:1037A0008442FBD1002018801070487070BD00006A
:1037B0006C0C002046030020220300206003002040
:1037C0004C0C0020F8B5314D0446687A0027304E85
:1037D000FA2819D3E87A334601010A1A2D48B15C58
:1037E000C079D218F7292AD0F3292FD00921104601
:1037F00002F00EFCE87A401CC0B2E872697A491EF9
:103800006972FA2800D3EF722078F72825D0F328C0
:103810002FD0A97A00200A01511A8919225C0A5472
:10382000401CC0B20928F9D3A87A401CC0B2A872C3
:10383000697A491C6972FA2800D3AF72F8BD04286E
:10384000D8D10F21104602F0E3FBD3E70428D1D1F1
:103850000521104602F0DCFBCCE7A97A00200A0122
:10386000511A8919225C0A54401CC0B20F28F9D39E
:10387000DAE7A97A00200A01511A8919225C0A5450
:10388000401CC0B20528F9D3CEE700006003002039
:1038900064220020CC0C0020810F8A0004495118BA
:1038A0004A68C306DB0E0120984082434A60704795
:1038B00000020050810F8A00044951184A68C3066B
:1038C000DB0E0120984002434A607047000200501E
:1038D00002490A6802430A60704700000002005073
:1038E00008B51148006800901048016A00130142B1
:1038F00001D0002008BD080301D50D4800E00D48A7
:103900008A03F7D40A04920F6B469B5CCA058904AC
:10391000D20DC90E921C891C800859435043FCF7F4
:103920000DFC800008BD0000F4CB00000002005038
:103930000080510100093D0030B4224D83B06C6815
:103940002B68AD680093430E029501945B0725D068
:1039500083009B0F9B006C46E3581B4C1B19040112
:10396000650FC401E40EA5401C68AC430C431C6009
:10397000164B174D984207D1EB69FF240134A3433E
:1039800021400B43EB6109E0124B984206D1EB69F1
:1039900001246402A34321400B43EB61830A19060F
:1039A000090E0CD00103890F0B4C89000919800501
:1039B000DBB2C00E8340086898431043086003B030
:1039C00030BC704798CB0000100200501400C05764
:1039D000000200501500E05718020050034A116918
:1039E00038239943014311617047000000020050E1
:1039F00070B5134A0023D18A814202D8C91C814282
:103A00001CD21049884202D3D182642310E00E4CAC
:103A100000218D002D196D88854205D98800235C11
:103A200000194088D08203E0491CC9B21429F0D3A0
:103A3000107D984202D01846FFF776F870BD00005E
:103A4000CC0C00207E020000DEC0000070B50B4CE4
:103A50000020A072217E0125002901D0207600E0FF
:103A6000257605220121064800F02CFC207E401C12
:103A7000C0B200F035FFA57270BD00004C0C0020F4
:103A8000640C0020F8B5304E307C002813D12F484C
:103A9000807900280FD1F07D00280CD02C48028AB4
:103AA0002C490025202A02D0028A022A02D1408A0B
:103AB000302801D00D84F8BD088C401C80B20884E9
:103AC0003228F8D9244C0D84617C01272348002931
:103AD000B5721DD065742E22012100F0F3FBA57391
:103AE0001F48E573026841068A43026002F044FE03
:103AF000FEF78CFF307A1B494000085AFCF754FE51
:103B00001948FFF7C9FE012000F0EAFEB772F8BDC0
:103B100067742E22012100F0D5FB307A1349400052
:103B2000085AFCF741FE1048FFF7C4FE0C48016834
:103B3000420611430160A7730D48E77305720D48F3
:103B40000078FCF7A3FDE1E74C0C0020CC0C002032
:103B5000C41A002060030020AC0C0020BD0C002023
:103B6000200001406CBD00000300C05E60BD00008D
:103B70006C0C00206BC6000000B5164883B0007CBA
:103B800000280BD114494B89144A042B05D10B8A08
:103B9000012B02D1498A042902D0508303B000BD11
:103BA000518B491C89B251831E29F7D9009001908D
:103BB00002905083F020694608700921684602F09F
:103BC00027FA642000F046FAF820FFF795F803B0D2
:103BD00000BD00004C0C0020C41A0020600300202F
:103BE000F8B504F031FB164D286801210843286020
:103BF000A80100F0AFFC05270446384217D028681A
:103C0000102630432860A80100F08AFC214628686D
:103C1000B94330432860A80100F0ACFC28683103A8
:103C200030432860074800F0A5FC04F0F9FA286842
:103C3000400840002860044900200860F8BD0000EA
:103C400000C00050040030000001005008B5002002
:103C5000024600900221684600F060FB684600784A
:103C6000DD280AD0CC2807D168464078CC2803D17B
:103C700002F068FA07F036FA08BD68464078DD2899
:103C8000F6D008BD70B51F48038A1F4A0021022BD9
:103C900002D0038A202B02D1808A022801D05184CD
:103CA00070BD508C401C80B250843228F8D9174E19
:103CB000174CB57AB17251846079002801D06171D6
:103CC00001E001206071134A0121134800F0FAFA63
:103CD0006079401CC0B200F003FE607901280ED16B
:103CE000307C002809D0707C012806D0022806D13B
:103CF00000210E2002F06AFF01E002F0CFFAB57257
:103D000070BD0000C41A0020600300204C0C00208D
:103D10006C0C0020E7FD0000710C002010B512486B
:103D2000038A124A0021222B02D1408A102801D096
:103D3000918310BD908B401C80B290833228F8D9BB
:103D40000B4C0020A17291830A4A8300401CC0B230
:103D5000D1504228F9D3074804F08AFA012000F034
:103D6000BFFD0120A07210BDC41A00206003002016
:103D70004C0C0020E40C0020F8B5244C207C0028DA
:103D800043D02348018A0026224D202902D0018AEF
:103D9000022904D1818AFD221140042917D0EE8323
:103DA000A979002931D0018A00292ED1808A0028E2
:103DB0002BD1687A002828D1AE71A672BFF34F8F3D
:103DC00016491548C860BFF34F8F00BFFDE7E88B69
:103DD000401C80B2E883322817D9A672EE830920EE
:103DE00000F0E0FA01270028684601D0067000E0E4
:103DF00007700922012100F065FA68460078401C2E
:103E0000C0B200F06DFDAF71A772F8BD4C0C002080
:103E1000C41A0020600300200400FA0500ED00E051
:103E2000F0B52D4DC5B0686900262C4C002846D051
:103E30002B4FBE720A2000F00DF96869002833D0BC
:103E4000A07E0028F6D1607E0028F3D0E07E082115
:103E50000843E0760120A0762248C179002912D0DB
:103E6000C6712148FF210090093102A8FCF7A9F989
:103E7000422202A8009900F0D5F8FF211B4A09311F
:103E800002A800F0C5F92E616676BE72642000F0CB
:103E9000E1F8E07EF7210840E076A67302F06CFCC2
:103EA0000A2000F0D7F8FBE70A2000F0D3F8686991
:103EB0000028BFD1A6760120B87245B0F0BDA07E23
:103EC0000028FAD00A2000F0C5F868690028F4D16B
:103ED000A67645B0F0BD000040420050AC0C00207A
:103EE0004C0C002010030020E40C0020E8FD000032
:103EF000F8B532490A88324D00266879314C012ADA
:103F00000AD10A8A012A07D14A8A202A04D18A8A38
:103F1000FD231A40042A05D0002840D00888002834
:103F200028D01AE0298B491C89B22983322911D95A
:103F3000002812D1244886722E8302F003F901274B
:103F40006F71E07E9F210840E076A67302F014FCBA
:103F50001D4887726879002822D0288B401C80B2C7
:103F6000288302281CD92E83E07E410619D5BF2163
:103F7000084018E0088A0028EFD1488A0028ECD1D0
:103F8000888A0028E9D1687A0028E6D1BFF34F8FEC
:103F90000F490E48C860BFF34F8F00BFFDE72E8367
:103FA000F8BD40210843E076C0B2810602D5DF218A
:103FB000084001E020210843E076F8BDC41A002043
:103FC00060030020AC0C00204C0C00200400FA051B
:103FD00000ED00E0F8B5104E0020B57A0F4CB0723D
:103FE000A07302F0C9FB00210D4FFF220623002021
:103FF0004B43DB191A54401CC0B20628FAD3491CA3
:10400000C9B20B29F2D3064807F036F801F024FEB6
:10401000B572E07BA073F8BD4C0C0020AC0C002006
:10402000E21B00200023002A12D910B40C7804707F
:104030000C885B1C240A44700C68DBB2240C84706E
:1040400010C9240EC470001D9342EFD310BC7047FA
:1040500070470000F8B500250646002815D90B4C1E
:1040600000270B487D210068C90048436061A761B3
:1040700020690521084320612069C003FCD506F0B2
:10408000C7FE6D1CADB2B542EBD3F8BD00E000E059
:104090000400002007490968484307494861002097
:1040A000886108690522104308610869C003FCD5CE
:1040B000704700000400002000E000E0F0B5A1B06F
:1040C00040216846FCF77DF81A4F0025BC7ABD7286
:1040D00010A803F03FFA03F01BFB014610A806F0FE
:1040E0008FFF69460D70DA2048708870402168465D
:1040F00006F0F2FD002210231146062610AD714392
:104100004E190D4D00204919355C802D01D30B54FB
:1041100000E00D54401CC0B20628F5D3521CD2B2A8
:104120000B2AE9D30548007D02F078FBBC7221B070
:10413000F0BD00004C0C00201C1B00206003002080
:10414000F0B5A5B040216846FCF73BF82C480024A8
:10415000817A1291847213A803F0FCF90020109068
:10416000109B28490622002653435C1813A93046A9
:1041700037465D18295C225C914202D9891A29547C
:1041800001E039462F54C9B28919401CC0B28EB221
:104190000628EFD31C480024181811902F5D0A2F11
:1041A00007D9F01B810040186421FBF7DDFFC0191F
:1041B0002855285D102801D311990855641CE4B2D4
:1041C000062CEBD31098401CC0B210900B28C7D31C
:1041D0000D4806F051FF01F03FFD002069460870D0
:1041E000DE20487088704021684606F075FD07485B
:1041F000007D02F013FB02491298887225B0F0BDD1
:104200004C0C00201C1B0020E21B0020600300203F
:10421000F0B507460E465006400E802183B0091ABD
:10422000009171040C0E7106490E1546019100288B
:1042300007D00098B0421ED3F1B2384600F042F8E1
:104240003CE0002C13D02A468021384600F03AF892
:1042500080358037641E2406240EF4D1019800288E
:104260002CD001462A46384600F02CF826E0384685
:1042700000F028F822E00146384600F023F80098C4
:10428000311A3F182D1848044E06000E760E0028ED
:104290000FD0401EC4B22A468021384600F012F8E2
:1042A0002046641E80358037E4B20028F3D1002E0A
:1042B00004D02A463146384600F004F806F0A8FD3E
:1042C00003B0F0BD70B5054613481446407B0E465A
:1042D00000281FD107F012FDA02007F0C9FC200420
:1042E000000E07F0C5FCE0B207F0C2FC701EC4B2BD
:1042F000002E08D0287807F0BBFC2046641E6D1CF9
:10430000E4B20028F6D107F011FD0820FFF7A2FE65
:1043100006F07EFD70BD0000AC0C0020F7B5054630
:1043200001980024002839D91D4E0298071906F07B
:104330006FFD07F0E3FCA02007F09AFC3804000EA4
:1043400007F096FCF8B207F093FC07F0D7FCA12029
:1043500007F08EFC0023184601221F4659060B0E5B
:10436000F7620021491CC9B20729FBD3F262002180
:10437000491CC9B20729FBD3B16A002900D01343F5
:10438000401CC0B20828E9D3F76207F0CFFC2B70BD
:10439000641C01986D1CA4B28442C6D303B0F0BD66
:1043A0000042005070B5044606F032FD07F0A6FC4E
:1043B000A02007F05DFC2004000E07F059FCE0B2DD
:1043C00007F056FC07F09AFCA12007F051FC0023EF
:1043D0000F4A18461C46012559060B0ED4620021CF
:1043E000491CC9B20729FBD3D5620021491CC9B2B7
:1043F0000729FBD3916A002900D02B43401CC0B28F
:104400000828E9D3D46207F091FC184670BD00007B
:104410000042005070B5124D124CE87900280BD0C4
:10442000FEF770F9A079042805D8E879002802D0B1
:104430000B20FCF719FB70BDA878092802D00828CA
:1044400003D004E000F010F801E000F057F8A07984
:10445000012803D0A878FCF707FB70BD2879FAE79C
:10446000C00300206C0C002000200549FF220870CA
:1044700048708A70034948820349C8727047000037
:104480001A04002000040020C0030020F8B500201A
:10449000144905464200401CC0B28D520B28F9D386
:1044A0000021114E114F012206240B4663430020C8
:1044B0009C19DB1925541A54401CC0B20628F9D3A4
:1044C000491CC9B20B29EFD3094900200D54401CE7
:1044D000C0B24228FAD307480749007A085CFCF7C3
:1044E000BFF8F8BD6A3800200C3A0020903A00204E
:1044F000D23A00206C0C00206BC600000549FF205A
:104500000870002048708870034948820349C872C7
:10451000704700001A04002000040020C00300209F
:104520000B492222CA60486001200861BFF36F8FE7
:1045300008690028FCD10868400606D508684022B2
:10454000104308600020C0437047002070470000FF
:1045500000C0005006490022CA604860012008617E
:10456000BFF36F8F08690028FCD18868704700008E
:1045700000C00050064A2123D360506091600120A2
:104580001061BFF36F8F10690028FCD170470000E5
:1045900000C0005070B5114CE27C002A1BD01048BE
:1045A000408A102817D000230E48A3720125017CF1
:1045B000022A02D0012A04D007E001290CD0057498
:1045C00003E0022908D002210174007C401CC0B223
:1045D00000F086F9A57270BD0374F6E74C0C00205C
:1045E000C41A00206C0C0020F0B4002301273C46C4
:1045F0009C400C4208D005685C000326A640B543E9
:104600001646A640354305605B1C102BEFD3F0BC6B
:1046100070470000F0B583B0684605F053FB68466C
:104620000078444B000680241A1F002868463F4942
:104630003F4D407838DA012816D001263E4F022837
:104640001BD0032822D000242046010189180968C4
:104650000907090FA14222D10001C01801680222F6
:104660001143016003B0F0BD8869204388610021D7
:10467000084605F021FC03B0F0BD287A0A68D2197B
:1046800010708868204388604E60EDE728790A68DA
:10469000D21910708868204388604E60E4E7401C9F
:1046A0000828D2DB03B0F0BD0026092811D00A2863
:1046B0002AD00B2831D0002420460101891809682E
:1046C0000907090FA142C7D0401C0828F5DB03B039
:1046D000F0BD6846C078032810D00228F7D1886959
:1046E000204388616846807948612878401C28709A
:1046F0000021084605F0A6FB03B0F0BD8869204301
:1047000088614E6103B0F0BD68468078A860886813
:10471000204388604E6003B0F0BD684680786860D2
:104720008868204388604E6003B0F0BD00050640F5
:10473000040300200C050640000106401348002237
:1047400082610921124889018160082101601123D9
:104750005B0183610161212181621021016240219D
:10476000416242218163502101630A4843218160F3
:104770009021016044218161982101610648012155
:1047800041708170C17002707047000000000640E7
:10479000000506404005064004030020044612A020
:1047A00006F0D8FC16A0216806F0D4FC17A06168BA
:1047B00006F0D0FC18A0A16806F0CCFC19A0E168B6
:1047C00006F0C8FC1AA0216906F0C4FC1BA06169B0
:1047D00006F0C0FC1CA0A16906F0BCFC1DA0E169AC
:1047E00006F0B8FCFEE70000496E204861726420C4
:1047F0004661756C742048616E646C65720A0000D5
:10480000723020203D20307825780A007231202037
:104810003D20307825780A00723220203D20307803
:1048200025780A00723320203D20307825780A0050
:10483000723132203D20307825780A006C722020B9
:104840003D20307825780A00706320203D203078A4
:1048500025780A00707372203D20307825780A0090
:104860000022012832D810B50023194C1949A3722F
:10487000002802D0012816D021E0C878401CC0B220
:10488000C870032800D9CB70207C002806D0E079BE
:10489000022803D1C878032800D1CB70CA780E480B
:1048A000805CA0810BE00879401CC0B2087102282E
:1048B00000D90B710A7909495000085AE081521C4D
:1048C000D0B200F00DF80120A07210BD70470000BA
:1048D0004C0C00206C0C0020C0C00000CAC00000BE
:1048E000F8B50025064600282DD9174CBF27E07ED5
:1048F000410601D5384001E040210843E076C0B2CE
:10490000810602D5DF21084001E020210843E0763E
:10491000FA20FFF79FFBE07E410601D5384001E019
:1049200040210843E076C0B2810602D5DF2108406D
:1049300001E020210843E076FA20FFF78BFB6D1C95
:10494000EDB2B542D3D3F8BDAC0C002070B513491D
:10495000144ECA7E97200B7F1040114D317A940679
:1049600004D5EC5C8C4201D320242043540604D5AA
:10497000EC5C8C4201D340242043120704D5EA5C4E
:104980008A4201D308221043491CC9B231720A2954
:1049900001D30021317201F0CBFE70BDAC0C0020C0
:1049A000C4C000001003002010B50548807B00281B
:1049B00002D000F007F810BD00F03CF810BD000078
:1049C000AC0C0020F8B5184D184F194E00240720E4
:1049D000FFF760FB204602F079FD0146288B8842F4
:1049E00003D9401AC0B2802800D90020B17DCA0086
:1049F000511AC91909194870641CE4B2062CE6D38F
:104A0000307DB17DCA00511A7854B17D491CB17511
:104A1000401CC0B230750B2801D300203075C0B2E5
:104A200001F0FCFEF8BD00008C0C00200A310020D3
:104A300060030020F0B51B4C607D02F047FD1A4971
:104A4000098B814203D9081AC0B2802800D90020FE
:104A5000164A617D5054491CC8B2607506281FD3A0
:104A60000025134B65752846165CA17DCF00791A89
:104A7000C91809184E70401CC0B20628F4D3207D16
:104A8000A17DCA00511A5854A17D491CA175401C32
:104A9000C0B220750B2800D32575207D01F0BEFE25
:104AA000F0BD0000600300208C0C00208D0300206E
:104AB0000A310020F0B58BB0002005900690FB482D
:104AC000FB4E0078002800D8F7E3FA480990FA482E
:104AD0000890FA480790FA4DFA4CFB480490FB48BE
:104AE0000699405CC109029141060498490E40793B
:104AF000002802D00E2900D155E202980028F4487F
:104B0000C07C14D0422250434218E848F14F007C48
:104B10003A54E64A401C1074EF488A001018403896
:104B2000C26B521CC263ED480122027063E0422254
:104B30005043DE4A4018127CC3B200209446002A3B
:104B400021D9E44F3A5C9A4214D1624660450AD2B8
:104B5000E04A17187B7813540022401C7A70C0B2C8
:104B600062466045F4D3D148521E0274049A002074
:104B7000907340E0401C604502D3049A012797736C
:104B8000C0B26045DDD30498807B002833D0049AFE
:104B90000020D07303900398422250434018C34A28
:104BA000C0B28446177C0020002F1ED9C94A125C6F
:104BB000624516D1B8420BD2C64A13189C465B78A0
:104BC00013540022401C6346C0B25A70B842F3D35B
:104BD000B6487F1E0774049A0398D073032003908D
:104BE00003E0401CC0B2B842E0D30398401CC0B2FE
:104BF00003900328CFD3287B844601280CD060463D
:104C000002287DD30498807B00287ED00498049BE2
:104C1000C07B00229A737AE00498807B002818D029
:104C20000498C27BAE48121848000818C31ED25C14
:104C3000AC4B002A1A7006D1A94A80182038407F50
:104C40001870002801D001200590049A002090736C
:104C50001AE09F48C27CA248131848000818C71ED3
:104C6000DB5DA04F002B3B7002D0012005900BE0D4
:104C7000002A15D09A4A80182038407F994A002887
:104C8000107001D0012005909148027C002A11D0BB
:104C9000407E002834D0934A1078992802D017E03B
:104CA0000020F0E748008E4B0818C0182038407FDD
:104CB00010700DE0807E002822D08A480278992A60
:104CC00006D14A00864B8A18D218203A527F0270C9
:104CD0000598012814D1480009188148814F091806
:104CE0002039C87F00908B7F4A7F3978029803F083
:104CF00067FD0100787000D039706C48017C01E0DC
:104D00006FE102E0002975D06BE17148C07C049A24
:104D1000127C012A02D0022A07D00EE0002802D01D
:104D2000012809D009E0012007E0002802D002286C
:104D300002D002E0022000E000206246032A04D3F1
:104D40005300D2181018801FC0B284220346534368
:104D5000654A9A184B00D218203A937FD27F1B02E3
:104D60009A18009200D11EE1C622604B4243D3182C
:104D70004A008A189B18203B03925A7F0192012A0D
:104D800016D0921E022A73D8514A927C002A00D172
:104D900009E1029A002A6CD042225043401843494C
:104DA00002908978884243D1019804283DD03FE0A1
:104DB0004748807C002800D1F5E00298002832D0D6
:104DC0000098C01CFFF7EEFA07020098001DFFF7DD
:104DD000E9FA381880B24649A083884200D9A183F5
:104DE0003B48007C002806D0A08B03280FD203206C
:104DF000A0830CE06AE1B07C0028A08B03D00328DC
:104E000005D2032002E0102801D21020A0830098D0
:104E1000401DFFF7C7FAE076009A0146921D35481B
:104E2000FFF77CFA0120A076BDE0E07F01283CD0AE
:104E3000A07F002864D01D49C87B002860D00027CF
:104E4000002825D92248017C002913D0407C012864
:104E500002D0022806D012E02748C15D002005F0EC
:104E6000FBF90CE024480021C05D01F0AFFE06E034
:104E7000ABE099E02048C15D0020FEF70FFA1E4923
:104E80000020C85509487F1CC07BFFB28742D9D398
:104E900006490020C8730E48017C00292ED0407CB2
:104EA00001282DD105F086F92AE08BE0600300206F
:104EB000CC0C0020550C0020B80C0020630C002006
:104EC000AC0C00208C0C00206C0C0020E70E0020A5
:104ED0004C0C0020630E0020E40C0020170300207F
:104EE000BCC400007C040020290F0020CD1300204A
:104EF00060EA000093030020330E0020FDF716FF48
:104F0000FB49029888700120A077E077019828700B
:104F10000098C01CFFF746FA68700098001DFFF764
:104F200041FAA8700098401DFFF73CFA070200986C
:104F3000801DFFF737FA381880B2EE492881884281
:104F400000D92981EC48007C002805D02889032855
:104F50000ED2032028810BE0B07C0028288903D0E2
:104F6000032805D2032002E0102801D21020288156
:104F70000098C01DFFF716FA070200980830FFF7E7
:104F800011FA381880B2192189016881884200D944
:104F90006981009A69890932D848FFF7BFF9002072
:104FA000D349A880C8733DE1422250434218D048FB
:104FB0008078824202D0884200D033E101980328F1
:104FC00000D02FE10020E0772CE10020A076997F2F
:104FD000CB48059101291AD0009ACA48121DFFF743
:104FE0009DF9C84908789C2876D0A62872D09628C2
:104FF00071D0C148827C002A00D113E1059A0027B4
:10500000002A00D8F4E30598012873D025E1BD4AB1
:10501000D97F11700191B8490A7C002A03D0497EDA
:10502000002903D1DDE7897E0029DAD06146022913
:1050300007D0032916D004292AD0B249002048708D
:1050400040E003990818FF218C31095C0091C521CB
:105050000B5C2038C27F0199029803F0B1FBA9498B
:1050600048702AE0039908180F2189014118497FE7
:105070000091032109024118CB7D092189014018C3
:10508000427C0199029803F09BFB9E49487014E012
:1050900003990818312149014118C97B00912B213E
:1050A000490141184B7A252149014018C2780199DC
:1050B000029803F085FB934948709249487800288C
:1050C00000D008708A48017C00298AD100214174EF
:1050D00087E701E019E02DE0287B022803D386480A
:1050E000C07C022807D0029800280AD082480121FB
:1050F000C17497E035E00298002817D118E060806D
:1051000090E07D490020C874F9E7287B022803D38A
:105110007948C07C012806D002980028F1D0764852
:105120000221C1747EE00298002801D07648E6E7AB
:105130000020E4E7A07F002874D10298002871D0F5
:105140006D4FB87C002804D00020B874002802D02D
:1051500003E00120F9E701F0A1F8B87C01F0A4F91F
:1051600060E06549087E00280AD0664AD05D2A289A
:1051700002D0432802D003E0432000E02A20D0558B
:105180000498807800280AD05E4AD05D1B2802D09F
:10519000292802D003E0292000E01B20D0555648E2
:1051A000017C5548002903D0407E002803D011E03F
:1051B000807E002827D104984078002807D05148E5
:1051C000C05D442878D0482876D0492874D04A4811
:1051D000002915D04848427C012A1ED1407E002873
:1051E0001BD0484AD05D44281DD045281DD04728F3
:1051F00002D04A2802D010E0482017E0472015E0EE
:10520000807E002809D03F4AD05D44280BD0452835
:105210000BD04728F0D04A28F0D03A48C05D9A28F1
:1052200006D01AE0EBE3452000E04420D05514E01E
:105230002F4A907C002809D001280BD00298002822
:1052400043D032480178002938D0D6E32D48572181
:10525000C15502E02B494220C85502980028294830
:10526000C05D7DD0862803D90146CC39112978D874
:105270001F4A917C012975D9411E492907D94D3909
:105280001D2904D9CC2802D0D2380B286AD81F484F
:105290000178002966D0002101701D480180144961
:1052A0004220C8741448017C00297DD0407C01282C
:1052B0007DD002287AD0D3E215E3AAE30121017060
:1052C000AF2113488900018097E3104B002018702C
:1052D0000F4B1880D07C42281CD0572820D006487D
:1052E000002945D0407C012821D002283BD057E03E
:1052F0006003002060EA00004C0C0020241C002009
:10530000CD1300207C040020B80B00001603002001
:1053100042030020FA494220C8550020D074D9E247
:10532000F7485721C155F7480021C174D2E25721EF
:10533000012005F04DFAF348C078002805D0F24866
:1053400005F0DCFBEF490020C870EE48007900282A
:1053500026D0EE4805F0D2FBEA48002101711FE09B
:10536000B2E276E059E00121572001F02FFC17E06E
:1053700057210120FEF7F8F9E248C078002805D04F
:10538000E148FEF71FFADF480021C170DD480079CF
:10539000002805D0DD48FEF715FADA49002008712B
:1053A000D7485721C15595E21FE000E018E042219F
:1053B000012005F00DFAD348C078002805D0D24866
:1053C00005F09CFBCF490020C870CE48007900282A
:1053D00023D0CE4805F092FBCA49002008711CE09A
:1053E0000121422001F0F2FB17E042210120FEF7EB
:1053F000BBF9C448C078002805D0C348FEF7E2F9DD
:10540000C0490020C870BF480079002805D0BF48B7
:10541000FEF7D8F9BB4800210171BD48017C002985
:1054200011D0407C012802D0022806D018E2B448EE
:10543000C15D029805F0CCF912E2B1480299C05D55
:1054400001F0C4FB0CE2AE48C15D0298FEF78CF996
:1054500006E294280AD8AE4A002187389172C0B279
:10546000FCF774FAAA4901208872F9E195280ED058
:1054700097282BD098282DD099282FD09B2831D031
:105480009E2833D8FF21F53161829D3882E1A04901
:1054900000208872487A401CC0B24872022801D9A4
:1054A00000204872062201210998FEF70BFF00F048
:1054B000D3FB9748407A401CC0B2FFF711FA9149DC
:1054C00000208875924901208872C9E1904891496D
:1054D000C187C5E18E488F49C186C1E18C498D489D
:1054E0004887BDE18A488B494186B9E19F2820D091
:1054F000A7282FD00146A83902297DD9B4287BD00E
:10550000B52879D0AB2878D0AC2877D0AD2876D024
:10551000AE2875D0AF2873D0B02872D0B12871D022
:10552000B22870D0B3286FD0B6286ED0C6286DD000
:1055300096E1287B401CC0B22873042801D90120C1
:105540002873C0B201F056FD042201210898FEF72D
:10555000B9FE85E16E4900208872097C002928D0B7
:105560000121B1716A496C4A0874C8740120106144
:105570006876487D8875FDF7F1FB05F003FAFAF7C8
:10558000FDFEE87E07210843E876FF20F530FEF7B0
:1055900061FDE87EF921084040084000E8765F4858
:1055A0000078002803D04620FDF7BEFA39E06420D9
:1055B000FAE759498A69002A33D0B279002A30D0F3
:1055C000534AB07101231374D07408616876FAF7F6
:1055D000D5FEFDF7C3FB05F0D5F905F05FFCE87ECD
:1055E000F921084040084000E8764948407C0128FD
:1055F0000FD0474902280AE017E023E096E0C5E013
:10560000CAE0CEE0F5E00FE118E11AE123E105D0B0
:1056100007E03F48807D00F00FFF02E0887D00F04A
:1056200027FF3B48012181721AE13949097C002991
:1056300065D1AA2801D8A73800E0B0387072354883
:1056400070800DE13248017C002958D1B1790029E0
:1056500055D1C17D002952D10121C175002181722E
:10566000032003F00DFB5921162388222C480160EA
:105670000360026000680028F8D02A48016A03220B
:10568000920391430162016A1F2252029143016217
:10569000016A4A0A520246210A430262016AC201B1
:1056A00091430162016A420291430162C068042190
:1056B000084206D105F0ACFB1A490420C968014232
:1056C000F8D0184A01201169C908C90001431161C5
:1056D00003F072FB1248002101600D481249007A64
:1056E0004000085AFBF760F80C2201210798FEF7EA
:1056F000E9FD0120FFF7F4F8054901208872AFE0C9
:105700007C040020600300200C0E0020150E0020F9
:105710004C0C0020B80B0000404200501003002049
:1057200000010050000200506CBD0000C649087C1A
:10573000002878D1B079002875D1C87D002872D0B2
:105740000020C8758872A97B00290DD0A873E87362
:10575000BE480168420691430160BD48FEF79CF8CF
:1057600001F00AF8FDF752F9022003F089FAB9486E
:10577000FBF71AF80C2201210798FEF7A3FD012080
:10578000FFF7AEF8B0490120887269E0FF20F530DC
:1057900060820220607563E0AE38C0B2FFF760F847
:1057A0005EE0A948017C00295AD0407C012857D1ED
:1057B000A54C0026A672AE7300F0DEFFE079401C17
:1057C000C0B2E071022800D9E67113220121E01D68
:1057D000FEF778FDE079401CC0B2FFF781F8BFF317
:1057E0004F8F9E499C48C860BFF34F8F00BFFDE7B5
:1057F00003E1954900228A72087A401CC0B20872FF
:10580000052800D90A729048007A41009448405A0D
:10581000FAF7CAFF8C48007A401CC0B2FFF760F864
:105820008949012088721BE08748007C002817D135
:10583000B079002814D18B48E08011E0894860815C
:105840000EE08148007C00280AD1B079002807D1F9
:105850008548E08104E07C488022C1781143C17012
:10586000059801283FD97848017C002917D0407C51
:10587000012838D17D48C078002805D07C4805F043
:105880003DF97A490020C8707848007900282AD06C
:10589000784805F033F9754900200871A6E073488F
:1058A000C078002805D07248FDF78CFF6F490020B2
:1058B000C8706E480079002815D06E48FDF782FF49
:1058C0006A490020087191E0862803D90146CC3945
:1058D00011291BD85C48017C002911D0407C01288B
:1058E00002D0022806D081E06348C15D029804F02E
:1058F0006FFF7BE060480299C05D01F067F975E0D9
:105900005D48C15D0298FDF72FFF6FE097281CD01E
:1059100098281ED0992820D09B2822D09D2824D0BA
:105920009E2822D0AD2820D00146A839022920D9AE
:10593000B4281ED0B5281CD0B22849D0B3284AD0EC
:10594000B6284BD0C6284CD050E03F490020C8872D
:105950004CE03D490020C88648E03B49002048878C
:1059600044E039490020488640E0002060826075AC
:105970003CE03549097C002938D17188002935D0AF
:1059800000217180AA2809D80091A738F179C0B206
:10599000042910D1317A81420AD00CE00021009113
:1059A000B038F179C0B2042905D1317A814202D1EF
:1059B0000020F0721AE002213173F5216A4611705D
:1059C00050700221684600F023FB0020F0720DE0C9
:1059D0000020E0800AE00020608107E00020E081F4
:1059E00004E01948C1784906490EC1707F1C05982A
:1059F000FFB2874201D2FFF706FB05F009FA0698CD
:105A00001A49401CC0B206900978884201D2FFF7BB
:105A100066F80D48017C002905D0407C01280AD198
:105A200004F0C8FB07E0FDF781F9B17C13480029B9
:105A300008D0032101800D4900200870104908702A
:105A40000BB0F0BD0A21F5E74C0C0020200001400E
:105A50000300C05E102700000400FA0500ED00E01E
:105A600060BD0000B80B0000881300006003002038
:105A70000C0E0020150E00207C0400204E03002098
:105A800021030020F8B5FF2504460935224A29469E
:105A90002248FEF743FC214B2246002019181E5CC9
:105AA0004F78001D3F02BE198F78C9783F04BE1998
:105AB0000906891902C2A842F0D320680025401CBB
:105AC000002825D16068401C22D1E068401C1FD10D
:105AD0002069401C1CD1114AFF2109311554401C7A
:105AE00080B28842FAD30D4B002298189E5C47780A
:105AF000121D3F02BE198778C0783F04BE19000608
:105B0000801901C48A42F0D3034A0448FEF780FB9F
:105B100003488564F8BD0000E8FD00007C04002017
:105B200010030020F0B40024F0279C464E281FD01C
:105B300050282FD04300444DC6187519372838D047
:105B40000346423B032B34D95B1F032B31D92A2850
:105B50002FD04F282DD05B282BD07D2852D83A4803
:105B60000029805D3DD0012831D0022833D066E085
:105B7000E02012237C240029107004D05370907010
:105B8000D47004245BE057709470D0701771537117
:105B9000062454E0002952D0E1201421107077230C
:105BA00051709370D070177151719771D37108242F
:105BB00045E025480029805D04D0012807D002284F
:105BC00009D03CE0012811D0022814D037E06878D1
:105BD0001070012433E068781070A87850700224A7
:105BE0002DE0012802D0022805D028E0177068783F
:105BF0005070022423E0687810705770A878907075
:105C000003241CE0CC280CD00346D23B0B2B16D827
:105C10000E4B1818E03800290DD0807B107001243D
:105C20000DE06120002902D01070012407E01770F8
:105C30005070022403E01770807B5070022460468D
:105C40000470F0BC70470000DEC1000058C30000C3
:105C500000B5FDF7DDF900BD10B50948407A002810
:105C600007D0022807D0012802D1182003F0ECFC4D
:105C700010BD142000E01C2003F0E6FC10BD000065
:105C80004C0C0020F8B505F0C3F8FF22C232594988
:105C90005948FEF743FB05F059F8584B00249C7512
:105CA000574D2146CA000020521A52191454401C64
:105CB00080B20728FAD3491C89B2FF29F2D9514E84
:105CC000514D002148003452062200204A43521907
:105CD0001454401C80B20628FAD3491C89B20B29FF
:105CE000F0D31C701C755C7504F04CFE47480470C2
:105CF000002000F093FD464901200863C8628862D5
:105D0000486208624349C86305F082F84249434843
:105D100001F02EFA424801F061FA00274049384666
:105D2000062250434618C63945183E4900244018FB
:105D30000090285D802801D310202855305D102860
:105D400001D2FF203055285DC100081A0A21FAF758
:105D5000F5F900990855641CA4B2062CE9D37F1C00
:105D6000BFB20B2FDAD3304C304DE08AA84202D3B9
:105D7000E58225830AE001F0CBFC2D49884201D35E
:105D8000258303E0E18A401A401920830620FEF7AC
:105D900009FB284C0228607201D901206072FFF7CC
:105DA0005BFF2548254D807B002808D1207A2449B7
:105DB0004000085AFAF7F8FC2846FDF76DFD207CF4
:105DC000002813D11F48807900280FD1E07D0028DA
:105DD0000CD105F01DF8FCF719FE022002F050FF6F
:105DE0001948FAF7E1FC2846FDF756FD0120A0729C
:105DF000F8BD0000A4040000290F0020600300206B
:105E00000A310020C41A0020DA1A002015030020ED
:105E10008042005000420050A20C00201C1B0020B9
:105E2000E21B00205E1B00208C0C002003030000FE
:105E3000130300004C0C0020AC0C00200300C05EDB
:105E40006CBD0000CC0C0020102700006449887D48
:105E500000287DD0F0B587B0002061490090897D91
:105E6000884276D25F48807B05900098C1000D1A69
:105E70005D482C1804942278002106235B4F5A4376
:105E80000846D61922185278335C934202D2D21AAD
:105E9000D2B200E000228918401CC0B289B20628A4
:105EA000F0D306915049485D00224A5506214143EE
:105EB0000191C91903914E4B01991446C9180291D9
:105EC0004C4A019946008D1804980119487800221F
:105ED0004A700399095D814202D2401AC7B200E0BC
:105EE000002705990698002907D0C01B12214843B6
:105EF0006421FAF739F9C0B206E0C01B81004018EE
:105F00006421FAF731F9C0B20A2F01D9C019C7B21A
:105F10000298005DC11EC9B2874225D33648825B14
:105F200036486100415A0A4245D1285D401CC0B242
:105F30002855032841D30198294F02193048314B85
:105F4000825C8020024338781A54401C387001E08B
:105F500045E03FE02848825B0A43825300202855F1
:105F600029490120087028E08F4226D22248805B10
:105F7000224A6100525A10421DD0285D401CC0B216
:105F80002855032819D30198154F02191C48805C25
:105F90001C4A430638785B0E1354401C164B38706D
:105FA000985B1A4A515A08409853002028551649C0
:105FB0000120087001E000202855641CE4B2062C82
:105FC00082D300980649401CC0B20090897D884267
:105FD00000D24AE702480021817507B0F0BD704742
:105FE00060030020AC0C00200A3100201C1B0020A4
:105FF000A01B0020DA1A0020C41A00209EC1000055
:106000007AC40000E70E002021030020BEC100007A
:1060100070B50023104C20261A461D46A554521C6C
:10602000B242FBD300220C4C002908D9855CA55450
:10603000855C521CEB18D2B2DBB28A42F6D3074819
:10604000092902D863720A2101E06354491C0170D6
:10605000FCF7DEFF70BD00000A380020B00300200E
:106060002748807B002849D02648807C002845D1DD
:106070002548818A491C89B2818201293ED970B4A0
:1060800000248482224E40218A5D457831461F4B90
:106090002031002D05D0521E1206120E027008D0BB
:1060A00012E0521CD2B20270312A0DD3012242708A
:1060B0000AE04470CA7F521CD2B2CA77062A00D9BD
:1060C000CC771C705C709C70C97F134C4A00891897
:1060D000104A555C002D02D00578655D1D70891849
:1060E0004A78002A02D00278A25C5A708978002986
:1060F00002D00078205C987070BC70477047000038
:10610000AC0C00204C0C0020000400208038002043
:10611000C00300206BC8000039C8000000B5074963
:106120000A7C002A08D000F087F90548C17B0029C5
:1061300001D00121817300BD887500BD4C0C002089
:10614000AC0C0020F0B593B040216846FAF739F85E
:10615000002204216846FEF75BF86A4601211170AF
:10616000002050709170D0701071022350719371A3
:10617000D371042411725472032593721646D5729A
:1061800033737073B173F07330747474B074F174EA
:1061900030757075B175F17531767176B176F176CD
:1061A00031777177B177F1772023D1542123D154FE
:1061B0002223D1542323D1542423D0542523D05433
:1061C0002623D0542723D0542823D1542921505496
:1061D0002A2150542B2150542C2150542D215054FD
:1061E0002E2150542F21505430215054042231215B
:1061F0003046FEF70DF83522C6212348FEF708F891
:10620000224E0025681C1090C0B21290002428462F
:106210000321F9F793FF11911D4884214D432D1857
:10622000694612980870671C60004F70002223189E
:106230008A70184811991818405C6946087100283E
:106240000DD00120C870324605216846FDF7E0FFF9
:10625000310A6000295428184670761D04E0CA707F
:1062600060002A5428184270FCB2422CD8D31098EF
:10627000C5B2092DC6D3FF22C23207490448FDF733
:10628000C7FF13B0F0BD000082C500006506000026
:10629000290F0020BCC40000A404000070B5002138
:1062A000134B144AD97108461154401CC0B2092836
:1062B000FAD301241470104DDC7000202954401CC6
:1062C000C0B20F28FAD3032028700C481C71017C3F
:1062D000002905D0407C012801D103F06BFF70BD7F
:1062E000F0201070F7202870FCF720FD70BD000032
:1062F000600300200C0E0020150E00204C0C002026
:10630000F0B53F4CC3B07820E082207D3D4D0026A3
:106310003D4F00280FD08037F879002846D0042858
:1063200043D0A878401CC0B2A8700A283ED3FCF71E
:10633000B9FCFE713AE0BE72F87D002814D0A07B53
:10634000002811D001213148A1748279012A08D096
:10635000007A2F4A105CE074AE836E85B97243B048
:10636000F0BD2C480078F6E72B4A11689003814372
:1063700011602A4A1168814311602948FDF78CFA9F
:106380002848FDF789FA02202075AE83AE706E852D
:106390003046E67600F0CCF9042002F071FC0120D2
:1063A000B8720420E87043B0F0BDAE70207E0328C0
:1063B000F9D2A98B1C4A491C89B2A9834000105A02
:1063C0008142F0D910488672E879002814D0FF275E
:1063D000EE710937154D39466846F9F7F2FE42224B
:1063E00029466846FDF71EFE114A39466846FDF704
:1063F0000FFF0A20FDF72EFE0E4806616676FEE7C7
:10640000AC0C0020100300204C0C00206C0C002071
:106410006BC60000CA0300200000014000001140CC
:106420000400005F0200805ED0C00000E40C002089
:10643000E8FD0000404200500B49830748750B49B6
:10644000CA7E02D520231A4301E0DF231A40CA7610
:10645000400703D5D0B24022104302E0D0B2BF22A1
:106460001040C876704700004C0C0020AC0C002097
:106470000B49C30748750B49CA7E02D040231A4313
:1064800001E0BF231A40CA76400703D5D0B22022CC
:10649000104302E0D0B2DF221040C87670470000FF
:1064A0004C0C0020AC0C0020F8B5384EF17D0029D2
:1064B0006AD034462546002720356034B77200285C
:1064C00039D0207C002826D1A7733148E7730168B2
:1064D0004206914301602F48FDF7DEF900F04CF9C8
:1064E000FCF794FA297A2C48405CFAF7B9F81620A0
:1064F000FDF758FFA8710E2800D9AF712748C17960
:10650000002911D00B20FAF7AFFA307A2449400065
:10651000085AFAF749F92148C179002906D00B2118
:106520000020FAF7E3F92DE08078ECE7817800208D
:10653000FAF7DCF926E0A07B2074002819D1307A24
:1065400018494000085AFAF72FF91248FDF7B2F936
:106550000F4801684206114301600120A073E073F7
:10656000AF710720FAF780FA297A0B48405CFAF7F6
:106570008DF80D48C7770D48477007700C480770B5
:10658000477087700120B072F8BD00004C0C0020ED
:10659000200001400300C05E6BC60000C003002065
:1065A0006CBD000060BD0000E0030020000400207E
:1065B00080380020F8B52F4D2F4CE87901280CD0F9
:1065C0007820E082207D00284CD02C4E0027B77226
:1065D000F07D002803D0002002E01420F1E7022023
:1065E00002F04EFBE879002803D10120E871F9F7A9
:1065F000C5FE3D4627752248FDF75CF92148FDF7A9
:1066000059F9214908688F03384308601F49086811
:1066100038430860F07D002820D0707D810703D5C5
:10662000E17E20221143E176400703D5E07E402140
:106630000843E076A07B002810D01548FDF73AF912
:1066400014480168394301601348807901280AD051
:106650000220A0742846E574FAF718F80F48C570B0
:106660000120B072F8BD0E4928460D700D490D701D
:10667000F2E70000CC0C0020AC0C00204C0C0020F9
:106680000400005F0200805E000011400000014035
:106690000300C05E200001406C0C002010030020AD
:1066A000C8030020CA03002070B41E4801680129F5
:1066B00008D0592116228823016002600360046813
:1066C000012CF9D118490A6801231A430A600A68A3
:1066D00010252A430A608C012222CA604C600B619B
:1066E000BFF36F8F0A69002AFCD10A68520603D5EE
:1066F0000A68402632430A600A682A430A600B4D42
:106700002122CA604C608D600B61BFF36F8F0A69F4
:10671000002AFCD10A68520852000A600021016078
:1067200070BC70470001005000C0005038FFBF78B7
:1067300070B40E49497F002901D1C043C0B20C4B4F
:1067400000245C620B4E214601259C620246CA4031
:10675000D20701D0756300E074639D62491CC9B221
:106760000729F2D35D6270BC70470000AC0C0020BA
:106770004042005080420050F0B50F4C002363604F
:106780000E4E1A4601250B27002023603146C140DA
:10679000C90701D0A56000E0A3602560401CC0B21D
:1067A000B842F2D3521CD2B2032AECD30621FF2006
:1067B00004F00CFC6560F0BD80420050FFFF00005B
:1067C000F0B5134C0025844665602A460220801AE5
:1067D000410010480B27465A00210120256033460E
:1067E000CB40DB0701D0A06000E0A5602060491C21
:1067F000C9B2B942F2D3521CD2B2032AE6D3064937
:106800006046085C062104F0E1FB01206060F0BDF9
:10681000804200501E040020B6C60000012230490C
:106820000B285BD203007B441B79DB189F44050CCB
:10683000141A212930373E464E002A4B002018609A
:106840005860986048631AE026480260002343605D
:1068500083604B638A637047224B002018605A6044
:10686000986021E01F4B1A605A60002098604863CE
:1068700005E01C4800230360436082604B638A6329
:106880007047184802600023436082604B63F6E75C
:10689000144800230360426082604B63EFE71148B5
:1068A00002604260826000204863E8E70D4B0020F0
:1068B0001860586098604A638863704709480260AE
:1068C0000023436083604A638B637047054800235D
:1068D0000360426083604A638B6370474A63CEE71C
:1068E00000420050C04200500A48AC21017205210C
:1068F0004172202181720221C17208490648086054
:1069000007494B20086008490648486007492B2082
:10691000886070475B010020100100200402002005
:1069200010020020C8010020280200201C020020C4
:1069300070B4164C144B627C002803D09954521C3E
:1069400062741EE00020002A1BD91D5C8D420FD10D
:10695000904208D2002519184E781E54401CC0B22F
:106960004D709042F7D3521E627470BC0120704784
:10697000401C904202D370BC00207047C0B29042CD
:10698000E3D370BC01207047A50E002060030020F7
:106990000022002904D900238354521C8A42FBD3CD
:1069A0007047000070B50024022838D800221C4D22
:1069B0000028AA7204D0012811D002281BD028E098
:1069C00069782846491CC9B26970062900D342700B
:1069D00044780E220121681CFDF774FC19E0287828
:1069E000401CC0B22870062800D32A700A222C78D6
:1069F00001210B480BE0A9782846491CC9B2A970AF
:106A0000062900D3827084780F220121A81CFDF78B
:106A100059FC641CE0B2FDF763FF0120A87270BD51
:106A20004C0C002010B50A480A49027C002A08D004
:106A3000407C012804D104200870084604F05EF868
:106A400010BDF32008700348FCF7BCFE10BD000029
:106A50004C0C00208803002010B50B4C0020A072C5
:106A60006179491CC9B26171052900D360710B229B
:106A70000121601DFDF726FC6079401CC0B2FDF7C6
:106A80002FFF0120A07210BD4C0C002010B51C4936
:106A9000002809D0C878002802D08878194901E078
:106AA00048781949085C02E008781849085C184CD5
:106AB0000421184A21701178002904D04143A37899
:106AC00049425918A1705178002903D0A378414355
:106AD0005918A1709178002904D04143E3784942C4
:106AE0005918E170D178002903D04143E07840186B
:106AF000E070FFF797FF0020A070E07010BD00006D
:106B00004C0C002092C100008CC1000086C1000026
:106B1000880300208403002010B50B4C0020A072D5
:106B20002179491CC9B22171062900D32071122292
:106B30000121201DFDF7C6FB2079401CC0B2FDF7E6
:106B4000CFFE0120A07210BD4C0C002010B50A48E9
:106B50004078002809D04E2804D0502802D00121C6
:106B600000F056F804F054F910BD044900200880E4
:106B70000349087010BD0000600300204603002098
:106B8000220300200248016849084900016070475B
:106B90000000104002490A6802430A607047000082
:106BA0000000104010B5084CE069C00705D0012076
:106BB000E06100F061F800F083F9E069800701D539
:106BC0000220E06110BD00000000104070B50D46CD
:106BD000044600F01DF80A4B0A4A0B48002D06D067
:106BE00044700A48C08918800120107070BD417837
:106BF0008C42FBD1002119801170417070BD0000E2
:106C00004603002022030020600300204C0C0020DB
:106C100000B587B000226B461A700292039204926C
:106C2000059202AAFEF77EFF6B461978002902D072
:106C300002A800F027F807B000BD000005200007FB
:106C4000C2680121C9050A43C260C2688A43C260A2
:106C500008480168012211430160016878229143CC
:106C60000160026881150A43026002688A4302607B
:106C7000704700000000104001484069C0B27047F2
:106C800000001040F8B5064610200F460C090146DA
:106C9000009000253846F9F751FA8C46002900D0BB
:106CA000641C264A00209169090607D40F210905B2
:106CB000401C88423AD293691B06F9D50099782086
:106CC0008F4206D31168009B8143DB00083B1943C8
:106CD0001160FF00083F0F210905936900201B0682
:106CE00005D4401C884221D293691B06F9D5012C9A
:106CF00007D16046002804D01068782398433843B1
:106D00001060A8003358536080194368936083680B
:106D1000D360C06810612D1DEDB2641EDDD1936992
:106D200000201B0607D4401C884201D30020F8BD78
:106D300093691B06F7D50120F8BD00000000104044
:106D4000FFB504464D489DB002466432ACCA159763
:106D500014950E461393129201466431836F426F6D
:106D6000C06FC9691692199118900125FF271793D2
:106D7000442243496846F9F70BFA424842491190C8
:106D80000422C869022E05D2800949691040890091
:106D9000890F03E0C00949691040890F08430228A0
:106DA00021D0800012A908581A901F99F9F7C6F946
:106DB0001B902946F9F7C2F901210906884217D824
:106DC0003049411809020F0E032F00D2022739461D
:106DD000F9F7B4F901210904884209D8012800D043
:106DE00080B211900AE001F0E7FF28480068DBE775
:106DF0006806050E112D01D21B98DAE73946119865
:106E0000694341431A98F9F799F91A907F1E11982E
:106E1000F9B2401E87B2A8006A46155C2268700865
:106E20008446C000FF2383409A4381400A43226086
:106E30006168B00007228240914385402943616028
:106E4000A16801226046920782409143A160A06838
:106E5000F200082191400843A0600C214E43209885
:106E60003419002805D0791C48436421F9F766F9E4
:106E7000401E2061E7601A9821B0F0BDF8CB0000F9
:106E80007CCC0000FFFF000000020050000000204A
:106E9000C26F0A43C267704770B400231A460126C6
:106EA0003546954034460D4202D0D500AC402343D0
:106EB000521C042AF4D381681943816070BC704766
:106EC000F8B5334E0446B07BFA25324FF32814D080
:106ED000ED281ED02046EC38142823D203007B4432
:106EE0001B79DB189F44251E2C1E1E1E421E1E1ED3
:106EF0001E1E1E1E1E1E1E1E2333012168460095E7
:106F0000FFF7C0FE6006800F23494000085AF88151
:106F10000DE0387C002804D07C752046FFF7A8FAE5
:106F200000E0BC75012168460095FFF7ABFEB47325
:106F3000F8BDFE20009001216846FFF7A3FEF6E7AA
:106F4000EE20009001216846FFF79CFEEFE701214B
:106F500068460095FFF796FE0A20FDF77BF8AA2009
:106F6000009001216846FFF78DFEE0E701216846A9
:106F70000095FFF787FEAB20009001216846FFF7E0
:106F800081FE8320009001216846FFF77BFECEE75B
:106F9000100300204C0C0020D6C0000070B4134D2C
:106FA000287E002817D0A87D401CC0B2A8750328F1
:106FB00011D30026AE75E87D401CC3B20C48EB75BA
:106FC000017BC27E4C00EF21A41E11409C4209DDD2
:106FD000D30602D5C17670BC704710210A43C27631
:106FE00070BC70472E76C17670BC704710030020CD
:106FF000AC0C002010B400220949012806D0012061
:107000000876CA758A75CA8510BC70470548102471
:10701000C37E2343C3761E20C8850A7610BC704702
:1070200010030020AC0C0020F7B50446002701989F
:107030003E4684421BD2124D201DFDF7B3F9C719FD
:107040001048761C86420CD3E87E0026C10602D585
:10705000EF21084001E010210843E876C0B2FFF7B5
:1070600067FB03F0D5FE0198641C8442E4D30298C8
:10707000874202D1012003B0F0BD002003B0F0BD73
:10708000AC0C00208813000070B5154C0021606A1C
:10709000000A000220306062206A0122D2021043FE
:1070A0002062206BC007FCD00120206360690D4E78
:1070B0008505AD0D002043009A195288401C5118D7
:1070C000C0B2F2520428F6D3481935810521F9F7E8
:1070D00035F8616A80B2090A09020831616270BD3F
:1070E00000000E4070040020F8B51E4F786A000AB8
:1070F00000022030786200201B49044688253A6A45
:107100000123DB021A433A623A6BD20716D10A68AE
:10711000012A07D0592216230A600B600D600E6801
:10712000012EF9D1114E32682C239A4301231A43C0
:10713000326000220A603A6BD207E8D001223A633B
:107140007A69641C9205920D1018A4B20A2CD6D349
:107150000A21F8F7F3FF796A80B2090A09020831B7
:107160007962F8BD00000E40000100500040004070
:10717000F3B581B0044601F067F8164D2868012286
:1071800010432860002143270E46BF02C819EE6055
:10719000686001202861BFF36F8F28690028FCD147
:1071A000A86862181070030A5370030C000E091DC2
:1071B000937089B2D0704229E8D3C819FDF7CAF993
:1071C000029908802868400840002860024806604C
:1071D00003B0F0BD00C0005000010050F8B50446F7
:1071E00001F032F8124D2868012738432860002149
:1071F0000E46872040020818EE6068602F61BFF3DA
:107200006F8F28690028FCD1AA6863181A70100AC9
:107210005870100C9870100E091D89B2D870422950
:10722000E7D3286840084000286002480660F8BD9F
:1072300000C000500001005070B50020284C0546E9
:107240002554401C80B24028FAD32570E32060709A
:107250003C20A0700F222349E01CFCF7E3FE2048ED
:10726000402103F039FD0F221F49E01CFCF7DAFE34
:107270001B48402103F030FD0F221C49E01CFCF7A5
:10728000D1FE1748402103F027FD0F221849E01CCA
:10729000FCF7C8FE1248402103F01EFD032165548F
:1072A000491C89B24029FAD31821A170062211493C
:1072B000E01CFCF7B7FE0A48402103F00DFD002159
:1072C000E6206054491C89B24029FAD30448402181
:1072D00003F002FD08480949C5700120887270BD9D
:1072E0007C040020E40C0020200D00205C0D002018
:1072F000980D0020D40D0020100300204C0C00201D
:10730000F0B56B4891B0002606716A4F31464022B5
:1073100030463954401C80B29042FAD36648037B11
:107320006348C27C047D511C601CC9B2C0B2022BF0
:1073300071D384235A43614BD2186300D45CD218B2
:1073400052782402A41867D05D4A944264D0A01CED
:10735000FDF728F8050025D0012D28D0A81E022809
:107360000AD8E01DFDF71EF8060220460830FDF79A
:1073700019F83018093086B24E4800210170F0210A
:10738000417022463146801CFCF7C8FF002D13D007
:10739000012D11D0AD1E022D45D8093EB5B2352DB7
:1073A0000FD809E0E01CFCF7FDFF061DE4E7601DB7
:1073B000FCF7F8FF861DDFE73E48402103F08CFC18
:1073C00031E040216846F8F7FCFE3A4900206E465D
:1073D0000A5C3254401C80B20B28F9D300242046AA
:1073E000344932180919641C401CC97A80B2D17220
:1073F000A4B2352811D36846402103F06DFC00206B
:1074000001463218401CC0B2D1723528F9D3002091
:10741000AC42E5D307E032E028E0AC42E0D3684676
:10742000402103F059FC224C207D401CC0B2207545
:10743000422804D300202075E07C401CE074E07CEE
:10744000092811D30025F621E57440222846395435
:10745000401C80B29042FAD31648402103F03CFC15
:107460001849E5700120887211B0F0BD00233B700F
:10747000F0247C70B970F8703B717B719CE700263A
:107480003E70F0237B70B970F8703D463E71032169
:107490001046F8F753FE60000B4A20188018405C35
:1074A000A871002802D00120687185E76E7183E71A
:1074B000100300207C040020AC0C0020290F0020C9
:1074C000FFFF00004C0C0020BCC4000070B401267B
:1074D0000025F6021C4A1D4C1D49062824D2030033
:1074E0007B441B79DB189F4402070C11161B1563A4
:1074F000086A3043086217E0D562086A30430862C0
:1075000012E09562086A304308620DE05562086A2D
:107510003043086208E01562086A3043086203E0FD
:10752000E563086A30430862086BC007FCD001239A
:107530000B63C86813638005800DD3629362536246
:107540001362E36370BC70478042005000420050F9
:1075500000000E40F1B5304986B008688C03A043A6
:1075600008602E480168A1430160FFF705F92C4827
:107570000168A143016000266F463046FFF74EF9CF
:107580000A20FCF767FD002001468200401CC0B2C3
:10759000B9500628F9D300250120FCF75BFD002433
:1075A0006420FCF777FD2046FFF790FF1D498842D5
:1075B00002D2081AC0B200E00020A1007A58641C70
:1075C0001018E4B27850062CEAD36D1CEDB2322DBF
:1075D000E2D3304606214843069900244518A0000E
:1075E00038583221F8F7AAFD2855641CE4B2062C5D
:1075F000F5D3761CF6B20B2EBFD3094908688A036F
:1076000010430860054801681143016002480168A1
:107610001143016007B0F0BD00001140200001409F
:10762000000001400303000010B500F00DFE0F4CF8
:10763000206801210843206085204002FCF78AFF72
:107640002168490849002160094A00211160094A5E
:10765000010C914206D0401C04D05000814203D15D
:10766000022010BD012010BD002010BD00C0005040
:10767000000100501111000070B5224D00242C7043
:10768000E02068703D20A87001463522E81CFCF718
:1076900045FE2846402103F01FFB72223D21E81CD5
:1076A000FCF73CFE2846402103F016FBAF223D21AB
:1076B000E81CFCF733FE2846402103F00DFB0321B4
:1076C0006C54491C89B24029FAD30F21A970EC22CD
:1076D000E81CFCF723FE0B48402103F0FDFAE622EC
:1076E000402000216A54491C89B28142FAD30548DE
:1076F000402103F0F1FA04480449C4700120887263
:1077000070BD00007C040020100300204C0C002001
:10771000F8B500263046FFF781F8164801270763C1
:10772000C7628762476207621348C7633846FCF73F
:1077300091FC0025114C03F06BFB206A0121C9026A
:1077400008432062206BC007FCD02763E0686D1CF3
:107750008005800D8619EDB2322DECD332213046F2
:10776000F8F7ECFC064984B2087DFFF757F820468D
:10777000F8BD0000804200500042005000000E4062
:107780006003002006480021417081700548064AC8
:10779000C181062308461154401C9842FBD3704710
:1077A000B0030020CC0C0020B9030020F8B5EC4D4C
:1077B000401C01782C4602220327EA4E6034E62959
:1077C0007ED020DCDC297CD010DCDF262027D829E5
:1077D00078D006DC3A2976D0D02975D0D52974D155
:1077E0000AE1D92972D0DB296FD1CEE0DD39092930
:1077F0006BD20B007B441B79DB189F44C96666ACD7
:10780000F2F1F066EF00F03910295ED20B007B44F4
:107810001B79DB189F4407EFEE5959E2ED5959ECFB
:10782000EBEAE9E8E7E6C17843788578002929D0D2
:10783000012929D08A1E022A47D8027A447A1202E4
:10784000121994B2002C40D0092B3ED8002B3CD00A
:10785000002D3AD08A1E022A59D8C249098C611AD1
:10786000352913DB00214218977ABE4ABE4E128C8E
:10787000491CB6187772521CBA4E89B23284352927
:10788000F1D316E00479DDE78479DBE78EB20021DD
:10789000B446002E0DD94218977AB24AB24E128CD5
:1078A000491CB6187772521CAE4E89B232846145BB
:1078B000F1D3AC4E318CA14207D36900891E06E09A
:1078C00034E168E06FE044E1A9E069E069E0842721
:1078D0007B43A64F89B2F26CDB195918150AA039FF
:1078E0000D774A77A04B002145186D785D54491CEF
:1078F00089B20929F8D30934A4B221469A48FCF781
:1079000087FCF06C0019F0640020308424E1002929
:1079100001D0012944D16A00921E842795B27B438D
:10792000904A924FD26CDB195B19160AA03B1E7766
:107930005A77002902D0012902D003E0241D00E07B
:10794000A41DA4B2874D2146401CFCF761FCE86CE5
:107950000019E86400E143780021002B0AD9824C29
:1079600042189578F28B491CA554521C89B2F283B7
:107970009942F5D3F08BC62812D33522C6217A4816
:10798000FCF746FC0020F083E6E0FCF797FBE3E021
:10799000FCF7D6FBE0E04078032801D200F0C4FDFC
:1079A000DAE040789DE0407801F04EFEE07E81060E
:1079B00001D5304000E03843E076C0B2FEF7B8FEB3
:1079C000FA20FCF747FBE07E810601D5304000E05D
:1079D0003843E076C0B2FEF7ABFEBDE0B6E0B1E002
:1079E000ACE0A8E06CE05DE04EE030E02CE027E0A9
:1079F00023E069E093E076E0FCF7ECFAE07E8106B4
:107A000001D5304000E03843E076C0B2FEF790FE8A
:107A1000FA20FCF71FFBE07E8106D9D5D6E7FEF7FA
:107A200091FB0A20FCF716FBBFF34F8F51495048DA
:107A3000C860BFF34F8F00BFFDE700F081FE8BE011
:107A40004D480121017087E04B48027084E0427884
:107A5000142A00D91422494B00215A70002A07D950
:107A600044185D18491CA47889B2AC709142F7D3D0
:107A7000142A06D200209918521C92B28870142A37
:107A8000F9D33D48077067E03C4A00214318541879
:107A9000491C5B7889B263700429F7D33648042106
:107AA000017059E0354A002143185418491C5B788D
:107AB00089B263700429F7D32F48052101704BE088
:107AC0002D480621017047E0FF22C2322C49274889
:107AD000FCF79EFB03F03AF9E07B002800D0A0738E
:107AE0000120A87238E00023AB722648F0641F4DD5
:107AF0003384194684260A460020724352191354CF
:107B0000401C80B28428FAD3491C89B20929F1D3D8
:107B1000A07B002820D0A373FEF72EFE1CE00020DF
:107B2000F0743075A8720120F07015E0FAF7B6FD18
:107B3000FAF7D4FD10E00020F0830DE00020A872D9
:107B4000F27009E00020A872F77005E000203071A3
:107B500002E0401C01F01AFB03F05AF9F8BD0000E6
:107B60004C0C0020100300207C040020290F002072
:107B70000400FA0500ED00E0CC0C0020EC0D002024
:107B8000A40400006506000010B4164C164BE07A01
:107B90001A78002810D019468978012813D00228B5
:107BA00018D0032806D1103AD0B21870102801D28C
:107BB0000020E07210BC70471032D0B21870F0286C
:107BC000F8D30120F5E71039C8B298701028F1D227
:107BD0000220EEE71031C8B29870F028EAD30320F3
:107BE000E7E70000C00300201A040020F1B584B0CC
:107BF0006E480190457A002D7ED06D4C00210A011F
:107C00000020521A121900231354401CC0B20F282E
:107C1000F9D3491CC9B20529F1D300200090002DE9
:107C20007CD941004018634902904618B578002479
:107C3000002D02D84AE0052C3AD2049800280BD037
:107C40000420001BC3B2281BC2B25A48029F71789D
:107C5000C05D00F0B7F82BE056480299435C70789D
:107C60008646281BC2B20420001BC1B200209A42E3
:107C700010D8981AC7B2BC4677463801C71B4C4883
:107C8000381867460390C05D884202D2039F604661
:107C9000395401209A180F2A0AD2D0B27246130121
:107CA0009B1A434A9A18135C8B4200D2115401204C
:107CB000641CE4B2AC42BED3002807D0B078401CAC
:107CC000B0700098401CC0B2009023E00199009869
:107CD0004A7A1646521E90420DDA364D410043183C
:107CE0005919CC78EC540B794B70401C4B79C0B2CD
:107CF0008B709042F2DB01E055E00FE0700033182A
:107D00002C4800211818203841778177C1770198D5
:107D1000427200980199497A884282D32648002607
:107D2000C7782549C8780A2802D18879401C88710B
:107D30001F4A3001801B82180092204A00248518B7
:107D40000098005D052800D304201B4AD1780A2939
:107D500007D19779791CC9B29171072901D3002104
:107D6000917100280ED016490A5C285D3946F8F753
:107D700015FE641CE4B20F2CE2D30F48C1780A2927
:107D80000AD00CE0D0790028285D03D00B21F8F749
:107D9000ADFDEEE79178FAE78179491C8171761C97
:107DA000F6B2052EBDD305B0F0BD000000040020E2
:107DB000143B00205F3B0020C0030020ACC7000044
:107DC00066C60000F8B50025561C2C46002E50D97A
:107DD0008618B646561C0096A14221D30E1BF6B259
:107DE000171BB44687420CDC37463601F71B0519D2
:107DF000214EAD1AEDB2BE19775D9F4200D2735588
:107E000001257646361B0F2E0ADAF5B267463E018B
:107E1000F61B194FF7197E5D9E4200D27B55012556
:107E20000E19052E20D2F6B2171BB44687420CDC81
:107E300037463601F71B05190F4EAD1AEDB2BE19C4
:107E4000775D9F4200D2735501257646361B0F2E73
:107E50000ADAF5B267463E01F61B074FF7197E5D59
:107E60009E4200D27B550125641C009EE4B2B442C0
:107E7000B2D32846F8BD0000143B0020F0B48EB009
:107E800000236C46002A05D9C55CE5545B1CDBB2B7
:107E90009342F9D38B1ADCB2871800230546002CD5
:107EA00005D9FE5CEE545B1CDBB2A342F9D3681823
:107EB000831A00206946002A05D90C5C1C54401C1A
:107EC000C0B29042F9D30EB0F0BC7047FFB5FFB01E
:107ED000FFB09BB003211C4609020CA8F8F771F90A
:107EE00000200090FFA90190886E00287ED0C86E07
:107EF00000287BD0002C79D0086F002876D0012391
:107F000069460020225C0A54401CC0B29842F9D352
:107F10000CA80690D3A8CCAD402304900595002072
:107F2000C20807248A5C261A2640F240D207D20FE4
:107F30002A54401CC0B22E469842F1D33823B04A8E
:107F40003046294601F0AEFC00241C208446AD4892
:107F5000059A015D0020FCAB002905D9155C1D5474
:107F6000401CC0B28842F9D36046401AC3B25618CA
:107F700000201546002B05D9375C2F54401CC0B299
:107F80009842F9D360462818421A0020FCAB002919
:107F900005D91D5C1554401CC0B28842F9D31C2081
:107FA00084469848FFAB015D2C330020049A0029D9
:107FB00005D9155C1D54401CC0B28842F9D36046F7
:107FC000401AC3B2561800201546002B05D9375C5D
:107FD0002F54401CC0B29842F9D360462818421A68
:107FE000FFAD2C350020002907D900E003E12B5C10
:107FF0001354401CC0B28842F7D330200699604326
:10800000401803908048DCAF0290CCAE3025802130
:108010003846F8F7D6F80020761E0299095C895D8B
:108020003954401CC0B2A842F7D300200399002D58
:1080300005D93A5C0A54401CC0B2A842F9D3641C6A
:10804000102C82DB0020FFA90590086FC008079064
:1080500000287DD9D4A80A90FFA9C86E09908D6E1A
:108060000CA80890CCAC0A984026049021460694AF
:108070000020C208AB5C0722121A5207520FD340ED
:10808000DA07D20F0A54401CC0B2B042F1D32046E6
:1080900040235E4A014601F005FC10200390202396
:1080A000049ADCA90020145C0C54401CC0B2984215
:1080B000F9D3049802900398302148430899E4AC1E
:1080C0004518303D3023524A2046029901F0EAFB20
:1080D00030220020215C2B5C59402154401CC0B24E
:1080E0009042F7D3029A0021207863794000C018AB
:1080F000050663782079DB00C018A378E6789B003A
:1081000076009B19C018434FC3B28E010020F619A8
:108110002D0D7519EE5C03273F1AFE40F607F60F8A
:108120001654401CC0B20428F4D3491CC9B2A41D83
:10813000121D0829D8D302992023374A084601F096
:10814000B1FB2024069A049900200B5C155C00E02A
:108150004CE06B400B54401CC0B2A042F5D320232E
:108160000699DCAA0020145C0C54401CC0B2984252
:10817000F9D30398401E0006000E03908FD1CCACBB
:10818000202240212046FFF779FE21464023234A42
:10819000084601F087FB0999002540220B46082676
:1081A00028461D54401CB042FBD30020002A0DD9A4
:1081B0000726331A255C5B075B0F9D40C308CF5C25
:1081C000401C3D43C0B2CD549042F2D30598FFA964
:1081D000401CC0B20590C86E0830C866886E083072
:1081E000886607990598884200D235E77FB07FB04E
:1081F00001201FB0F0BD7FB07FB000201FB0F0BDE8
:1082000048BE0000B0BE000080BE000078BD000087
:10821000F8BD0000C0BE000028BE0000B8BD0000D0
:108220000520000781680122114381607047052104
:10823000020E090751188B680122824013438B609C
:1082400088689043886070470848016801290BD00E
:108250005921162210B4882301600260036004686B
:10826000012CF9D110BC704770470000000100508C
:1082700030B5FF24C3B00546093421466846F7F7F8
:10828000A0FF422229466846FBF7CCFE034A21465E
:108290006846FBF7BDFF43B030BD0000E8FD0000BD
:1082A00010B51148017C002911D0407C012802D072
:1082B000022807D011E05721012001F0CDFF01F085
:1082C00079FF0AE001215720FEF780FC05E05721E5
:1082D0000120FAF7E3FFFAF729FD04495720C87493
:1082E00003490020087010BD4C0C002060030020E2
:1082F00016030020F0B5824C83B0E08800280ED130
:10830000804F81483A7C81490090002A09D1807CC5
:10831000002806D0487A002803D00120E08003B06E
:10832000F0BD7B480190A0887A490D5C401C2A462C
:1083300080B27E3AA080032A28D87E2D06D07F2DD9
:108340000BD0802D0FD0812D14D018E039787248D1
:10835000405C72494042887011E039786E48415C57
:108360006E4881700BE039786B48405C6B49404245
:10837000C87004E039786848415C6848C170FEF70D
:1083800051FB664900208870C87059E0C82D3DD265
:108390005E490126C97B0020002917D9604B1A5C71
:1083A000AA420FD1884208D21A1856781E540026C5
:1083B000401CC0B256708842F6D35448491EC1735F
:1083C000002603E0401CC0B28842E8D3387C002875
:1083D0000FD0787C012802D0022805D00DE0294674
:1083E000304601F039FF08E031462846FEF7EEFB43
:1083F00003E029463046FAF751FF012E20D14349C8
:10840000474AC87B1554401CC87319E0C82D17D1C2
:10841000095C0A020199415C801C511889B2E18013
:10842000A080387C00280BD10098807C002803D0E5
:10843000032905D2032002E0102901D21020E08098
:10844000A0886189884244D300203049A080C87B3D
:10845000002825D0002500281FD9314E387C00285F
:108460000FD0787C012802D0022805D00DE0715D84
:10847000002001F0F1FE08E0705D0021FEF7A6FB90
:1084800003E0715D0020FAF709FF002070551F48D6
:108490006D1CC07BEDB28542E0D31C490020C8733F
:1084A00021782048022905D16178491E0906090E64
:1084B000617003D0C17F002902D004E00021C177A0
:1084C000002161818177A078002809D12089E0808E
:1084D00006E0A0780028F9D0E088002800D122E743
:1084E000387C002807D0787C012800D017E701F0FD
:1084F00061FE03B0F0BDFAF719FC03B0F0BD000057
:10850000AC0C00204C0C0020CC0C002060030020A0
:10851000251C0020241C002086C1000088030020A8
:10852000330E00208C0C0020F0B593B0044640219F
:1085300002A8F7F746FE2A480025817A1291857233
:10854000284801908573FEF717F9002002AD00213D
:108550006A461172DC215172411C00919172D472F1
:10856000214A062358438718204A00218618204AAA
:108570008318002C04D0012C06D0022C08D00AE06D
:10858000785C6A18107106E0705C6A18107102E07D
:10859000585C6A181071491CC9B20629E9D34021F8
:1085A00002A802F099FB0098C0B20B28CFD3002C90
:1085B0000DD100206A461072DF2050720D48C08A2B
:1085C000010A9172D072402102A802F085FB044991
:1085D000129888720198C17B817313B0F0BD0000BE
:1085E0004C0C0020AC0C00201C1B0020A01B002009
:1085F000E21B00208C0C0020F0B54C494D4C0A7C4D
:108600004B4EE07E87B0002A65D0497C01293FD0DF
:1086100002293BD100252F46002819D9705D8628F4
:1086200011D26A46177001210297039704976B468F
:1086300002AA0597FDF776FA6A461178002902D05A
:1086400002A8FEF71FFB6D1CE07EEDB2A842E5D844
:108650000025C0B2002819D9705D862811D26A465B
:10866000177039460297039704976B4602AA05973D
:10867000FDF758FA6A461178002902D002A8FEF7E1
:1086800001FB6D1CE07EEDB2A842E5D807B0F0BD5D
:10869000002500280AD9715D862902D2012001F047
:1086A000DBFD6D1CE07EEDB2A842F4D801F082FD46
:1086B000E07E002500280AD9715D862902D80020B5
:1086C00001F0CAFD6D1CE07EEDB2A842F4D801F0C5
:1086D00071FD07B0F0BD1849897C002903D0174906
:1086E000497A0029F5D1002500280AD9715D86292B
:1086F00002D80120FAF7D2FD6D1CE07EEDB2A8424F
:10870000F4D8FAF713FBE07E002500280AD9715D42
:10871000862902D80020FAF7C1FD6D1CE07EEDB27B
:10872000A842F4D8FAF702FB07B0F0BD4C0C0020C9
:10873000930300208C0C0020CC0C00206003002050
:1087400000B591B040216846F7F73BFD00206A462E
:108750001070F9200949507002206B460A78002AEF
:1087600005D01A54401C491CC0B24028F6D3402101
:10877000184602F0B1FA11B000BD000048C6000072
:1087800070B50C4D00210C4CA972A07C401CC0B2ED
:10879000A074022800D9A174142201210748FBF714
:1087A00091FDA07C401CC0B2FCF79AF80120A87291
:1087B00070BD00004C0C00206003002072030020FC
:1087C000FFB58CB0174686467C480D9A1E46037846
:1087D000D03A94467A1E159D0B927E3A0A92533AED
:1087E0000D990D980992921D0892721E07927E3A79
:1087F0000692533A0592921D04926A1E03927E3AA3
:108800000292533A0192921D00246C3987380092EB
:10881000002B42D0122907D93F2802D80D989A2858
:1088200002D16046022833D20B986B2826D30A98CF
:10883000082823D309980B2820D9089802281DD985
:108840009A2F1BD007986B281AD30698082817D39D
:1088500005980B2814D90498022811D99A2E0FD004
:1088600003986B280ED3029808280BD301980B2885
:1088700008D9022A06D99A2D04D004E03C4602E029
:10888000344600E02C4621467046FEF751F892E04F
:1088900070460D99FEF74CF88DE0494A527C002A4B
:1088A0007ED07246002A7BD1122907D93F2802D8F0
:1088B0000D989A2802D16046022834D20B986B2872
:1088C00027D30A98082824D309980B2821D9089877
:1088D00002281ED99A2F1CD007986B281BD3069804
:1088E000082818D305980B2815D90498022812D9FE
:1088F0009A2E10D003986B280FD3029808280CD317
:1089000001980B2809D90098022806D99A2D04D07D
:1089100004E03C4602E0344600E02C4621460020BC
:10892000FEF706F803E000200D99FEF701F8002895
:1089300041D10B986B280AD30A98082807D30998C5
:108940000B2804D90898022801D99A2F33D13C4624
:1089500039460020FDF7ECFF00282CD107986B2842
:108960000AD30698082807D305980B2804D9049839
:10897000022801D99A2E1ED1344631460020FDF737
:10898000D7FF002817D103986B280CD3029808282A
:1089900009D301980B2806D90098022803D900E0D2
:1089A00009E09A2D07D12C4629460020FDF7C0FF8B
:1089B000002800D10D9C10B02046F0BD6C0C0020AA
:1089C00060030020F0B583B00027484D00973C4677
:1089D0006E4601970720FBF75DFB2046FEF776FD0C
:1089E0000146288B884202D9401AC0B200E000201C
:1089F0003055641CE4B2062CECD33D490D7D681C57
:108A0000C0B208750B2800D30F753948007DFDF7FB
:108A100005FF38492C460622062054438646611835
:108A200004208C460290344900206A006118634695
:108A30006D461B5C2D5C9D4202D9EB1ADBB200E057
:108A40000023734522D32D4B9E5A2D4B45005D5B71
:108A50002E4243D10B5C5B1CDBB20B54022B3FD389
:108A6000284B26189E5D80231E43214B264F1B78E2
:108A7000FE541F4E5B1C3370204B9E5A2E439E5259
:108A800000230B54214D01232B7029E0029DAB42A2
:108A900026D21A4B9B5A1A4E4500765B33421DD0A4
:108AA0000B5C5B1CDBB20B54022B19D3154B261845
:108AB0009B5D154E5F060E4B7F0E1B78F7540C4ED8
:108AC0005B1C33700D4EB35A114F7D5B2B40B3527C
:108AD00000230B540D4D01232B7001E000230B5498
:108AE000401CC0B20628A2D303B0F0BD8C0C0020FD
:108AF000600300205E1B0020DA1A0020C41A002048
:108B00009EC100007AC40000E70E0020210300206F
:108B1000BEC10000F0B504460620364B4443DE7962
:108B2000354B3348E3189C46344D354B17462018D7
:108B3000FF22405CE3186519002E04D0002F4CD0B2
:108B40000C245C540DE02B4C002FA47823D0092C6E
:108B500002D32C4F01263E54264FFE780A2E06D013
:108B60005E54002466467454FF246C5439E0BE7988
:108B7000761CF6B2BE71072E01D30026BE71F6B286
:108B8000A64206D1761CF4B2BC71072C01D3002496
:108B9000BC71BC79D5E76E5C002E06D06246525C93
:108BA000002A18D0FF22921B1BE06646765C002E3E
:108BB00017D15C54092C03D3124D00242C5410E01F
:108BC000012266467254072C03D0FF226A54002209
:108BD00007E0002205E0324603E06C5C002C04D084
:108BE0002246595CF7F7DAFEF0BD0B245C54F8E737
:108BF000F7C70000C0030020903A00200C3A002084
:108C00004E3A0020D23A00200B4A0C4BD17A5878C9
:108C1000002909D0012906D11038C0B25870102897
:108C200001D20020D07270471030C0B25870F028C6
:108C3000F9D30120F6E70000C00300201A04002049
:108C400070B50C4D00210C4CA972207E401CC0B2A6
:108C50002076032800D92176102201210748FBF74E
:108C600031FB207E401CC0B2FBF73AFE0120A87207
:108C700070BD00004C0C0020AC0C0020C40C002087
:108C8000F8B559214A4C16228823216022602360BE
:108C90002568002DF9D0012203261F251204B603F2
:108CA0006D02930000274349002808D0012823D0F3
:108CB000022839D003284FD004286BD074E0086A0A
:108CC000B0430862086AA8430862086A4625400A59
:108CD000400228430862086A90430862086A984381
:108CE0000862CA6804200242FBD00A690120D20847
:108CF000D20002430A6157E0086AB0433043086279
:108D0000086AA8430862086A5E25400A40022843B0
:108D10000862086A90430862086A98430862CA6851
:108D200004200242FBD02EE0086AB04330430862C0
:108D3000086AA8430862086A3E25400A40022843A0
:108D40000862086A90430862086A98430862CA6821
:108D500004200242FBD016E0086AB04330430862A8
:108D6000086AA8430862086A2E25400A4002284380
:108D70000862086A90430862086A98430862CA68F1
:108D800004200242FBD00A690220D208D20002432A
:108D90000A6109E00869C008C0000861086A184350
:108DA0000862086A1043086200F006F82760F8BD00
:108DB000000100500002005038B51EA000681E4C93
:108DC0000090216A2013014201D0002016E0080320
:108DD00001D51A4800E01A488A030FD40A04920FFA
:108DE0006B469B5CCA058904D20DC90E921C891C76
:108DF000800859435043F7F7A1F98000114DA8604E
:108E000021694907490F022904D0012910D088009F
:108E10000D490858A1690907090F491CF7F78EF990
:108E20000A4928604A108018F7F788F9686038BD49
:108E30004008EFE7010202040002005000805101E7
:108E400000093D00000000200C00002040420F00FF
:108E500070470000F8B5BD4C00256573FAF7C0FEF9
:108E6000FAF7F4FEF9F77AFFB948FCF70BFEB94FB1
:108E70000120B87425757820E082B748C570FD7070
:108E80000A20FBF78FFA3870062801D302203870C9
:108E90000B20FBF787FA7871052801D3022078713F
:108EA0000F20FBF77FFAB870062801D30320B870B3
:108EB0000E20FBF777FA7870062801D3022078702D
:108EC0001220FBF76FFA3871062801D301203871A0
:108ED000A24EA0483575758275758571A04FC57411
:108EE0003D743D7545863020FBF75CFA99490128B1
:108EF000C87601D90846C5763120FBF753FA954963
:108F00000128087701D9084605773220FBF74AFA8D
:108F100090490128487701D9084645773320FBF767
:108F200041FA8C490128887701D908468577342091
:108F3000FBF738FA87490128C87700D9CD778548EB
:108F40003D7745870820FBF72DFA7870012800D976
:108F50007D708048007C002808D07E48417E002932
:108F600002D07D70052100E0062101753571758004
:108F70000520FBF717FA77490128087600D90D7606
:108F800074483D76C5861120FBF70CFAB8700128AD
:108F900000D9BD7035737581F58135741020FBF7EC
:108FA00001FA2076032801D9022020760020F080E3
:108FB000307268486B4D007C002802D1A8790028E7
:108FC00002D00120634907E00C20FBF7EBF961496F
:108FD0000128C87501D90120C8756348FBF7E2F97B
:108FE0007871012801D9002078715A490020C8877A
:108FF00030701420FBF7D6F95C490228087001D9BB
:10900000002008700020B0766421B183B873E07747
:109010002870B0770121F17720706070A080E08027
:1090200020816081A070F87051493871494E0978EB
:10903000B18150490988F181A8710420FBF7B2F988
:109040002073002801D0042802D9012020735AE09F
:10905000012858D0E07EEF210840E0763E4800210C
:10906000C1850D20FBF79EF92077042801D9042043
:10907000207700217D23404A1B0108461154401CE3
:1090800080B29842FAD3F8F723F9FCF7FBFD65208C
:1090900028750027EF82307C002851D12D48374DAC
:1090A0008772AF800026FDF7EFFFA9884018A880DF
:1090B0000120FAF7CFFF761CF6B2142EF3D3142159
:1090C000A888F7F73BF8A88022480126867263201B
:1090D000F9F72AFDA9882A4A2A4D2B4891421CD229
:1090E0001D4A02211170A17B002920D0A773E773CC
:1090F00029686A0691432960FAF7CEFBFDF73CFB2D
:10910000F9F784FC13E0E07E10210843E076124872
:109110001E21C18500210176A3E7A17B002906D08D
:10912000FAF7C8FB28680121890708432860607F97
:10913000012806D00848142141750748C6730774F2
:10914000F8BD054964204875F7E70000AC0C002025
:10915000E40C00204C0C0020100300208C0C00209C
:109160006C0C0020CC0C0020E7FD000072030020F6
:10917000C0C00000CAC000007C04002050030020D2
:1091800012020000200001400300C05EF0B591B063
:10919000044640216846F7F714F82278F820D21DDB
:1091A000024070A36946601CFEF790FE6846017895
:1091B000C0786D4F0C46002821D06C4E6C4C354663
:1091C0006035012868D0042817D1002038707860F5
:1091D000B8606849B0720A688B039A430A602168D4
:1091E00099432160A873E87363480168994301605B
:1091F000FDF7C2FA0020FDF79BFA11B0F0BD002286
:10920000231D11466846002B07D91D46435C491CA7
:109210009A18C9B2D2B2A942F8D3FF2301339A1ADD
:10922000415CD2B2914233D14178827809028918E7
:1092300000257A682E4691422AD10021002C06D9B9
:1092400043181B79491C5D19C9B2A142F8D3121DFC
:109250002146001DFAF7DCFF0027002C0AD94248FE
:109260004068C019001DFBF79DF87F1C8619FFB2EE
:10927000A742F4D3B54202D03B48012101703A48DD
:1092800041680919416081684919816011B0F0BDD8
:109290000120387011B0F0BD0029FBD1684640783C
:1092A0000028F7D1684680780028F3D16846007915
:1092B000FF28EFD1387800281CD04022684602F001
:1092C000CFFC3A2069464870A0208870402168464B
:1092D00001F002FD0120B072216880070143216086
:1092E00025490A6802430A60224A11680143116055
:1092F00011B0F0BD0020BA687968FDF795FE00282E
:1093000011D0CC206A4610705070B888010A917054
:10931000D070002204216846FAF7D4FF0120687358
:10932000FDF7C2F9FEE740220021684602F098FCF2
:109330003A2069464870A12088704021684601F0B3
:10934000CBFC0120B07221688007014321600A49EB
:109350000A6802430A60074A11680143116011B0AC
:10936000F0BD000076000000A40300204C0C00209B
:1093700000000140000011402000014030B41949B4
:1093800088B00A463CCA03950294019300928C6906
:109390004B690A69C96904920791134A13490694F3
:1093A0000593904202D14869000A04E0104A9042B5
:1093B0000BD14869000B4007400F02280DD08000F8
:1093C0006946085808B030BC70470A4A904248695C
:1093D00001D1000CEFE7000DEDE70748006808B089
:1093E00030BC7047A4CB00000000014000020050D8
:1093F000200001400000114000000020F7B5174692
:109400000646FFF7BBFF044600254008B84201D2DC
:10941000022017E0012189068C4202D30725E408C7
:109420000CE0012149068C4202D30325A40805E083
:10943000012109068C4201D3012504463946204604
:10944000F6F77CFE01992943316070606D1C68431A
:1094500001462046F6F772FE03B0F0BD074881686A
:10946000C907C90F09D0012181600548807A002809
:1094700003D010B5FBF798FA10BD7047000001400B
:109480004C0C002005488168C907C90F05D010B5EC
:1094900001218160F8F7B6F910BD70472000014046
:1094A00061498868C007C00F7ED070B501248C6008
:1094B0005E4DA88E002802D0A88E401EA8865C496A
:1094C000C888002801D0401EC880288F002802D0FC
:1094D000288F401E2887688F002802D0688F401E82
:1094E0006887E88F002802D0E88F401EE887A88FA1
:1094F000002802D0A88F401EA887688E002801D0BF
:10950000401E6886E88E002802D0E88E401EE8865D
:1095100048494888002802D04888401E4880A88CC6
:10952000002801D0401EA88443484288002A05D064
:10953000521E1204120C428000D144710A88521C3F
:109540000A80C189002906D0491E0904090CC1817D
:1095500001D1FEF717F9394A3948518E002905D053
:10956000491E0904090C518600D10475D18E0029C9
:1095700005D0491E0904090CD18600D10476518F0B
:10958000002905D0491E0904090C518700D1047730
:10959000D18F2C48002905D0491E0904090CD18718
:1095A00000D10470418800E03DE0002905D0491E4B
:1095B0000904090C418000D10471418A002905D0B9
:1095C000491E0904090C418200D10475C188002993
:1095D00005D0491E0904090CC18000D10472C1895B
:1095E000002905D0491E0904090CC18100D1047469
:1095F0004189002905D0491E0904090C418100D187
:109600000473688C401C6884E88C401CE884288DB6
:10961000401C2885688B002802D0688B401E688318
:10962000FBF794F970BD7047000011401003002053
:10963000AC0C002050030020CC0C00204C0C00206F
:109640006C0C00208C0C0020F1B582B002980A3816
:109650001E2823D8002615481549407A0090304628
:10966000062250434718134900244518385DFF2847
:1096700016D0029948432821F6F760FDC0B228555C
:10968000092801D209202855641CE4B2062CEDD328
:1096900001F0BEFB761CF6B20B2EDCD303B0F0BD9E
:1096A00005490098085C0A30EDE700004C0C0020EA
:1096B000E21B0020A01B00207EC10000F8B53B4B40
:1096C00011246100CA1810462038857F5D54641E3D
:1096D000C07F24065070240EF3D1354E354A307EBB
:1096E0001870D1780A2908D191795970491CC9B2EA
:1096F0009171072901D300219171002801D0401EEA
:10970000307600256000009028480099425C002ACD
:1097100025D02848C1780A292BD02748274B825CBE
:1097200012206843C018005DF7F738F96D1CEDB2E0
:10973000052DE9D3641CE4B2122CE2D3F07D401C69
:10974000C0B2F0752E2809D30020F0750720B0763E
:10975000012070761A48C17B891EC173F8BD1220A2
:109760001649684340181349005D8978F7F7BEF839
:10977000DCE7122011496843401851005118114A82
:10978000005D575C89184A7889784228CED20E4B02
:109790009B7C002B01D10028C8D04300C0180B4B84
:1097A0001F54C01842708170C0E70000513D002076
:1097B000E0030020C00300201AC9000021CB0000F4
:1097C000000400208EC800004C0C002080380020CF
:1097D000F0B52D48082541192039C97F41556D1E26
:1097E0002D062D0EF7D1294FB97E0170002901D029
:1097F000491EB976002426480026415D00292ED94D
:109800002148425D002A0AD0224BD9780A290FD07C
:109810002148224B005D641CE4B29A5C17E01E48AC
:109820001C49005D641CE4B28978F7F75FF810E02A
:109830009879401CC0B29871072801D30020987114
:1098400015481649005D641C8A5CE4B29979F7F703
:10985000A5F80F48761C405DF6B2B042D0D86D1C1A
:10986000EDB2092DC7D3F87D401CC0B2F8751128A0
:1098700008D30020F8751C21397678760848C17B1A
:10988000891CC173F0BD0000753D0020E00300207D
:1098900027CA0000C0030020E5C90000BEC60000C2
:1098A00000040020F0B5A1B00E4607461C46154640
:1098B00080216846F6F785FC0020002C08D969460F
:1098C000761E2A5C925D0A54401CC0B2A042F8D3B6
:1098D00000206946002C05D90A5C3A54401CC0B2ED
:1098E000A042F9D321B0F0BD5549C869C0057DD566
:1098F000C869C0077AD0F8B50127524C002532203C
:10990000E0814F480068C0B2EA280ED0EE2810D09F
:10991000E32812D0E42812D04B498A78002A11D0CB
:10992000012A3AD0022A65D165E0EA206074E58117
:109930007FE0EE206074E5817BE0277400E0257411
:10994000E58176E0F62822D0F9281DD03E4B3F4A2B
:1099500059785054491CC8B25870042869D33C49FE
:10996000A7728E1D0423E5810020325C0A54401C3E
:109970009842FAD3354A062100201554401C8842EB
:10998000FBD33148457054E04D708F7051E0022296
:109990008A702E4A10704F704BE00E462D4A49785F
:1099A0005318491C9870C9B27170002801D03E2923
:1099B0003FD32948007C002802D1A079002806D096
:1099C0001570FA2050704021224801F085F9214A93
:1099D000402100201554401C8842FBD37570B5709F
:1099E0001A4A0621E5810020155400E027E0401CBA
:1099F0008842F9D31DE0144B144A59785054491C3D
:109A0000C8B25870062814D3911FA7728E1D062362
:109A1000E5810020325C0A54401C9842FAD30B4A7C
:109A2000062100201554401C8842FBD3064845708F
:109A300085700348C069C00700D060E7F8BD704773
:109A400000000540CC0C0020B0030020B90300202A
:109A5000B30300202A3800204C0C002042680A433F
:109A60004260054A0549904202D10120000301E00D
:109A700001204003086070470000054000E100E05D
:109A8000F0B51D4B0D4604460FCB85B06E460FC694
:109A90001A48416980698A010321960F0005070F62
:109AA00000202063E160A06815490840A060012EF5
:109AB00002D1F9F715FF0190002D1BD0B1006846C7
:109AC0004058791CF6F73AFB0646690840182946C3
:109AD000F6F734FB0B49801E884207D9E90070185D
:109AE0002946F6F72BFB0009801E02E00321090737
:109AF0000843606205B0F0BDC4CB00000002005016
:109B00000FFFF0FFFFFF000070B4294CA068002396
:109B1000284D002833D0A268266A2046B242264942
:109B200040682A6815D95218236A01465B1E05D37E
:109B30000E781670491C521C5B1EF9D2216A6960AE
:109B4000216A40186060A068216A401AA06070BC59
:109B500070475218A168491E05D306781670401C3C
:109B6000521C491EF9D2A0686860A068216A884228
:109B700001D10120A0706360A36070BC70470F48E2
:109B8000017800290CD14078052809D10C4881685A
:109B9000A269914204D08168002901D1A169816044
:109BA000A0780028E9D06B60A37070BC70470000FB
:109BB000280400200005064000010640680400203B
:109BC00000000640F0B4114D2869696988421AD234
:109BD0000F4E7369E868316904460E4A89185A1EA7
:109BE000002B05D00F780770491C401C521EF9D27B
:109BF000E018E8602869C018286128696969884206
:109C000001D2286A7061F0BC70470000280400206F
:109C1000000506400001064030B5274B274CD87997
:109C20009979000209182648DA780225C06B032AC0
:109C30002BD004DC012A0AD0022A36D10CE01E4BBC
:109C40001B799B00212A10D0222A2ED115E012293F
:109C500000D31221006821E04068C27883781202A4
:109C60009A1891421AD3114618E0092900D3092104
:109C700042694068D258801810E00269D2588A427E
:109C800000D81146C068C05808E09A78072A0CD25C
:109C900080689200805802788A42E4D900F0D2F8B5
:109CA0000021084600F008F930BDE0682843E06074
:109CB000E0692843E06130BD6804002000050640EB
:109CC00028040020044907220B780370491C401C1B
:109CD000521EF9D27047000068040020F8B5474DC5
:109CE0006C6828690607360F60070BD5042068608A
:109CF0006869C007286902D09021084301E08021EB
:109D000088432861E007012700281BD06F60F00717
:109D100005D0286990210843286100F029FAB0078E
:109D200001D500F07FFA70070CD52869902108430F
:109D300028613348007C002804D03248C17B0029C8
:109D400000D08773A00758D5002C0BDA0120C0077C
:109D500068602D48C1683943C160C1693943C16138
:109D600000F0B8F8E00304D5012000046860FFF7B4
:109D7000CBFE264EA00314D5012040046860FFF7F7
:109D800021FF307800280CD01F494869012805D1EF
:109D900009691F4808180078FCF7C0F93078401EA0
:109DA000307060030DD50120800468601648416A58
:109DB000026A1748C9B21018FDF7F8FC1248402192
:109DC0004162200303D50120C0046860F770E002FF
:109DD00003D50120000568607770A00203D501203B
:109DE00040056860B770600202D501208005686098
:109DF000200202D50120C0056860F8BD00000640C1
:109E00004C0C0020AC0C0020000506400403002090
:109E100000010640084B1A63D962D8630068C07914
:109E200018627D2005490001086105480169012289
:109E30001143016170470000280400200000064023
:109E40008000064070B4194A136A8025184E194CD8
:109E5000994217D9136AC3185360136AC91A9160DB
:109E6000A1682943A1602168136A89195B1E05D383
:109E700005780D70401C491C5B1EF9D2106A6060A9
:109E800070BC7047002353609360A2682A43A260AD
:109E900022684B1E9219002905D005781570401CC8
:109EA000521C5B1EF9D2616070BC70472804002010
:109EB0000001064000050640044AD0600020106101
:109EC0005161106A0249486170470000280400206F
:109ED0000005064010B514491448072203780B709A
:109EE000401C491C521EF9D20F48602100780840DE
:109EF0000DD00F4920280DD040280FD00D48C26842
:109F000002210A43C260C2690A43C26110BD00F067
:109F100013F810BDC86A002803D110BD886A002854
:109F2000FBD0804710BD00006804002000010640FF
:109F30002804002000050640F8B5744900254D604E
:109F40008D60734C72482279007813076278070697
:109F500080261B0F6F4C002F75DA002A31D0062A9D
:109F60001DD0082A09D00A2A1CD0E0680221084323
:109F7000E060E0690843E061F8BDC86922686649AD
:109F800051180870A0683043A06001206060A0698B
:109F90003043A06100210846FFF78EFFF8BDFFF7B0
:109FA0003BFEF8BD496A22685B4810180170A06842
:109FB0003043A0600120606000210846FFF77CFF6D
:109FC000F8BD802804D0812810D0822813D02BE03F
:109FD000CA6B00205268D279530600D50120920640
:109FE0001ED5097849000143C8B219E021684A48E2
:109FF0000818057018E0494F00200101C9190A68C6
:10A000001207120F9A4203D101014548091802E0D4
:10A01000401C0828F1DB08680221084000D001201C
:10A0200022683D495118087021683B48081845705E
:10A03000A0683043A0600220606000210846FFF75E
:10A040003BFFF8BDFFE73248052A807833D004DCB7
:10A05000012A0ED0032A04D136E0092A2FD00B2A78
:10A060004DD0E16802200143E160E1690143E16113
:10A07000F8BD002802D0012817D017E0896B002016
:10A080008C46010109198A681207120F9A4208D1F9
:10A090000122824067463A4203D1CA680227BA4386
:10A0A000CA60401C0828ECDB00E00D70A06830435B
:10A0B000A0606560F8BD886101204870F6E7C8615E
:10A0C000486B00281FD1F1E7002803D00128EDD10B
:10A0D0000870EBE7114A0020010189180968090797
:10A0E000090F994207D101010D48081801680222A1
:10A0F00011430160DAE7401C0828EDDBD6E748622F
:10A10000086B0028D2D08047D0E700002804002048
:10A1100068040020000506400001064008050640CE
:10A120000C0506400D4801680D4841430D4841614A
:10A130000021816101690522114301610169C9039F
:10A14000FCD509480169490849000161FF21074818
:10A150001031416002680A43026070470400002029
:10A16000A086010000E000E08000064000000640FC
:10A1700030B40D48002343608360C36003614361D2
:10A180008363C36103644364084A18468024010161
:10A1900089188D68A5438D60401C0828F7DB0448AA
:10A1A000836030BC70470000280400200005064092
:10A1B0000000064070B5084C0025E078002803D068
:10A1C000064800F09BFCE5702079002803D0044885
:10A1D00000F094FC257170BD600300200C0E00207F
:10A1E000150E002010B50C4C617800290DD0002010
:10A1F00000F032F8FFF7DEFF6178012000F02CF864
:10A20000FFF7D8FF00F004FE10BD044900200880CD
:10A210000349087010BD00006003002046030020C1
:10A22000220300200A48007C00280FD009489F2202
:10A23000C17E1140C176817B002907D010B5012174
:10A24000C17300218173FCF797FA10BD70470000BD
:10A250004C0C0020AC0C0020F0B50C4687B0423905
:10A26000059121464B390491F64901220919E0393B
:10A270000391F5490291214682398A40F3492546E6
:10A280000E19F449D23D09198039A03EF04F0192D0
:10A29000009100287AD0F0480169890710D501693A
:10A2A00020200143EC4801610120F9F7D3FEEA4880
:10A2B000006920218843E84908613220F9F7CAFE85
:10A2C000E648807B002803D02A2C22D04F2C28D0AF
:10A2D0006B2C03D9CC2C01D00B2D7DD805980328ED
:10A2E0002DD9372C2BD0472C29D0482C27D04A2CBD
:10A2F00025D0049802282ED80020009002216A461A
:10A30000D7481170005D5070D64B282268461A80DD
:10A31000BEE0D549487D820701D5FD2206E0022234
:10A3200007E0D149487D420702D5FB22104001E0F9
:10A33000042210434875C0B2FCF77EF8CEE7CB4844
:10A3400001210170C64A4378125D13434370C84827
:10A35000C17007B0F0BDCC2C04D00B2D04D80398ED
:10A36000807B03E0642001E0BD48005DBE49C04E33
:10A370000A7DF1798A420AD9BC4B01221A705B1816
:10A38000D870491CF171F27007B0F0BD06E1CC2C19
:10A3900020D00B2DF8D9B748005DB74903220A70C9
:10A3A000C2085418400701276178400F3D46854098
:10A3B000294208D0B04800F0A1FB6078A843607043
:10A3C000AD4800F09BFB607828436070377107B0A0
:10A3D000F0BD01E06C20E0E7CF2C33D07D2C3DD9DF
:10A3E000D02C3BD0D12C39D0862CF0D8812C5ED803
:10A3F0000098009980789C4D401C88706879954C35
:10A40000002808D00020FCF741FBE878002843D062
:10A410009A480A2101809A490878401C08702078DF
:10A420000028D4D060780028D1D0A0780028CED0E1
:10A43000E0780028CBD07D20C00078820420787599
:10A4400007B0F0BD8848407E0028F9D08749012038
:10A45000087008728649C87002999CE0012069461C
:10A4600008708848610008187D2C05D8E038017A0A
:10A470006A465170407A05E0FF38813801796A46B2
:10A480005170407990701046764A2823032113803A
:10A4900000F0C2FA07B0F0BD794800780028BAD1C0
:10A4A000687941007848415A74480180B3E7842CA8
:10A4B00029D8764C042020706D4D0198297A0842E5
:10A4C0006078B17F15D088436070FCF7ABFA607894
:10A4D000B17F08436070FCF7A5FA6078B17F8843CC
:10A4E0006070FCF79FFA297A01988143297207B0BE
:10A4F000F0BD08436070FCF795FA297A019808438B
:10A50000287207B0F0BD614D287900280DD0852C48
:10A5100002D0862C03D008E0802802D805E08028ED
:10A5200003D25B487882032078754F4F387C00282F
:10A5300003D0787E002803D115E0B87E002812D021
:10A5400004202870B07F2871FCF76CFA3879002459
:10A55000002806D9FCF766FA641C3879E4B2A042F8
:10A56000F8D801200DE0042028704A483979852C5C
:10A57000405C02D0FF210131081A2871FCF752FA21
:10A580000020B871B07F2871FF213C48F53101806F
:10A590003B490878401C087007B0F0BD6B2C03D90C
:10A5A000CC2C01D00B2D77D80598032818D9372C3F
:10A5B00016D0472C14D0482C12D04A2C10D0049816
:10A5C000022819D8002002216A46009011705070AC
:10A5D000244A28236846138000F01EFA07B0F0BD15
:10A5E0002248012303701E4A4178125D9143417055
:10A5F0001F48C37007B0F0BD0126CC2C04D00B2D32
:10A6000004D80398827B03E0642201E01448025DD1
:10A61000174F0020F979002951D9144B1B18DB780A
:10A62000934246D10124114D88422C703BD20E4AF0
:10A63000167D761E002786422FDD2A181379D370E7
:10A6400017712CE0D0C300006C0C002081C1000009
:10A650008C0C00208403002000000640AC0C00207D
:10A6600064C300004A0300204C0C00200C0E0020A4
:10A6700060030020DCC30000150E00204C03002006
:10A680001503002048C4000070C4000088030020A7
:10A69000B80B000098C100002CE02A18D770401CAD
:10A6A000C0B28842C7D34248491EC171C47007B0C6
:10A6B000F0BD401CC0B28842AFD3012EF7D1CC2CE4
:10A6C00016D00B2DF3D93B48005D3B4AC1088918D1
:10A6D000450701244B786D0F2046A8400342E6D081
:10A6E000032313704A7882434A703C7107B0F0BD6F
:10A6F0006C20EAE7CF2C1CD07D2C29D9D02C27D078
:10A70000D12C25D0862CF1D82C480078411EC9B216
:10A71000812C2BD8009A9278002A02D0009B521EDE
:10A720009A70264A002800D011700020788207B065
:10A73000F0BD2348407E0028F9D0012121480022A5
:10A74000017002721A48C1700298027007B0F0BD21
:10A75000002000900120694608701B4A28236846A3
:10A760000321138000F058F907B0F0BD842C12D8F3
:10A770000F4C207A0028F7D014480421017041784A
:10A78000B27F91434170FCF74DF9217A01988143E2
:10A79000217207B0F0BD0022084B7A82002800D059
:10A7A00019700A4802710648827107B0F0BD0000B6
:10A7B00060030020DCC30000150E002015030020FC
:10A7C0004C0C00200C0E00204A03002088030020BF
:10A7D00070B50C460546FFF73FFD6B2C03D92146AB
:10A7E000CC3911290ED80C48C07800280AD00B4B60
:10A7F0000B4A0C49002D06D00B484C70C0891880BC
:10A800000120107070BD48788442FBD10020188070
:10A810001070487070BD00006C0C002046030020D2
:10A8200022030020600300204C0C0020F8B54D48A6
:10A830000078282400254C4F4C4E002822D0707AF6
:10A84000002831D0F07A01010A1AB85C01282BD116
:10A8500000204749D3191A1852780A54401CC0B234
:10A860000828F8D3434942480C8000F00FF9707A69
:10A87000401E7072F07A401CC0B2F072FA2813D3F6
:10A88000F57211E03B49088800280DD138480C804A
:10A8900000F0FCF8307B401CC0B23073052803D9AF
:10A8A000304935730120087033480078334A344901
:10A8B000002839D0707A00281DD0F07A03011B1AC5
:10A8C000F85C032818D0042815D10020DF193B5C60
:10A8D0000B54401CC0B20528F9D329480521148027
:10A8E00000F09AF8707A401E7072F07A401CC0B284
:10A8F000F072FA2816D2F8BD0020DF193B5C0B5429
:10A90000401CC0B20F28F9D31D4814800F2100F05D
:10A9100083F8707A401E7072F07A401CC0B2F072F8
:10A92000FA28E8D3F572F8BD10880028FBD1087822
:10A93000042802D0032804D008E01148052114801F
:10A9400002E00F4814800F2100F066F8707B401C75
:10A95000C0B270730528E6D90749757301200870E5
:10A96000F8BD0000050300206422002060030020E1
:10A970009903002048030020060300204A0300201A
:10A98000240E002030B400201B4902460A54401C0B
:10A99000C0B20928FAD3194900200A54401CC0B299
:10A9A0000F28FAD3164C174DE27100210B0100203D
:10A9B0005B1A5B191A54401CC0B20F28FAD3491C09
:10A9C000C9B2FA29F2D36272A2720F48E27202800F
:10A9D0000E48A27302700E4900200A54401CC0B2F7
:10A9E0000428FAD30B4900200A54401CC0B20528A1
:10A9F000FAD330BC704700000C0E0020150E00206A
:10AA00006003002064220020480300206C0C00201A
:10AA10008403002088030020F0B4164F8446BB78DE
:10AA200000221046002B12D1134B05251E68134B34
:10AA30005E6198611C692C431C611C69E403FCD5B0
:10AA40000F4B521C9A4202D2BB78002BEFD0B87049
:10AA50000C4C20690C4A4B1E80186246002905D018
:10AA600015780570521C401C5B1EF9D26161F0BC68
:10AA700070470000040300200400002000E000E014
:10AA8000102700004005064000010640F0B4154EB6
:10AA90008446707800210F46002812D11248134ACC
:10AAA00005681348052455619761136923431361B1
:10AAB0001369DB03FCD5491C814202D27378002B59
:10AAC000F1D077700B4B18680B490722401861468C
:10AAD00008240D780570491C401C521EF9D25C6098
:10AAE000F0BC7047040300200400002000E000E0F8
:10AAF000102700004005064000010640F8B5344D1F
:10AB00000446687A334EFA282AD3E87A334601019C
:10AB1000091A705C2822CB18012805D02E4F032873
:10AB200008D004280CD010E02C49581C0A80FFF7EC
:10AB3000ADFF0AE03A800F211846FFF76DFF04E0F1
:10AB400005213A801846FFF767FFE87A401CC0B23B
:10AB5000E872697A491E6972FA2801D30020E87206
:10AB60002078012804D003280ED0042818D022E031
:10AB7000A97A00200A01511A8919225C0A54401C42
:10AB8000C0B20928F9D316E0A97A00200A01511AA7
:10AB90008919225C0A54401CC0B20F28F9D30AE07C
:10ABA000A97A00200A01511A8919225C0A54401C12
:10ABB000C0B20528F9D3A87A401CC0B2A872697A3D
:10ABC000491C6972FA2801D30020A872F8BD000060
:10ABD00060030020642200204A0300204803002074
:10ABE000F8B50720F9F7DEFB2C4D00266876012822
:10ABF00000D96E761320F9F7D5FBE871022800D949
:10AC0000EE71287C26490127002844D03046254E85
:10AC10000024307008620120F9F71CFAF5F7DCFD1A
:10AC20006F740120F9F716FA307800282ED1012030
:10AC3000F9F710FA7D20641C0001844227D909200D
:10AC4000F9F7B0FB002821D0687E00281ED11448F7
:10AC500007620120F9F7FEF91348F8F72BFE1348B5
:10AC600041680C2211434160FBF7E8FF0620FBF727
:10AC700091FF01200E4900060860022068740D480B
:10AC8000F8F70AFE01200C49C0050860F8BD3078CD
:10AC90000028CCD0F8BD0E626F74F8BD4C0C0020BB
:10ACA00040420050290400201F0000404000005096
:10ACB00000E100E09B3C004080E100E00349054AE0
:10ACC0004870034948709076887670478D0100205F
:10ACD000E8010020AD010020F0B4164F8446FB7857
:10ACE00000221046002B12D1134B05251E68134B72
:10ACF0005E6198611C692C431C611C69E403FCD5EE
:10AD00000F4B521C9A4202D2FB78002BEFD0F87006
:10AD10000C4C206B0C4A4B1E80186246002905D053
:10AD200015780570521C401C5B1EF9D26163F0BCA3
:10AD300070470000040300200400002000E000E051
:10AD4000307500000005064000010640F0B583B0F4
:10AD50000020009000992548C62359430E180098FA
:10AD6000214A842100244843801801900199600001
:10AD7000095C0A0201990818407815181ED01C4871
:10AD800085421BD0A81CF9F70DFB61006718F05530
:10AD9000401E032804D80021F0194170817014E08E
:10ADA000E81CF9F7FFFAF7197870012802D00020A3
:10ADB000B8700AE0281DF9F7F5FAF9E760000021FC
:10ADC00020183154301841708170641CA4B2422C98
:10ADD000CCD300F01DF80098401C80B200900928E8
:10ADE000B8D303B0F0BD0000290F0020CD13002020
:10ADF000FFFF000010B4054C6160510001431801D1
:10AE0000014380200143216010BC70470040004096
:10AE100010B40C480168012908D059211622882352
:10AE20000160026003600468012CF9D106490A68D8
:10AE30002C239A4301231A430A600021016010BCAD
:10AE400070470000000100500040004070B5104DF8
:10AE5000287C002803D0687E002818D102E0A87E54
:10AE6000002814D100200B4CA8726178012600291B
:10AE700001D0607000E06670082201210648F9F7F1
:10AE800021FA6078401CC0B2F9F72AFDAE7270BD9D
:10AE90004C0C00206C0C00206D0C002070B50E488E
:10AEA0000025017C0D4C00290BD0407E002801D0EC
:10AEB000657070BD0820F9F775FA60700128F7D841
:10AEC00070BD807E0028F3D10820F9F76BFA60701E
:10AED0000128EDD870BD00004C0C00206C0C002047
:10AEE00070B5304C607C02284FD00021A172E17413
:10AEF000207C0125002818D0607E002801D06176D2
:10AF000000E06576072201212748F9F7DBF9607E2A
:10AF1000401CC0B2F9F7E4FCBFF34F8F244923482B
:10AF2000C860BFF34F8F00BFFDE7A07E002801D0AF
:10AF3000A17600E0A5761F48007A012808D00228F3
:10AF40000ED0032812D0042820D0052824D014E0E5
:10AF5000A07EE076302201211748F9F7B3F90CE022
:10AF6000A07E207731220121144804E0A07E607782
:10AF7000322201211248F9F7A5F9FFF78FFFA07ED1
:10AF8000401CC0B2F9F7ACFCA57270BDA07EA077E2
:10AF9000332201210B48EEE7A07EE0773422012125
:10AFA0000948E8E74C0C0020650C00200400FA0575
:10AFB00000ED00E0CC0C0020670C0020680C0020A5
:10AFC000690C00206A0C00206B0C00200022002974
:10AFD00012D970B40025094B01261D600446D440E7
:10AFE000E40701D09E6000E09D601E60521CD2B25A
:10AFF0008A42F2D370BC7047704700008042005014
:10B00000F3B581B00546FDF71FF9194C20680127FB
:10B01000384320604326B6023046F9F781FA002211
:10B02000A818437801781B0259188378C0781B044C
:10B0300059180006401891192123E3606160A0604F
:10B040002761BFF36F8F20690028FCD1121D92B2D7
:10B05000422AE5D390190299F9F78CFA2068400842
:10B060004000206003490020086003B0F0BD0000EC
:10B0700000C0005000010050F8B50546FDF7E4F8A7
:10B08000164C206801273843206087267602304618
:10B09000F9F746FA00216818437802781B029A18DB
:10B0A0008378C0781B049A18000680188A19212317
:10B0B000E3606260A0602761BFF36F8F20690028A2
:10B0C000FCD1091D89B24229E5D32068400840001F
:10B0D0002060034900200860F8BD000000C0005057
:10B0E0000001005070B5FDF7AFF8154D286801213B
:10B0F00008432860852676023046F9F72BFA040CBF
:10B1000024043046F9F70CFA21463046F9F732FAB2
:10B1100028684008400028600A49002008600A4862
:10B1200084420BD04000844208D0BFF34F8F0849BF
:10B130000648C860BFF34F8F00BFFDE770BD000039
:10B1400000C0005000010050000011110400FA0579
:10B1500000ED00E00FB410B503A9044B044A0298B7
:10B1600000F018F810BC08BC04B0184771B4000017
:10B170002404002002E008C8121F08C1002AFAD1E6
:10B1800070477047002001E001C1121F002AFBD167
:10B1900070470000FFB58FB00F46044600264AE115
:10B1A000252858D10025641CA64A01210095237842
:10B1B0000846203B98400346134202D00543641CD6
:10B1C000F5E720782E2815D104200543641C20784B
:10B1D0002A280AD101CF641C00900BE000990A22B2
:10B1E000514330394018641C0090207801463039B2
:10B1F0000929F3D920786C280ED004DC4C2813D010
:10B200006A2812D104E074280ED07A280DD10BE000
:10B2100001204005054307E00121090562780D433F
:10B22000824201D1641C6D18641C2078864669280E
:10B2300049D008DC00286FD0582870D063280FD080
:10B24000642808D13FE070286ED0732812D075288A
:10B2500060D0782863D0129A11999047761CE9E063
:10B260003878694608720020487202A83F1D019094
:10B27000012003E001CF01900020C04369070CD5F5
:10B28000002500E06D1C00998D420FDA8542F9DB44
:10B290000199495D0029F5D108E0002500E06D1C09
:10B2A0008542FCDB0199495D0029F8D1761907E058
:10B2B000019801990078491C0191129A11999047BF
:10B2C0006D1EF5D2B6E00A20029000216802400F00
:10B2D000039102280CD001CFC117844600290EDA51
:10B2E0006246084652420021814194462D2009E0E1
:10B2F000FF1DFF08FF00796838680837EDE728056B
:10B3000004D52B206A461074012032E0E80730D0C3
:10B310002020F7E70A2003E091E000E004E010209D
:10B3200000210391029007E01020029000210420E8
:10B3300005430820039100906802400F02281DD0A9
:10B3400001CF0021844600200D90280712D57046B9
:10B3500070281AD0029A1020039B42401A4309D148
:10B360006046084306D030206A4610747046507418
:10B3700002200D907046582811D00BE0FF1DFF08E9
:10B38000FF00796838680837DCE740206A461074A7
:10B3900001200D902CA001900DA80E900DE02FA083
:10B3A000F9E76046039B029AF4F716FF019B844677
:10B3B0009B5C0E9A521E0E92137060460843F0D1A9
:10B3C0000E9805A9081A20300190680701D5009849
:10B3D00001E0012000900199884203DD01460198B7
:10B3E000081A00E000200025009006E004A8129A48
:10B3F000405D11999047761C6D1C0D988542F5DBD8
:10B4000004E0129A302011999047761C0099481E4A
:10B4100000900029F5DC08E00E980E990078491C90
:10B420000E91129A11999047761C0199481E01902D
:10B430000029F1DC641C2078002800D0B0E63046FA
:10B4400013B0F0BD092801003031323334353637BE
:10B450003839616263646566000000003031323360
:10B460003435363738394142434445460000000000
:10B4700006498A691202FCD408600A2804D18A6944
:10B480001202FCD40D220A60704700000000054043
:10B49000C6B0F5F783F8FDF7DDFCFD480090FD48E8
:10B4A0000027FD4DFD4EFE4C0190FFF7B1FCFD481D
:10B4B000C07805287ED203007B441B79DB189F44AB
:10B4C00002FEFDFCFB00FAF7C1FCF748007C0028F7
:10B4D00006D0F548407C012804D1FFF7A7F901E028
:10B4E000F7F778FEEF48807C002824D0ED48C08E26
:10B4F000002820D1EC48007C002810D0EA48407C8D
:10B50000012802D0022803D004E0FEF76BFE01E020
:10B51000FBF71CFBE4488189E248C1860BE0F7F7A2
:10B5200095FDA879002801D1FBF744F8DE48DD49F4
:10B530008089401CC886DB48407C00280ED0D94852
:10B54000C08F00280AD1D848007C002804D1A879EF
:10B55000002801D1FBF72EF8F9F7ACFAD148407971
:10B56000002816D0CF48808F002812D10120FBF789
:10B570008DFACD488079002803D0CA4832218187CE
:10B5800002E0C8490A208887A879002801D1FBF782
:10B5900011F8B07E002813D0C248808E00280FD149
:10B5A000FDF72AF8BF48B18B8186BF48007C002890
:10B5B00006D100E028E3A879002801D1FAF7FAFFC4
:10B5C000B07F00280AD0FCF795FEB748007C002821
:10B5D00004D1A879002801D1FAF7ECFFB1488079AD
:10B5E000002805D0AF48408E002801D1FCF758FE56
:10B5F000AC48C08C642815D9AA48C784816C491C02
:10B600008164F8F775FCF8F7B7FAF8F73BFBF8F741
:10B6100085FBF8F7B1FBF8F735FA207B012857D006
:10B62000FBF7BCFC9F48A149806C884217D99D4814
:10B630008764C179002912D0C7719D48FF2102900B
:10B64000093104A8F4F7BDFD422204A80299F8F7D5
:10B65000E9FCFF21974A093104A8F8F7D9FD0098C1
:10B66000007D002803D000980775FFF739FC00988B
:10B67000007E002803D000980776F8F7E7F90098D5
:10B68000007F002803D000980777FFF7DFFB307BAF
:10B69000002802D03773F7F7D5F93078002802D0A8
:10B6A0003770FDF76DF83079002802D03771F8F760
:10B6B00071FF307D002803E035E2A2E29EE29AE2CB
:10B6C00019D03775707D032810D2FBF76BF911E0A4
:10B6D0007449C88D0028A5D0401E0004000CC88500
:10B6E000A0D1E07EEF210840E0769BE703280DD053
:10B6F000FBF7B2F977756B48008D0A280ED96948B7
:10B7000007856948007C002803D007E0FBF704FAAE
:10B71000F0E7A879002801D1F8F782FB307A0028F9
:10B7200006D0604837720078002801D1F7F7A8F9F1
:10B73000307C002802D03774FDF782FA5948418CDA
:10B74000FF20F53081427DD956484784A8790028EA
:10B750005948806902D000281AD067E00028524872
:10B76000007C0AD0002861D1BFF34F8F5448534961
:10B77000C160BFF34F8F00BFFDE7012856D1BFF373
:10B780004F8F4F484D49C160BFF34F8F00BFFDE75A
:10B790004548AF71407C012802D0022808D00CE057
:10B7A0004848F8F779F801204749C005086004E0E7
:10B7B0004648F8F771F8FBF7E5F93A4908780128A7
:10B7C00004D1E07EF7221040E0760F700C20F8F7ED
:10B7D000E9FD35490128C87502D90120C87501E085
:10B7E000002803D0607C002816D01FE02E48877206
:10B7F000A07B002803D0A773E773F7F707F9344855
:10B80000F8F74AF80220FDF73BFA3248F4F7CCFF8C
:10B8100025490120887209E0A07B002806D0A77383
:10B82000E773F7F7F3F82A48F8F736F8F7F78EF9E1
:10B830001D48C07D00280ED11A49088E00280AD064
:10B84000401E00E007E00004000C088603D1E07E03
:10B850009F210840E07601980188FF20F530814261
:10B860007ED3019807801048007C002802D1A97976
:10B87000002957D01049C96900290A4945D04F709D
:10B8800000283FD1084600780128287D2BD023E0EE
:10B890006C0C002050030020CC0C00208C0C0020ED
:10B8A000AC0C0020100300204C0C0020504600007F
:10B8B000E40C0020E8FD0000404200500400FA05BE
:10B8C00000ED00E09B3C004080E100E01F000040F4
:10B8D0000300C05E10270000642813D0297864207C
:10B8E00000290FD105E05F280CD229785F200029BC
:10B8F00008D12875FD216A4611725072022102A8F2
:10B90000FAF786FBD048077008E04878401CC0B2C0
:10B910004870042802D94F7001200870CB48007C81
:10B9200000280FD1207D02280CD2A879002809D147
:10B93000E08A002806D0401E0004000CE08201D1FD
:10B94000FAF7DEFC207D002822D1BF49C87B002801
:10B9500009D0087C401CC0B208740A2818D900E03D
:10B9600016E0CF7314E00878002809D001280BD026
:10B9700002280DD3E07E010712D5F721084006E02A
:10B98000E07EF721084002E0E07E08210843E076EF
:10B99000AE48007C002822D0A879002803D035E1E9
:10B9A00008210843F3E7287800287DD0A748012123
:10B9B0008772A9710774A64AC77411616176417DC7
:10B9C0008175F7F7CBF9FEF7DDFFF4F7D7FC7D21A2
:10B9D0000198090141809D48007C002864D1207DA8
:10B9E000022800D361E5287800283DD001994988D4
:10B9F000002939D1E979002936D0A97A002936D130
:10BA000001280AD002280CD003280ED0042813D015
:10BA1000052819D006281ED022E0FBF7B3FEF92036
:10BA200000E0F820F7F768F91AE08A48FA21017077
:10BA30001621FAF7EDFA13E08649FB20087005217C
:10BA40008448FAF7E5FA0BE08248FC2101700521F1
:10BA5000FAF7DEFA04E07D48E7778772F7F7CCFA69
:10BA60007A492F7001208872A87A002824D0AF72FA
:10BA7000E87C00281ED068460772002102A8F7F76C
:10BA800055FA002816D06846007A002810D0012008
:10BA90007149A874497800290BD1FE2269460A73BE
:10BAA0004873022103A800E08EE0FAF7B1FA00E043
:10BAB000AF74EF74F7F792F96879002802D06F71CC
:10BAC000F7F722F96049888C00287DD1E07F0028B3
:10BAD00012D0C8208884487A002804D04F72E07EB3
:10BAE0000721084306E001204872E07EF921084062
:10BAF00040084000E07689E0E87903280DD019225B
:10BB000052018A84217D002900D0CEE4042806D089
:10BB10000020F7F7BBFAEF7278E0C822F1E70120C6
:10BB2000F7F7B4FA72E04948807A002801D0FCF7B0
:10BB300049FF4548417C002902D0FAF73BFD65E00A
:10BB40004149488D401C80B24885444988420BD306
:10BB50003D484785E08A002806D0401E0004000CBE
:10BB6000E08201D1FAF7CCFB39484069002808D0BF
:10BB70000A20F8F76FFA36484069002801D0FAF732
:10BB800019FD33488069002808D00A20F8F762FAC6
:10BB90002F488069002801D0FAF70CFDA87A002808
:10BBA00034D0AF726846077200200146039002A8A5
:10BBB000F7F7BCF9002811D06846007A002826481B
:10BBC00003D08178007902E020E001788078E87184
:10BBD00004281E480AD047750120039006211E48FC
:10BBE000FAF7D6FE0398002802D00FE04175F3E77C
:10BBF000154887700AE0FBF783FB07E0FBF73CFD85
:10BC000004E0FBF719FB01E00F48C770207D002816
:10BC100000D04AE40C48418B0029FAD10A21418323
:10BC2000F6F794FEF6F790FDFAF71AFAA07C0028D2
:10BC3000EFD00549888D401C80B288850228E8D362
:10BC40008F85F6F7C9FC30E4100300204C0C00206F
:10BC500040420050EC0D0020B3030020DA02000047
:10BC60000023002A03D9C1545B1C9342FBD37047C5
:10BC700030B40022204B15460124DD620021491C0E
:10BC8000C9B20729FBD3010601D59C6200E09D6281
:10BC90000021491CC9B20729FBD3DC620021491CE1
:10BCA000C9B20729FBD3DD620021491CC9B20729AB
:10BCB000FBD34006521C000ED2B2082ADDD39C6290
:10BCC0000020401CC0B20728FBD3DC620020401CCF
:10BCD000C0B20728FBD3002001E0401CC0B2996A23
:10BCE000002901D03228F8D3DD620020401CC0B208
:10BCF0000728FBD330BC7047004200500A4901229C
:10BD00008A620020401CC0B20728FBD3CA62002010
:10BD1000401CC0B20728FBD300208862401CC0B280
:10BD20000728FBD370470000004200500A4900205A
:10BD30008862401CC0B20728FBD30122CA620020DF
:10BD4000401CC0B20728FBD38A620020401CC0B24E
:10BD50000728FBD370470000004200500102080092
:10BD6000AC08260722065A05C4044C04A861F82A28
:10BD7000B8240820841CC8193A322A221A120A024E
:10BD80003C342C241C140C043E362E261E160E06A3
:10BD9000403830282018100839312921191109019B
:10BDA0003B332B231B130B033D352D251D150D0593
:10BDB0003F372F271F170F0728083010381840204B
:10BDC00027072F0F37173F1F26062E0E36163E1E4B
:10BDD00025052D0D35153D1D24042C0C34143C1C5B
:10BDE00023032B0B33133B1B22022A0A32123A1A6B
:10BDF0002101290931113919200102030405040523
:10BE00000607080908090A0B0C0D0C0D0E0F10117E
:10BE100010111213141514151617181918191A1BC6
:10BE20001C1D1C1D1E1F2001100714151D0C1C11AC
:10BE3000010F171A05121F0A0208180E201B03090A
:10BE4000130D1E06160B0419393129211911090188
:10BE50003A322A221A120A023B332B231B130B03FA
:10BE60003C342C243F372F271F170F073E362E2632
:10BE70001E160E063D352D251D150D051C140C0432
:10BE80000E110B180105031C0F06150A17130C04DD
:10BE90001A0810071B140D0229341F252F371E28DE
:10BEA000332D21302C31273822352E2A32241D20E3
:10BEB0000101020202020202010202020202020166
:10BEC0000E040D01020F0B08030A060C05090007FA
:10BED000000F07040E020D010A060C0B09050308EA
:10BEE00004010E080D06020B0F0C0907030A0500DA
:10BEF0000F0C080204090107050B030E0A00060DCA
:10BF00000F01080E060B03040907020D0C00050AB9
:10BF1000030D04070F02080E0C00010A06090B05A9
:10BF2000000E070B0A040D0105080C060903020F99
:10BF30000D080A01030F04020B06070C00050E0989
:10BF40000A00090E06030F05010D0C070B04020879
:10BF50000D0700090304060A0208050E0C0B0F0169
:10BF60000D060409080F03000B01020C050A0E0759
:10BF7000010A0D0006090807040F0E030B05020C49
:10BF8000070D0E030006090A010208050B0C040F39
:10BF90000D080B05060F00030407020C010A0E0929
:10BFA0000A0609000C0B070D0F01030E0502080419
:10BFB000030F00060A010D080904050B0C07020E09
:10BFC000020C0401070A0B060805030F0D000E09F9
:10BFD0000E0B020C04070D0105000F0A03090806E9
:10BFE0000402010B0A0D07080F090C050603000ED9
:10BFF0000B080C07010E020D060F00090A040503C9
:10C000000C010A0F09020608000D03040E07050BB8
:10C010000A0F0402070C090506010D0E000B0308A8
:10C02000090E0F0502080C030700040A010D0B0698
:10C030000403020C09050F0A0B0E01070600080D88
:10C04000040B020E0F00080D030C0907050A060178
:10C050000D000B070409010A0E03050C020F080668
:10C0600001040B0D0C03070E0A0F06080005090258
:10C07000060B0D0801040A070905000F0E02030C48
:10C080000D020804060F0B010A09030E05000C0738
:10C09000010F0D080A0307040C05060B000E090228
:10C0A000070B0401090C0E0200060A0D0F03050818
:10C0B00002010E07040A080D0F0C09000305060B08
:10C0C00020100804010305070900F4012C01640095
:10C0D0003C007800B400FA00F401EE02E80301002D
:10C0E000120205002E020A0036020F003A02140066
:10C0F0003E02190041021E004402230047022800AC
:10C100004A022D004D0232005102370054023C0019
:10C11000570241005B02460060024B00680250007B
:10C120007002550076025A007B025F007E02010019
:10C130000402050006020A0009020F000D021400A5
:10C140001002190013021E00160223001902280013
:10C150001C022D001F0232002202370025023C0083
:10C16000280241002B02460032024B0039025000E7
:10C170004102550046025A004C025F005002020480
:10C180000801020401FF010A0F141932010203041D
:10C1900005060A0F14191E230105080A0C0F0100D9
:10C1A0000200040008001000200040008000000190
:10C1B0000002000400080010002000400080FEFF84
:10C1C000FDFFFBFFF7FFEFFFDFFFBFFF7FFFFFFE7E
:10C1D000FFFDFFFBFFF7FFEFFFDFFFBFFF7F00006B
:10C1E00000017600010500010600010400010C00B9
:10C1F000010300010B00018300010A00010100019D
:10C200000900017800010700010E00011600011E5F
:10C2100000012600012500012E00013600013D002D
:10C22000013E00014600014500014E00015500019C
:10C230006600010D00011500011D00012400012D03
:10C2400000012C00013500013C00014300014400C5
:10C25000014D00015400015B00015D000158000127
:10C260001C00011B00012300012B000134000133DD
:10C2700000013B00014200014B00014C0001520053
:10C28000015A00011200011A0001220001210001DF
:10C290002A00013200013100013A00014100014948
:10C2A00000014A0001590001140002E01F011100C1
:10C2B00001290002E01102E02702E02F02E014024F
:10C2C000E05E02E03F02E037000000017E00000077
:10C2D0000002E07002E06C02E07D02E07102E069C1
:10C2E00002E07A02E07502E06B02E07202E07401A3
:10C2F000770002E04A017C00016C00017500017DBD
:10C3000000016B00017300017400016900017200FB
:10C31000017A00017000017100017B0001790002C7
:10C32000E05A02E04D02E01502E03B02E03402E098
:10C330002302E03202E02102E05002E04802E02B5A
:10C3400002E04002E01002E03A02E03802E030028F
:10C35000E02802E02002E0180810182028303840B9
:10C360004850575F00293A3B3C3D3E3F40414243E5
:10C370004445351E1F20212223242526272D2E2A21
:10C380002B141A0815171C180C12132F30313904EE
:10C390001607090A0B0D0E0F333428021D1B061950
:10C3A000051110363738200108042C408065100430
:10C3B0000201464748494A4B4C4D4E5250514F534B
:10C3C00054555F60615C5D5E595A5B6263565758B5
:10C3D00068696A6B6C6D6E6F707172730031424385
:10C3E0004445464748494A4B4C4D3D262728292A73
:10C3F0002B2C2D2E2F353632331C22101D1F2420BE
:10C40000141A1B373839410C1E0F11121315161749
:10C410003B3C300125230E210D19183E3F400500FD
:10C4200003023406076D040402014E4F505152536B
:10C430005455565A5859575B5C5D67686964656620
:10C440006162636A6B5E5F60B500B600B700CD00E5
:10C45000E200E900EA0083018A01920194012102CD
:10C46000230224022502260227022A0270006F00FE
:10C4700000006400C8002C019001010203040506BD
:10C480001011121314151E1F202122232B2C2D2EC8
:10C490002F300C0B0A0908071B1A19181716292820
:10C4A0002726252436353433323138393A3B3C3D62
:10C4B00041403F3E37420D0E0F1C2A1D01960E0FC4
:10C4C0008802109403118A04128905138B061487BD
:10C4D0000715950816A80917A90A18AA0B19A70C79
:10C4E0001A9F0D0E00001B00001CADAD1D9E9E1E70
:10C4F00080801F9D9D20000021B6B622B2B223008D
:10C5000000244E4E254F4F26505027AEAE28AFAFD9
:10C5100029B3B32A00002B7E7E2C81812D7F7F2EB4
:10C5200085852FABAB3000003100003251513352C2
:10C530005234535335000036000037C6C638828265
:10C540003984843A83833B86863CACAC3D00003E14
:10C55000CFCF3F54544055554156569A97975491D2
:10C5600091439898A6A6A6440000459B9B468C8CB8
:10C570009C9C9C4700004A0000588F8F598E8E5A11
:10C58000909000FF00FF0000FF0000FF0000FF0090
:10C5900000FF0000FF0000FF0000FF0000FF0000A0
:10C5A000FF0000FF0000FF0000FF000000FF000090
:10C5B000FF00FF00FFFF00FFFF00FFFF00FFFF0085
:10C5C000FFFF00FFFF00FFFFFF00FFFF00FFFF0076
:10C5D000FF00FFFF00FF00FF0000FF00FF00FFFF64
:10C5E00000FFFF00FFFF00FFFF00FFFF00FFFF0055
:10C5F000FFFFFF00FFFF00FFFF00FF00FF00FF0045
:10C6000000FF00FF00FFFF00FFFF00FFFF00FFFF34
:10C6100000FFFF00FFFF00FFFFFF00FFFF00FFFF25
:10C62000000000FF00FF0000FF0000FFFF00FF0010
:10C6300000FF00FF00FF00FFFF00FF0000FF000001
:10C6400000FF0000FF0000FF3636454328524742F6
:10C6500029424C653B56312E352E313B56312E301A
:10C660003B00003CB4FF001E64AAFF0A1E32466570
:10C670000807050402020305070A0F0C0A0806054D
:10C680000403020106050403020E0C0907050A084B
:10C690000706050A08070605140F0C08050F0C0904
:10C6A0000705120F0C0A070506070809100F0E0CE4
:10C6B0000A0C0A080604FEFDFBF7EFDFBF7F001E31
:10C6C0003C648CB4DCFFFEFFFDFFFBFFF7FFEFFFD8
:10C6D000DFFFBFFF7FFFFFFEFFFDFFFBFFF7FFEF69
:10C6E000FFDFFFBFFF7F000B16212C373B30251AE1
:10C6F0000F040A1520010C17222D383C31261B107F
:10C70000052B41020D18232E393D32271C11063608
:10C71000030E19242F3A3E33281D12073508131E25
:10C7200029343F2A1F1409400000000100020003C1
:10C730000B000C010C020C0300040D040C000100A2
:10C740000201020202030A000B010B020B030104A7
:10C750000C040D00020003010302030309000A0197
:10C760000A020A0302040B040E000300040104027F
:10C770000403080009010902090303040A040D0166
:10C78000040005010502050307000801080208036B
:10C7900006040E030E02050006010602060306004B
:10C7A00007010702070309040E040E01000B1621FE
:10C7B0002C373B30251A0F040A152001FF0C1722D5
:10C7C0002D383C31261B10052B4102FF0D18232E5E
:10C7D000393D32271C1106FF3603FF0E19242F3A6C
:10C7E0003E33281D12FF073508131E29FFFF34FFB3
:10C7F000FF3F2A1F140940000B16212C37010C178C
:10C80000222D38020D18232E39030E19242F3A0435
:10C810000F1A25303B05101B26313C06111C273210
:10C820003D07121D28333E08131E29343F09141FEB
:10C830002A35400A15202B3641081014161A1E20DE
:10C840002325282A2D2F323437393C3E4143464B8D
:10C8500050555A5F64696E73787D82878C91969B80
:10C86000A0A5AFB9C3CDD7E1EBF5FFFF000000FFF6
:10C87000000000FFFFFF00FF00FF00FFFFFFFFFFC2
:10C8800000000000803E401F40062C01A000FF0079
:10C8900000FF1E00FF3C00FF5A00FF7800FF9600DB
:10C8A000FFB400FFD200FFFF00FFD200FF9600FFA1
:10C8B0006400FF320000FF0000FF3200FF6400FF51
:10C8C0009600FFC800FFFF00C8FF0096FF0064FF4E
:10C8D0000032FF0000FF3200E66400D29600B4C8C8
:10C8E0000078FFFFFFDCC8B496786446321E0A0069
:10C8F0000000000000000000000000000000000038
:10C90000000000000046648CB4C8FAFFFFFAC8B407
:10C910008C64460000000000000000000A1E324641
:10C92000647896B4C8DCFFFFFFFFFFFFFFFFFFFF47
:10C93000FFFFFFFFFFFFFF020202020202010202ED
:10C9400002030203020302040203030303020303BC
:10C9500002020200010B0C161721222C2D37383B46
:10C96000303C25311A260F041B0A100515202B41D7
:10C9700011063607351C1209401D1427281F3233B3
:10C980002A3D3E3F393A342E2F23242918191E0EF2
:10C99000130D0802030001020308FFFFFFFF130B42
:10C9A0000C0D0E1E161718192921222324FF2C2DD9
:10C9B0002E2F343738393AFF3B3C3D3EFF30313281
:10C9C000333F252627282A1A1B1C1D1F0F10111262
:10C9D000FF040506FF140A2BFF07FF15FF36FF09AA
:10C9E0002041FF35403D3C3139323A3E3B3025381D
:10C9F000262E272F3334371A2D1B231C24283F2C97
:10CA00000F22101811191D2A210417050D060E12E8
:10CA1000291F160A0C2B071E140B150141023603A1
:10CA20003513090020084001060A09090A070A040B
:10CA30000B091A2E0E2B371D170A271330072A3C15
:10CA4000293A201221341B35011E3B063F180F36B0
:10CA50001F0D312D331040241626141905253D08CD
:10CA60002C413E0238112F00041C220315390C28DA
:10CA70002332130E18222C373B3C3D3E3F2A1D111A
:10CA8000050A1541FFFF080D17212C2D383B3031C9
:10CA900032333F2A12062B1520FF030C1621222EBB
:10CAA000393C30252627282A1F074120FFFF020B8B
:10CAB000161723242F303D31251A1B1C1D1F140768
:10CAC0003641010B0C1819343E32261A0F10111280
:10CAD000140736FFFFFF010B0C0D0E292F3A3327E9
:10CAE0001B0F0405060709FFFFFF011E29242E392D
:10CAF0003E3F281C10040A2BFF0935FFFFFF021ED2
:10CB000019232D383D333F2A1D11050A1540FFFF1B
:10CB1000FFFF00020406080A0C0E01030507090BBB
:10CB20000D4009141F2A3FFFFF342F2E383C3126B9
:10CB3000273E3DFFFF350712FF1D28333E3A393DA2
:10CB400032FFFFFFFFFFFFFFFFFF3606FF111C272D
:10CB5000323DFFFFFFFFFFFFFFFFFFFFFFFFFF0172
:10CB60000C17222D383C3126FFFFFFFFFFFFFF008F
:10CB70000B16212C373B30251A1BFF000103010245
:10CB80000502000400050601040602030602100166
:10CB9000110012011102100000000000040000004A
:10CBA0000C00000000093D00000000000000000033
:10CBB000000000000000000010270000000000003E
:10CBC0000080510100093D0000000000000000004D
:10CBD0000080510100093D0000000000000000003D
:10CBE0000080510100093D0000000000000000002D
:10CBF000008051010102020400093D000000000014
:10CC00000000000000805101000000000000000052
:10CC100000000000102700000000000004000000D9
:10CC20000000000000000000010000000000000003
:10CC300000000000000000000200000000000000F2
:10CC400000000000000000000000000000000000E4
:10CC500000000000000000000300000000093D008B
:10CC600000000000000000000080510100000000F2
:10CC7000000000000000000010270000000000007D
:10CC8000040000000000000000000000010000009F
:10CC90000000000000000000000000000200000092
:10CCA0000000000000000000000000000000000084
:10CCB0000000000000000000000000000300000071
:10CCC000E0CC0000000000207004000074B10000FF
:10CCD00050D1000070040020103D000084B100001D
:10CCE00080F0FA023200000080F0FA0200093D00F4
:10CCF0000000000080F0FA02102700000000000091
:10CD0000000000000000000000805101050C090136
:10CD1000A101850119002A3C021500263C0295015B
:10CD200075108100C005010980A1018502198129C2
:10CD3000831500250175019503810295058101C0C8
:10CD400005010906A1018503050719E029E715007A
:10CD500025017501950881021900296795688102EE
:10CD60000508190129051500250175019505910290
:10CD7000750395019101C005010902A1018504090E
:10CD800001A1000509190129031500250175019567
:10CD900003810275059501810105010930093109F9
:10CDA000381581257F750895038106C0C0050109E6
:10CDB00006A101050719E029E71500250175019570
:10CDC000088102950175088101950575010508190D
:10CDD00001290591029501750391019506750815C4
:10CDE0000026FF00050719002AFF008100C000008F
:10CDF00005010906A101050719E029E7150025012C
:10CE000075019508810295017508810105081901D0
:10CE10002905950575019102950175039101050795
:10CE200019002AFF0095057508150026FF008100EE
:10CE300005FF0903750895018102C0120110010068
:10CE400000000883042A5410010102030109025B57
:10CE500000030100A0960904000001030101040978
:10CE60002110010001224100070583030800010988
:10CE7000040100020300000509210001000122272E
:10CE8000000705820340000F070501034000030966
:10CE9000040200010300000609211001000122A183
:10CEA00000070584030F000109023B00020100A0F6
:10CEB0009609040000010301010409211001000189
:10CEC000224B000705830308000109040200010347
:10CED00000000609211001000122A10007058403BA
:10CEE0000F000100CD000020400200202C00002097
:10CEF0004100000027000000A10000001200000017
:10CF00002B0000004B0000005B0100206D010020A1
:10CF1000E802002004020020100200201C02002071
:10CF2000058C0901A1010903150025FF1901290834
:10CF30007540950881020904150025FF190129088B
:10CF4000754095089102C0040309040E034D006961
:10CF5000006C0073006B0079001203360036004548
:10CF60000043002D005200470042001A034D0053B9
:10CF70000032003000320032003100310030003029
:10CF8000003000350012034B006500790062006F2D
:10CF9000006100720064001E035300790073007486
:10CFA0000065006D00200043006F006E0074007289
:10CFB000006F006C001003500072006F0067007279
:10CFC0000061006D00000000670200206B0200207D
:10CFD000790200208B020020A5020020D50200204B
:10CFE000B702002000000000010000000000000067
:10CFF0000000000000000000000000000000000031
:10D00000000000000000000000000100000000001F
:10D0100000000000000000000A0000000000000006
:10D020000000000000000000000000000000000000
:10D0300000000000000000000000000000000000F0
:10D0400000000000000000000000000000000000E0
:10D0500000000000000000000000000000000000D0
:10D0600000000000000000000000000000000000C0
:10D0700000000000000000000000000000000000B0
:10D0800000000000000000000000000000000000A0
:10D090000000000000000000000000000000000090
:10D0A0000000000000000000000000000000000080
:10D0B0000000000000000000000000000000000070
:10D0C0000000000000000000000000000000000060
:10D0D0000000000000000000000000000000000050
:10D0E0000000000000000000000000000000000040
:10D0F0000000000000000000000000000000000030
:10D10000000000000000000000000000000000001F
:10D11000000000000000000000000000000000000F
:10D1200000000000000000000800000000000000F7
:10D1300000000000000000000000000000000000EF
:10D1400000000000000000000000000000000000DF
:04000005000000F106
:00000001FF
