from	function	to	type
10001000		1000b1b4	DATA
10001006		10004cad	UNCONDITIONAL_CALL
10001016	FUN_10001010	1000b1b4	DATA
1000101c	FUN_10001010	10004cad	UNCONDITIONAL_CALL
10001021	FUN_10001010	Stack[0x4]	READ
10001025	FUN_10001010	10001030	CONDITIONAL_JUMP
10001028	FUN_10001010	10004d04	UNCONDITIONAL_CALL
10001044	FUN_10001040	Stack[0x4]	READ
1000104c	FUN_10001040	1000106f	CONDITIONAL_JUMP
1000104e	FUN_10001040	Stack[0xc]	READ
10001053	FUN_10001040	1000105a	CONDITIONAL_JUMP
10001055	FUN_10001040	Stack[0x8]	READ
1000105a	FUN_10001040	Stack[0x10]	READ
1000105f	FUN_10001040	10001067	CONDITIONAL_JUMP
1000106f	FUN_10001040	Stack[0xc]	READ
10001078	FUN_10001040	10008ac0	UNCONDITIONAL_CALL
1000109a	FUN_10001040	10001067	CONDITIONAL_JUMP
100010b2	FUN_10001040	100010c3	CONDITIONAL_JUMP
100010c1	FUN_10001040	100010b4	CONDITIONAL_JUMP
100010d6	FUN_100010d0	Stack[0x4]	READ
100010f8	FUN_100010d0	Stack[-0x10]	WRITE
100010fb	FUN_100010d0	Stack[-0xc]	WRITE
10001100	FUN_100010d0	10001124	CONDITIONAL_JUMP
10001110	FUN_100010d0	Stack[-0x8]	WRITE
10001113	FUN_100010d0	10004d10	UNCONDITIONAL_CALL
10001118	FUN_100010d0	Stack[-0x8]	READ
1000111e	FUN_100010d0	Stack[-0xc]	READ
10001126	FUN_100010d0	10001160	UNCONDITIONAL_CALL
1000112b	FUN_100010d0	Stack[-0x10]	READ
10001135	FUN_100010d0	10001152	CONDITIONAL_JUMP
10001137	FUN_100010d0	10001140	UNCONDITIONAL_JUMP
10001140	FUN_100010d0	Stack[0x4]	READ
10001150	FUN_100010d0	10001140	CONDITIONAL_JUMP
10001172	FUN_10001160	1000119c	CONDITIONAL_JUMP
10001179	FUN_10001160	100011cf	CONDITIONAL_JUMP
1000118c	FUN_10001160	10004d10	UNCONDITIONAL_CALL
1000119c	FUN_10001160	100011cf	CONDITIONAL_JUMP
100011a4	FUN_10001160	100011e0	UNCONDITIONAL_CALL
100011b7	FUN_10001160	100011bd	CONDITIONAL_JUMP
100011f7	FUN_100011e0	10001203	CONDITIONAL_JUMP
100011f9	FUN_100011e0	1000d080	DATA
100011fe	FUN_100011e0	10004aff	UNCONDITIONAL_CALL
1000120f	FUN_100011e0	10001232	CONDITIONAL_JUMP
1000121e	FUN_100011e0	10001224	CONDITIONAL_JUMP
10001222	FUN_100011e0	10001226	UNCONDITIONAL_JUMP
10001228	FUN_100011e0	1000122c	CONDITIONAL_JUMP
1000122d	FUN_100011e0	10001240	UNCONDITIONAL_CALL
10001243	FUN_10001240	Stack[0x4]	READ
1000124c	FUN_10001240	10001258	CONDITIONAL_JUMP
1000124e	FUN_10001240	1000d080	DATA
10001253	FUN_10001240	10004aff	UNCONDITIONAL_CALL
10001262	FUN_10001240	100012b0	CONDITIONAL_JUMP
10001266	FUN_10001240	100012c0	UNCONDITIONAL_CALL
1000127e	FUN_10001240	10004d10	UNCONDITIONAL_CALL
10001292	FUN_10001240	1000129d	CONDITIONAL_JUMP
10001295	FUN_10001240	10004d04	UNCONDITIONAL_CALL
1000129d	FUN_10001240	Stack[0x4]	READ
100012ca	FUN_100012c0	10001310	CONDITIONAL_JUMP
100012d2	FUN_100012c0	100012e8	CONDITIONAL_JUMP
100012dc	FUN_100012c0	10005071	UNCONDITIONAL_CALL
100012e6	FUN_100012c0	10001310	CONDITIONAL_JUMP
100012e8	FUN_100012c0	Stack[-0x8]	DATA
100012ec	FUN_100012c0	Stack[-0x14]	DATA
100012ef	FUN_100012c0	Stack[-0x8]	WRITE
100012f6	FUN_100012c0	10004c51	UNCONDITIONAL_CALL
100012fb	FUN_100012c0	1000dd50	DATA
10001300	FUN_100012c0	Stack[-0x14]	DATA
10001304	FUN_100012c0	1000b1b4	DATA
10001304	FUN_100012c0	Stack[-0x14]	WRITE
1000130b	FUN_100012c0	1000553d	UNCONDITIONAL_CALL
10001323	FUN_10001320	Stack[0x4]	READ
1000132a	FUN_10001320	10004cdf	UNCONDITIONAL_CALL
1000132f	FUN_10001320	1000b1b4	DATA
10001344	operator=	Stack[0x4]	READ
10001363	FUN_10001360	Stack[0x8]	READ
10001367	FUN_10001360	10001371	CONDITIONAL_JUMP
10001369	FUN_10001360	Stack[0x4]	READ
1000136c	FUN_10001360	100109cc	WRITE
10001383	KeyBoardProc	Stack[0x8]	READ
10001386	KeyBoardProc	Stack[0xc]	READ
10001394	KeyBoardProc	100013b0	CONDITIONAL_JUMP
10001396	KeyBoardProc	100013b0	COMPUTED_JUMP
10001396	KeyBoardProc	1000139d	COMPUTED_JUMP
10001396	KeyBoardProc	100013a4	COMPUTED_JUMP
10001396	KeyBoardProc	100013ab	COMPUTED_JUMP
10001396	KeyBoardProc	100013d8	DATA
100013a2	KeyBoardProc	100013b0	UNCONDITIONAL_JUMP
100013a9	KeyBoardProc	100013b0	UNCONDITIONAL_JUMP
100013b3	KeyBoardProc	10011004	READ
100013c7	KeyBoardProc	1000b114	READ
100013c7	KeyBoardProc	EXTERNAL:00000043	COMPUTED_CALL
100013f3	InstallHook	100109cc	READ
100013f9	InstallHook	Stack[0x4]	READ
100013ff	InstallHook	10001380	DATA
10001406	InstallHook	10011004	WRITE
1000140b	InstallHook	1000b10c	READ
1000140b	InstallHook	EXTERNAL:00000041	COMPUTED_CALL
10001411	InstallHook	10011000	WRITE
10001420	UninstallHook	10011000	READ
10001426	UninstallHook	1000b110	READ
10001426	UninstallHook	EXTERNAL:00000042	COMPUTED_CALL
10001430	FUN_10001430	1000d3ec	DATA
10001440	FUN_10001440	1000d3f8	DATA
10001458	FUN_10001450	1000d408	DATA
1000145e	FUN_10001450	1000517c	UNCONDITIONAL_CALL
1000146e	FUN_10001450	10008ac0	UNCONDITIONAL_CALL
1000147e	FUN_10001450	10008ac0	UNCONDITIONAL_CALL
10001492	FUN_10001490	1000d408	DATA
100014ad	FUN_10001490	100014b8	CONDITIONAL_JUMP
100014b0	FUN_10001490	10004d04	UNCONDITIONAL_CALL
100014bc	FUN_10001490	100014a5	CONDITIONAL_JUMP
100014c4	FUN_10001490	100014a0	CONDITIONAL_JUMP
100014c7	FUN_10001490	1000d4d4	DATA
100014d9	read_key_configuration_stream	1000f080	READ
100014e0	read_key_configuration_stream	Stack[-0x8]	WRITE
100014e3	read_key_configuration_stream	Stack[0x4]	READ
100014ee	read_key_configuration_stream	Stack[-0x89]	DATA
100014f6	read_key_configuration_stream	Stack[-0x98]	WRITE
100014fc	read_key_configuration_stream	Stack[-0xa4]	WRITE
10001502	read_key_configuration_stream	Stack[-0x8c]	WRITE
1000150b	read_key_configuration_stream	Stack[-0x8a]	WRITE
10001512	read_key_configuration_stream	10008ac0	UNCONDITIONAL_CALL
10001523	read_key_configuration_stream	Stack[-0x8c]	DATA
1000152e	read_key_configuration_stream	10001542	CONDITIONAL_JUMP
10001532	read_key_configuration_stream	Stack[-0x8]	READ
10001537	read_key_configuration_stream	10004bba	UNCONDITIONAL_CALL
1000154b	read_key_configuration_stream	Stack[-0x94]	DATA
10001552	read_key_configuration_stream	Stack[-0x94]	WRITE
10001561	read_key_configuration_stream	Stack[-0x48]	DATA
10001569	read_key_configuration_stream	1000167f	CONDITIONAL_JUMP
10001570	read_key_configuration_stream	Stack[-0x48]	READ
10001574	read_key_configuration_stream	10001833	CONDITIONAL_JUMP
1000157a	read_key_configuration_stream	Stack[-0x47]	READ
1000157e	read_key_configuration_stream	1000164d	CONDITIONAL_JUMP
10001584	read_key_configuration_stream	Stack[-0x46]	READ
10001588	read_key_configuration_stream	Stack[-0x45]	READ
1000158c	read_key_configuration_stream	Stack[-0x98]	READ
100015a3	read_key_configuration_stream	Stack[-0xac]	WRITE
100015ac	read_key_configuration_stream	100015b9	CONDITIONAL_JUMP
100015b1	read_key_configuration_stream	10004d04	UNCONDITIONAL_CALL
100015b9	read_key_configuration_stream	Stack[-0x44]	READ
100015bd	read_key_configuration_stream	Stack[-0x90]	WRITE
100015c6	read_key_configuration_stream	100015ff	CONDITIONAL_JUMP
100015c8	read_key_configuration_stream	100015cf	COMPUTED_JUMP
100015c8	read_key_configuration_stream	10001694	COMPUTED_JUMP
100015c8	read_key_configuration_stream	100016c7	COMPUTED_JUMP
100015c8	read_key_configuration_stream	100016f2	COMPUTED_JUMP
100015c8	read_key_configuration_stream	1000171d	COMPUTED_JUMP
100015c8	read_key_configuration_stream	10001848	DATA
100015d1	read_key_configuration_stream	10005071	UNCONDITIONAL_CALL
100015db	read_key_configuration_stream	100015f7	CONDITIONAL_JUMP
100015e3	read_key_configuration_stream	1000d4f8	DATA
100015f5	read_key_configuration_stream	100015f9	UNCONDITIONAL_JUMP
100015f9	read_key_configuration_stream	Stack[-0x90]	WRITE
100015ff	read_key_configuration_stream	Stack[-0x94]	READ
10001605	read_key_configuration_stream	Stack[-0x90]	READ
1000160d	read_key_configuration_stream	1000d09c	READ
1000160d	read_key_configuration_stream	1000d4fc	READ
10001613	read_key_configuration_stream	Stack[-0x48]	DATA
10001617	read_key_configuration_stream	100010d0	COMPUTED_CALL
10001617	read_key_configuration_stream	10004a70	COMPUTED_CALL
10001619	read_key_configuration_stream	Stack[-0x98]	READ
10001622	read_key_configuration_stream	Stack[-0x90]	READ
10001628	read_key_configuration_stream	Stack[-0xac]	READ
10001631	read_key_configuration_stream	Stack[-0xa4]	READ
10001637	read_key_configuration_stream	1000164d	CONDITIONAL_JUMP
1000163b	read_key_configuration_stream	Stack[-0xa4]	READ
10001647	read_key_configuration_stream	1000b114	READ
10001647	read_key_configuration_stream	EXTERNAL:00000043	COMPUTED_CALL
1000164d	read_key_configuration_stream	Stack[-0x98]	READ
1000165b	read_key_configuration_stream	Stack[-0x94]	DATA
10001662	read_key_configuration_stream	Stack[-0x94]	WRITE
10001671	read_key_configuration_stream	Stack[-0x48]	DATA
10001679	read_key_configuration_stream	10001570	CONDITIONAL_JUMP
10001684	read_key_configuration_stream	Stack[-0x8]	READ
10001689	read_key_configuration_stream	10004bba	UNCONDITIONAL_CALL
10001696	read_key_configuration_stream	10005071	UNCONDITIONAL_CALL
100016a0	read_key_configuration_stream	100015f7	CONDITIONAL_JUMP
100016ac	read_key_configuration_stream	1000d098	DATA
100016c2	read_key_configuration_stream	100015f9	UNCONDITIONAL_JUMP
100016c9	read_key_configuration_stream	10005071	UNCONDITIONAL_CALL
100016d3	read_key_configuration_stream	100016e7	CONDITIONAL_JUMP
100016d9	read_key_configuration_stream	10004300	UNCONDITIONAL_CALL
100016e5	read_key_configuration_stream	1000173f	UNCONDITIONAL_JUMP
100016f0	read_key_configuration_stream	1000173f	UNCONDITIONAL_JUMP
100016f4	read_key_configuration_stream	10005071	UNCONDITIONAL_CALL
100016fe	read_key_configuration_stream	10001712	CONDITIONAL_JUMP
10001704	read_key_configuration_stream	10004300	UNCONDITIONAL_CALL
10001710	read_key_configuration_stream	1000173f	UNCONDITIONAL_JUMP
1000171b	read_key_configuration_stream	1000173f	UNCONDITIONAL_JUMP
1000171f	read_key_configuration_stream	10005071	UNCONDITIONAL_CALL
10001729	read_key_configuration_stream	10001736	CONDITIONAL_JUMP
1000172f	read_key_configuration_stream	10004300	UNCONDITIONAL_CALL
10001734	read_key_configuration_stream	10001738	UNCONDITIONAL_JUMP
1000173f	read_key_configuration_stream	Stack[-0x3e]	READ
10001743	read_key_configuration_stream	Stack[-0x90]	WRITE
10001749	read_key_configuration_stream	Stack[-0x3f]	READ
10001755	read_key_configuration_stream	100015ff	CONDITIONAL_JUMP
10001775	read_key_configuration_stream	Stack[-0xb0]	WRITE
1000177b	read_key_configuration_stream	1000517c	UNCONDITIONAL_CALL
10001788	read_key_configuration_stream	Stack[-0x48]	DATA
1000178d	read_key_configuration_stream	Stack[-0xa0]	WRITE
10001795	read_key_configuration_stream	Stack[-0xa8]	WRITE
100017a2	read_key_configuration_stream	10001806	CONDITIONAL_JUMP
100017a7	read_key_configuration_stream	Stack[-0x9c]	WRITE
100017b0	read_key_configuration_stream	Stack[-0x98]	READ
100017c3	read_key_configuration_stream	Stack[-0x94]	DATA
100017ca	read_key_configuration_stream	Stack[-0x48]	DATA
100017d2	read_key_configuration_stream	1000167f	CONDITIONAL_JUMP
100017d8	read_key_configuration_stream	Stack[-0xa8]	READ
100017de	read_key_configuration_stream	Stack[-0x9c]	READ
100017e4	read_key_configuration_stream	Stack[-0x9c]	READ_WRITE
100017f1	read_key_configuration_stream	Stack[-0x48]	DATA
100017f6	read_key_configuration_stream	Stack[-0xa8]	WRITE
100017fe	read_key_configuration_stream	100017b0	CONDITIONAL_JUMP
10001800	read_key_configuration_stream	Stack[-0xa0]	READ
10001806	read_key_configuration_stream	Stack[-0xb0]	READ
1000180c	read_key_configuration_stream	Stack[-0x90]	READ
1000181d	read_key_configuration_stream	Stack[-0xa0]	READ
10001824	read_key_configuration_stream	10005142	UNCONDITIONAL_CALL
1000182e	read_key_configuration_stream	10001619	UNCONDITIONAL_JUMP
10001833	read_key_configuration_stream	Stack[-0x8]	READ
1000183d	read_key_configuration_stream	10004bba	UNCONDITIONAL_CALL
10001866	write_key_configuration_stream	1000f080	READ
1000186d	write_key_configuration_stream	Stack[-0x8]	WRITE
10001870	write_key_configuration_stream	Stack[0x4]	READ
1000187b	write_key_configuration_stream	Stack[-0x49]	DATA
10001880	write_key_configuration_stream	Stack[-0x68]	WRITE
10001883	write_key_configuration_stream	Stack[-0x70]	WRITE
10001886	write_key_configuration_stream	Stack[-0x4c]	WRITE
1000188c	write_key_configuration_stream	Stack[-0x4a]	WRITE
10001890	write_key_configuration_stream	10008ac0	UNCONDITIONAL_CALL
100018a1	write_key_configuration_stream	Stack[-0x4c]	DATA
100018a9	write_key_configuration_stream	100018bd	CONDITIONAL_JUMP
100018ad	write_key_configuration_stream	Stack[-0x8]	READ
100018b2	write_key_configuration_stream	10004bba	UNCONDITIONAL_CALL
100018bd	write_key_configuration_stream	Stack[-0x5c]	WRITE
100018c0	write_key_configuration_stream	Stack[-0x54]	WRITE
100018c3	write_key_configuration_stream	Stack[-0x60]	WRITE
100018c7	write_key_configuration_stream	Stack[-0x54]	READ
100018cc	write_key_configuration_stream	Stack[-0x64]	WRITE
100018cf	write_key_configuration_stream	Stack[-0x58]	WRITE
100018d5	write_key_configuration_stream	Stack[-0x58]	READ
100018d8	write_key_configuration_stream	Stack[-0x60]	READ
100018e0	write_key_configuration_stream	Stack[-0x6c]	WRITE
100018e5	write_key_configuration_stream	10001993	CONDITIONAL_JUMP
100018f1	write_key_configuration_stream	Stack[-0x50]	DATA
100018fd	write_key_configuration_stream	Stack[-0x50]	READ
10001901	write_key_configuration_stream	1000517c	UNCONDITIONAL_CALL
1000190d	write_key_configuration_stream	10001a69	CONDITIONAL_JUMP
10001917	write_key_configuration_stream	10008ac0	UNCONDITIONAL_CALL
10001925	write_key_configuration_stream	Stack[-0x50]	DATA
10001930	write_key_configuration_stream	Stack[-0x50]	READ
10001937	write_key_configuration_stream	10001982	CONDITIONAL_JUMP
10001948	write_key_configuration_stream	1000194c	CONDITIONAL_JUMP
1000194d	write_key_configuration_stream	Stack[-0x4b]	DATA
10001952	write_key_configuration_stream	10008d20	UNCONDITIONAL_CALL
10001957	write_key_configuration_stream	Stack[-0x68]	READ
10001966	write_key_configuration_stream	Stack[-0x4c]	DATA
1000196e	write_key_configuration_stream	10001a60	CONDITIONAL_JUMP
10001974	write_key_configuration_stream	Stack[-0x50]	READ
1000197b	write_key_configuration_stream	Stack[-0x50]	WRITE
10001980	write_key_configuration_stream	10001940	CONDITIONAL_JUMP
10001983	write_key_configuration_stream	10005142	UNCONDITIONAL_CALL
10001988	write_key_configuration_stream	Stack[-0x64]	READ
1000198b	write_key_configuration_stream	Stack[-0x68]	READ
10001991	write_key_configuration_stream	100019d8	UNCONDITIONAL_JUMP
10001995	write_key_configuration_stream	Stack[-0x4c]	DATA
1000199b	write_key_configuration_stream	10008ac0	UNCONDITIONAL_CALL
100019a0	write_key_configuration_stream	Stack[-0x5c]	READ
100019a5	write_key_configuration_stream	Stack[-0x49]	WRITE
100019b1	write_key_configuration_stream	Stack[-0x48]	WRITE
100019b4	write_key_configuration_stream	Stack[-0x4c]	WRITE
100019ba	write_key_configuration_stream	Stack[-0x4a]	WRITE
100019be	write_key_configuration_stream	Stack[-0x47]	WRITE
100019ca	write_key_configuration_stream	Stack[-0x4c]	DATA
100019d2	write_key_configuration_stream	10001a69	CONDITIONAL_JUMP
100019d8	write_key_configuration_stream	Stack[-0x70]	READ
100019dd	write_key_configuration_stream	100019f1	CONDITIONAL_JUMP
100019df	write_key_configuration_stream	Stack[-0x6c]	READ
100019eb	write_key_configuration_stream	1000b114	READ
100019eb	write_key_configuration_stream	EXTERNAL:00000043	COMPUTED_CALL
100019f1	write_key_configuration_stream	Stack[-0x58]	READ_WRITE
100019f6	write_key_configuration_stream	Stack[-0x64]	WRITE
100019fc	write_key_configuration_stream	100018d2	CONDITIONAL_JUMP
10001a02	write_key_configuration_stream	Stack[-0x60]	READ
10001a05	write_key_configuration_stream	Stack[-0x5c]	READ_WRITE
10001a08	write_key_configuration_stream	Stack[-0x54]	READ_WRITE
10001a12	write_key_configuration_stream	Stack[-0x60]	WRITE
10001a1a	write_key_configuration_stream	100018c7	CONDITIONAL_JUMP
10001a22	write_key_configuration_stream	Stack[-0x4a]	DATA
10001a2b	write_key_configuration_stream	Stack[-0x4c]	WRITE
10001a31	write_key_configuration_stream	10008ac0	UNCONDITIONAL_CALL
10001a42	write_key_configuration_stream	Stack[-0x4c]	DATA
10001a50	write_key_configuration_stream	Stack[-0x8]	READ
10001a55	write_key_configuration_stream	10004bba	UNCONDITIONAL_CALL
10001a61	write_key_configuration_stream	10005142	UNCONDITIONAL_CALL
10001a69	write_key_configuration_stream	Stack[-0x8]	READ
10001a73	write_key_configuration_stream	10004bba	UNCONDITIONAL_CALL
10001a89	read_rgb_configuration_stream	1000f080	READ
10001a90	read_rgb_configuration_stream	Stack[-0x8]	WRITE
10001a98	read_rgb_configuration_stream	Stack[-0x89]	DATA
10001aa0	read_rgb_configuration_stream	Stack[-0x8c]	WRITE
10001aa7	read_rgb_configuration_stream	Stack[-0x8a]	WRITE
10001aae	read_rgb_configuration_stream	10008ac0	UNCONDITIONAL_CALL
10001abf	read_rgb_configuration_stream	Stack[-0x8c]	DATA
10001aca	read_rgb_configuration_stream	10001adb	CONDITIONAL_JUMP
10001acd	read_rgb_configuration_stream	Stack[-0x8]	READ
10001ad2	read_rgb_configuration_stream	10004bba	UNCONDITIONAL_CALL
10001ae4	read_rgb_configuration_stream	Stack[-0x90]	DATA
10001aeb	read_rgb_configuration_stream	Stack[-0x90]	WRITE
10001afa	read_rgb_configuration_stream	Stack[-0x48]	DATA
10001b02	read_rgb_configuration_stream	10001b45	CONDITIONAL_JUMP
10001b04	read_rgb_configuration_stream	Stack[-0x47]	READ
10001b09	read_rgb_configuration_stream	10001b57	CONDITIONAL_JUMP
10001b0d	read_rgb_configuration_stream	10001b27	CONDITIONAL_JUMP
10001b0f	read_rgb_configuration_stream	Stack[-0x46]	READ
10001b14	read_rgb_configuration_stream	Stack[-0x45]	DATA
10001b1d	read_rgb_configuration_stream	10008d20	UNCONDITIONAL_CALL
10001b34	read_rgb_configuration_stream	Stack[-0x90]	DATA
10001b3b	read_rgb_configuration_stream	Stack[-0x48]	DATA
10001b43	read_rgb_configuration_stream	10001b04	CONDITIONAL_JUMP
10001b49	read_rgb_configuration_stream	Stack[-0x8]	READ
10001b4e	read_rgb_configuration_stream	10004bba	UNCONDITIONAL_CALL
10001b57	read_rgb_configuration_stream	Stack[-0x8]	READ
10001b60	read_rgb_configuration_stream	10004bba	UNCONDITIONAL_CALL
10001b79	read_press_counter_stream	1000f080	READ
10001b80	read_press_counter_stream	Stack[-0x8]	WRITE
10001b88	read_press_counter_stream	Stack[-0x89]	DATA
10001b90	read_press_counter_stream	Stack[-0x8c]	WRITE
10001b97	read_press_counter_stream	Stack[-0x8a]	WRITE
10001b9e	read_press_counter_stream	10008ac0	UNCONDITIONAL_CALL
10001baf	read_press_counter_stream	Stack[-0x8c]	DATA
10001bba	read_press_counter_stream	10001bcb	CONDITIONAL_JUMP
10001bbd	read_press_counter_stream	Stack[-0x8]	READ
10001bc2	read_press_counter_stream	10004bba	UNCONDITIONAL_CALL
10001bd4	read_press_counter_stream	Stack[-0x90]	DATA
10001bdb	read_press_counter_stream	Stack[-0x90]	WRITE
10001bea	read_press_counter_stream	Stack[-0x48]	DATA
10001bf2	read_press_counter_stream	10001c38	CONDITIONAL_JUMP
10001bf4	read_press_counter_stream	Stack[-0x47]	READ
10001bf9	read_press_counter_stream	10001c4a	CONDITIONAL_JUMP
10001bfd	read_press_counter_stream	10001c1a	CONDITIONAL_JUMP
10001bff	read_press_counter_stream	Stack[-0x46]	READ
10001c04	read_press_counter_stream	Stack[-0x45]	DATA
10001c10	read_press_counter_stream	10008d20	UNCONDITIONAL_CALL
10001c27	read_press_counter_stream	Stack[-0x90]	DATA
10001c2e	read_press_counter_stream	Stack[-0x48]	DATA
10001c36	read_press_counter_stream	10001bf4	CONDITIONAL_JUMP
10001c3c	read_press_counter_stream	Stack[-0x8]	READ
10001c41	read_press_counter_stream	10004bba	UNCONDITIONAL_CALL
10001c4a	read_press_counter_stream	Stack[-0x8]	READ
10001c53	read_press_counter_stream	10004bba	UNCONDITIONAL_CALL
10001c79	~CKB75HWI	10001c89	CONDITIONAL_JUMP
10001c7b	~CKB75HWI	10001490	UNCONDITIONAL_CALL
10001c81	~CKB75HWI	10004d04	UNCONDITIONAL_CALL
10001c8d	~CKB75HWI	10001cac	CONDITIONAL_JUMP
10001c92	~CKB75HWI	1000d4e0	DATA
10001c9a	~CKB75HWI	10001ca3	CONDITIONAL_JUMP
10001c9d	~CKB75HWI	1000b01c	READ
10001c9d	~CKB75HWI	EXTERNAL:0000000b	COMPUTED_CALL
10001ca4	~CKB75HWI	10004d04	UNCONDITIONAL_CALL
10001cc6	__createDev	10001ccc	CONDITIONAL_JUMP
10001ccc	__createDev	10002530	UNCONDITIONAL_CALL
10001cd3	__createDev	1000b010	READ
10001cd3	__createDev	EXTERNAL:00000008	COMPUTED_CALL
10001cdc	__createDev	10001d0c	CONDITIONAL_JUMP
10001ce4	__createDev	10005071	UNCONDITIONAL_CALL
10001cf0	__createDev	10001d06	CONDITIONAL_JUMP
10001cf4	__createDev	10001450	UNCONDITIONAL_CALL
10001d2a	__closeDev	10001d3a	CONDITIONAL_JUMP
10001d2c	__closeDev	10001490	UNCONDITIONAL_CALL
10001d32	__closeDev	10004d04	UNCONDITIONAL_CALL
10001d3e	__closeDev	10001d5d	CONDITIONAL_JUMP
10001d43	__closeDev	1000d4e0	DATA
10001d4b	__closeDev	10001d54	CONDITIONAL_JUMP
10001d4e	__closeDev	1000b01c	READ
10001d4e	__closeDev	EXTERNAL:0000000b	COMPUTED_CALL
10001d55	__closeDev	10004d04	UNCONDITIONAL_CALL
10001d80	getHardwareVersion	1000b010	READ
10001d80	getHardwareVersion	EXTERNAL:00000008	COMPUTED_CALL
10001d97	setKeyConfiguration	Stack[0x4]	READ
10001d9c	setKeyConfiguration	Stack[0xc]	READ
10001da6	setKeyConfiguration	Stack[-0x8]	WRITE
10001da9	setKeyConfiguration	Stack[0x4]	WRITE
10001dac	setKeyConfiguration	10001f64	CONDITIONAL_JUMP
10001db3	setKeyConfiguration	10001ebc	CONDITIONAL_JUMP
10001dba	setKeyConfiguration	10002027	CONDITIONAL_JUMP
10001dc2	setKeyConfiguration	10005071	UNCONDITIONAL_CALL
10001dcc	setKeyConfiguration	10001df1	CONDITIONAL_JUMP
10001dce	setKeyConfiguration	Stack[0x8]	READ
10001dd7	setKeyConfiguration	1000d4ec	DATA
10001df7	setKeyConfiguration	10001e11	CONDITIONAL_JUMP
10001dfa	setKeyConfiguration	10001e08	CONDITIONAL_JUMP
10001dfd	setKeyConfiguration	10001e18	CONDITIONAL_JUMP
10001e06	setKeyConfiguration	10001e18	UNCONDITIONAL_JUMP
10001e0f	setKeyConfiguration	10001e18	UNCONDITIONAL_JUMP
10001e2f	setKeyConfiguration	10004330	UNCONDITIONAL_CALL
10001e39	setKeyConfiguration	10001e52	CONDITIONAL_JUMP
10001e3e	setKeyConfiguration	10001e7e	CONDITIONAL_JUMP
10001e4e	setKeyConfiguration	10001e40	CONDITIONAL_JUMP
10001e50	setKeyConfiguration	10001e7e	UNCONDITIONAL_JUMP
10001e55	setKeyConfiguration	10001e7e	CONDITIONAL_JUMP
10001e5c	setKeyConfiguration	10001e7e	CONDITIONAL_JUMP
10001e79	setKeyConfiguration	10001e61	CONDITIONAL_JUMP
10001e7b	setKeyConfiguration	Stack[0x4]	READ
10001e7e	setKeyConfiguration	Stack[-0x8]	READ
10001e81	setKeyConfiguration	Stack[0x8]	READ
10001ea0	setKeyConfiguration	10001eab	CONDITIONAL_JUMP
10001ea3	setKeyConfiguration	10004d04	UNCONDITIONAL_CALL
10001ebe	setKeyConfiguration	10005071	UNCONDITIONAL_CALL
10001ec8	setKeyConfiguration	10001eee	CONDITIONAL_JUMP
10001eca	setKeyConfiguration	Stack[0x8]	READ
10001ed3	setKeyConfiguration	1000d098	DATA
10001ee9	setKeyConfiguration	Stack[0xc]	WRITE
10001eec	setKeyConfiguration	10001ef3	UNCONDITIONAL_JUMP
10001eee	setKeyConfiguration	Stack[0xc]	WRITE
10001f07	setKeyConfiguration	Stack[-0x14]	WRITE
10001f0a	setKeyConfiguration	Stack[-0x10]	WRITE
10001f0f	setKeyConfiguration	10001f36	CONDITIONAL_JUMP
10001f1f	setKeyConfiguration	Stack[-0xc]	WRITE
10001f22	setKeyConfiguration	10004d10	UNCONDITIONAL_CALL
10001f27	setKeyConfiguration	Stack[-0xc]	READ
10001f2a	setKeyConfiguration	Stack[-0x14]	READ
10001f30	setKeyConfiguration	Stack[-0x10]	READ
10001f38	setKeyConfiguration	10001160	UNCONDITIONAL_CALL
10001f42	setKeyConfiguration	10001ff1	CONDITIONAL_JUMP
10001f48	setKeyConfiguration	10001f50	UNCONDITIONAL_JUMP
10001f5d	setKeyConfiguration	10001f50	CONDITIONAL_JUMP
10001f5f	setKeyConfiguration	10001ff1	UNCONDITIONAL_JUMP
10001f66	setKeyConfiguration	10005071	UNCONDITIONAL_CALL
10001f70	setKeyConfiguration	10001f92	CONDITIONAL_JUMP
10001f72	setKeyConfiguration	Stack[0x8]	READ
10001f7b	setKeyConfiguration	1000d4f8	DATA
10001f8d	setKeyConfiguration	Stack[0xc]	WRITE
10001f90	setKeyConfiguration	10001f97	UNCONDITIONAL_JUMP
10001f92	setKeyConfiguration	Stack[0xc]	WRITE
10001fa5	setKeyConfiguration	Stack[-0xc]	WRITE
10001fa8	setKeyConfiguration	Stack[-0x14]	WRITE
10001fad	setKeyConfiguration	10001fd4	CONDITIONAL_JUMP
10001fbd	setKeyConfiguration	Stack[-0x10]	WRITE
10001fc0	setKeyConfiguration	10004d10	UNCONDITIONAL_CALL
10001fc5	setKeyConfiguration	Stack[-0x14]	READ
10001fc8	setKeyConfiguration	Stack[-0xc]	READ
10001fce	setKeyConfiguration	Stack[-0x10]	READ
10001fd6	setKeyConfiguration	10001160	UNCONDITIONAL_CALL
10001fe0	setKeyConfiguration	10001ff1	CONDITIONAL_JUMP
10001fef	setKeyConfiguration	10001fe2	CONDITIONAL_JUMP
10001ff1	setKeyConfiguration	Stack[-0x8]	READ
10001ff4	setKeyConfiguration	Stack[0x8]	READ
10002013	setKeyConfiguration	1000201e	CONDITIONAL_JUMP
10002016	setKeyConfiguration	10004d04	UNCONDITIONAL_CALL
10002021	setKeyConfiguration	Stack[0xc]	READ
10002049	setKeyboardLightArea	1000f080	READ
10002050	setKeyboardLightArea	Stack[-0x8]	WRITE
10002054	setKeyboardLightArea	Stack[0x4]	READ
1000205c	setKeyboardLightArea	Stack[-0x11c]	DATA
10002063	setKeyboardLightArea	Stack[-0x113]	DATA
10002070	setKeyboardLightArea	10002060	CONDITIONAL_JUMP
1000207d	setKeyboardLightArea	Stack[-0x114]	DATA
1000208c	setKeyboardLightArea	Stack[-0x49]	DATA
10002092	setKeyboardLightArea	Stack[-0x4c]	WRITE
10002098	setKeyboardLightArea	Stack[-0x4a]	WRITE
1000209c	setKeyboardLightArea	10008ac0	UNCONDITIONAL_CALL
100020ad	setKeyboardLightArea	Stack[-0x4c]	DATA
100020b5	setKeyboardLightArea	1000214b	CONDITIONAL_JUMP
100020ca	setKeyboardLightArea	100020d1	CONDITIONAL_JUMP
100020d3	setKeyboardLightArea	Stack[-0x4c]	DATA
100020d9	setKeyboardLightArea	10008ac0	UNCONDITIONAL_CALL
100020e9	setKeyboardLightArea	Stack[-0x49]	WRITE
100020ed	setKeyboardLightArea	Stack[-0x48]	DATA
100020f1	setKeyboardLightArea	Stack[-0x4c]	WRITE
100020f7	setKeyboardLightArea	Stack[-0x4a]	WRITE
100020fb	setKeyboardLightArea	10008d20	UNCONDITIONAL_CALL
1000210c	setKeyboardLightArea	Stack[-0x4c]	DATA
10002118	setKeyboardLightArea	1000214a	CONDITIONAL_JUMP
10002120	setKeyboardLightArea	100020c0	CONDITIONAL_JUMP
10002124	setKeyboardLightArea	Stack[-0x4c]	DATA
1000212d	setKeyboardLightArea	10008ac0	UNCONDITIONAL_CALL
10002138	setKeyboardLightArea	Stack[-0x4c]	WRITE
10002142	setKeyboardLightArea	Stack[-0x4c]	DATA
1000214b	setKeyboardLightArea	Stack[-0x8]	READ
10002154	setKeyboardLightArea	10004bba	UNCONDITIONAL_CALL
10002163	getKeyConfiguration	Stack[0x4]	READ
1000216d	getKeyConfiguration	Stack[0x8]	READ
10002181	getKeyConfiguration	10002191	CONDITIONAL_JUMP
10002183	getKeyConfiguration	Stack[0xc]	READ
10002197	getKeyConfiguration	100022b8	CONDITIONAL_JUMP
1000219f	getKeyConfiguration	100021a6	COMPUTED_JUMP
1000219f	getKeyConfiguration	100021d8	COMPUTED_JUMP
1000219f	getKeyConfiguration	10002218	COMPUTED_JUMP
1000219f	getKeyConfiguration	100022c0	DATA
100021a6	getKeyConfiguration	Stack[0xc]	READ
100021b5	getKeyConfiguration	100022b6	CONDITIONAL_JUMP
100021bb	getKeyConfiguration	100021c0	UNCONDITIONAL_JUMP
100021ce	getKeyConfiguration	100021c0	CONDITIONAL_JUMP
100021d8	getKeyConfiguration	Stack[0xc]	READ
100021f1	getKeyConfiguration	100022b6	CONDITIONAL_JUMP
100021f7	getKeyConfiguration	10002200	UNCONDITIONAL_JUMP
1000220e	getKeyConfiguration	10002200	CONDITIONAL_JUMP
10002218	getKeyConfiguration	Stack[0xc]	READ
10002227	getKeyConfiguration	10002241	CONDITIONAL_JUMP
1000222a	getKeyConfiguration	10002238	CONDITIONAL_JUMP
1000222d	getKeyConfiguration	10002244	CONDITIONAL_JUMP
10002236	getKeyConfiguration	10002244	UNCONDITIONAL_JUMP
1000223f	getKeyConfiguration	10002244	UNCONDITIONAL_JUMP
10002261	getKeyConfiguration	10002288	CONDITIONAL_JUMP
10002265	getKeyConfiguration	100022b6	CONDITIONAL_JUMP
10002267	getKeyConfiguration	10002270	UNCONDITIONAL_JUMP
1000227e	getKeyConfiguration	10002270	CONDITIONAL_JUMP
1000228b	getKeyConfiguration	100022b6	CONDITIONAL_JUMP
1000228f	getKeyConfiguration	100022b6	CONDITIONAL_JUMP
100022a3	getKeyConfiguration	100022ad	CONDITIONAL_JUMP
100022b4	getKeyConfiguration	10002294	CONDITIONAL_JUMP
100022e9	getKeyboardLightArea	1000f080	READ
100022f0	getKeyboardLightArea	Stack[-0x8]	WRITE
100022f3	getKeyboardLightArea	Stack[0x4]	READ
10002303	getKeyboardLightArea	Stack[-0xd0]	DATA
10002311	getKeyboardLightArea	Stack[-0xcf]	DATA
10002322	getKeyboardLightArea	10002311	CONDITIONAL_JUMP
10002324	getKeyboardLightArea	Stack[-0x8]	READ
1000232b	getKeyboardLightArea	10004bba	UNCONDITIONAL_CALL
1000234f	prepare	1000235a	CONDITIONAL_JUMP
10002352	prepare	10004d04	UNCONDITIONAL_CALL
1000236d	prepare	10002347	CONDITIONAL_JUMP
10002387	writeKeyConfigurationToDev	10001860	UNCONDITIONAL_CALL
10002397	readKeyDefinationFromDev	100014d0	UNCONDITIONAL_CALL
100023a4	readKeyLightFromDev	10001a80	UNCONDITIONAL_CALL
100023b3	WriteFirmwareToKeyboard	Stack[0x8]	READ
100023b8	WriteFirmwareToKeyboard	Stack[0x4]	READ
100023bd	WriteFirmwareToKeyboard	Stack[0xc]	READ
100023c0	WriteFirmwareToKeyboard	100039b0	UNCONDITIONAL_CALL
100023e0	DetectDevice	10002a50	UNCONDITIONAL_CALL
100023fa	getPressCounterFromDev	10001b70	UNCONDITIONAL_CALL
10002402	getPressCounterFromDev	Stack[0x4]	READ
10002420	DetectDeviceType	10002f40	UNCONDITIONAL_CALL
10002430	DetectDeviceForMac	10003550	UNCONDITIONAL_CALL
10002450	FUN_10002440	1000d4e0	DATA
10002456	FUN_10002440	1000b018	READ
10002456	FUN_10002440	EXTERNAL:0000000a	COMPUTED_CALL
1000245f	FUN_10002440	1000d4c4	DATA
10002479	FUN_10002470	1000f080	READ
10002480	FUN_10002470	Stack[-0x8]	WRITE
10002485	FUN_10002470	Stack[0x4]	READ
1000248a	FUN_10002470	Stack[-0x49]	DATA
10002492	FUN_10002470	Stack[-0x4c]	WRITE
10002498	FUN_10002470	Stack[-0x4a]	WRITE
1000249c	FUN_10002470	10008ac0	UNCONDITIONAL_CALL
100024aa	FUN_10002470	Stack[-0x4c]	DATA
100024b4	FUN_10002470	100024ca	CONDITIONAL_JUMP
100024ba	FUN_10002470	Stack[-0x8]	READ
100024bf	FUN_10002470	10004bba	UNCONDITIONAL_CALL
100024d4	FUN_10002470	Stack[-0x90]	DATA
100024db	FUN_10002470	Stack[-0x8c]	DATA
100024e4	FUN_10002470	Stack[-0x90]	WRITE
100024f2	FUN_10002470	100024b6	CONDITIONAL_JUMP
100024f4	FUN_10002470	Stack[-0x90]	READ
10002500	FUN_10002470	Stack[-0x8a]	DATA
1000250b	FUN_10002470	1000b014	READ
1000250b	FUN_10002470	EXTERNAL:00000009	COMPUTED_CALL
10002511	FUN_10002470	Stack[-0x8]	READ
1000251a	FUN_10002470	10004bba	UNCONDITIONAL_CALL
10002538	FUN_10002530	1000af22	DATA
1000253d	FUN_10002530	ffdff000	READ
1000254a	FUN_10002530	1000f080	READ
10002551	FUN_10002530	Stack[-0x1c]	WRITE
1000255b	FUN_10002530	1000f080	READ
10002563	FUN_10002530	Stack[-0x14]	DATA
1000256a	FUN_10002530	ffdff000	WRITE
10002570	FUN_10002530	Stack[-0x64]	DATA
1000257a	FUN_10002530	Stack[-0x11c]	WRITE
1000257e	FUN_10002530	1000b000	READ
1000257e	FUN_10002530	EXTERNAL:00000005	COMPUTED_CALL
10002590	FUN_10002530	1000b104	READ
10002590	FUN_10002530	EXTERNAL:00000004	COMPUTED_CALL
1000259f	FUN_10002530	100029d4	CONDITIONAL_JUMP
100025be	FUN_10002530	1000b0f8	READ
100025be	FUN_10002530	EXTERNAL:00000001	COMPUTED_CALL
100025c7	FUN_10002530	100029d4	CONDITIONAL_JUMP
100025cd	FUN_10002530	100025d4	UNCONDITIONAL_JUMP
100025f7	FUN_10002530	1000b0fc	READ
100025f7	FUN_10002530	EXTERNAL:00000002	COMPUTED_CALL
10002600	FUN_10002530	100029d4	CONDITIONAL_JUMP
10002606	FUN_10002530	1000b100	READ
10002620	FUN_10002530	EXTERNAL:00000003	COMPUTED_CALL
10002627	FUN_10002530	1000517c	UNCONDITIONAL_CALL
1000264d	FUN_10002530	EXTERNAL:00000003	COMPUTED_CALL
10002652	FUN_10002530	100029d8	CONDITIONAL_JUMP
1000267e	FUN_10002530	10002675	CONDITIONAL_JUMP
10002689	FUN_10002530	10003eb0	UNCONDITIONAL_CALL
10002690	FUN_10002530	1000d410	DATA
100026a1	FUN_10002530	10003d80	UNCONDITIONAL_CALL
100026aa	FUN_10002530	1000d41c	DATA
100026b4	FUN_10002530	10003d80	UNCONDITIONAL_CALL
100026bb	FUN_10002530	1000d428	DATA
100026c8	FUN_10002530	10003d80	UNCONDITIONAL_CALL
100026cf	FUN_10002530	10002842	CONDITIONAL_JUMP
100026e3	FUN_10002530	10003c70	UNCONDITIONAL_CALL
100026fc	FUN_10002530	100026fe	CONDITIONAL_JUMP
10002703	FUN_10002530	1000270a	CONDITIONAL_JUMP
10002712	FUN_10002530	10002718	CONDITIONAL_JUMP
10002716	FUN_10002530	1000271a	UNCONDITIONAL_JUMP
1000271a	FUN_10002530	1000d3f8	DATA
10002721	FUN_10002530	1000273d	CONDITIONAL_JUMP
10002726	FUN_10002530	1000d3f8	READ
10002726	FUN_10002530	1000d3fa	READ
10002729	FUN_10002530	1000282c	CONDITIONAL_JUMP
10002736	FUN_10002530	10002723	CONDITIONAL_JUMP
10002740	FUN_10002530	10002847	CONDITIONAL_JUMP
10002750	FUN_10002530	10002847	CONDITIONAL_JUMP
10002760	FUN_10002530	10003c70	UNCONDITIONAL_CALL
1000277d	FUN_10002530	1000d3ec	DATA
10002782	FUN_10002530	10003e40	UNCONDITIONAL_CALL
10002789	FUN_10002530	10002823	CONDITIONAL_JUMP
10002799	FUN_10002530	10003c70	UNCONDITIONAL_CALL
100027b2	FUN_10002530	1000d434	DATA
100027b7	FUN_10002530	10003e40	UNCONDITIONAL_CALL
100027be	FUN_10002530	10002823	CONDITIONAL_JUMP
100027cd	FUN_10002530	10003c70	UNCONDITIONAL_CALL
100027e3	FUN_10002530	1000d440	DATA
100027e8	FUN_10002530	10003e40	UNCONDITIONAL_CALL
100027ef	FUN_10002530	10002823	CONDITIONAL_JUMP
100027fb	FUN_10002530	10003c70	UNCONDITIONAL_CALL
10002815	FUN_10002530	1000d44c	DATA
1000281a	FUN_10002530	10003e40	UNCONDITIONAL_CALL
10002821	FUN_10002530	10002842	CONDITIONAL_JUMP
1000282a	FUN_10002530	10002849	UNCONDITIONAL_JUMP
10002832	FUN_10002530	10002738	CONDITIONAL_JUMP
1000283d	FUN_10002530	1000274e	UNCONDITIONAL_JUMP
1000284e	FUN_10002530	10002882	CONDITIONAL_JUMP
10002859	FUN_10002530	10002868	CONDITIONAL_JUMP
10002860	FUN_10002530	10004d04	UNCONDITIONAL_CALL
10002880	FUN_10002530	10002887	UNCONDITIONAL_JUMP
1000288c	FUN_10002530	100028c8	CONDITIONAL_JUMP
1000289a	FUN_10002530	100028ac	CONDITIONAL_JUMP
100028a4	FUN_10002530	10004d04	UNCONDITIONAL_CALL
100028cd	FUN_10002530	10002903	CONDITIONAL_JUMP
100028db	FUN_10002530	100028ea	CONDITIONAL_JUMP
100028e2	FUN_10002530	10004d04	UNCONDITIONAL_CALL
10002908	FUN_10002530	10002935	CONDITIONAL_JUMP
10002913	FUN_10002530	10002922	CONDITIONAL_JUMP
1000291a	FUN_10002530	10004d04	UNCONDITIONAL_CALL
10002945	FUN_10002530	10002981	CONDITIONAL_JUMP
10002953	FUN_10002530	10002965	CONDITIONAL_JUMP
1000295d	FUN_10002530	10004d04	UNCONDITIONAL_CALL
10002983	FUN_10002530	100029e5	CONDITIONAL_JUMP
10002994	FUN_10002530	100029a3	CONDITIONAL_JUMP
1000299b	FUN_10002530	10004d04	UNCONDITIONAL_CALL
100029c5	FUN_10002530	1000b0f8	READ
100029c5	FUN_10002530	EXTERNAL:00000001	COMPUTED_CALL
100029ce	FUN_10002530	100025d0	CONDITIONAL_JUMP
100029d6	FUN_10002530	10002a28	UNCONDITIONAL_JUMP
100029d9	FUN_10002530	10005142	UNCONDITIONAL_CALL
100029e3	FUN_10002530	10002a28	UNCONDITIONAL_JUMP
100029e7	FUN_10002530	10005071	UNCONDITIONAL_CALL
100029f3	FUN_10002530	10002a11	CONDITIONAL_JUMP
100029fd	FUN_10002530	10002a03	CONDITIONAL_JUMP
10002a03	FUN_10002530	10002440	UNCONDITIONAL_CALL
10002a0f	FUN_10002530	10002a13	UNCONDITIONAL_JUMP
10002a17	FUN_10002530	10002a26	CONDITIONAL_JUMP
10002a1e	FUN_10002530	10004d04	UNCONDITIONAL_CALL
10002a2f	FUN_10002530	ffdff000	WRITE
10002a43	FUN_10002530	10004bba	UNCONDITIONAL_CALL
10002a58	FUN_10002a50	1000af22	DATA
10002a5d	FUN_10002a50	ffdff000	READ
10002a6a	FUN_10002a50	1000f080	READ
10002a71	FUN_10002a50	Stack[-0x1c]	WRITE
10002a7b	FUN_10002a50	1000f080	READ
10002a83	FUN_10002a50	Stack[-0x14]	DATA
10002a8a	FUN_10002a50	ffdff000	WRITE
10002a90	FUN_10002a50	Stack[-0x64]	DATA
10002a9a	FUN_10002a50	Stack[-0x11c]	WRITE
10002a9e	FUN_10002a50	1000b000	READ
10002a9e	FUN_10002a50	EXTERNAL:00000005	COMPUTED_CALL
10002ab0	FUN_10002a50	1000b104	READ
10002ab0	FUN_10002a50	EXTERNAL:00000004	COMPUTED_CALL
10002abf	FUN_10002a50	10002ef4	CONDITIONAL_JUMP
10002ade	FUN_10002a50	1000b0f8	READ
10002ade	FUN_10002a50	EXTERNAL:00000001	COMPUTED_CALL
10002ae7	FUN_10002a50	10002ef4	CONDITIONAL_JUMP
10002aed	FUN_10002a50	10002af4	UNCONDITIONAL_JUMP
10002b17	FUN_10002a50	1000b0fc	READ
10002b17	FUN_10002a50	EXTERNAL:00000002	COMPUTED_CALL
10002b20	FUN_10002a50	10002ef4	CONDITIONAL_JUMP
10002b26	FUN_10002a50	1000b100	READ
10002b40	FUN_10002a50	EXTERNAL:00000003	COMPUTED_CALL
10002b47	FUN_10002a50	1000517c	UNCONDITIONAL_CALL
10002b6d	FUN_10002a50	EXTERNAL:00000003	COMPUTED_CALL
10002b72	FUN_10002a50	10002ef8	CONDITIONAL_JUMP
10002b9e	FUN_10002a50	10002b95	CONDITIONAL_JUMP
10002ba9	FUN_10002a50	10003eb0	UNCONDITIONAL_CALL
10002bb0	FUN_10002a50	1000d410	DATA
10002bc1	FUN_10002a50	10003d80	UNCONDITIONAL_CALL
10002bca	FUN_10002a50	1000d41c	DATA
10002bd4	FUN_10002a50	10003d80	UNCONDITIONAL_CALL
10002bdb	FUN_10002a50	1000d428	DATA
10002be8	FUN_10002a50	10003d80	UNCONDITIONAL_CALL
10002bef	FUN_10002a50	10002d62	CONDITIONAL_JUMP
10002c03	FUN_10002a50	10003c70	UNCONDITIONAL_CALL
10002c1c	FUN_10002a50	10002c1e	CONDITIONAL_JUMP
10002c23	FUN_10002a50	10002c2a	CONDITIONAL_JUMP
10002c32	FUN_10002a50	10002c38	CONDITIONAL_JUMP
10002c36	FUN_10002a50	10002c3a	UNCONDITIONAL_JUMP
10002c3a	FUN_10002a50	1000d3f8	DATA
10002c41	FUN_10002a50	10002c5d	CONDITIONAL_JUMP
10002c46	FUN_10002a50	1000d3f8	READ
10002c46	FUN_10002a50	1000d3fa	READ
10002c49	FUN_10002a50	10002d4c	CONDITIONAL_JUMP
10002c56	FUN_10002a50	10002c43	CONDITIONAL_JUMP
10002c60	FUN_10002a50	10002d67	CONDITIONAL_JUMP
10002c70	FUN_10002a50	10002d67	CONDITIONAL_JUMP
10002c80	FUN_10002a50	10003c70	UNCONDITIONAL_CALL
10002c9d	FUN_10002a50	1000d3ec	DATA
10002ca2	FUN_10002a50	10003e40	UNCONDITIONAL_CALL
10002ca9	FUN_10002a50	10002d43	CONDITIONAL_JUMP
10002cb9	FUN_10002a50	10003c70	UNCONDITIONAL_CALL
10002cd2	FUN_10002a50	1000d434	DATA
10002cd7	FUN_10002a50	10003e40	UNCONDITIONAL_CALL
10002cde	FUN_10002a50	10002d43	CONDITIONAL_JUMP
10002ced	FUN_10002a50	10003c70	UNCONDITIONAL_CALL
10002d03	FUN_10002a50	1000d440	DATA
10002d08	FUN_10002a50	10003e40	UNCONDITIONAL_CALL
10002d0f	FUN_10002a50	10002d43	CONDITIONAL_JUMP
10002d1b	FUN_10002a50	10003c70	UNCONDITIONAL_CALL
10002d35	FUN_10002a50	1000d44c	DATA
10002d3a	FUN_10002a50	10003e40	UNCONDITIONAL_CALL
10002d41	FUN_10002a50	10002d62	CONDITIONAL_JUMP
10002d4a	FUN_10002a50	10002d69	UNCONDITIONAL_JUMP
10002d52	FUN_10002a50	10002c58	CONDITIONAL_JUMP
10002d5d	FUN_10002a50	10002c6e	UNCONDITIONAL_JUMP
10002d6e	FUN_10002a50	10002da2	CONDITIONAL_JUMP
10002d79	FUN_10002a50	10002d88	CONDITIONAL_JUMP
10002d80	FUN_10002a50	10004d04	UNCONDITIONAL_CALL
10002da0	FUN_10002a50	10002da7	UNCONDITIONAL_JUMP
10002dac	FUN_10002a50	10002de8	CONDITIONAL_JUMP
10002dba	FUN_10002a50	10002dcc	CONDITIONAL_JUMP
10002dc4	FUN_10002a50	10004d04	UNCONDITIONAL_CALL
10002ded	FUN_10002a50	10002e23	CONDITIONAL_JUMP
10002dfb	FUN_10002a50	10002e0a	CONDITIONAL_JUMP
10002e02	FUN_10002a50	10004d04	UNCONDITIONAL_CALL
10002e28	FUN_10002a50	10002e55	CONDITIONAL_JUMP
10002e33	FUN_10002a50	10002e42	CONDITIONAL_JUMP
10002e3a	FUN_10002a50	10004d04	UNCONDITIONAL_CALL
10002e65	FUN_10002a50	10002ea1	CONDITIONAL_JUMP
10002e73	FUN_10002a50	10002e85	CONDITIONAL_JUMP
10002e7d	FUN_10002a50	10004d04	UNCONDITIONAL_CALL
10002ea3	FUN_10002a50	10002f05	CONDITIONAL_JUMP
10002eb4	FUN_10002a50	10002ec3	CONDITIONAL_JUMP
10002ebb	FUN_10002a50	10004d04	UNCONDITIONAL_CALL
10002ee5	FUN_10002a50	1000b0f8	READ
10002ee5	FUN_10002a50	EXTERNAL:00000001	COMPUTED_CALL
10002eee	FUN_10002a50	10002af0	CONDITIONAL_JUMP
10002ef6	FUN_10002a50	10002f1a	UNCONDITIONAL_JUMP
10002ef9	FUN_10002a50	10005142	UNCONDITIONAL_CALL
10002f03	FUN_10002a50	10002f1a	UNCONDITIONAL_JUMP
10002f09	FUN_10002a50	10002f18	CONDITIONAL_JUMP
10002f10	FUN_10002a50	10004d04	UNCONDITIONAL_CALL
10002f21	FUN_10002a50	ffdff000	WRITE
10002f35	FUN_10002a50	10004bba	UNCONDITIONAL_CALL
10002f48	FUN_10002f40	1000ae3e	DATA
10002f4d	FUN_10002f40	ffdff000	READ
10002f5a	FUN_10002f40	1000f080	READ
10002f61	FUN_10002f40	Stack[-0x1c]	WRITE
10002f6b	FUN_10002f40	1000f080	READ
10002f73	FUN_10002f40	Stack[-0x14]	DATA
10002f7a	FUN_10002f40	ffdff000	WRITE
10002f80	FUN_10002f40	Stack[-0x64]	DATA
10002f8a	FUN_10002f40	Stack[-0x11c]	WRITE
10002f8e	FUN_10002f40	1000b000	READ
10002f8e	FUN_10002f40	EXTERNAL:00000005	COMPUTED_CALL
10002fa0	FUN_10002f40	1000b104	READ
10002fa0	FUN_10002f40	EXTERNAL:00000004	COMPUTED_CALL
10002faf	FUN_10002f40	10002fd5	CONDITIONAL_JUMP
10002fca	FUN_10002f40	1000b0f8	READ
10002fca	FUN_10002f40	EXTERNAL:00000001	COMPUTED_CALL
10002fd3	FUN_10002f40	10003004	CONDITIONAL_JUMP
10002fde	FUN_10002f40	ffdff000	WRITE
10002ff2	FUN_10002f40	10004bba	UNCONDITIONAL_CALL
10003026	FUN_10002f40	1000b0fc	READ
10003026	FUN_10002f40	EXTERNAL:00000002	COMPUTED_CALL
1000302f	FUN_10002f40	10002fd5	CONDITIONAL_JUMP
10003031	FUN_10002f40	1000b100	READ
10003048	FUN_10002f40	EXTERNAL:00000003	COMPUTED_CALL
1000304f	FUN_10002f40	1000517c	UNCONDITIONAL_CALL
10003078	FUN_10002f40	EXTERNAL:00000003	COMPUTED_CALL
1000307d	FUN_10002f40	100033d7	CONDITIONAL_JUMP
100030a9	FUN_10002f40	100030a0	CONDITIONAL_JUMP
100030b4	FUN_10002f40	10003eb0	UNCONDITIONAL_CALL
100030bb	FUN_10002f40	1000d410	DATA
100030cc	FUN_10002f40	10003d80	UNCONDITIONAL_CALL
100030d5	FUN_10002f40	1000d41c	DATA
100030df	FUN_10002f40	10003d80	UNCONDITIONAL_CALL
100030e6	FUN_10002f40	1000d428	DATA
100030f3	FUN_10002f40	10003d80	UNCONDITIONAL_CALL
100030fa	FUN_10002f40	10003260	CONDITIONAL_JUMP
1000310b	FUN_10002f40	10003c70	UNCONDITIONAL_CALL
10003124	FUN_10002f40	10003126	CONDITIONAL_JUMP
1000312b	FUN_10002f40	10003132	CONDITIONAL_JUMP
10003136	FUN_10002f40	1000313c	CONDITIONAL_JUMP
1000313a	FUN_10002f40	1000313e	UNCONDITIONAL_JUMP
1000313e	FUN_10002f40	1000d3f8	DATA
10003145	FUN_10002f40	1000316c	CONDITIONAL_JUMP
1000314a	FUN_10002f40	1000d3f8	READ
1000314a	FUN_10002f40	1000d3fa	READ
1000314d	FUN_10002f40	1000315c	CONDITIONAL_JUMP
10003156	FUN_10002f40	10003147	CONDITIONAL_JUMP
1000315a	FUN_10002f40	1000316c	UNCONDITIONAL_JUMP
10003166	FUN_10002f40	10003260	CONDITIONAL_JUMP
1000316f	FUN_10002f40	10003260	CONDITIONAL_JUMP
1000317f	FUN_10002f40	10003260	CONDITIONAL_JUMP
1000318f	FUN_10002f40	10003c70	UNCONDITIONAL_CALL
100031ac	FUN_10002f40	1000d3ec	DATA
100031b1	FUN_10002f40	10003e40	UNCONDITIONAL_CALL
100031b8	FUN_10002f40	10003255	CONDITIONAL_JUMP
100031c8	FUN_10002f40	10003c70	UNCONDITIONAL_CALL
100031e1	FUN_10002f40	1000d434	DATA
100031e6	FUN_10002f40	10003e40	UNCONDITIONAL_CALL
100031ed	FUN_10002f40	10003255	CONDITIONAL_JUMP
100031fc	FUN_10002f40	10003c70	UNCONDITIONAL_CALL
10003212	FUN_10002f40	1000d440	DATA
10003217	FUN_10002f40	10003e40	UNCONDITIONAL_CALL
1000321e	FUN_10002f40	10003255	CONDITIONAL_JUMP
1000322d	FUN_10002f40	10003c70	UNCONDITIONAL_CALL
10003247	FUN_10002f40	1000d44c	DATA
1000324c	FUN_10002f40	10003e40	UNCONDITIONAL_CALL
10003253	FUN_10002f40	1000325e	CONDITIONAL_JUMP
1000325c	FUN_10002f40	10003265	UNCONDITIONAL_JUMP
1000326a	FUN_10002f40	100032aa	CONDITIONAL_JUMP
10003279	FUN_10002f40	1000328b	CONDITIONAL_JUMP
10003283	FUN_10002f40	10004d04	UNCONDITIONAL_CALL
100032a8	FUN_10002f40	100032af	UNCONDITIONAL_JUMP
100032b4	FUN_10002f40	100032ed	CONDITIONAL_JUMP
100032c3	FUN_10002f40	100032d5	CONDITIONAL_JUMP
100032cd	FUN_10002f40	10004d04	UNCONDITIONAL_CALL
100032f2	FUN_10002f40	1000331c	CONDITIONAL_JUMP
100032fe	FUN_10002f40	1000330d	CONDITIONAL_JUMP
10003305	FUN_10002f40	10004d04	UNCONDITIONAL_CALL
10003321	FUN_10002f40	10003354	CONDITIONAL_JUMP
10003330	FUN_10002f40	1000333f	CONDITIONAL_JUMP
10003337	FUN_10002f40	10004d04	UNCONDITIONAL_CALL
10003360	FUN_10002f40	1000337b	CONDITIONAL_JUMP
1000336c	FUN_10002f40	1000337b	CONDITIONAL_JUMP
10003373	FUN_10002f40	10004d04	UNCONDITIONAL_CALL
10003380	FUN_10002f40	100033e5	CONDITIONAL_JUMP
10003392	FUN_10002f40	100033a1	CONDITIONAL_JUMP
10003399	FUN_10002f40	10004d04	UNCONDITIONAL_CALL
100033c3	FUN_10002f40	1000b0f8	READ
100033c3	FUN_10002f40	EXTERNAL:00000001	COMPUTED_CALL
100033cc	FUN_10002f40	10003000	CONDITIONAL_JUMP
100033d2	FUN_10002f40	10002fd5	UNCONDITIONAL_JUMP
100033d8	FUN_10002f40	10005142	UNCONDITIONAL_CALL
100033e0	FUN_10002f40	10002fd5	UNCONDITIONAL_JUMP
100033ef	FUN_10002f40	10003c70	UNCONDITIONAL_CALL
10003401	FUN_10002f40	1000d3ec	DATA
1000340b	FUN_10002f40	10003e40	UNCONDITIONAL_CALL
10003424	FUN_10002f40	10003433	CONDITIONAL_JUMP
1000342b	FUN_10002f40	10004d04	UNCONDITIONAL_CALL
10003438	FUN_10002f40	1000344d	CONDITIONAL_JUMP
1000343e	FUN_10002f40	10003c40	UNCONDITIONAL_CALL
10003448	FUN_10002f40	10002fd7	UNCONDITIONAL_JUMP
10003457	FUN_10002f40	10003c70	UNCONDITIONAL_CALL
10003469	FUN_10002f40	1000d434	DATA
10003473	FUN_10002f40	10003e40	UNCONDITIONAL_CALL
1000348b	FUN_10002f40	10003c40	UNCONDITIONAL_CALL
10003495	FUN_10002f40	100034a8	CONDITIONAL_JUMP
1000349b	FUN_10002f40	10003c40	UNCONDITIONAL_CALL
100034a3	FUN_10002f40	10002fd7	UNCONDITIONAL_JUMP
100034b2	FUN_10002f40	10003c70	UNCONDITIONAL_CALL
100034b7	FUN_10002f40	1000d440	DATA
100034c6	FUN_10002f40	10003ca0	UNCONDITIONAL_CALL
100034de	FUN_10002f40	10003c40	UNCONDITIONAL_CALL
100034e8	FUN_10002f40	100034fd	CONDITIONAL_JUMP
100034ee	FUN_10002f40	10003c40	UNCONDITIONAL_CALL
100034f8	FUN_10002f40	10002fd7	UNCONDITIONAL_JUMP
10003507	FUN_10002f40	10003c70	UNCONDITIONAL_CALL
1000350c	FUN_10002f40	1000d44c	DATA
1000351b	FUN_10002f40	10003ca0	UNCONDITIONAL_CALL
10003529	FUN_10002f40	10003c40	UNCONDITIONAL_CALL
10003532	FUN_10002f40	10003c40	UNCONDITIONAL_CALL
10003539	FUN_10002f40	10002fd5	CONDITIONAL_JUMP
10003544	FUN_10002f40	10002fd7	UNCONDITIONAL_JUMP
10003558	FUN_10003550	1000ad30	DATA
1000355d	FUN_10003550	ffdff000	READ
1000356a	FUN_10003550	1000f080	READ
10003571	FUN_10003550	Stack[-0x1c]	WRITE
1000357b	FUN_10003550	1000f080	READ
10003583	FUN_10003550	Stack[-0x14]	DATA
1000358a	FUN_10003550	ffdff000	WRITE
10003590	FUN_10003550	Stack[-0x64]	DATA
1000359a	FUN_10003550	Stack[-0x100]	WRITE
1000359e	FUN_10003550	1000b000	READ
1000359e	FUN_10003550	EXTERNAL:00000005	COMPUTED_CALL
100035b0	FUN_10003550	1000b104	READ
100035b0	FUN_10003550	EXTERNAL:00000004	COMPUTED_CALL
100035bf	FUN_10003550	1000395a	CONDITIONAL_JUMP
100035de	FUN_10003550	1000b0f8	READ
100035de	FUN_10003550	EXTERNAL:00000001	COMPUTED_CALL
100035e7	FUN_10003550	1000395a	CONDITIONAL_JUMP
100035ed	FUN_10003550	100035f4	UNCONDITIONAL_JUMP
10003616	FUN_10003550	1000b0fc	READ
10003616	FUN_10003550	EXTERNAL:00000002	COMPUTED_CALL
1000361f	FUN_10003550	1000395a	CONDITIONAL_JUMP
10003625	FUN_10003550	1000b100	READ
1000363c	FUN_10003550	EXTERNAL:00000003	COMPUTED_CALL
10003643	FUN_10003550	1000517c	UNCONDITIONAL_CALL
1000366c	FUN_10003550	EXTERNAL:00000003	COMPUTED_CALL
10003671	FUN_10003550	1000395e	CONDITIONAL_JUMP
1000369b	FUN_10003550	10003692	CONDITIONAL_JUMP
100036a6	FUN_10003550	10003eb0	UNCONDITIONAL_CALL
100036ad	FUN_10003550	1000d410	DATA
100036be	FUN_10003550	10003d80	UNCONDITIONAL_CALL
100036c7	FUN_10003550	1000d41c	DATA
100036d1	FUN_10003550	10003d80	UNCONDITIONAL_CALL
100036d8	FUN_10003550	1000d458	DATA
100036e5	FUN_10003550	10003d80	UNCONDITIONAL_CALL
100036ec	FUN_10003550	1000381d	CONDITIONAL_JUMP
100036fd	FUN_10003550	10003c70	UNCONDITIONAL_CALL
10003716	FUN_10003550	10003718	CONDITIONAL_JUMP
1000371d	FUN_10003550	10003724	CONDITIONAL_JUMP
10003728	FUN_10003550	1000372e	CONDITIONAL_JUMP
1000372c	FUN_10003550	10003730	UNCONDITIONAL_JUMP
10003730	FUN_10003550	1000d464	DATA
10003737	FUN_10003550	10003765	CONDITIONAL_JUMP
10003743	FUN_10003550	1000d464	READ
10003743	FUN_10003550	1000d466	READ
10003746	FUN_10003550	10003755	CONDITIONAL_JUMP
1000374f	FUN_10003550	10003740	CONDITIONAL_JUMP
10003753	FUN_10003550	10003765	UNCONDITIONAL_JUMP
1000375f	FUN_10003550	1000381d	CONDITIONAL_JUMP
10003768	FUN_10003550	1000381d	CONDITIONAL_JUMP
10003778	FUN_10003550	1000381d	CONDITIONAL_JUMP
10003788	FUN_10003550	10003c70	UNCONDITIONAL_CALL
100037a5	FUN_10003550	1000d470	DATA
100037aa	FUN_10003550	10003e40	UNCONDITIONAL_CALL
100037b1	FUN_10003550	10003815	CONDITIONAL_JUMP
100037bd	FUN_10003550	10003c70	UNCONDITIONAL_CALL
100037d6	FUN_10003550	1000d47c	DATA
100037db	FUN_10003550	10003e40	UNCONDITIONAL_CALL
100037e2	FUN_10003550	10003815	CONDITIONAL_JUMP
100037f1	FUN_10003550	10003c70	UNCONDITIONAL_CALL
10003807	FUN_10003550	1000d488	DATA
1000380c	FUN_10003550	10003e40	UNCONDITIONAL_CALL
10003813	FUN_10003550	1000381b	CONDITIONAL_JUMP
10003819	FUN_10003550	1000381f	UNCONDITIONAL_JUMP
10003824	FUN_10003550	10003864	CONDITIONAL_JUMP
10003833	FUN_10003550	10003845	CONDITIONAL_JUMP
1000383d	FUN_10003550	10004d04	UNCONDITIONAL_CALL
10003862	FUN_10003550	10003869	UNCONDITIONAL_JUMP
1000386e	FUN_10003550	10003898	CONDITIONAL_JUMP
1000387a	FUN_10003550	10003889	CONDITIONAL_JUMP
10003881	FUN_10003550	10004d04	UNCONDITIONAL_CALL
1000389d	FUN_10003550	100038c7	CONDITIONAL_JUMP
100038a9	FUN_10003550	100038b8	CONDITIONAL_JUMP
100038b0	FUN_10003550	10004d04	UNCONDITIONAL_CALL
100038d3	FUN_10003550	10003906	CONDITIONAL_JUMP
100038e2	FUN_10003550	100038f1	CONDITIONAL_JUMP
100038e9	FUN_10003550	10004d04	UNCONDITIONAL_CALL
10003908	FUN_10003550	1000396b	CONDITIONAL_JUMP
1000391a	FUN_10003550	10003929	CONDITIONAL_JUMP
10003921	FUN_10003550	10004d04	UNCONDITIONAL_CALL
1000394b	FUN_10003550	1000b0f8	READ
1000394b	FUN_10003550	EXTERNAL:00000001	COMPUTED_CALL
10003954	FUN_10003550	100035f0	CONDITIONAL_JUMP
1000395c	FUN_10003550	10003984	UNCONDITIONAL_JUMP
1000395f	FUN_10003550	10005142	UNCONDITIONAL_CALL
10003969	FUN_10003550	10003984	UNCONDITIONAL_JUMP
10003970	FUN_10003550	1000397f	CONDITIONAL_JUMP
10003977	FUN_10003550	10004d04	UNCONDITIONAL_CALL
1000398b	FUN_10003550	ffdff000	WRITE
1000399f	FUN_10003550	10004bba	UNCONDITIONAL_CALL
100039b9	send_firmware_text_records	1000f080	READ
100039c0	send_firmware_text_records	Stack[-0x8]	WRITE
100039c3	send_firmware_text_records	Stack[0x4]	READ
100039cc	send_firmware_text_records	Stack[-0x444]	WRITE
100039d2	send_firmware_text_records	Stack[-0x448]	WRITE
100039da	send_firmware_text_records	10003b50	CONDITIONAL_JUMP
100039e0	send_firmware_text_records	Stack[0x8]	READ
100039e3	send_firmware_text_records	10003b50	CONDITIONAL_JUMP
100039ec	send_firmware_text_records	10003b50	CONDITIONAL_JUMP
100039fa	send_firmware_text_records	100039fd	CONDITIONAL_JUMP
10003a03	send_firmware_text_records	100039f8	CONDITIONAL_JUMP
10003a05	send_firmware_text_records	Stack[-0x440]	WRITE
10003a0b	send_firmware_text_records	Stack[-0x43c]	WRITE
10003a12	send_firmware_text_records	Stack[-0x438]	WRITE
10003a18	send_firmware_text_records	10003a20	UNCONDITIONAL_JUMP
10003a20	send_firmware_text_records	1000d494	DATA
10003a26	send_firmware_text_records	10005210	UNCONDITIONAL_CALL
10003a30	send_firmware_text_records	Stack[-0x434]	DATA
10003a38	send_firmware_text_records	10003a4c	CONDITIONAL_JUMP
10003a48	send_firmware_text_records	10003a40	CONDITIONAL_JUMP
10003a4a	send_firmware_text_records	10003a63	UNCONDITIONAL_JUMP
10003a53	send_firmware_text_records	10008d20	UNCONDITIONAL_CALL
10003a63	send_firmware_text_records	Stack[-0x434]	DATA
10003a69	send_firmware_text_records	Stack[-0x433]	DATA
10003a6c	send_firmware_text_records	Stack[-0x458]	DATA
10003a70	send_firmware_text_records	Stack[-0x434]	DATA
10003a75	send_firmware_text_records	10003a70	CONDITIONAL_JUMP
10003a79	send_firmware_text_records	10003b26	CONDITIONAL_JUMP
10003a86	send_firmware_text_records	10003a89	CONDITIONAL_JUMP
10003a89	send_firmware_text_records	Stack[-0x434]	READ
10003a90	send_firmware_text_records	10003b3b	CONDITIONAL_JUMP
10003a96	send_firmware_text_records	Stack[-0x44c]	DATA
10003a9d	send_firmware_text_records	Stack[-0x433]	DATA
10003aa3	send_firmware_text_records	10003b70	UNCONDITIONAL_CALL
10003aaa	send_firmware_text_records	Stack[-0x4b]	DATA
10003ab2	send_firmware_text_records	Stack[-0x4c]	WRITE
10003ab6	send_firmware_text_records	10008ac0	UNCONDITIONAL_CALL
10003ac0	send_firmware_text_records	Stack[-0x4b]	DATA
10003ac8	send_firmware_text_records	Stack[-0x444]	READ
10003ad4	send_firmware_text_records	Stack[-0x4c]	DATA
10003adc	send_firmware_text_records	10003b3b	CONDITIONAL_JUMP
10003ade	send_firmware_text_records	Stack[-0x43c]	READ
10003ae9	send_firmware_text_records	Stack[-0x43c]	WRITE
10003af0	send_firmware_text_records	Stack[-0x440]	READ
10003af8	send_firmware_text_records	Stack[-0x438]	READ
10003afe	send_firmware_text_records	10003a20	CONDITIONAL_JUMP
10003b04	send_firmware_text_records	Stack[-0x448]	READ
10003b0c	send_firmware_text_records	10003a12	CONDITIONAL_JUMP
10003b1b	send_firmware_text_records	1000b114	READ
10003b1b	send_firmware_text_records	EXTERNAL:00000043	COMPUTED_CALL
10003b21	send_firmware_text_records	10003a12	UNCONDITIONAL_JUMP
10003b2b	send_firmware_text_records	Stack[-0x8]	READ
10003b30	send_firmware_text_records	10004bba	UNCONDITIONAL_CALL
10003b40	send_firmware_text_records	Stack[-0x8]	READ
10003b45	send_firmware_text_records	10004bba	UNCONDITIONAL_CALL
10003b50	send_firmware_text_records	Stack[-0x8]	READ
10003b59	send_firmware_text_records	10004bba	UNCONDITIONAL_CALL
10003b7e	parse_firmware_record_hex	100109d8	DATA
10003b85	parse_firmware_record_hex	100109da	DATA
10003b8a	parse_firmware_record_hex	10008ac0	UNCONDITIONAL_CALL
10003b8f	parse_firmware_record_hex	100109d8	WRITE
10003b9f	parse_firmware_record_hex	10003c25	CONDITIONAL_JUMP
10003bab	parse_firmware_record_hex	10003c25	CONDITIONAL_JUMP
10003bb3	parse_firmware_record_hex	10003bc0	CONDITIONAL_JUMP
10003bb8	parse_firmware_record_hex	10003bc0	CONDITIONAL_JUMP
10003bc3	parse_firmware_record_hex	10003bd0	CONDITIONAL_JUMP
10003bc8	parse_firmware_record_hex	10003bd0	CONDITIONAL_JUMP
10003bd3	parse_firmware_record_hex	10003be0	CONDITIONAL_JUMP
10003bd8	parse_firmware_record_hex	10003be0	CONDITIONAL_JUMP
10003be8	parse_firmware_record_hex	10003bf6	CONDITIONAL_JUMP
10003bed	parse_firmware_record_hex	10003bf6	CONDITIONAL_JUMP
10003bf9	parse_firmware_record_hex	10003c07	CONDITIONAL_JUMP
10003bfe	parse_firmware_record_hex	10003c07	CONDITIONAL_JUMP
10003c0a	parse_firmware_record_hex	10003c18	CONDITIONAL_JUMP
10003c0f	parse_firmware_record_hex	10003c18	CONDITIONAL_JUMP
10003c1b	parse_firmware_record_hex	100109da	WRITE
10003c1b	parse_firmware_record_hex	100109db	WRITE
10003c23	parse_firmware_record_hex	10003ba8	CONDITIONAL_JUMP
10003c25	parse_firmware_record_hex	Stack[0x4]	READ
10003c2f	parse_firmware_record_hex	100109d8	DATA
10003c44	FUN_10003c40	10003c51	CONDITIONAL_JUMP
10003c49	FUN_10003c40	10004d04	UNCONDITIONAL_CALL
10003c84	FUN_10003c70	Stack[-0x8]	WRITE
10003c90	FUN_10003c70	10003cd0	UNCONDITIONAL_CALL
10003caf	FUN_10003ca0	10003ca6	CONDITIONAL_JUMP
10003cbb	FUN_10003ca0	10003e40	UNCONDITIONAL_CALL
10003cd3	FUN_10003cd0	Stack[0x4]	READ
10003cd7	FUN_10003cd0	Stack[0x8]	READ
10003ce0	FUN_10003cd0	10003cec	CONDITIONAL_JUMP
10003ce2	FUN_10003cd0	1000d498	DATA
10003ce7	FUN_10003cd0	10004b4c	UNCONDITIONAL_CALL
10003cf0	FUN_10003cd0	10003cf4	CONDITIONAL_JUMP
10003cf6	FUN_10003cd0	10003d16	CONDITIONAL_JUMP
10003d00	FUN_10003cd0	10003fc0	UNCONDITIONAL_CALL
10003d09	FUN_10003cd0	10003fc0	UNCONDITIONAL_CALL
10003d18	FUN_10003cd0	10004040	UNCONDITIONAL_CALL
10003d1f	FUN_10003cd0	10003d70	CONDITIONAL_JUMP
10003d21	FUN_10003cd0	Stack[0x4]	READ
10003d2c	FUN_10003cd0	10003d30	CONDITIONAL_JUMP
10003d33	FUN_10003cd0	10003d39	CONDITIONAL_JUMP
10003d37	FUN_10003cd0	10003d3b	UNCONDITIONAL_JUMP
10003d3b	FUN_10003cd0	Stack[0x8]	READ
10003d47	FUN_10003cd0	10008d20	UNCONDITIONAL_CALL
10003d56	FUN_10003cd0	10003d68	CONDITIONAL_JUMP
10003d83	FUN_10003d80	Stack[0x4]	READ
10003d8a	FUN_10003d80	Stack[0x8]	READ
10003d8e	FUN_10003d80	Stack[0xc]	READ
10003d93	FUN_10003d80	10003d9f	CONDITIONAL_JUMP
10003da5	FUN_10003d80	10003ddb	CONDITIONAL_JUMP
10003dab	FUN_10003d80	10003ddb	CONDITIONAL_JUMP
10003dba	FUN_10003d80	10003dc0	CONDITIONAL_JUMP
10003dbe	FUN_10003d80	10003dc2	UNCONDITIONAL_JUMP
10003dc2	FUN_10003d80	Stack[-0x8]	WRITE
10003dc9	FUN_10003d80	10003ddb	CONDITIONAL_JUMP
10003dd3	FUN_10003d80	10003de7	CONDITIONAL_JUMP
10003dd9	FUN_10003d80	10003dd0	CONDITIONAL_JUMP
10003de9	FUN_10003d80	10003ddb	CONDITIONAL_JUMP
10003df1	FUN_10003d80	10003e04	CONDITIONAL_JUMP
10003df9	FUN_10003d80	10003e1c	CONDITIONAL_JUMP
10003e02	FUN_10003d80	10003df3	CONDITIONAL_JUMP
10003e04	FUN_10003d80	Stack[0x4]	READ
10003e0b	FUN_10003d80	10003e0f	CONDITIONAL_JUMP
10003e22	FUN_10003d80	10003e04	CONDITIONAL_JUMP
10003e24	FUN_10003d80	Stack[0xc]	READ
10003e27	FUN_10003d80	Stack[0x8]	READ
10003e2c	FUN_10003d80	Stack[-0x8]	READ
10003e3b	FUN_10003d80	10003dc2	UNCONDITIONAL_JUMP
10003e4c	FUN_10003e40	10003e50	CONDITIONAL_JUMP
10003e54	FUN_10003e40	10003e58	CONDITIONAL_JUMP
10003e5c	FUN_10003e40	10003e62	CONDITIONAL_JUMP
10003e60	FUN_10003e40	10003e64	UNCONDITIONAL_JUMP
10003e64	FUN_10003e40	Stack[0x4]	READ
10003e69	FUN_10003e40	10003e91	CONDITIONAL_JUMP
10003e6b	FUN_10003e40	10003e70	UNCONDITIONAL_JUMP
10003e76	FUN_10003e40	10003e83	CONDITIONAL_JUMP
10003e7f	FUN_10003e40	10003e70	CONDITIONAL_JUMP
10003e81	FUN_10003e40	10003e91	UNCONDITIONAL_JUMP
10003e8f	FUN_10003e40	10003ea5	CONDITIONAL_JUMP
10003e93	FUN_10003e40	10003e9e	CONDITIONAL_JUMP
10003ebb	FUN_10003eb0	10003f15	CONDITIONAL_JUMP
10003ec3	FUN_10003eb0	10003ec9	CONDITIONAL_JUMP
10003ec7	FUN_10003eb0	10003ecb	UNCONDITIONAL_JUMP
10003ecd	FUN_10003eb0	10003f15	CONDITIONAL_JUMP
10003ed2	FUN_10003eb0	10003ed8	CONDITIONAL_JUMP
10003ed6	FUN_10003eb0	10003eda	UNCONDITIONAL_JUMP
10003ee2	FUN_10003eb0	10003f15	CONDITIONAL_JUMP
10003ee7	FUN_10003eb0	10003eff	CONDITIONAL_JUMP
10003eed	FUN_10003eb0	Stack[0x4]	READ
10003ef4	FUN_10003eb0	10003cd0	UNCONDITIONAL_CALL
10003f03	FUN_10003eb0	Stack[0x4]	READ
10003f0a	FUN_10003eb0	10003cd0	UNCONDITIONAL_CALL
10003f16	FUN_10003eb0	Stack[0x4]	READ
10003f1f	FUN_10003eb0	10003f2b	CONDITIONAL_JUMP
10003f21	FUN_10003eb0	1000d4b0	DATA
10003f26	FUN_10003eb0	10004aff	UNCONDITIONAL_CALL
10003f30	FUN_10003eb0	10003f4b	CONDITIONAL_JUMP
10003f38	FUN_10003eb0	10004090	UNCONDITIONAL_CALL
10003f3f	FUN_10003eb0	10003fa9	CONDITIONAL_JUMP
10003f45	FUN_10003eb0	10003f75	CONDITIONAL_JUMP
10003f49	FUN_10003eb0	10003f77	UNCONDITIONAL_JUMP
10003f4d	FUN_10003eb0	10003f41	CONDITIONAL_JUMP
10003f55	FUN_10003eb0	10003f67	CONDITIONAL_JUMP
10003f7c	FUN_10003eb0	10008d20	UNCONDITIONAL_CALL
10003f81	FUN_10003eb0	Stack[0x4]	READ
10003f8e	FUN_10003eb0	10003fa1	CONDITIONAL_JUMP
10003fc8	FUN_10003fc0	10003fd4	CONDITIONAL_JUMP
10003fca	FUN_10003fc0	1000d498	DATA
10003fcf	FUN_10003fc0	10004b4c	UNCONDITIONAL_CALL
10003fd8	FUN_10003fc0	10003fdc	CONDITIONAL_JUMP
10003fde	FUN_10003fc0	10004035	CONDITIONAL_JUMP
10003fe7	FUN_10003fc0	10003fed	CONDITIONAL_JUMP
10003feb	FUN_10003fc0	10003fef	UNCONDITIONAL_JUMP
10003ff2	FUN_10003fc0	10003ff8	CONDITIONAL_JUMP
10003ff6	FUN_10003fc0	10003ffa	UNCONDITIONAL_JUMP
1000400a	FUN_10003fc0	10004d10	UNCONDITIONAL_CALL
1000401f	FUN_10003fc0	1000402d	CONDITIONAL_JUMP
10004046	FUN_10004040	10004052	CONDITIONAL_JUMP
10004048	FUN_10004040	1000d4b0	DATA
1000404d	FUN_10004040	10004aff	UNCONDITIONAL_CALL
10004057	FUN_10004040	1000406d	CONDITIONAL_JUMP
1000405f	FUN_10004040	10004090	UNCONDITIONAL_CALL
1000406f	FUN_10004040	10004080	CONDITIONAL_JUMP
10004077	FUN_10004040	1000407b	CONDITIONAL_JUMP
10004095	FUN_10004090	1000ac80	DATA
1000409a	FUN_10004090	ffdff000	READ
100040a7	FUN_10004090	1000f080	READ
100040af	FUN_10004090	Stack[-0x10]	DATA
100040b2	FUN_10004090	ffdff000	WRITE
100040b8	FUN_10004090	Stack[-0x14]	WRITE
100040bb	FUN_10004090	Stack[0x8]	READ
100040be	FUN_10004090	Stack[0x4]	READ
100040cc	FUN_10004090	100040d2	CONDITIONAL_JUMP
100040d0	FUN_10004090	100040f9	UNCONDITIONAL_JUMP
100040e4	FUN_10004090	100040f9	CONDITIONAL_JUMP
100040f2	FUN_10004090	100040f9	CONDITIONAL_JUMP
100040fe	FUN_10004090	Stack[-0x8]	WRITE
10004103	FUN_10004090	1000411c	CONDITIONAL_JUMP
1000410b	FUN_10004090	10004120	CONDITIONAL_JUMP
10004110	FUN_10004090	10005071	UNCONDITIONAL_CALL
1000411a	FUN_10004090	10004120	CONDITIONAL_JUMP
1000411e	FUN_10004090	1000416f	UNCONDITIONAL_CALL
10004120	FUN_10004090	Stack[-0x18]	DATA
10004124	FUN_10004090	Stack[-0x24]	DATA
10004127	FUN_10004090	Stack[-0x18]	WRITE
1000412e	FUN_10004090	10004c51	UNCONDITIONAL_CALL
10004133	FUN_10004090	1000dd50	DATA
10004138	FUN_10004090	Stack[-0x24]	DATA
1000413c	FUN_10004090	1000b1b4	DATA
1000413c	FUN_10004090	Stack[-0x24]	WRITE
10004143	FUN_10004090	1000553d	UNCONDITIONAL_CALL
10004158	Catch_All@10004148	10004200	UNCONDITIONAL_CALL
10004160	Catch_All@10004148	10004166	DATA
10004174	FUN_1000416f	10004192	CONDITIONAL_JUMP
1000417a	FUN_1000416f	10004180	CONDITIONAL_JUMP
1000417e	FUN_1000416f	10004182	UNCONDITIONAL_JUMP
10004187	FUN_1000416f	10008d20	UNCONDITIONAL_CALL
10004196	FUN_1000416f	100041a6	CONDITIONAL_JUMP
1000419b	FUN_1000416f	10004d04	UNCONDITIONAL_CALL
100041b1	FUN_1000416f	100041b5	CONDITIONAL_JUMP
100041be	FUN_1000416f	ffdff000	WRITE
100041d6	Catch_All@100041cf	100041e3	CONDITIONAL_JUMP
100041db	Catch_All@100041cf	10004d04	UNCONDITIONAL_CALL
100041f8	Catch_All@100041cf	1000553d	UNCONDITIONAL_CALL
1000420a	FUN_10004200	1000424c	CONDITIONAL_JUMP
10004212	FUN_10004200	10004224	CONDITIONAL_JUMP
10004218	FUN_10004200	10005071	UNCONDITIONAL_CALL
10004222	FUN_10004200	1000424c	CONDITIONAL_JUMP
10004224	FUN_10004200	Stack[-0x8]	DATA
10004228	FUN_10004200	Stack[-0x14]	DATA
1000422b	FUN_10004200	Stack[-0x8]	WRITE
10004232	FUN_10004200	10004c51	UNCONDITIONAL_CALL
10004237	FUN_10004200	1000dd50	DATA
1000423c	FUN_10004200	Stack[-0x14]	DATA
10004240	FUN_10004200	1000b1b4	DATA
10004240	FUN_10004200	Stack[-0x14]	WRITE
10004247	FUN_10004200	1000553d	UNCONDITIONAL_CALL
10004253	hid_write_report	Stack[0x8]	READ
1000425b	hid_write_report	Stack[0x8]	DATA
1000425f	hid_write_report	Stack[0x4]	READ
10004265	hid_write_report	1000b020	READ
10004265	hid_write_report	EXTERNAL:0000000c	COMPUTED_CALL
10004286	hid_read_payload	1000f080	READ
1000428d	hid_read_payload	Stack[-0x8]	WRITE
10004291	hid_read_payload	Stack[0x8]	READ
10004295	hid_read_payload	Stack[0x4]	READ
1000429a	hid_read_payload	Stack[-0x50]	DATA
100042a3	hid_read_payload	Stack[-0x4c]	DATA
100042a8	hid_read_payload	1000b024	READ
100042a8	hid_read_payload	EXTERNAL:0000000d	COMPUTED_CALL
100042b0	hid_read_payload	100042e4	CONDITIONAL_JUMP
100042b5	hid_read_payload	Stack[-0x4b]	DATA
100042ba	hid_read_payload	10008d20	UNCONDITIONAL_CALL
100042bf	hid_read_payload	Stack[-0x50]	READ
100042ca	hid_read_payload	100042ce	CONDITIONAL_JUMP
100042d4	hid_read_payload	Stack[-0x8]	READ
100042d9	hid_read_payload	10004bba	UNCONDITIONAL_CALL
100042e4	hid_read_payload	Stack[-0x8]	READ
100042ed	hid_read_payload	10004bba	UNCONDITIONAL_CALL
10004308	FUN_10004300	1000d4ec	DATA
10004333	FUN_10004330	Stack[0x8]	READ
10004337	FUN_10004330	Stack[0x4]	READ
10004349	FUN_10004330	1000436c	CONDITIONAL_JUMP
1000435c	FUN_10004330	10004d10	UNCONDITIONAL_CALL
10004369	FUN_10004330	Stack[0x4]	READ
1000436c	FUN_10004330	Stack[0x8]	READ
1000436f	FUN_10004330	10001160	UNCONDITIONAL_CALL
1000437f	FUN_10004330	1000439f	CONDITIONAL_JUMP
10004392	FUN_10004330	10004d10	UNCONDITIONAL_CALL
1000439f	FUN_10004330	Stack[0x8]	READ
100043a2	FUN_10004330	10001160	UNCONDITIONAL_CALL
100043c4	FUN_100043b0	Stack[-0x8]	WRITE
100043c7	FUN_100043b0	100043d5	CONDITIONAL_JUMP
100043d0	FUN_100043b0	Stack[-0x8]	WRITE
100043d5	FUN_100043b0	Stack[0x8]	READ
100043db	FUN_100043b0	Stack[-0xc]	WRITE
100043e3	FUN_100043b0	Stack[-0xc]	READ
100043e6	FUN_100043b0	Stack[0xc]	READ
100043ec	FUN_100043b0	Stack[0x4]	READ
100043f3	FUN_100043b0	10004400	CONDITIONAL_JUMP
10004408	FUN_100043b0	Stack[-0x16]	WRITE
1000440f	FUN_100043b0	Stack[-0x14]	WRITE
10004415	FUN_100043b0	Stack[-0x15]	WRITE
1000441c	FUN_100043b0	Stack[-0x12]	WRITE
10004422	FUN_100043b0	Stack[-0x13]	WRITE
10004427	FUN_100043b0	Stack[-0x10]	WRITE
10004433	FUN_100043b0	Stack[-0x18]	WRITE
10004439	FUN_100043b0	Stack[-0x11]	WRITE
1000443c	FUN_100043b0	Stack[-0xf]	WRITE
1000443f	FUN_100043b0	1000517c	UNCONDITIONAL_CALL
1000444c	FUN_100043b0	Stack[0xc]	WRITE
10004451	FUN_100043b0	10004467	CONDITIONAL_JUMP
10004455	FUN_100043b0	1000449e	CONDITIONAL_JUMP
10004463	FUN_100043b0	10004457	CONDITIONAL_JUMP
10004465	FUN_100043b0	1000449e	UNCONDITIONAL_JUMP
1000446b	FUN_100043b0	1000449e	CONDITIONAL_JUMP
10004499	FUN_100043b0	10004470	CONDITIONAL_JUMP
1000449b	FUN_100043b0	Stack[0xc]	READ
1000449e	FUN_100043b0	Stack[-0x8]	READ
100044a1	FUN_100043b0	Stack[0x8]	WRITE
100044a4	FUN_100043b0	Stack[-0x18]	READ
100044a7	FUN_100043b0	Stack[-0x14]	READ
100044aa	FUN_100043b0	Stack[-0x10]	READ
100044ae	FUN_100043b0	Stack[-0xc]	READ
100044b3	FUN_100043b0	Stack[-0x8]	READ
100044c5	FUN_100043b0	100044c9	CONDITIONAL_JUMP
100044c9	FUN_100043b0	Stack[0x8]	READ
100044cf	FUN_100043b0	10008d20	UNCONDITIONAL_CALL
100044db	FUN_100043b0	100044e4	CONDITIONAL_JUMP
100044dd	FUN_100043b0	Stack[0x8]	READ_WRITE
100044e2	FUN_100043b0	100044a4	UNCONDITIONAL_JUMP
100044e4	FUN_100043b0	Stack[0xc]	READ
100044e8	FUN_100043b0	10005142	UNCONDITIONAL_CALL
10004508	FUN_10004500	Stack[0x4]	READ
10004517	FUN_10004500	Stack[-0x10]	WRITE
1000452f	FUN_10004500	Stack[0xc]	READ
10004537	FUN_10004500	Stack[-0x10]	READ
10004540	FUN_10004500	Stack[0x8]	READ
10004546	FUN_10004500	Stack[-0x8]	WRITE
10004552	FUN_10004500	Stack[0xc]	WRITE
10004555	FUN_10004500	1000517c	UNCONDITIONAL_CALL
1000455a	FUN_10004500	Stack[0xc]	READ
10004560	FUN_10004500	Stack[0x4]	WRITE
10004565	FUN_10004500	10004589	CONDITIONAL_JUMP
10004567	FUN_10004500	Stack[0xc]	WRITE
1000456d	FUN_10004500	Stack[-0xc]	WRITE
10004570	FUN_10004500	Stack[0xc]	READ
10004576	FUN_10004500	10008d20	UNCONDITIONAL_CALL
1000457b	FUN_10004500	Stack[0x8]	READ
1000457e	FUN_10004500	Stack[0xc]	READ_WRITE
10004584	FUN_10004500	Stack[-0xc]	READ_WRITE
10004587	FUN_10004500	10004570	CONDITIONAL_JUMP
10004589	FUN_10004500	Stack[-0x10]	READ
1000458d	FUN_10004500	Stack[-0x8]	READ
10004590	FUN_10004500	10004796	CONDITIONAL_JUMP
100045a2	FUN_10004500	Stack[0x8]	WRITE
100045a7	FUN_10004500	100045ca	CONDITIONAL_JUMP
100045b7	FUN_10004500	Stack[0xc]	WRITE
100045ba	FUN_10004500	10004d10	UNCONDITIONAL_CALL
100045bf	FUN_10004500	Stack[0xc]	READ
100045d8	FUN_10004500	10004608	CONDITIONAL_JUMP
100045df	FUN_10004500	10004681	CONDITIONAL_JUMP
100045f3	FUN_10004500	Stack[0xc]	WRITE
100045f6	FUN_10004500	10004d10	UNCONDITIONAL_CALL
100045fb	FUN_10004500	Stack[0xc]	READ
10004606	FUN_10004500	10004681	UNCONDITIONAL_JUMP
10004608	FUN_10004500	10004681	CONDITIONAL_JUMP
10004617	FUN_10004500	10004623	CONDITIONAL_JUMP
10004619	FUN_10004500	1000d080	DATA
1000461e	FUN_10004500	10004aff	UNCONDITIONAL_CALL
1000462f	FUN_10004500	10004654	CONDITIONAL_JUMP
1000463e	FUN_10004500	10004644	CONDITIONAL_JUMP
10004642	FUN_10004500	10004646	UNCONDITIONAL_JUMP
10004648	FUN_10004500	1000464c	CONDITIONAL_JUMP
1000464f	FUN_10004500	10001240	UNCONDITIONAL_CALL
10004662	FUN_10004500	1000466d	CONDITIONAL_JUMP
1000466a	FUN_10004500	Stack[0x8]	READ
10004681	FUN_10004500	Stack[-0x8]	READ
1000468d	FUN_10004500	Stack[-0x10]	WRITE
10004692	FUN_10004500	100046b6	CONDITIONAL_JUMP
100046a2	FUN_10004500	Stack[0xc]	WRITE
100046a5	FUN_10004500	10004d10	UNCONDITIONAL_CALL
100046aa	FUN_10004500	Stack[0xc]	READ
100046b0	FUN_10004500	Stack[-0x10]	READ
100046c4	FUN_10004500	100046f5	CONDITIONAL_JUMP
100046c9	FUN_10004500	Stack[0xc]	WRITE
100046ce	FUN_10004500	10004776	CONDITIONAL_JUMP
100046e2	FUN_10004500	Stack[0x8]	WRITE
100046e5	FUN_10004500	10004d10	UNCONDITIONAL_CALL
100046ea	FUN_10004500	Stack[0x8]	READ
100046f0	FUN_10004500	Stack[0xc]	READ
100046f3	FUN_10004500	10004773	UNCONDITIONAL_JUMP
100046f5	FUN_10004500	10004776	CONDITIONAL_JUMP
100046fb	FUN_10004500	Stack[0xc]	WRITE
10004705	FUN_10004500	Stack[0xc]	READ
10004708	FUN_10004500	10004714	CONDITIONAL_JUMP
1000470a	FUN_10004500	1000d080	DATA
1000470f	FUN_10004500	10004aff	UNCONDITIONAL_CALL
10004714	FUN_10004500	Stack[0xc]	READ
10004723	FUN_10004500	10004749	CONDITIONAL_JUMP
10004732	FUN_10004500	10004738	CONDITIONAL_JUMP
10004736	FUN_10004500	1000473a	UNCONDITIONAL_JUMP
1000473c	FUN_10004500	10004740	CONDITIONAL_JUMP
10004741	FUN_10004500	10001240	UNCONDITIONAL_CALL
10004746	FUN_10004500	Stack[0x8]	READ
10004757	FUN_10004500	10004762	CONDITIONAL_JUMP
1000475f	FUN_10004500	Stack[0x8]	READ
1000477a	FUN_10004500	100049cb	CONDITIONAL_JUMP
10004780	FUN_10004500	Stack[0x4]	READ
1000478f	FUN_10004500	10004780	CONDITIONAL_JUMP
10004791	FUN_10004500	100049cb	UNCONDITIONAL_JUMP
100047b0	FUN_10004500	Stack[0x8]	WRITE
100047b5	FUN_10004500	100047d8	CONDITIONAL_JUMP
100047c5	FUN_10004500	Stack[0xc]	WRITE
100047c8	FUN_10004500	10004d10	UNCONDITIONAL_CALL
100047cd	FUN_10004500	Stack[0xc]	READ
100047e6	FUN_10004500	10004814	CONDITIONAL_JUMP
100047ed	FUN_10004500	1000488d	CONDITIONAL_JUMP
10004801	FUN_10004500	Stack[0xc]	WRITE
10004804	FUN_10004500	10004d10	UNCONDITIONAL_CALL
1000480c	FUN_10004500	Stack[0xc]	READ
10004812	FUN_10004500	1000488d	UNCONDITIONAL_JUMP
10004814	FUN_10004500	1000488d	CONDITIONAL_JUMP
10004823	FUN_10004500	1000482f	CONDITIONAL_JUMP
10004825	FUN_10004500	1000d080	DATA
1000482a	FUN_10004500	10004aff	UNCONDITIONAL_CALL
1000483b	FUN_10004500	10004860	CONDITIONAL_JUMP
1000484a	FUN_10004500	10004850	CONDITIONAL_JUMP
1000484e	FUN_10004500	10004852	UNCONDITIONAL_JUMP
10004854	FUN_10004500	10004858	CONDITIONAL_JUMP
1000485b	FUN_10004500	10001240	UNCONDITIONAL_CALL
1000486e	FUN_10004500	10004879	CONDITIONAL_JUMP
10004876	FUN_10004500	Stack[0x8]	READ
1000488d	FUN_10004500	Stack[-0x8]	READ
10004899	FUN_10004500	Stack[0xc]	WRITE
1000489e	FUN_10004500	100048c2	CONDITIONAL_JUMP
100048ae	FUN_10004500	Stack[-0x10]	WRITE
100048b1	FUN_10004500	10004d10	UNCONDITIONAL_CALL
100048b6	FUN_10004500	Stack[0xc]	READ
100048bc	FUN_10004500	Stack[-0x10]	READ
100048d0	FUN_10004500	10004901	CONDITIONAL_JUMP
100048d5	FUN_10004500	Stack[0xc]	WRITE
100048da	FUN_10004500	10004982	CONDITIONAL_JUMP
100048ee	FUN_10004500	Stack[-0x10]	WRITE
100048f1	FUN_10004500	10004d10	UNCONDITIONAL_CALL
100048f6	FUN_10004500	Stack[0xc]	READ
100048fc	FUN_10004500	Stack[-0x10]	READ
100048ff	FUN_10004500	1000497f	UNCONDITIONAL_JUMP
10004901	FUN_10004500	10004982	CONDITIONAL_JUMP
10004907	FUN_10004500	Stack[0xc]	WRITE
10004911	FUN_10004500	Stack[0xc]	READ
10004914	FUN_10004500	10004920	CONDITIONAL_JUMP
10004916	FUN_10004500	1000d080	DATA
1000491b	FUN_10004500	10004aff	UNCONDITIONAL_CALL
10004920	FUN_10004500	Stack[0xc]	READ
1000492f	FUN_10004500	10004955	CONDITIONAL_JUMP
1000493e	FUN_10004500	10004944	CONDITIONAL_JUMP
10004942	FUN_10004500	10004946	UNCONDITIONAL_JUMP
10004948	FUN_10004500	1000494c	CONDITIONAL_JUMP
1000494d	FUN_10004500	10001240	UNCONDITIONAL_CALL
10004952	FUN_10004500	Stack[0x8]	READ
10004963	FUN_10004500	1000496e	CONDITIONAL_JUMP
1000496b	FUN_10004500	Stack[0x8]	READ
10004986	FUN_10004500	Stack[0xc]	WRITE
1000498b	FUN_10004500	100049cb	CONDITIONAL_JUMP
10004990	FUN_10004500	Stack[0x4]	READ
100049a1	FUN_10004500	Stack[0xc]	READ
100049a4	FUN_10004500	100049c6	CONDITIONAL_JUMP
100049a6	FUN_10004500	Stack[0x4]	READ
100049c0	FUN_10004500	Stack[0x8]	READ
100049c3	FUN_10004500	Stack[0xc]	WRITE
100049c9	FUN_10004500	10004990	CONDITIONAL_JUMP
100049cb	FUN_10004500	Stack[0x4]	READ
100049cf	FUN_10004500	10005142	UNCONDITIONAL_CALL
100049f4	FUN_100049f0	Stack[0x4]	READ
100049fc	FUN_100049f0	10004a1f	CONDITIONAL_JUMP
100049fe	FUN_100049f0	Stack[0xc]	READ
10004a03	FUN_100049f0	10004a0a	CONDITIONAL_JUMP
10004a05	FUN_100049f0	Stack[0x8]	READ
10004a0a	FUN_100049f0	Stack[0x10]	READ
10004a0f	FUN_100049f0	10004a17	CONDITIONAL_JUMP
10004a1f	FUN_100049f0	Stack[0xc]	READ
10004a28	FUN_100049f0	10008ac0	UNCONDITIONAL_CALL
10004a4f	FUN_100049f0	10004a60	CONDITIONAL_JUMP
10004a5e	FUN_100049f0	10004a51	CONDITIONAL_JUMP
10004a74	FUN_10004a70	Stack[0x4]	READ
10004a8b	FUN_10004a70	10004aae	CONDITIONAL_JUMP
10004a9b	FUN_10004a70	Stack[-0x8]	WRITE
10004a9e	FUN_10004a70	10004d10	UNCONDITIONAL_CALL
10004aa3	FUN_10004a70	Stack[-0x8]	READ
10004ab0	FUN_10004a70	10001160	UNCONDITIONAL_CALL
10004ab9	FUN_10004a70	10004ad2	CONDITIONAL_JUMP
10004abb	FUN_10004a70	10004ac0	UNCONDITIONAL_JUMP
10004ac0	FUN_10004a70	Stack[0x4]	READ
10004ad0	FUN_10004a70	10004ac0	CONDITIONAL_JUMP
10004ae8	FUN_10004ae2	Stack[0x4]	READ
10004aed	FUN_10004ae2	10004cdf	UNCONDITIONAL_CALL
10004af2	FUN_10004ae2	1000b170	DATA
10004b07	FUN_10004aff	Stack[0x4]	READ
10004b0a	FUN_10004aff	Stack[0x4]	WRITE
10004b0d	FUN_10004aff	Stack[0x4]	DATA
10004b11	FUN_10004aff	Stack[-0x10]	DATA
10004b14	FUN_10004aff	10004c51	UNCONDITIONAL_CALL
10004b19	FUN_10004aff	1000daa4	DATA
10004b1e	FUN_10004aff	Stack[-0x10]	DATA
10004b22	FUN_10004aff	1000b17c	DATA
10004b22	FUN_10004aff	Stack[-0x10]	WRITE
10004b29	FUN_10004aff	1000553d	UNCONDITIONAL_CALL
10004b35	FUN_10004b2f	Stack[0x4]	READ
10004b3a	FUN_10004b2f	10004cdf	UNCONDITIONAL_CALL
10004b3f	FUN_10004b2f	1000b17c	DATA
10004b54	FUN_10004b4c	Stack[0x4]	READ
10004b57	FUN_10004b4c	Stack[0x4]	WRITE
10004b5a	FUN_10004b4c	Stack[0x4]	DATA
10004b5e	FUN_10004b4c	Stack[-0x10]	DATA
10004b61	FUN_10004b4c	10004c51	UNCONDITIONAL_CALL
10004b66	FUN_10004b4c	1000dae0	DATA
10004b6b	FUN_10004b4c	Stack[-0x10]	DATA
10004b6f	FUN_10004b4c	1000b188	DATA
10004b6f	FUN_10004b4c	Stack[-0x10]	WRITE
10004b76	FUN_10004b4c	1000553d	UNCONDITIONAL_CALL
10004b82	FUN_10004b7c	Stack[0x4]	READ
10004b87	FUN_10004b7c	10004cdf	UNCONDITIONAL_CALL
10004b8c	FUN_10004b7c	1000b188	DATA
10004ba1	FUN_10004b99	10004cad	UNCONDITIONAL_CALL
10004ba6	FUN_10004b99	Stack[0x4]	READ
10004baa	FUN_10004b99	10004bb3	CONDITIONAL_JUMP
10004bad	FUN_10004b99	10004d04	UNCONDITIONAL_CALL
10004bba	__security_check_cookie	1000f080	READ
10004bc0	__security_check_cookie	10004bc4	CONDITIONAL_JUMP
10004bc4	__security_check_cookie	10005589	UNCONDITIONAL_CALL
10004bd0	FUN_10004bc9	Stack[0x4]	READ
10004bd3	FUN_10004bc9	1000b194	DATA
10004beb	FUN_10004be6	10004bf2	CONDITIONAL_JUMP
10004bed	FUN_10004be6	1000b19c	DATA
10004bf8	_Copy_str	Stack[0x4]	READ
10004bff	_Copy_str	10004c2e	CONDITIONAL_JUMP
10004c02	_Copy_str	Stack[0x4]	READ
10004c05	_Copy_str	100056f0	UNCONDITIONAL_CALL
10004c0e	_Copy_str	1000517c	UNCONDITIONAL_CALL
10004c1a	_Copy_str	10004c2d	CONDITIONAL_JUMP
10004c1c	_Copy_str	Stack[0x4]	READ
10004c21	_Copy_str	1000568f	UNCONDITIONAL_CALL
10004c3c	_Tidy	10004c47	CONDITIONAL_JUMP
10004c41	_Tidy	10005142	UNCONDITIONAL_CALL
10004c56	exception	Stack[0x4]	READ
10004c60	exception	1000b194	DATA
10004c6c	exception	10004bf3	UNCONDITIONAL_CALL
10004c7e	operator=	Stack[0x4]	READ
10004c86	operator=	10004ca5	CONDITIONAL_JUMP
10004c88	operator=	10004c33	UNCONDITIONAL_CALL
10004c91	operator=	10004c9f	CONDITIONAL_JUMP
10004c98	operator=	10004bf3	UNCONDITIONAL_CALL
10004c9d	operator=	10004ca5	UNCONDITIONAL_JUMP
10004cad	FUN_10004cad	1000b194	DATA
10004cb3	FUN_10004cad	10004c33	UNCONDITIONAL_CALL
10004cc0	FUN_10004cb8	1000b194	DATA
10004cc6	FUN_10004cb8	10004c33	UNCONDITIONAL_CALL
10004ccb	FUN_10004cb8	Stack[0x4]	READ
10004ccf	FUN_10004cb8	10004cd8	CONDITIONAL_JUMP
10004cd2	FUN_10004cb8	10004d04	UNCONDITIONAL_CALL
10004ce5	exception	Stack[0x4]	READ
10004cee	exception	1000b194	DATA
10004cf8	exception	10004c78	UNCONDITIONAL_CALL
10004d0a	FUN_10004d04	10005142	UNCONDITIONAL_CALL
10004d15	FID_conflict:_memcpy	Stack[0x8]	READ
10004d18	FID_conflict:_memcpy	Stack[0xc]	READ
10004d1b	FID_conflict:_memcpy	Stack[0x4]	READ
10004d26	FID_conflict:_memcpy	10004d30	CONDITIONAL_JUMP
10004d2a	FID_conflict:_memcpy	10004ed0	CONDITIONAL_JUMP
10004d36	FID_conflict:_memcpy	10004d54	CONDITIONAL_JUMP
10004d38	FID_conflict:_memcpy	10010ef8	READ
10004d3f	FID_conflict:_memcpy	10004d54	CONDITIONAL_JUMP
10004d4d	FID_conflict:_memcpy	10004d54	CONDITIONAL_JUMP
10004d4f	FID_conflict:_memcpy	1000577b	UNCONDITIONAL_CALL
10004d5a	FID_conflict:_memcpy	10004d70	CONDITIONAL_JUMP
10004d65	FID_conflict:_memcpy	10004d90	CONDITIONAL_JUMP
10004d69	FID_conflict:_memcpy	10004e90	COMPUTED_JUMP
10004d69	FID_conflict:_memcpy	10004e98	COMPUTED_JUMP
10004d69	FID_conflict:_memcpy	10004ea4	COMPUTED_JUMP
10004d69	FID_conflict:_memcpy	10004eb8	COMPUTED_JUMP
10004d69	FID_conflict:_memcpy	10004e80	DATA
10004d7a	FID_conflict:_memcpy	10004d88	CONDITIONAL_JUMP
10004d81	FID_conflict:_memcpy	10004da4	COMPUTED_JUMP
10004d81	FID_conflict:_memcpy	10004dd0	COMPUTED_JUMP
10004d81	FID_conflict:_memcpy	10004df4	COMPUTED_JUMP
10004d81	FID_conflict:_memcpy	10004d98	DATA
10004d88	FID_conflict:_memcpy	10004e90	COMPUTED_JUMP
10004d88	FID_conflict:_memcpy	10004e98	COMPUTED_JUMP
10004d88	FID_conflict:_memcpy	10004ea4	COMPUTED_JUMP
10004d88	FID_conflict:_memcpy	10004eb8	COMPUTED_JUMP
10004d90	FID_conflict:_memcpy	10004e77	COMPUTED_JUMP
10004d90	FID_conflict:_memcpy	10004e64	COMPUTED_JUMP
10004d90	FID_conflict:_memcpy	10004e5c	COMPUTED_JUMP
10004d90	FID_conflict:_memcpy	10004e54	COMPUTED_JUMP
10004d90	FID_conflict:_memcpy	10004e4c	COMPUTED_JUMP
10004d90	FID_conflict:_memcpy	10004e44	COMPUTED_JUMP
10004d90	FID_conflict:_memcpy	10004e3c	COMPUTED_JUMP
10004d90	FID_conflict:_memcpy	10004e34	COMPUTED_JUMP
10004d90	FID_conflict:_memcpy	10004e14	DATA
10004dc2	FID_conflict:_memcpy	10004d90	CONDITIONAL_JUMP
10004dc6	FID_conflict:_memcpy	10004e90	COMPUTED_JUMP
10004dc6	FID_conflict:_memcpy	10004e98	COMPUTED_JUMP
10004dc6	FID_conflict:_memcpy	10004ea4	COMPUTED_JUMP
10004dc6	FID_conflict:_memcpy	10004eb8	COMPUTED_JUMP
10004dc6	FID_conflict:_memcpy	10004e80	DATA
10004de8	FID_conflict:_memcpy	10004d90	CONDITIONAL_JUMP
10004dec	FID_conflict:_memcpy	10004e90	COMPUTED_JUMP
10004dec	FID_conflict:_memcpy	10004e98	COMPUTED_JUMP
10004dec	FID_conflict:_memcpy	10004ea4	COMPUTED_JUMP
10004dec	FID_conflict:_memcpy	10004eb8	COMPUTED_JUMP
10004dec	FID_conflict:_memcpy	10004e80	DATA
10004e06	FID_conflict:_memcpy	10004d90	CONDITIONAL_JUMP
10004e0a	FID_conflict:_memcpy	10004e90	COMPUTED_JUMP
10004e0a	FID_conflict:_memcpy	10004e98	COMPUTED_JUMP
10004e0a	FID_conflict:_memcpy	10004ea4	COMPUTED_JUMP
10004e0a	FID_conflict:_memcpy	10004eb8	COMPUTED_JUMP
10004e0a	FID_conflict:_memcpy	10004e80	DATA
10004e77	FID_conflict:_memcpy	10004e90	COMPUTED_JUMP
10004e77	FID_conflict:_memcpy	10004e98	COMPUTED_JUMP
10004e77	FID_conflict:_memcpy	10004ea4	COMPUTED_JUMP
10004e77	FID_conflict:_memcpy	10004eb8	COMPUTED_JUMP
10004e77	FID_conflict:_memcpy	10004e80	DATA
10004e90	FID_conflict:_memcpy	Stack[0x4]	READ
10004e9c	FID_conflict:_memcpy	Stack[0x4]	READ
10004eae	FID_conflict:_memcpy	Stack[0x4]	READ
10004ec8	FID_conflict:_memcpy	Stack[0x4]	READ
10004ede	FID_conflict:_memcpy	10004f04	CONDITIONAL_JUMP
10004ee9	FID_conflict:_memcpy	10004ef8	CONDITIONAL_JUMP
10004eef	FID_conflict:_memcpy	1000502c	COMPUTED_JUMP
10004eef	FID_conflict:_memcpy	10005034	COMPUTED_JUMP
10004eef	FID_conflict:_memcpy	10005044	COMPUTED_JUMP
10004eef	FID_conflict:_memcpy	10005058	COMPUTED_JUMP
10004eef	FID_conflict:_memcpy	1000501c	DATA
10004efa	FID_conflict:_memcpy	10005013	COMPUTED_JUMP
10004efa	FID_conflict:_memcpy	10005000	COMPUTED_JUMP
10004efa	FID_conflict:_memcpy	10004ff8	COMPUTED_JUMP
10004efa	FID_conflict:_memcpy	10004ff0	COMPUTED_JUMP
10004efa	FID_conflict:_memcpy	10004fe8	COMPUTED_JUMP
10004efa	FID_conflict:_memcpy	10004fe0	COMPUTED_JUMP
10004efa	FID_conflict:_memcpy	10004fd8	COMPUTED_JUMP
10004efa	FID_conflict:_memcpy	10004fd0	COMPUTED_JUMP
10004efa	FID_conflict:_memcpy	10004fcc	DATA
10004f0e	FID_conflict:_memcpy	10004f1c	CONDITIONAL_JUMP
10004f15	FID_conflict:_memcpy	10004f30	COMPUTED_JUMP
10004f15	FID_conflict:_memcpy	10004f54	COMPUTED_JUMP
10004f15	FID_conflict:_memcpy	10004f7c	COMPUTED_JUMP
10004f15	FID_conflict:_memcpy	10004f24	DATA
10004f1c	FID_conflict:_memcpy	1000502c	COMPUTED_JUMP
10004f1c	FID_conflict:_memcpy	10005034	COMPUTED_JUMP
10004f1c	FID_conflict:_memcpy	10005044	COMPUTED_JUMP
10004f1c	FID_conflict:_memcpy	10005058	COMPUTED_JUMP
10004f1c	FID_conflict:_memcpy	1000501c	DATA
10004f44	FID_conflict:_memcpy	10004ef8	CONDITIONAL_JUMP
10004f4a	FID_conflict:_memcpy	1000502c	COMPUTED_JUMP
10004f4a	FID_conflict:_memcpy	10005034	COMPUTED_JUMP
10004f4a	FID_conflict:_memcpy	10005044	COMPUTED_JUMP
10004f4a	FID_conflict:_memcpy	10005058	COMPUTED_JUMP
10004f4a	FID_conflict:_memcpy	1000501c	DATA
10004f6e	FID_conflict:_memcpy	10004ef8	CONDITIONAL_JUMP
10004f74	FID_conflict:_memcpy	1000502c	COMPUTED_JUMP
10004f74	FID_conflict:_memcpy	10005034	COMPUTED_JUMP
10004f74	FID_conflict:_memcpy	10005044	COMPUTED_JUMP
10004f74	FID_conflict:_memcpy	10005058	COMPUTED_JUMP
10004f74	FID_conflict:_memcpy	1000501c	DATA
10004f9c	FID_conflict:_memcpy	10004ef8	CONDITIONAL_JUMP
10004fa6	FID_conflict:_memcpy	1000502c	COMPUTED_JUMP
10004fa6	FID_conflict:_memcpy	10005034	COMPUTED_JUMP
10004fa6	FID_conflict:_memcpy	10005044	COMPUTED_JUMP
10004fa6	FID_conflict:_memcpy	10005058	COMPUTED_JUMP
10004fa6	FID_conflict:_memcpy	1000501c	DATA
10005013	FID_conflict:_memcpy	1000502c	COMPUTED_JUMP
10005013	FID_conflict:_memcpy	10005034	COMPUTED_JUMP
10005013	FID_conflict:_memcpy	10005044	COMPUTED_JUMP
10005013	FID_conflict:_memcpy	10005058	COMPUTED_JUMP
10005013	FID_conflict:_memcpy	1000501c	DATA
1000502c	FID_conflict:_memcpy	Stack[0x4]	READ
1000503a	FID_conflict:_memcpy	Stack[0x4]	READ
10005050	FID_conflict:_memcpy	Stack[0x4]	READ
1000506a	FID_conflict:_memcpy	Stack[0x4]	READ
10005079	FUN_10005071	10005088	UNCONDITIONAL_JUMP
1000507b	FUN_10005071	Stack[0x4]	READ
1000507e	FUN_10005071	100059d7	UNCONDITIONAL_CALL
10005086	FUN_10005071	10005097	CONDITIONAL_JUMP
10005088	FUN_10005071	Stack[0x4]	READ
1000508b	FUN_10005071	1000517c	UNCONDITIONAL_CALL
10005093	FUN_10005071	1000507b	CONDITIONAL_JUMP
10005097	FUN_10005071	1000fd0c	READ
1000509e	FUN_10005071	1000fd00	DATA
100050a3	FUN_10005071	1000b1b4	DATA
100050a8	FUN_10005071	100050d6	CONDITIONAL_JUMP
100050aa	FUN_10005071	1000fd0c	READ_WRITE
100050b3	FUN_10005071	Stack[-0x8]	DATA
100050b7	FUN_10005071	1000fd00	PARAM
100050b9	FUN_10005071	1000b1bc	DATA
100050b9	FUN_10005071	Stack[-0x8]	WRITE
100050c0	FUN_10005071	10004bc9	UNCONDITIONAL_CALL
100050c5	FUN_10005071	1000af6b	DATA
100050ca	FUN_10005071	1000fd00	WRITE
100050d0	FUN_10005071	100059b1	UNCONDITIONAL_CALL
100050d6	FUN_10005071	1000fd00	DATA
100050d7	FUN_10005071	Stack[-0x14]	DATA
100050da	FUN_10005071	10004cdf	UNCONDITIONAL_CALL
100050df	FUN_10005071	1000dd50	DATA
100050e4	FUN_10005071	Stack[-0x14]	DATA
100050e8	FUN_10005071	1000b1b4	DATA
100050e8	FUN_10005071	Stack[-0x14]	WRITE
100050eb	FUN_10005071	1000553d	UNCONDITIONAL_CALL
100050f4	~type_info	1000b1d0	DATA
100050fa	~type_info	100059ff	UNCONDITIONAL_CALL
10005109	`scalar_deleting_destructor'	100050f1	UNCONDITIONAL_CALL
1000510e	`scalar_deleting_destructor'	Stack[0x4]	READ
10005112	`scalar_deleting_destructor'	1000511b	CONDITIONAL_JUMP
10005115	`scalar_deleting_destructor'	10004d04	UNCONDITIONAL_CALL
10005127	operator==	Stack[0x4]	READ
10005132	operator==	10005a70	UNCONDITIONAL_CALL
10005147	_free	Stack[0x4]	READ
1000514b	_free	1000517a	CONDITIONAL_JUMP
1000514d	_free	Stack[0x4]	READ
10005152	_free	10010058	READ
10005158	_free	1000b03c	READ
10005158	_free	EXTERNAL:00000013	COMPUTED_CALL
10005160	_free	1000517a	CONDITIONAL_JUMP
10005163	_free	10005b3a	UNCONDITIONAL_CALL
1000516a	_free	1000b010	READ
1000516a	_free	EXTERNAL:00000008	COMPUTED_CALL
10005171	_free	10005af8	UNCONDITIONAL_CALL
10005182	_malloc	Stack[0x4]	READ
10005188	_malloc	100051f9	CONDITIONAL_JUMP
1000518c	_malloc	10010058	READ
10005193	_malloc	100051ad	CONDITIONAL_JUMP
10005195	_malloc	1000601a	UNCONDITIONAL_CALL
1000519c	_malloc	10005e6b	UNCONDITIONAL_CALL
100051a6	_malloc	10005baa	UNCONDITIONAL_CALL
100051af	_malloc	100051b5	CONDITIONAL_JUMP
100051b3	_malloc	100051b8	UNCONDITIONAL_JUMP
100051bb	_malloc	10010058	READ
100051c1	_malloc	1000b040	READ
100051c1	_malloc	EXTERNAL:00000014	COMPUTED_CALL
100051cb	_malloc	100051f3	CONDITIONAL_JUMP
100051d0	_malloc	100106b8	READ
100051d6	_malloc	100051e5	CONDITIONAL_JUMP
100051d9	_malloc	100059d7	UNCONDITIONAL_CALL
100051e1	_malloc	1000518c	CONDITIONAL_JUMP
100051e3	_malloc	100051ec	UNCONDITIONAL_JUMP
100051e5	_malloc	10005b3a	UNCONDITIONAL_CALL
100051ec	_malloc	10005b3a	UNCONDITIONAL_CALL
100051f7	_malloc	1000520d	UNCONDITIONAL_JUMP
100051fa	_malloc	100059d7	UNCONDITIONAL_CALL
10005200	_malloc	10005b3a	UNCONDITIONAL_CALL
10005210	_strstr	Stack[0x8]	READ
10005219	_strstr	Stack[0x4]	READ
1000521f	_strstr	10005290	CONDITIONAL_JUMP
10005226	_strstr	1000527d	CONDITIONAL_JUMP
1000522a	_strstr	Stack[0x8]	READ
10005235	_strstr	1000524e	CONDITIONAL_JUMP
10005239	_strstr	10005248	CONDITIONAL_JUMP
10005242	_strstr	1000524e	CONDITIONAL_JUMP
10005246	_strstr	1000523b	CONDITIONAL_JUMP
10005255	_strstr	10005240	CONDITIONAL_JUMP
1000525f	_strstr	10005289	CONDITIONAL_JUMP
10005268	_strstr	10005228	CONDITIONAL_JUMP
1000526f	_strstr	10005289	CONDITIONAL_JUMP
10005279	_strstr	1000525a	CONDITIONAL_JUMP
1000527b	_strstr	10005228	UNCONDITIONAL_JUMP
10005284	_strstr	10006076	UNCONDITIONAL_CALL
10005296	__purecall	100106bc	READ
1000529c	__purecall	1000b044	READ
1000529c	__purecall	EXTERNAL:00000015	COMPUTED_CALL
100052a4	__purecall	100052a8	CONDITIONAL_JUMP
100052aa	__purecall	10005e6b	UNCONDITIONAL_CALL
100052b3	__purecall	10006161	UNCONDITIONAL_CALL
100052bb	__purecall	1000612e	UNCONDITIONAL_CALL
100052c2	__CRT_INIT@12	1000db20	DATA
100052c7	__CRT_INIT@12	10006e00	UNCONDITIONAL_CALL
100052cc	__CRT_INIT@12	Stack[0x8]	READ
100052d2	__CRT_INIT@12	1000534e	CONDITIONAL_JUMP
100052d4	__CRT_INIT@12	10005b4d	UNCONDITIONAL_CALL
100052db	__CRT_INIT@12	100052e4	CONDITIONAL_JUMP
100052df	__CRT_INIT@12	1000541c	UNCONDITIONAL_JUMP
100052e4	__CRT_INIT@12	100064f8	UNCONDITIONAL_CALL
100052eb	__CRT_INIT@12	100052f4	CONDITIONAL_JUMP
100052ed	__CRT_INIT@12	10005b6b	UNCONDITIONAL_CALL
100052f2	__CRT_INIT@12	100052dd	UNCONDITIONAL_JUMP
100052f4	__CRT_INIT@12	10006db2	UNCONDITIONAL_CALL
100052f9	__CRT_INIT@12	1000b050	READ
100052f9	__CRT_INIT@12	EXTERNAL:00000018	COMPUTED_CALL
100052ff	__CRT_INIT@12	10010efc	WRITE
10005304	__CRT_INIT@12	10006d1b	UNCONDITIONAL_CALL
10005309	__CRT_INIT@12	1000fd14	WRITE
1000530e	__CRT_INIT@12	10006752	UNCONDITIONAL_CALL
10005315	__CRT_INIT@12	1000531e	CONDITIONAL_JUMP
10005317	__CRT_INIT@12	100061d7	UNCONDITIONAL_CALL
1000531c	__CRT_INIT@12	100052ed	UNCONDITIONAL_JUMP
1000531e	__CRT_INIT@12	10006c60	UNCONDITIONAL_CALL
10005325	__CRT_INIT@12	10005347	CONDITIONAL_JUMP
10005327	__CRT_INIT@12	100069ea	UNCONDITIONAL_CALL
1000532e	__CRT_INIT@12	10005347	CONDITIONAL_JUMP
10005332	__CRT_INIT@12	10005c2b	UNCONDITIONAL_CALL
1000533a	__CRT_INIT@12	10005347	CONDITIONAL_JUMP
1000533c	__CRT_INIT@12	1000fd10	READ_WRITE
10005342	__CRT_INIT@12	10005419	UNCONDITIONAL_JUMP
10005347	__CRT_INIT@12	10006997	UNCONDITIONAL_CALL
1000534c	__CRT_INIT@12	10005317	UNCONDITIONAL_JUMP
10005352	__CRT_INIT@12	100053af	CONDITIONAL_JUMP
10005354	__CRT_INIT@12	1000fd10	READ
1000535a	__CRT_INIT@12	100052dd	CONDITIONAL_JUMP
1000535c	__CRT_INIT@12	1000fd10	READ_WRITE
10005362	__CRT_INIT@12	Stack[-0x8]	WRITE
10005365	__CRT_INIT@12	10010088	READ
1000536b	__CRT_INIT@12	10005372	CONDITIONAL_JUMP
1000536d	__CRT_INIT@12	10005e18	UNCONDITIONAL_CALL
10005372	__CRT_INIT@12	Stack[0xc]	READ
10005375	__CRT_INIT@12	10005386	CONDITIONAL_JUMP
10005377	__CRT_INIT@12	10006997	UNCONDITIONAL_CALL
1000537c	__CRT_INIT@12	100061d7	UNCONDITIONAL_CALL
10005381	__CRT_INIT@12	10005b6b	UNCONDITIONAL_CALL
10005386	__CRT_INIT@12	Stack[-0x8]	WRITE
1000538d	__CRT_INIT@12	10005399	UNCONDITIONAL_CALL
10005392	__CRT_INIT@12	10005419	UNCONDITIONAL_JUMP
1000539c	FUN_10005399	100053ac	CONDITIONAL_JUMP
1000539e	FUN_10005399	1000f204	READ
100053a5	FUN_10005399	100053ac	CONDITIONAL_JUMP
100053a7	FUN_10005399	100061d7	UNCONDITIONAL_CALL
100053b2	__CRT_INIT@12	1000540d	CONDITIONAL_JUMP
100053b4	__CRT_INIT@12	100061a3	UNCONDITIONAL_CALL
100053c0	__CRT_INIT@12	100066b8	UNCONDITIONAL_CALL
100053cb	__CRT_INIT@12	100052dd	CONDITIONAL_JUMP
100053d2	__CRT_INIT@12	1000f204	READ
100053d8	__CRT_INIT@12	100106c8	READ
100053de	__CRT_INIT@12	1000b044	READ
100053de	__CRT_INIT@12	EXTERNAL:00000015	COMPUTED_CALL
100053e8	__CRT_INIT@12	10005401	CONDITIONAL_JUMP
100053ec	__CRT_INIT@12	10006214	UNCONDITIONAL_CALL
100053f3	__CRT_INIT@12	1000b04c	READ
100053f3	__CRT_INIT@12	EXTERNAL:00000017	COMPUTED_CALL
100053ff	__CRT_INIT@12	10005419	UNCONDITIONAL_JUMP
10005402	__CRT_INIT@12	10005142	UNCONDITIONAL_CALL
10005408	__CRT_INIT@12	100052dd	UNCONDITIONAL_JUMP
10005410	__CRT_INIT@12	10005419	CONDITIONAL_JUMP
10005413	__CRT_INIT@12	1000648a	UNCONDITIONAL_CALL
1000541c	__CRT_INIT@12	10006e45	UNCONDITIONAL_CALL
10005426	___DllMainCRTStartup	1000db40	DATA
1000542b	___DllMainCRTStartup	10006e00	UNCONDITIONAL_CALL
10005434	___DllMainCRTStartup	Stack[0x4]	READ
1000543a	___DllMainCRTStartup	Stack[-0x20]	WRITE
1000543f	___DllMainCRTStartup	1000544d	CONDITIONAL_JUMP
10005441	___DllMainCRTStartup	1000fd10	READ
10005447	___DllMainCRTStartup	10005512	CONDITIONAL_JUMP
1000544d	___DllMainCRTStartup	Stack[-0x8]	READ_WRITE
10005453	___DllMainCRTStartup	1000545a	CONDITIONAL_JUMP
10005458	___DllMainCRTStartup	10005488	CONDITIONAL_JUMP
1000545a	___DllMainCRTStartup	1000b1d4	READ
10005461	___DllMainCRTStartup	1000546b	CONDITIONAL_JUMP
10005468	___DllMainCRTStartup	Stack[-0x20]	WRITE
1000546b	___DllMainCRTStartup	Stack[-0x20]	READ
1000546f	___DllMainCRTStartup	1000550b	CONDITIONAL_JUMP
10005478	___DllMainCRTStartup	100052c0	UNCONDITIONAL_CALL
1000547d	___DllMainCRTStartup	Stack[-0x20]	WRITE
10005482	___DllMainCRTStartup	1000550b	CONDITIONAL_JUMP
1000548b	___DllMainCRTStartup	10001360	UNCONDITIONAL_CALL
10005490	___DllMainCRTStartup	Stack[-0x20]	WRITE
10005496	___DllMainCRTStartup	100054bc	CONDITIONAL_JUMP
1000549a	___DllMainCRTStartup	100054bc	CONDITIONAL_JUMP
1000549f	___DllMainCRTStartup	10001360	UNCONDITIONAL_CALL
100054a8	___DllMainCRTStartup	100052c0	UNCONDITIONAL_CALL
100054ad	___DllMainCRTStartup	1000b1d4	READ
100054b4	___DllMainCRTStartup	100054bc	CONDITIONAL_JUMP
100054be	___DllMainCRTStartup	100054c5	CONDITIONAL_JUMP
100054c3	___DllMainCRTStartup	100054eb	CONDITIONAL_JUMP
100054c8	___DllMainCRTStartup	100052c0	UNCONDITIONAL_CALL
100054cf	___DllMainCRTStartup	100054d4	CONDITIONAL_JUMP
100054d1	___DllMainCRTStartup	Stack[-0x20]	READ_WRITE
100054d4	___DllMainCRTStartup	Stack[-0x20]	READ
100054d8	___DllMainCRTStartup	100054eb	CONDITIONAL_JUMP
100054da	___DllMainCRTStartup	1000b1d4	READ
100054e1	___DllMainCRTStartup	100054eb	CONDITIONAL_JUMP
100054e8	___DllMainCRTStartup	Stack[-0x20]	WRITE
100054eb	___DllMainCRTStartup	Stack[-0x8]	WRITE
100054f2	___DllMainCRTStartup	Stack[-0x20]	READ
100054f5	___DllMainCRTStartup	10005514	UNCONDITIONAL_JUMP
10005500		10007139	UNCONDITIONAL_CALL
1000550b	___DllMainCRTStartup	Stack[-0x8]	WRITE
10005514	___DllMainCRTStartup	10006e45	UNCONDITIONAL_CALL
1000551f	entry	Stack[0x8]	READ
10005523	entry	1000552a	CONDITIONAL_JUMP
10005525	entry	10007159	UNCONDITIONAL_CALL
1000552a	entry	Stack[0x4]	READ
1000552d	entry	Stack[0xc]	READ
10005530	entry	Stack[0x8]	READ
10005533	entry	10005424	UNCONDITIONAL_CALL
10005545	__CxxThrowException@8	Stack[0x4]	READ
1000554d	__CxxThrowException@8	1000b1d8	DATA
10005552	__CxxThrowException@8	Stack[-0x24]	DATA
10005555	__CxxThrowException@8	1000b1d8	READ
10005555	__CxxThrowException@8	1000b1dc	READ
10005557	__CxxThrowException@8	Stack[-0xc]	WRITE
1000555a	__CxxThrowException@8	Stack[0x8]	READ
1000555e	__CxxThrowException@8	Stack[-0x8]	WRITE
10005564	__CxxThrowException@8	10005572	CONDITIONAL_JUMP
10005569	__CxxThrowException@8	10005572	CONDITIONAL_JUMP
1000556b	__CxxThrowException@8	Stack[-0x10]	WRITE
10005572	__CxxThrowException@8	Stack[-0x10]	DATA
10005576	__CxxThrowException@8	Stack[-0x14]	READ
10005579	__CxxThrowException@8	Stack[-0x20]	READ
1000557c	__CxxThrowException@8	Stack[-0x24]	READ
1000557f	__CxxThrowException@8	1000b054	READ
1000557f	__CxxThrowException@8	EXTERNAL:00000019	COMPUTED_CALL
10005594	___report_gsfailure	1000fe30	WRITE
10005599	___report_gsfailure	1000fe2c	WRITE
1000559f	___report_gsfailure	1000fe28	WRITE
100055a5	___report_gsfailure	1000fe24	WRITE
100055ab	___report_gsfailure	1000fe20	WRITE
100055b1	___report_gsfailure	1000fe1c	WRITE
100055b7	___report_gsfailure	1000fe48	WRITE
100055be	___report_gsfailure	1000fe3c	WRITE
100055c5	___report_gsfailure	1000fe18	WRITE
100055cc	___report_gsfailure	1000fe14	WRITE
100055d3	___report_gsfailure	1000fe10	WRITE
100055da	___report_gsfailure	1000fe0c	WRITE
100055e2	___report_gsfailure	1000fe40	WRITE
100055e8	___report_gsfailure	Stack[-0x4]	DATA
100055eb	___report_gsfailure	1000fe34	WRITE
100055f0	___report_gsfailure	Stack[0x0]	READ
100055f3	___report_gsfailure	1000fe38	WRITE
100055f8	___report_gsfailure	Stack[0x4]	DATA
100055fb	___report_gsfailure	1000fe44	WRITE
10005600	___report_gsfailure	Stack[-0x324]	READ
10005606	___report_gsfailure	1000fd80	WRITE
10005610	___report_gsfailure	1000fe38	READ
10005615	___report_gsfailure	1000fd34	WRITE
1000561a	___report_gsfailure	1000fd28	WRITE
10005624	___report_gsfailure	1000fd2c	WRITE
1000562e	___report_gsfailure	1000f080	READ
10005633	___report_gsfailure	Stack[-0x32c]	WRITE
10005639	___report_gsfailure	1000f084	READ
1000563e	___report_gsfailure	Stack[-0x328]	WRITE
10005644	___report_gsfailure	1000b068	READ
10005644	___report_gsfailure	EXTERNAL:0000001e	COMPUTED_CALL
1000564a	___report_gsfailure	1000fd78	WRITE
10005651	___report_gsfailure	100071f4	UNCONDITIONAL_CALL
10005659	___report_gsfailure	1000b064	READ
10005659	___report_gsfailure	EXTERNAL:0000001d	COMPUTED_CALL
1000565f	___report_gsfailure	1000b1f8	DATA
10005664	___report_gsfailure	1000b060	READ
10005664	___report_gsfailure	EXTERNAL:0000001c	COMPUTED_CALL
1000566a	___report_gsfailure	1000fd78	READ
10005671	___report_gsfailure	1000567b	CONDITIONAL_JUMP
10005675	___report_gsfailure	100071f4	UNCONDITIONAL_CALL
10005680	___report_gsfailure	1000b05c	READ
10005680	___report_gsfailure	EXTERNAL:0000001b	COMPUTED_CALL
10005687	___report_gsfailure	1000b058	READ
10005687	___report_gsfailure	EXTERNAL:0000001a	COMPUTED_CALL
10005694	_strcpy_s	Stack[0x4]	READ
1000569b	_strcpy_s	100056a4	CONDITIONAL_JUMP
1000569d	_strcpy_s	Stack[0x8]	READ
100056a2	_strcpy_s	100056b7	CONDITIONAL_JUMP
100056a4	_strcpy_s	10005b3a	UNCONDITIONAL_CALL
100056ae	_strcpy_s	10007386	UNCONDITIONAL_CALL
100056b5	_strcpy_s	100056ea	UNCONDITIONAL_JUMP
100056b7	_strcpy_s	Stack[0xc]	READ
100056bc	_strcpy_s	100056c2	CONDITIONAL_JUMP
100056c0	_strcpy_s	100056a4	UNCONDITIONAL_JUMP
100056ce	_strcpy_s	100056d3	CONDITIONAL_JUMP
100056d1	_strcpy_s	100056c6	CONDITIONAL_JUMP
100056d5	_strcpy_s	100056e8	CONDITIONAL_JUMP
100056da	_strcpy_s	10005b3a	UNCONDITIONAL_CALL
100056e6	_strcpy_s	100056ae	UNCONDITIONAL_JUMP
100056f0	_strlen	Stack[0x4]	READ
100056fa	_strlen	10005720	CONDITIONAL_JUMP
10005703	_strlen	10005753	CONDITIONAL_JUMP
1000570b	_strlen	100056fc	CONDITIONAL_JUMP
10005712	_strlen	Stack[0x0]	DATA
10005719	_strlen	Stack[0x0]	DATA
10005736	_strlen	10005720	CONDITIONAL_JUMP
1000573d	_strlen	10005771	CONDITIONAL_JUMP
10005741	_strlen	10005767	CONDITIONAL_JUMP
10005748	_strlen	1000575d	CONDITIONAL_JUMP
1000574f	_strlen	10005753	CONDITIONAL_JUMP
10005751	_strlen	10005720	UNCONDITIONAL_JUMP
10005756	_strlen	Stack[0x4]	READ
10005760	_strlen	Stack[0x4]	READ
1000576a	_strlen	Stack[0x4]	READ
10005774	_strlen	Stack[0x4]	READ
10005783	FUN_1000577b	1000584a	CONDITIONAL_JUMP
10005791	FUN_1000577b	100057f8	CONDITIONAL_JUMP
10005793	FUN_1000577b	1000579b	UNCONDITIONAL_JUMP
100057f6	FUN_1000577b	1000579b	CONDITIONAL_JUMP
100057fa	FUN_1000577b	10005845	CONDITIONAL_JUMP
10005803	FUN_1000577b	1000581c	CONDITIONAL_JUMP
1000581a	FUN_1000577b	1000580b	CONDITIONAL_JUMP
1000581f	FUN_1000577b	10005845	CONDITIONAL_JUMP
10005826	FUN_1000577b	10005835	CONDITIONAL_JUMP
10005833	FUN_1000577b	10005828	CONDITIONAL_JUMP
1000583a	FUN_1000577b	10005845	CONDITIONAL_JUMP
10005843	FUN_1000577b	1000583c	CONDITIONAL_JUMP
1000585b	FUN_1000577b	10005866	CONDITIONAL_JUMP
10005864	FUN_1000577b	1000585d	CONDITIONAL_JUMP
10005869	FUN_1000577b	10005878	CONDITIONAL_JUMP
10005876	FUN_1000577b	1000586b	CONDITIONAL_JUMP
10005879	FUN_1000577b	10005789	UNCONDITIONAL_JUMP
10005880		1000b06c	READ
10005880		EXTERNAL:0000001f	COMPUTED_CALL
10005886		10010ef8	WRITE
10005896	__onexit_nolock	1000b044	READ
1000589d	__onexit_nolock	10010ee8	READ
100058a3	__onexit_nolock	EXTERNAL:00000015	COMPUTED_CALL
100058a5	__onexit_nolock	10010ee4	READ
100058ad	__onexit_nolock	Stack[-0x8]	WRITE
100058b0	__onexit_nolock	EXTERNAL:00000015	COMPUTED_CALL
100058b6	__onexit_nolock	1000593d	CONDITIONAL_JUMP
100058c6	__onexit_nolock	1000593d	CONDITIONAL_JUMP
100058c9	__onexit_nolock	10007396	UNCONDITIONAL_CALL
100058d6	__onexit_nolock	10005920	CONDITIONAL_JUMP
100058df	__onexit_nolock	100058e3	CONDITIONAL_JUMP
100058e7	__onexit_nolock	100058f8	CONDITIONAL_JUMP
100058ea	__onexit_nolock	Stack[-0x8]	READ
100058ed	__onexit_nolock	10006704	UNCONDITIONAL_CALL
100058f6	__onexit_nolock	1000590e	CONDITIONAL_JUMP
100058fd	__onexit_nolock	1000593d	CONDITIONAL_JUMP
10005900	__onexit_nolock	Stack[-0x8]	READ
10005903	__onexit_nolock	10006704	UNCONDITIONAL_CALL
1000590c	__onexit_nolock	1000593d	CONDITIONAL_JUMP
10005915	__onexit_nolock	1000b048	READ
10005915	__onexit_nolock	EXTERNAL:00000016	COMPUTED_CALL
1000591b	__onexit_nolock	10010ee8	WRITE
10005920	__onexit_nolock	Stack[0x4]	READ
10005923	__onexit_nolock	1000b048	READ
10005929	__onexit_nolock	EXTERNAL:00000016	COMPUTED_CALL
10005931	__onexit_nolock	EXTERNAL:00000016	COMPUTED_CALL
10005933	__onexit_nolock	10010ee4	WRITE
10005938	__onexit_nolock	Stack[0x4]	READ
1000593b	__onexit_nolock	1000593f	UNCONDITIONAL_JUMP
1000594b		100066b8	UNCONDITIONAL_CALL
10005955		1000b048	READ
10005955		EXTERNAL:00000016	COMPUTED_CALL
1000595b		10010ee8	WRITE
10005960		10010ee4	WRITE
10005967		1000596e	CONDITIONAL_JUMP
10005977	__onexit	1000db60	DATA
1000597c	__onexit	10006e00	UNCONDITIONAL_CALL
10005981	__onexit	10005bc2	UNCONDITIONAL_CALL
10005986	__onexit	Stack[-0x8]	READ_WRITE
1000598a	__onexit	Stack[0x4]	READ
1000598d	__onexit	1000588e	UNCONDITIONAL_CALL
10005993	__onexit	Stack[-0x20]	WRITE
10005996	__onexit	Stack[-0x8]	WRITE
1000599d	__onexit	100059ab	UNCONDITIONAL_CALL
100059a2	__onexit	Stack[-0x20]	READ
100059a5	__onexit	10006e45	UNCONDITIONAL_CALL
100059ab	FUN_100059ab	10005bcb	UNCONDITIONAL_CALL
100059b6	_atexit	Stack[0x4]	READ
100059b9	_atexit	10005975	UNCONDITIONAL_CALL
100059cd	FUN_100059c8	Stack[0x4]	READ
100059d0	FUN_100059c8	1001004c	WRITE
100059dc	__callnewh	1001004c	READ
100059e2	__callnewh	1000b044	READ
100059e2	__callnewh	EXTERNAL:00000015	COMPUTED_CALL
100059ea	__callnewh	100059fb	CONDITIONAL_JUMP
100059ec	__callnewh	Stack[0x4]	READ
100059f4	__callnewh	100059fb	CONDITIONAL_JUMP
10005a01	_Type_info_dtor	1000db80	DATA
10005a06	_Type_info_dtor	10006e00	UNCONDITIONAL_CALL
10005a0d	_Type_info_dtor	10007543	UNCONDITIONAL_CALL
10005a13	_Type_info_dtor	Stack[-0x8]	READ_WRITE
10005a17	_Type_info_dtor	Stack[0x4]	READ
10005a1f	_Type_info_dtor	10005a50	CONDITIONAL_JUMP
10005a21	_Type_info_dtor	10010054	READ
10005a26	_Type_info_dtor	10010050	DATA
10005a2b	_Type_info_dtor	Stack[-0x20]	WRITE
10005a30	_Type_info_dtor	10005a43	CONDITIONAL_JUMP
10005a34	_Type_info_dtor	10005a62	CONDITIONAL_JUMP
10005a39	_Type_info_dtor	10010054	WRITE
10005a3d	_Type_info_dtor	10005142	UNCONDITIONAL_CALL
10005a46	_Type_info_dtor	10005142	UNCONDITIONAL_CALL
10005a50	_Type_info_dtor	Stack[-0x8]	WRITE
10005a57	_Type_info_dtor	10005a66	UNCONDITIONAL_CALL
10005a5c	_Type_info_dtor	10006e45	UNCONDITIONAL_CALL
10005a64	_Type_info_dtor	10005a2b	UNCONDITIONAL_JUMP
10005a68	FUN_10005a66	1000746a	UNCONDITIONAL_CALL
10005a70	_strcmp	Stack[0x4]	READ
10005a74	_strcmp	Stack[0x8]	READ
10005a7e	_strcmp	10005abc	CONDITIONAL_JUMP
10005a84	_strcmp	10005ab4	CONDITIONAL_JUMP
10005a88	_strcmp	10005ab0	CONDITIONAL_JUMP
10005a8d	_strcmp	10005ab4	CONDITIONAL_JUMP
10005a91	_strcmp	10005ab0	CONDITIONAL_JUMP
10005a99	_strcmp	10005ab4	CONDITIONAL_JUMP
10005a9d	_strcmp	10005ab0	CONDITIONAL_JUMP
10005aa2	_strcmp	10005ab4	CONDITIONAL_JUMP
10005aac	_strcmp	10005a80	CONDITIONAL_JUMP
10005ac2	_strcmp	10005adc	CONDITIONAL_JUMP
10005acb	_strcmp	10005ab4	CONDITIONAL_JUMP
10005ad2	_strcmp	10005ab0	CONDITIONAL_JUMP
10005ada	_strcmp	10005a80	CONDITIONAL_JUMP
10005ae4	_strcmp	10005ab4	CONDITIONAL_JUMP
10005ae8	_strcmp	10005ab0	CONDITIONAL_JUMP
10005aed	_strcmp	10005ab4	CONDITIONAL_JUMP
10005af1	_strcmp	10005ab0	CONDITIONAL_JUMP
10005af6	_strcmp	10005a80	UNCONDITIONAL_JUMP
10005afd	__get_errno_from_oserr	Stack[0x4]	READ
10005b02	__get_errno_from_oserr	1000f090	READ
10005b02	__get_errno_from_oserr	1000f098	READ
10005b09	__get_errno_from_oserr	10005b1e	CONDITIONAL_JUMP
10005b0f	__get_errno_from_oserr	10005b02	CONDITIONAL_JUMP
10005b17	__get_errno_from_oserr	10005b27	CONDITIONAL_JUMP
10005b1e	__get_errno_from_oserr	1000f09c	READ
10005b3a	__errno	100062c8	UNCONDITIONAL_CALL
10005b41	__errno	10005b49	CONDITIONAL_JUMP
10005b43	__errno	1000f1f8	DATA
10005b56	__heap_init	1000b070	READ
10005b56	__heap_init	EXTERNAL:00000020	COMPUTED_CALL
10005b63	__heap_init	10010058	WRITE
10005b6b	__heap_term	10010058	READ
10005b71	__heap_term	1000b074	READ
10005b71	__heap_term	EXTERNAL:00000021	COMPUTED_CALL
10005b77	__heap_term	10010058	READ_WRITE
10005b84	___crtCorExitProcess	1000b210	DATA
10005b89	___crtCorExitProcess	1000b07c	READ
10005b89	___crtCorExitProcess	EXTERNAL:00000023	COMPUTED_CALL
10005b91	___crtCorExitProcess	10005ba8	CONDITIONAL_JUMP
10005b93	___crtCorExitProcess	1000b200	DATA
10005b99	___crtCorExitProcess	1000b078	READ
10005b99	___crtCorExitProcess	EXTERNAL:00000022	COMPUTED_CALL
10005ba1	___crtCorExitProcess	10005ba8	CONDITIONAL_JUMP
10005ba3	___crtCorExitProcess	Stack[0x4]	READ
10005baf	___crtExitProcess	Stack[0x4]	READ
10005bb2	___crtExitProcess	10005b7f	UNCONDITIONAL_CALL
10005bb8	___crtExitProcess	Stack[0x4]	READ
10005bbb	___crtExitProcess	1000b080	READ
10005bbb	___crtExitProcess	EXTERNAL:00000024	COMPUTED_CALL_TERMINATOR
10005bc4	FUN_10005bc2	10007543	UNCONDITIONAL_CALL
10005bcd	FUN_10005bcb	1000746a	UNCONDITIONAL_CALL
10005bd7	__init_pointers	10006191	UNCONDITIONAL_CALL
10005bdf	__init_pointers	100059c8	UNCONDITIONAL_CALL
10005be5	__init_pointers	100071fc	UNCONDITIONAL_CALL
10005beb	__init_pointers	10006182	UNCONDITIONAL_CALL
10005bf1	__init_pointers	1000796c	UNCONDITIONAL_CALL
10005bf7	__init_pointers	10007767	UNCONDITIONAL_CALL
10005bfd	__init_pointers	10007756	UNCONDITIONAL_CALL
10005c0d	__initterm_e	Stack[0x4]	READ
10005c12	__initterm_e	10005c23	UNCONDITIONAL_JUMP
10005c16	__initterm_e	10005c28	CONDITIONAL_JUMP
10005c1c	__initterm_e	10005c20	CONDITIONAL_JUMP
10005c23	__initterm_e	Stack[0x8]	READ
10005c26	__initterm_e	10005c14	CONDITIONAL_JUMP
10005c30	__cinit	10010ef0	READ
10005c37	__cinit	10005c52	CONDITIONAL_JUMP
10005c39	__cinit	10010ef0	DATA
10005c3e	__cinit	10007a30	UNCONDITIONAL_CALL
10005c46	__cinit	10005c52	CONDITIONAL_JUMP
10005c48	__cinit	Stack[0x4]	READ
10005c4b	__cinit	10010ef0	READ
10005c52	__cinit	1000797b	UNCONDITIONAL_CALL
10005c57	__cinit	1000b134	DATA
10005c5c	__cinit	1000b124	DATA
10005c61	__cinit	10005c07	UNCONDITIONAL_CALL
10005c6a	__cinit	10005cc0	CONDITIONAL_JUMP
10005c6e	__cinit	10006dd8	DATA
10005c73	__cinit	100059b1	UNCONDITIONAL_CALL
10005c78	__cinit	1000b11c	DATA
10005c7d	__cinit	1000b120	DATA
10005c87	__cinit	10005c98	CONDITIONAL_JUMP
10005c89	__cinit	1000b11c	READ
10005c89	__cinit	1000b120	READ
10005c8d	__cinit	10005c91	CONDITIONAL_JUMP
10005c96	__cinit	10005c89	CONDITIONAL_JUMP
10005c98	__cinit	10010ef4	READ
10005ca1	__cinit	10005cbe	CONDITIONAL_JUMP
10005ca3	__cinit	10010ef4	DATA
10005ca8	__cinit	10007a30	UNCONDITIONAL_CALL
10005cb0	__cinit	10005cbe	CONDITIONAL_JUMP
10005cb8	__cinit	10010ef4	READ
10005cc4	doexit	1000dba0	DATA
10005cc9	doexit	10006e00	UNCONDITIONAL_CALL
10005cd0	doexit	10007543	UNCONDITIONAL_CALL
10005cd6	doexit	Stack[-0x8]	READ_WRITE
10005cdd	doexit	1001008c	READ
10005ce3	doexit	10005dc1	CONDITIONAL_JUMP
10005ce9	doexit	10010088	WRITE
10005cee	doexit	Stack[0xc]	READ
10005cf1	doexit	10010084	WRITE
10005cf6	doexit	Stack[0x8]	READ
10005cfa	doexit	10005da0	CONDITIONAL_JUMP
10005d00	doexit	10010ee8	READ
10005d06	doexit	1000b044	READ
10005d0c	doexit	EXTERNAL:00000015	COMPUTED_CALL
10005d10	doexit	Stack[-0x34]	WRITE
10005d15	doexit	10005d7f	CONDITIONAL_JUMP
10005d17	doexit	10010ee4	READ
10005d1d	doexit	EXTERNAL:00000015	COMPUTED_CALL
10005d21	doexit	Stack[-0x30]	WRITE
10005d24	doexit	Stack[-0x28]	WRITE
10005d27	doexit	Stack[-0x2c]	WRITE
10005d2d	doexit	Stack[-0x30]	WRITE
10005d32	doexit	10005d7f	CONDITIONAL_JUMP
10005d34	doexit	10006191	UNCONDITIONAL_CALL
10005d3b	doexit	10005d2a	CONDITIONAL_JUMP
10005d3f	doexit	10005d7f	CONDITIONAL_JUMP
10005d43	doexit	EXTERNAL:00000015	COMPUTED_CALL
10005d47	doexit	10006191	UNCONDITIONAL_CALL
10005d50	doexit	10010ee8	READ
10005d56	doexit	EXTERNAL:00000015	COMPUTED_CALL
10005d5a	doexit	10010ee4	READ
10005d60	doexit	EXTERNAL:00000015	COMPUTED_CALL
10005d62	doexit	Stack[-0x28]	READ
10005d65	doexit	10005d6c	CONDITIONAL_JUMP
10005d67	doexit	Stack[-0x2c]	READ
10005d6a	doexit	10005d7a	CONDITIONAL_JUMP
10005d6c	doexit	Stack[-0x28]	WRITE
10005d6f	doexit	Stack[-0x34]	WRITE
10005d72	doexit	Stack[-0x2c]	WRITE
10005d77	doexit	Stack[-0x30]	WRITE
10005d7a	doexit	Stack[-0x34]	READ
10005d7d	doexit	10005d2a	UNCONDITIONAL_JUMP
10005d7f	doexit	1000b138	DATA
10005d7f	doexit	Stack[-0x20]	WRITE
10005d86	doexit	1000b13c	DATA
10005d86	doexit	Stack[-0x20]	READ
10005d8d	doexit	10005da0	CONDITIONAL_JUMP
10005d8f	doexit	Stack[-0x20]	READ
10005d92	doexit	1000b138	READ
10005d92	doexit	1000b13c	READ
10005d96	doexit	10005d9a	CONDITIONAL_JUMP
10005d9a	doexit	1000b13c	DATA
10005d9a	doexit	1000b140	DATA
10005d9a	doexit	Stack[-0x20]	READ_WRITE
10005d9e	doexit	10005d86	UNCONDITIONAL_JUMP
10005da0	doexit	1000b140	DATA
10005da0	doexit	Stack[-0x24]	WRITE
10005da7	doexit	1000b144	DATA
10005da7	doexit	Stack[-0x24]	READ
10005dae	doexit	10005dc1	CONDITIONAL_JUMP
10005db0	doexit	Stack[-0x24]	READ
10005db3	doexit	1000b140	READ
10005db3	doexit	1000b144	READ
10005db7	doexit	10005dbb	CONDITIONAL_JUMP
10005dbb	doexit	1000b144	DATA
10005dbb	doexit	1000b148	DATA
10005dbb	doexit	Stack[-0x24]	READ_WRITE
10005dbf	doexit	10005da7	UNCONDITIONAL_JUMP
10005dc1	doexit	Stack[-0x8]	WRITE
10005dc8	doexit	10005ded	UNCONDITIONAL_CALL
10005dcd	doexit	Stack[0xc]	READ
10005dd1	doexit	10005dfc	CONDITIONAL_JUMP
10005dd3	doexit	1001008c	WRITE
10005ddf	doexit	1000746a	UNCONDITIONAL_CALL
10005de5	doexit	Stack[0x4]	READ
10005de8	doexit	10005baa	UNCONDITIONAL_CALL
10005df1	FUN_10005ded	10005dfb	CONDITIONAL_JUMP
10005df5	FUN_10005ded	1000746a	UNCONDITIONAL_CALL
10005dfc	doexit	10006e45	UNCONDITIONAL_CALL
10005e0b	__exit	Stack[0x4]	READ
10005e0e	__exit	10005cc2	UNCONDITIONAL_CALL
10005e1e	__cexit	10005cc2	UNCONDITIONAL_CALL
10005e2c	__amsg_exit	1000601a	UNCONDITIONAL_CALL
10005e31	__amsg_exit	Stack[0x4]	READ
10005e34	__amsg_exit	10005e6b	UNCONDITIONAL_CALL
10005e3f	__amsg_exit	10005e02	UNCONDITIONAL_CALL
10005e4c	__GET_RTERRMSG	Stack[0x4]	READ
10005e4f	__GET_RTERRMSG	1000baa8	READ
10005e4f	__GET_RTERRMSG	1000bab0	READ
10005e56	__GET_RTERRMSG	10005e62	CONDITIONAL_JUMP
10005e5c	__GET_RTERRMSG	10005e4c	CONDITIONAL_JUMP
10005e62	__GET_RTERRMSG	1000bab4	READ
10005e62	__GET_RTERRMSG	1000b9f0	DATA
10005e76	__NMSG_WRITE	1000f080	READ
10005e7d	__NMSG_WRITE	Stack[-0x8]	WRITE
10005e82	__NMSG_WRITE	Stack[0x4]	READ
10005e87	__NMSG_WRITE	10005e45	UNCONDITIONAL_CALL
10005e91	__NMSG_WRITE	Stack[-0x200]	WRITE
10005e99	__NMSG_WRITE	1000600b	CONDITIONAL_JUMP
10005ea1	__NMSG_WRITE	10007e18	UNCONDITIONAL_CALL
10005eaa	__NMSG_WRITE	10005fb7	CONDITIONAL_JUMP
10005eb2	__NMSG_WRITE	10007e18	UNCONDITIONAL_CALL
10005eba	__NMSG_WRITE	10005ec9	CONDITIONAL_JUMP
10005ebc	__NMSG_WRITE	1000fd20	READ
10005ec3	__NMSG_WRITE	10005fb7	CONDITIONAL_JUMP
10005ecf	__NMSG_WRITE	1000600b	CONDITIONAL_JUMP
10005ed5	__NMSG_WRITE	1000bbe4	DATA
10005edf	__NMSG_WRITE	10010090	DATA
10005ee4	__NMSG_WRITE	10010090	DATA
10005ee5	__NMSG_WRITE	10007db5	UNCONDITIONAL_CALL
10005eef	__NMSG_WRITE	10005fad	CONDITIONAL_JUMP
10005efa	__NMSG_WRITE	100100c2	DATA
10005eff	__NMSG_WRITE	100100c2	DATA
10005f01	__NMSG_WRITE	100102ca	WRITE
10005f07	__NMSG_WRITE	1000b088	READ
10005f07	__NMSG_WRITE	EXTERNAL:00000026	COMPUTED_CALL
10005f14	__NMSG_WRITE	10005f35	CONDITIONAL_JUMP
10005f16	__NMSG_WRITE	1000bbb4	DATA
10005f1c	__NMSG_WRITE	100100c2	DATA
10005f1d	__NMSG_WRITE	10007db5	UNCONDITIONAL_CALL
10005f27	__NMSG_WRITE	10005f35	CONDITIONAL_JUMP
10005f30	__NMSG_WRITE	10007334	UNCONDITIONAL_CALL
10005f35	__NMSG_WRITE	100100c2	DATA
10005f36	__NMSG_WRITE	10007d9a	UNCONDITIONAL_CALL
10005f40	__NMSG_WRITE	10005f6c	CONDITIONAL_JUMP
10005f42	__NMSG_WRITE	100100c2	DATA
10005f43	__NMSG_WRITE	10007d9a	UNCONDITIONAL_CALL
10005f48	__NMSG_WRITE	1001004c	DATA
10005f57	__NMSG_WRITE	1000bbac	DATA
10005f60	__NMSG_WRITE	10007ccd	UNCONDITIONAL_CALL
10005f6a	__NMSG_WRITE	10005f29	CONDITIONAL_JUMP
10005f6c	__NMSG_WRITE	1000bba4	DATA
10005f77	__NMSG_WRITE	10010090	DATA
10005f78	__NMSG_WRITE	10007c58	UNCONDITIONAL_CALL
10005f82	__NMSG_WRITE	10005f29	CONDITIONAL_JUMP
10005f84	__NMSG_WRITE	Stack[-0x200]	READ
10005f8b	__NMSG_WRITE	10010090	DATA
10005f8c	__NMSG_WRITE	10007c58	UNCONDITIONAL_CALL
10005f96	__NMSG_WRITE	10005f29	CONDITIONAL_JUMP
10005f9d	__NMSG_WRITE	1000bb58	DATA
10005fa2	__NMSG_WRITE	10010090	DATA
10005fa3	__NMSG_WRITE	10007aec	UNCONDITIONAL_CALL
10005fab	__NMSG_WRITE	1000600b	UNCONDITIONAL_JUMP
10005fb2	__NMSG_WRITE	10005f30	UNCONDITIONAL_JUMP
10005fb9	__NMSG_WRITE	1000b084	READ
10005fb9	__NMSG_WRITE	EXTERNAL:00000025	COMPUTED_CALL
10005fc3	__NMSG_WRITE	1000600b	CONDITIONAL_JUMP
10005fc8	__NMSG_WRITE	1000600b	CONDITIONAL_JUMP
10005fcf	__NMSG_WRITE	Stack[-0x1fb]	DATA
10005fda	__NMSG_WRITE	10005fe4	CONDITIONAL_JUMP
10005fe2	__NMSG_WRITE	10005fcc	CONDITIONAL_JUMP
10005fe5	__NMSG_WRITE	Stack[-0x200]	DATA
10005fec	__NMSG_WRITE	Stack[-0x1fc]	DATA
10005ff3	__NMSG_WRITE	Stack[-0x9]	WRITE
10005ff6	__NMSG_WRITE	100056f0	UNCONDITIONAL_CALL
10005ffd	__NMSG_WRITE	Stack[-0x1fc]	DATA
10006005	__NMSG_WRITE	1000b020	READ
10006005	__NMSG_WRITE	EXTERNAL:0000000c	COMPUTED_CALL
1000600b	__NMSG_WRITE	Stack[-0x8]	READ
10006013	__NMSG_WRITE	10004bba	UNCONDITIONAL_CALL
1000601c	__FF_MSGBANNER	10007e18	UNCONDITIONAL_CALL
10006025	__FF_MSGBANNER	1000603c	CONDITIONAL_JUMP
10006029	__FF_MSGBANNER	10007e18	UNCONDITIONAL_CALL
10006031	__FF_MSGBANNER	10006052	CONDITIONAL_JUMP
10006033	__FF_MSGBANNER	1000fd20	READ
1000603a	__FF_MSGBANNER	10006052	CONDITIONAL_JUMP
10006041	__FF_MSGBANNER	10005e6b	UNCONDITIONAL_CALL
1000604b	__FF_MSGBANNER	10005e6b	UNCONDITIONAL_CALL
1000607c	FUN_10006076	Stack[0x4]	READ
10006086	FUN_10006076	1000609d	CONDITIONAL_JUMP
1000608f	FUN_10006076	10006060	CONDITIONAL_JUMP
10006093	FUN_10006076	100060e6	CONDITIONAL_JUMP
1000609b	FUN_10006076	10006088	CONDITIONAL_JUMP
100060cc	FUN_10006076	100060ea	CONDITIONAL_JUMP
100060d3	FUN_10006076	100060a8	CONDITIONAL_JUMP
100060da	FUN_10006076	100060e4	CONDITIONAL_JUMP
100060e2	FUN_10006076	100060a8	CONDITIONAL_JUMP
100060ef	FUN_10006076	10006127	CONDITIONAL_JUMP
100060f3	FUN_10006076	100060e4	CONDITIONAL_JUMP
100060f7	FUN_10006076	10006120	CONDITIONAL_JUMP
100060fb	FUN_10006076	100060e4	CONDITIONAL_JUMP
10006102	FUN_10006076	10006119	CONDITIONAL_JUMP
10006106	FUN_10006076	100060e4	CONDITIONAL_JUMP
1000610a	FUN_10006076	10006112	CONDITIONAL_JUMP
1000610e	FUN_10006076	100060e4	CONDITIONAL_JUMP
10006110	FUN_10006076	100060a8	UNCONDITIONAL_JUMP
1000612e	_abort	100077bc	UNCONDITIONAL_CALL
10006135	_abort	1000613f	CONDITIONAL_JUMP
10006139	_abort	100077c9	UNCONDITIONAL_CALL
1000613f	_abort	1000f200	READ
10006146	_abort	10006159	CONDITIONAL_JUMP
10006151	_abort	1000720b	UNCONDITIONAL_CALL
1000615b	_abort	10005e02	UNCONDITIONAL_CALL
10006166	__set_abort_behavior	Stack[0x8]	READ
10006169	__set_abort_behavior	1000f200	READ
1000616e	__set_abort_behavior	Stack[0x4]	READ
10006171	__set_abort_behavior	Stack[0x8]	READ
1000617a	__set_abort_behavior	1000f200	WRITE
10006187	FUN_10006182	Stack[0x4]	READ
1000618a	FUN_10006182	100106bc	WRITE
10006193	FUN_10006191	1000b048	READ
10006193	FUN_10006191	EXTERNAL:00000016	COMPUTED_CALL
1000619a		1000b00c	READ
1000619a		EXTERNAL:00000007	COMPUTED_CALL
100061a6	___set_flsgetvalue	1000f208	READ
100061ac	___set_flsgetvalue	1000b08c	READ
100061ac	___set_flsgetvalue	EXTERNAL:00000027	COMPUTED_CALL
100061b6	___set_flsgetvalue	100061d3	CONDITIONAL_JUMP
100061b8	___set_flsgetvalue	100106c4	READ
100061be	___set_flsgetvalue	1000b044	READ
100061be	___set_flsgetvalue	EXTERNAL:00000015	COMPUTED_CALL
100061c7	___set_flsgetvalue	1000f208	READ
100061cd	___set_flsgetvalue	1000b090	READ
100061cd	___set_flsgetvalue	EXTERNAL:00000028	COMPUTED_CALL
100061d7	__mtterm	1000f204	READ
100061df	__mtterm	100061f7	CONDITIONAL_JUMP
100061e2	__mtterm	100106cc	READ
100061e8	__mtterm	1000b044	READ
100061e8	__mtterm	EXTERNAL:00000015	COMPUTED_CALL
100061f0	__mtterm	1000f204	READ_WRITE
100061f7	__mtterm	1000f208	READ
100061ff	__mtterm	1000620f	CONDITIONAL_JUMP
10006202	__mtterm	1000b094	READ
10006202	__mtterm	EXTERNAL:00000029	COMPUTED_CALL
10006208	__mtterm	1000f208	READ_WRITE
1000620f	__mtterm	10007413	UNCONDITIONAL_CALL
10006216	__initptd	1000dbc0	DATA
1000621b	__initptd	10006e00	UNCONDITIONAL_CALL
10006220	__initptd	1000bc18	DATA
10006225	__initptd	1000b07c	READ
10006225	__initptd	EXTERNAL:00000023	COMPUTED_CALL
1000622b	__initptd	Stack[0x4]	READ
1000622e	__initptd	1000bc60	DATA
10006250	__initptd	1000f5e8	DATA
10006259	__initptd	10007543	UNCONDITIONAL_CALL
1000625f	__initptd	Stack[-0x8]	READ_WRITE
10006263	__initptd	1000f5e8	DATA
10006266	__initptd	1000b098	READ
10006266	__initptd	EXTERNAL:0000002a	COMPUTED_CALL
1000626c	__initptd	Stack[-0x8]	WRITE
10006273	__initptd	100062b6	UNCONDITIONAL_CALL
1000627a	__initptd	10007543	UNCONDITIONAL_CALL
10006280	__initptd	Stack[-0x8]	WRITE
10006283	__initptd	Stack[0x8]	READ
1000628b	__initptd	10006295	CONDITIONAL_JUMP
1000628d	__initptd	1000f5e0	READ
10006292	__initptd	1000f508	DATA
10006295	__initptd	1000f508	DATA
10006298	__initptd	10007efe	UNCONDITIONAL_CALL
1000629e	__initptd	Stack[-0x8]	WRITE
100062a5	__initptd	100062bf	UNCONDITIONAL_CALL
100062aa	__initptd	10006e45	UNCONDITIONAL_CALL
100062b8	FUN_100062b6	1000746a	UNCONDITIONAL_CALL
100062c1	FUN_100062bf	1000746a	UNCONDITIONAL_CALL
100062cc	__getptd_noexit	1000b010	READ
100062cc	__getptd_noexit	EXTERNAL:00000008	COMPUTED_CALL
100062d2	__getptd_noexit	1000f204	READ
100062da	__getptd_noexit	100061a3	UNCONDITIONAL_CALL
100062e5	__getptd_noexit	10006335	CONDITIONAL_JUMP
100062ee	__getptd_noexit	100066b8	UNCONDITIONAL_CALL
100062f9	__getptd_noexit	10006335	CONDITIONAL_JUMP
100062fc	__getptd_noexit	1000f204	READ
10006302	__getptd_noexit	100106c8	READ
10006308	__getptd_noexit	1000b044	READ
10006308	__getptd_noexit	EXTERNAL:00000015	COMPUTED_CALL
10006312	__getptd_noexit	1000632c	CONDITIONAL_JUMP
10006317	__getptd_noexit	10006214	UNCONDITIONAL_CALL
1000631e	__getptd_noexit	1000b04c	READ
1000631e	__getptd_noexit	EXTERNAL:00000017	COMPUTED_CALL
1000632a	__getptd_noexit	10006335	UNCONDITIONAL_JUMP
1000632d	__getptd_noexit	10005142	UNCONDITIONAL_CALL
10006336	__getptd_noexit	1000b09c	READ
10006336	__getptd_noexit	EXTERNAL:0000002b	COMPUTED_CALL
10006344	__getptd	100062c8	UNCONDITIONAL_CALL
1000634d	__getptd	10006357	CONDITIONAL_JUMP
10006351	__getptd	10005e27	UNCONDITIONAL_CALL
1000635d	__freefls@4	1000dbe8	DATA
10006362	__freefls@4	10006e00	UNCONDITIONAL_CALL
10006367	__freefls@4	Stack[0x4]	READ
1000636c	__freefls@4	1000646a	CONDITIONAL_JUMP
10006377	__freefls@4	10006380	CONDITIONAL_JUMP
1000637a	__freefls@4	10005142	UNCONDITIONAL_CALL
10006385	__freefls@4	1000638e	CONDITIONAL_JUMP
10006388	__freefls@4	10005142	UNCONDITIONAL_CALL
10006393	__freefls@4	1000639c	CONDITIONAL_JUMP
10006396	__freefls@4	10005142	UNCONDITIONAL_CALL
100063a1	__freefls@4	100063aa	CONDITIONAL_JUMP
100063a4	__freefls@4	10005142	UNCONDITIONAL_CALL
100063af	__freefls@4	100063b8	CONDITIONAL_JUMP
100063b2	__freefls@4	10005142	UNCONDITIONAL_CALL
100063bd	__freefls@4	100063c6	CONDITIONAL_JUMP
100063c0	__freefls@4	10005142	UNCONDITIONAL_CALL
100063cb	__freefls@4	100063d4	CONDITIONAL_JUMP
100063ce	__freefls@4	10005142	UNCONDITIONAL_CALL
100063d7	__freefls@4	1000bc60	DATA
100063dc	__freefls@4	100063e5	CONDITIONAL_JUMP
100063df	__freefls@4	10005142	UNCONDITIONAL_CALL
100063e7	__freefls@4	10007543	UNCONDITIONAL_CALL
100063ed	__freefls@4	Stack[-0x8]	READ_WRITE
100063f6	__freefls@4	10006412	CONDITIONAL_JUMP
100063f9	__freefls@4	1000b0a0	READ
100063f9	__freefls@4	EXTERNAL:0000002c	COMPUTED_CALL
10006401	__freefls@4	10006412	CONDITIONAL_JUMP
10006403	__freefls@4	1000f5e8	DATA
10006409	__freefls@4	10006412	CONDITIONAL_JUMP
1000640c	__freefls@4	10005142	UNCONDITIONAL_CALL
10006412	__freefls@4	Stack[-0x8]	WRITE
10006419	__freefls@4	10006475	UNCONDITIONAL_CALL
10006420	__freefls@4	10007543	UNCONDITIONAL_CALL
10006426	__freefls@4	Stack[-0x8]	WRITE
10006432	__freefls@4	10006457	CONDITIONAL_JUMP
10006435	__freefls@4	10007f8d	UNCONDITIONAL_CALL
1000643b	__freefls@4	1000f5e0	READ
10006441	__freefls@4	10006457	CONDITIONAL_JUMP
10006443	__freefls@4	1000f508	DATA
10006449	__freefls@4	10006457	CONDITIONAL_JUMP
1000644e	__freefls@4	10006457	CONDITIONAL_JUMP
10006451	__freefls@4	10008026	UNCONDITIONAL_CALL
10006457	__freefls@4	Stack[-0x8]	WRITE
1000645e	__freefls@4	10006481	UNCONDITIONAL_CALL
10006464	__freefls@4	10005142	UNCONDITIONAL_CALL
1000646a	__freefls@4	10006e45	UNCONDITIONAL_CALL
10006477	FUN_10006475	1000746a	UNCONDITIONAL_CALL
10006483	FUN_10006481	1000746a	UNCONDITIONAL_CALL
1000648f	__freeptd	1000f204	READ
10006496	__freeptd	100064e3	CONDITIONAL_JUMP
10006498	__freeptd	Stack[0x4]	READ
1000649c	__freeptd	100064c5	CONDITIONAL_JUMP
1000649f	__freeptd	1000f208	READ
100064a5	__freeptd	1000b08c	READ
100064ab	__freeptd	EXTERNAL:00000027	COMPUTED_CALL
100064af	__freeptd	100064c4	CONDITIONAL_JUMP
100064b1	__freeptd	1000f204	READ
100064b7	__freeptd	1000f208	READ
100064bd	__freeptd	EXTERNAL:00000027	COMPUTED_CALL
100064c1	__freeptd	Stack[0x4]	WRITE
100064c7	__freeptd	1000f204	READ
100064cd	__freeptd	100106c8	READ
100064d3	__freeptd	1000b044	READ
100064d3	__freeptd	EXTERNAL:00000015	COMPUTED_CALL
100064db	__freeptd	Stack[0x4]	READ
100064de	__freeptd	1000635b	UNCONDITIONAL_CALL
100064e3	__freeptd	1000f208	READ
100064eb	__freeptd	100064f6	CONDITIONAL_JUMP
100064f0	__freeptd	1000b090	READ
100064f0	__freeptd	EXTERNAL:00000028	COMPUTED_CALL
100064fb	__mtinit	1000bc18	DATA
10006500	__mtinit	1000b07c	READ
10006500	__mtinit	EXTERNAL:00000023	COMPUTED_CALL
1000650a	__mtinit	10006515	CONDITIONAL_JUMP
1000650c	__mtinit	100061d7	UNCONDITIONAL_CALL
10006516	__mtinit	1000b078	READ
1000651c	__mtinit	1000bc54	DATA
10006522	__mtinit	EXTERNAL:00000022	COMPUTED_CALL
10006524	__mtinit	1000bc48	DATA
1000652a	__mtinit	100106c0	WRITE
1000652f	__mtinit	EXTERNAL:00000022	COMPUTED_CALL
10006531	__mtinit	1000bc3c	DATA
10006537	__mtinit	100106c4	WRITE
1000653c	__mtinit	EXTERNAL:00000022	COMPUTED_CALL
1000653e	__mtinit	1000bc34	DATA
10006544	__mtinit	100106c8	WRITE
10006549	__mtinit	EXTERNAL:00000022	COMPUTED_CALL
1000654b	__mtinit	100106c0	READ
10006552	__mtinit	1000b090	READ
10006558	__mtinit	100106cc	WRITE
1000655d	__mtinit	10006575	CONDITIONAL_JUMP
1000655f	__mtinit	100106c4	READ
10006566	__mtinit	10006575	CONDITIONAL_JUMP
10006568	__mtinit	100106c8	READ
1000656f	__mtinit	10006575	CONDITIONAL_JUMP
10006573	__mtinit	10006599	CONDITIONAL_JUMP
10006575	__mtinit	1000b08c	READ
1000657a	__mtinit	100106c4	WRITE
1000657f	__mtinit	1000b094	READ
10006584	__mtinit	100106c0	WRITE
10006584	__mtinit	1000619a	DATA
1000658e	__mtinit	100106c8	WRITE
10006594	__mtinit	100106cc	WRITE
10006599	__mtinit	1000b00c	READ
10006599	__mtinit	EXTERNAL:00000007	COMPUTED_CALL
1000659f	__mtinit	1000f208	WRITE
100065a7	__mtinit	1000666e	CONDITIONAL_JUMP
100065ad	__mtinit	100106c4	READ
100065b4	__mtinit	EXTERNAL:00000028	COMPUTED_CALL
100065b8	__mtinit	1000666e	CONDITIONAL_JUMP
100065be	__mtinit	10005bd4	UNCONDITIONAL_CALL
100065c3	__mtinit	100106c0	READ
100065c3	__mtinit	1000619a	DATA
100065c9	__mtinit	1000b048	READ
100065cf	__mtinit	EXTERNAL:00000016	COMPUTED_CALL
100065d1	__mtinit	100106c4	READ
100065d7	__mtinit	100106c0	WRITE
100065dc	__mtinit	EXTERNAL:00000016	COMPUTED_CALL
100065de	__mtinit	100106c8	READ
100065e4	__mtinit	100106c4	WRITE
100065e9	__mtinit	EXTERNAL:00000016	COMPUTED_CALL
100065eb	__mtinit	100106cc	READ
100065f1	__mtinit	100106c8	WRITE
100065f6	__mtinit	EXTERNAL:00000016	COMPUTED_CALL
100065f8	__mtinit	100106cc	WRITE
100065fd	__mtinit	100073c9	UNCONDITIONAL_CALL
10006604	__mtinit	10006669	CONDITIONAL_JUMP
10006606	__mtinit	1000b044	READ
1000660c	__mtinit	1000635b	DATA
10006611	__mtinit	100106c0	READ
10006617	__mtinit	EXTERNAL:00000015	COMPUTED_CALL
1000661b	__mtinit	1000f204	WRITE
10006623	__mtinit	10006669	CONDITIONAL_JUMP
1000662c	__mtinit	100066b8	UNCONDITIONAL_CALL
10006637	__mtinit	10006669	CONDITIONAL_JUMP
1000663a	__mtinit	1000f204	READ
10006640	__mtinit	100106c8	READ
10006646	__mtinit	EXTERNAL:00000015	COMPUTED_CALL
1000664c	__mtinit	10006669	CONDITIONAL_JUMP
10006651	__mtinit	10006214	UNCONDITIONAL_CALL
10006658	__mtinit	1000b04c	READ
10006658	__mtinit	EXTERNAL:00000017	COMPUTED_CALL
10006667	__mtinit	10006670	UNCONDITIONAL_JUMP
10006669	__mtinit	100061d7	UNCONDITIONAL_CALL
1000667c	__malloc_crt	Stack[0x4]	READ
1000667f	__malloc_crt	1000517c	UNCONDITIONAL_CALL
10006689	__malloc_crt	100066b2	CONDITIONAL_JUMP
1000668b	__malloc_crt	100106d0	READ
10006691	__malloc_crt	100066b2	CONDITIONAL_JUMP
10006694	__malloc_crt	1000b028	READ
10006694	__malloc_crt	EXTERNAL:0000000e	COMPUTED_CALL
100066a0	__malloc_crt	100106d0	READ
100066a6	__malloc_crt	100066ab	CONDITIONAL_JUMP
100066b0	__malloc_crt	1000667c	CONDITIONAL_JUMP
100066c3	__calloc_crt	Stack[0x8]	READ
100066c6	__calloc_crt	Stack[0x4]	READ
100066c9	__calloc_crt	1000891b	UNCONDITIONAL_CALL
100066d5	__calloc_crt	100066fe	CONDITIONAL_JUMP
100066d7	__calloc_crt	100106d0	READ
100066dd	__calloc_crt	100066fe	CONDITIONAL_JUMP
100066e0	__calloc_crt	1000b028	READ
100066e0	__calloc_crt	EXTERNAL:0000000e	COMPUTED_CALL
100066ec	__calloc_crt	100106d0	READ
100066f2	__calloc_crt	100066f7	CONDITIONAL_JUMP
100066fc	__calloc_crt	100066c1	CONDITIONAL_JUMP
1000670d	__realloc_crt	Stack[0x8]	READ
10006710	__realloc_crt	Stack[0x4]	READ
10006713	__realloc_crt	1000899d	UNCONDITIONAL_CALL
1000671e	__realloc_crt	1000674c	CONDITIONAL_JUMP
10006720	__realloc_crt	Stack[0x8]	READ
10006723	__realloc_crt	1000674c	CONDITIONAL_JUMP
10006725	__realloc_crt	100106d0	READ
1000672b	__realloc_crt	1000674c	CONDITIONAL_JUMP
1000672e	__realloc_crt	1000b028	READ
1000672e	__realloc_crt	EXTERNAL:0000000e	COMPUTED_CALL
1000673a	__realloc_crt	100106d0	READ
10006740	__realloc_crt	10006745	CONDITIONAL_JUMP
1000674a	__realloc_crt	1000670d	CONDITIONAL_JUMP
1000675b	__ioinit	Stack[-0x50]	DATA
1000675f	__ioinit	1000b0b0	READ
1000675f	__ioinit	EXTERNAL:00000030	COMPUTED_CALL
1000676b	__ioinit	100066b8	UNCONDITIONAL_CALL
10006776	__ioinit	10006780	CONDITIONAL_JUMP
1000677b	__ioinit	1000698f	UNCONDITIONAL_JUMP
10006786	__ioinit	10010de0	WRITE
1000678b	__ioinit	10010dc4	WRITE
10006793	__ioinit	100067cb	CONDITIONAL_JUMP
100067b5	__ioinit	10010de0	READ
100067c9	__ioinit	10006798	CONDITIONAL_JUMP
100067cd	__ioinit	Stack[-0x1e]	READ
100067d1	__ioinit	100068e5	CONDITIONAL_JUMP
100067d7	__ioinit	Stack[-0x1c]	READ
100067dc	__ioinit	100068e5	CONDITIONAL_JUMP
100067e7	__ioinit	Stack[-0x8]	WRITE
100067f1	__ioinit	Stack[-0xc]	WRITE
100067f6	__ioinit	100067fa	CONDITIONAL_JUMP
100067fa	__ioinit	10010dc4	READ
10006800	__ioinit	1000686d	CONDITIONAL_JUMP
10006802	__ioinit	10010de4	DATA
1000680b	__ioinit	100066b8	UNCONDITIONAL_CALL
10006814	__ioinit	10006867	CONDITIONAL_JUMP
10006816	__ioinit	10010dc4	READ_WRITE
10006823	__ioinit	10010de4	WRITE
10006827	__ioinit	1000685a	CONDITIONAL_JUMP
1000684c	__ioinit	10010de4	READ
10006858	__ioinit	1000682c	CONDITIONAL_JUMP
1000685d	__ioinit	10010dc4	READ
10006863	__ioinit	10006807	CONDITIONAL_JUMP
10006865	__ioinit	1000686d	UNCONDITIONAL_JUMP
10006867	__ioinit	10010dc4	READ
10006871	__ioinit	100068e5	CONDITIONAL_JUMP
10006873	__ioinit	Stack[-0xc]	READ
1000687b	__ioinit	100068d9	CONDITIONAL_JUMP
10006880	__ioinit	100068d9	CONDITIONAL_JUMP
10006882	__ioinit	Stack[-0x8]	READ
1000688a	__ioinit	100068d9	CONDITIONAL_JUMP
1000688f	__ioinit	1000689c	CONDITIONAL_JUMP
10006892	__ioinit	1000b0ac	READ
10006892	__ioinit	EXTERNAL:0000002f	COMPUTED_CALL
1000689a	__ioinit	100068d9	CONDITIONAL_JUMP
100068a9	__ioinit	10010de0	READ
100068b0	__ioinit	Stack[-0xc]	READ
100068b7	__ioinit	Stack[-0x8]	READ
100068c8	__ioinit	1000b0a8	READ
100068c8	__ioinit	EXTERNAL:0000002e	COMPUTED_CALL
100068d0	__ioinit	10006992	CONDITIONAL_JUMP
100068d9	__ioinit	Stack[-0xc]	READ_WRITE
100068de	__ioinit	Stack[-0x8]	READ_WRITE
100068e3	__ioinit	10006873	CONDITIONAL_JUMP
100068ec	__ioinit	10010de0	READ
100068f7	__ioinit	10006904	CONDITIONAL_JUMP
100068fc	__ioinit	10006904	CONDITIONAL_JUMP
10006902	__ioinit	10006975	UNCONDITIONAL_JUMP
1000690a	__ioinit	10006911	CONDITIONAL_JUMP
1000690f	__ioinit	1000691b	UNCONDITIONAL_JUMP
1000691c	__ioinit	1000b084	READ
1000691c	__ioinit	EXTERNAL:00000025	COMPUTED_CALL
10006927	__ioinit	1000696b	CONDITIONAL_JUMP
1000692b	__ioinit	1000696b	CONDITIONAL_JUMP
1000692e	__ioinit	1000b0ac	READ
1000692e	__ioinit	EXTERNAL:0000002f	COMPUTED_CALL
10006936	__ioinit	1000696b	CONDITIONAL_JUMP
10006942	__ioinit	1000694a	CONDITIONAL_JUMP
10006948	__ioinit	10006953	UNCONDITIONAL_JUMP
1000694d	__ioinit	10006953	CONDITIONAL_JUMP
1000695c	__ioinit	1000b0a8	READ
1000695c	__ioinit	EXTERNAL:0000002e	COMPUTED_CALL
10006964	__ioinit	10006992	CONDITIONAL_JUMP
10006969	__ioinit	10006975	UNCONDITIONAL_JUMP
10006979	__ioinit	100068e7	CONDITIONAL_JUMP
1000697f	__ioinit	10010dc4	READ
10006985	__ioinit	1000b0a4	READ
10006985	__ioinit	EXTERNAL:0000002d	COMPUTED_CALL
10006995	__ioinit	1000698d	UNCONDITIONAL_JUMP
1000699b	__ioterm	10010de0	DATA
100069a0	__ioterm	10010de0	READ
100069a0	__ioterm	10010de4	READ
100069a4	__ioterm	100069dc	CONDITIONAL_JUMP
100069ae	__ioterm	100069d1	CONDITIONAL_JUMP
100069b7	__ioterm	100069c0	CONDITIONAL_JUMP
100069ba	__ioterm	1000b0b4	READ
100069ba	__ioterm	EXTERNAL:00000031	COMPUTED_CALL
100069c0	__ioterm	10010de0	READ
100069c0	__ioterm	10010de4	READ
100069cf	__ioterm	100069b3	CONDITIONAL_JUMP
100069d1	__ioterm	10010de0	READ
100069d1	__ioterm	10010de4	READ
100069d3	__ioterm	10005142	UNCONDITIONAL_CALL
100069d8	__ioterm	10010de0	READ_WRITE
100069df	__ioterm	10010ee0	DATA
100069e5	__ioterm	100069a0	CONDITIONAL_JUMP
100069ea	__setenvp	10010eec	READ
100069f1	__setenvp	100069f8	CONDITIONAL_JUMP
100069f3	__setenvp	100088fd	UNCONDITIONAL_CALL
100069f9	__setenvp	1000fd14	READ
10006a04	__setenvp	10006a1e	CONDITIONAL_JUMP
10006a09	__setenvp	10006a9f	UNCONDITIONAL_JUMP
10006a10	__setenvp	10006a13	CONDITIONAL_JUMP
10006a14	__setenvp	100056f0	UNCONDITIONAL_CALL
10006a22	__setenvp	10006a0e	CONDITIONAL_JUMP
10006a28	__setenvp	100066b8	UNCONDITIONAL_CALL
10006a31	__setenvp	1001006c	WRITE
10006a39	__setenvp	10006a06	CONDITIONAL_JUMP
10006a3b	__setenvp	1000fd14	READ
10006a42	__setenvp	10006a77	UNCONDITIONAL_JUMP
10006a45	__setenvp	100056f0	UNCONDITIONAL_CALL
10006a51	__setenvp	10006a75	CONDITIONAL_JUMP
10006a56	__setenvp	100066b8	UNCONDITIONAL_CALL
10006a61	__setenvp	10006aa2	CONDITIONAL_JUMP
10006a66	__setenvp	1000568f	UNCONDITIONAL_CALL
10006a70	__setenvp	10006ab9	CONDITIONAL_JUMP
10006a7a	__setenvp	10006a44	CONDITIONAL_JUMP
10006a7c	__setenvp	1000fd14	READ
10006a82	__setenvp	10005142	UNCONDITIONAL_CALL
10006a87	__setenvp	1000fd14	READ_WRITE
10006a91	__setenvp	10010ee0	WRITE
10006aa2	__setenvp	1001006c	READ
10006aa8	__setenvp	10005142	UNCONDITIONAL_CALL
10006aad	__setenvp	1001006c	READ_WRITE
10006ab7	__setenvp	10006a9d	UNCONDITIONAL_JUMP
10006ac0	__setenvp	10007334	UNCONDITIONAL_CALL
10006acc	parse_cmdline	Stack[0xc]	READ
10006ad7	parse_cmdline	Stack[0x8]	READ
10006ae0	parse_cmdline	Stack[0x4]	READ
10006ae3	parse_cmdline	10006aee	CONDITIONAL_JUMP
10006ae5	parse_cmdline	Stack[0x4]	READ
10006ae8	parse_cmdline	Stack[0x4]	READ_WRITE
10006aee	parse_cmdline	Stack[-0x8]	WRITE
10006af4	parse_cmdline	10006b06	CONDITIONAL_JUMP
10006af8	parse_cmdline	Stack[-0x8]	READ
10006b01	parse_cmdline	Stack[-0x8]	WRITE
10006b04	parse_cmdline	10006b42	UNCONDITIONAL_JUMP
10006b0a	parse_cmdline	10006b14	CONDITIONAL_JUMP
10006b11	parse_cmdline	Stack[0x8]	WRITE
10006b1b	parse_cmdline	10008a9d	UNCONDITIONAL_CALL
10006b23	parse_cmdline	10006b38	CONDITIONAL_JUMP
10006b27	parse_cmdline	Stack[0x8]	READ
10006b2b	parse_cmdline	10006b37	CONDITIONAL_JUMP
10006b2d	parse_cmdline	Stack[0x8]	READ
10006b32	parse_cmdline	Stack[0x8]	READ_WRITE
10006b38	parse_cmdline	Stack[0x8]	READ
10006b3b	parse_cmdline	Stack[0xc]	READ
10006b40	parse_cmdline	10006b74	CONDITIONAL_JUMP
10006b42	parse_cmdline	Stack[-0x8]	READ
10006b46	parse_cmdline	10006af1	CONDITIONAL_JUMP
10006b4b	parse_cmdline	10006b52	CONDITIONAL_JUMP
10006b50	parse_cmdline	10006af1	CONDITIONAL_JUMP
10006b54	parse_cmdline	10006b5a	CONDITIONAL_JUMP
10006b5a	parse_cmdline	Stack[-0x8]	READ_WRITE
10006b61	parse_cmdline	10006c50	CONDITIONAL_JUMP
10006b6b	parse_cmdline	10006b71	CONDITIONAL_JUMP
10006b6f	parse_cmdline	10006b77	CONDITIONAL_JUMP
10006b72	parse_cmdline	10006b67	UNCONDITIONAL_JUMP
10006b75	parse_cmdline	10006b5a	UNCONDITIONAL_JUMP
10006b7a	parse_cmdline	10006c50	CONDITIONAL_JUMP
10006b80	parse_cmdline	Stack[0x4]	READ
10006b84	parse_cmdline	10006b8f	CONDITIONAL_JUMP
10006b86	parse_cmdline	Stack[0x4]	READ
10006b89	parse_cmdline	Stack[0x4]	READ_WRITE
10006b96	parse_cmdline	10006b9a	UNCONDITIONAL_JUMP
10006b9d	parse_cmdline	10006b98	CONDITIONAL_JUMP
10006ba2	parse_cmdline	10006bca	CONDITIONAL_JUMP
10006ba7	parse_cmdline	10006bc8	CONDITIONAL_JUMP
10006ba9	parse_cmdline	Stack[-0x8]	READ
10006bad	parse_cmdline	10006bbb	CONDITIONAL_JUMP
10006bb5	parse_cmdline	10006bbb	CONDITIONAL_JUMP
10006bb9	parse_cmdline	10006bc8	UNCONDITIONAL_JUMP
10006bbf	parse_cmdline	Stack[-0x8]	READ
10006bc5	parse_cmdline	Stack[-0x8]	WRITE
10006bcc	parse_cmdline	10006be0	CONDITIONAL_JUMP
10006bd1	parse_cmdline	10006bd7	CONDITIONAL_JUMP
10006bdb	parse_cmdline	10006bce	CONDITIONAL_JUMP
10006bdd	parse_cmdline	Stack[0x8]	WRITE
10006be4	parse_cmdline	10006c3b	CONDITIONAL_JUMP
10006be6	parse_cmdline	Stack[-0x8]	READ
10006bea	parse_cmdline	10006bf4	CONDITIONAL_JUMP
10006bee	parse_cmdline	10006c3b	CONDITIONAL_JUMP
10006bf2	parse_cmdline	10006c3b	CONDITIONAL_JUMP
10006bf6	parse_cmdline	10006c35	CONDITIONAL_JUMP
10006bfe	parse_cmdline	10006c23	CONDITIONAL_JUMP
10006c00	parse_cmdline	10008a9d	UNCONDITIONAL_CALL
10006c08	parse_cmdline	10006c17	CONDITIONAL_JUMP
10006c0c	parse_cmdline	Stack[0x8]	READ
10006c0f	parse_cmdline	Stack[0x8]	READ_WRITE
10006c17	parse_cmdline	Stack[0x8]	READ
10006c1c	parse_cmdline	Stack[0x8]	READ_WRITE
10006c21	parse_cmdline	10006c30	UNCONDITIONAL_JUMP
10006c23	parse_cmdline	10008a9d	UNCONDITIONAL_CALL
10006c2b	parse_cmdline	10006c30	CONDITIONAL_JUMP
10006c32	parse_cmdline	Stack[0x8]	READ
10006c36	parse_cmdline	10006b91	UNCONDITIONAL_JUMP
10006c3d	parse_cmdline	10006c46	CONDITIONAL_JUMP
10006c43	parse_cmdline	Stack[0x8]	WRITE
10006c48	parse_cmdline	Stack[0xc]	READ
10006c4b	parse_cmdline	10006b5e	UNCONDITIONAL_JUMP
10006c50	parse_cmdline	Stack[0x4]	READ
10006c57	parse_cmdline	10006c5c	CONDITIONAL_JUMP
10006c6d	__setargv	10010eec	READ
10006c73	__setargv	10006c7a	CONDITIONAL_JUMP
10006c75	__setargv	100088fd	UNCONDITIONAL_CALL
10006c7f	__setargv	100106d8	DATA
10006c84	__setargv	100106d8	DATA
10006c86	__setargv	100107dc	WRITE
10006c8c	__setargv	1000b0b8	READ
10006c8c	__setargv	EXTERNAL:00000032	COMPUTED_CALL
10006c92	__setargv	10010efc	READ
10006c97	__setargv	1001007c	WRITE
10006c9f	__setargv	10006ca8	CONDITIONAL_JUMP
10006ca1	__setargv	Stack[-0x8]	WRITE
10006ca6	__setargv	10006cab	CONDITIONAL_JUMP
10006ca8	__setargv	100106d8	DATA
10006ca8	__setargv	Stack[-0x8]	WRITE
10006cab	__setargv	Stack[-0x8]	READ
10006cae	__setargv	Stack[-0xc]	DATA
10006cb4	__setargv	Stack[-0x10]	DATA
10006cb7	__setargv	10006ac6	UNCONDITIONAL_CALL
10006cbc	__setargv	Stack[-0xc]	READ
10006cc7	__setargv	10006d13	CONDITIONAL_JUMP
10006cc9	__setargv	Stack[-0x10]	READ
10006ccf	__setargv	10006d13	CONDITIONAL_JUMP
10006cdb	__setargv	10006d13	CONDITIONAL_JUMP
10006cde	__setargv	10006673	UNCONDITIONAL_CALL
10006ce8	__setargv	10006d13	CONDITIONAL_JUMP
10006cea	__setargv	Stack[-0x8]	READ
10006ced	__setargv	Stack[-0xc]	DATA
10006cf5	__setargv	Stack[-0x10]	DATA
10006cf8	__setargv	10006ac6	UNCONDITIONAL_CALL
10006cfd	__setargv	Stack[-0xc]	READ
10006d04	__setargv	10010060	WRITE
10006d09	__setargv	10010064	WRITE
10006d11	__setargv	10006d16	UNCONDITIONAL_JUMP
10006d25	___crtGetEnvironmentStringsA	1000b0c4	READ
10006d25	___crtGetEnvironmentStringsA	EXTERNAL:00000035	COMPUTED_CALL
10006d31	___crtGetEnvironmentStringsA	10006d37	CONDITIONAL_JUMP
10006d35	___crtGetEnvironmentStringsA	10006dae	UNCONDITIONAL_JUMP
10006d3a	___crtGetEnvironmentStringsA	10006d4c	CONDITIONAL_JUMP
10006d42	___crtGetEnvironmentStringsA	10006d3c	CONDITIONAL_JUMP
10006d4a	___crtGetEnvironmentStringsA	10006d3c	CONDITIONAL_JUMP
10006d4d	___crtGetEnvironmentStringsA	1000b0c0	READ
10006d60	___crtGetEnvironmentStringsA	Stack[-0x10]	WRITE
10006d63	___crtGetEnvironmentStringsA	EXTERNAL:00000034	COMPUTED_CALL
10006d65	___crtGetEnvironmentStringsA	Stack[-0xc]	WRITE
10006d6a	___crtGetEnvironmentStringsA	10006da4	CONDITIONAL_JUMP
10006d6d	___crtGetEnvironmentStringsA	10006673	UNCONDITIONAL_CALL
10006d73	___crtGetEnvironmentStringsA	Stack[-0x8]	WRITE
10006d78	___crtGetEnvironmentStringsA	10006da4	CONDITIONAL_JUMP
10006d7c	___crtGetEnvironmentStringsA	Stack[-0xc]	READ
10006d80	___crtGetEnvironmentStringsA	Stack[-0x10]	READ
10006d86	___crtGetEnvironmentStringsA	EXTERNAL:00000034	COMPUTED_CALL
10006d8a	___crtGetEnvironmentStringsA	10006d98	CONDITIONAL_JUMP
10006d8c	___crtGetEnvironmentStringsA	Stack[-0x8]	READ
10006d8f	___crtGetEnvironmentStringsA	10005142	UNCONDITIONAL_CALL
10006d95	___crtGetEnvironmentStringsA	Stack[-0x8]	WRITE
10006d99	___crtGetEnvironmentStringsA	1000b0bc	READ
10006d99	___crtGetEnvironmentStringsA	EXTERNAL:00000033	COMPUTED_CALL
10006d9f	___crtGetEnvironmentStringsA	Stack[-0x8]	READ
10006da2	___crtGetEnvironmentStringsA	10006dad	UNCONDITIONAL_JUMP
10006da5	___crtGetEnvironmentStringsA	1000b0bc	READ
10006da5	___crtGetEnvironmentStringsA	EXTERNAL:00000033	COMPUTED_CALL
10006db5	__RTC_Initialize	1000da7c	DATA
10006dba	__RTC_Initialize	1000da7c	DATA
10006dc4	__RTC_Initialize	10006dd5	CONDITIONAL_JUMP
10006dc6	__RTC_Initialize	1000da7c	READ
10006dc6	__RTC_Initialize	1000da80	READ
10006dca	__RTC_Initialize	10006dce	CONDITIONAL_JUMP
10006dd3	__RTC_Initialize	10006dc6	CONDITIONAL_JUMP
10006ddb	FUN_10006dd8	1000da84	DATA
10006de0	FUN_10006dd8	1000da84	DATA
10006dea	FUN_10006dd8	10006dfb	CONDITIONAL_JUMP
10006dec	FUN_10006dd8	1000da84	READ
10006dec	FUN_10006dd8	1000da88	READ
10006df0	FUN_10006dd8	10006df4	CONDITIONAL_JUMP
10006df9	FUN_10006dd8	10006dec	CONDITIONAL_JUMP
10006e00	__SEH_prolog4	10006e60	DATA
10006e05	__SEH_prolog4	ffdff000	READ
10006e0c	__SEH_prolog4	Stack[0x8]	READ
10006e10	__SEH_prolog4	Stack[0x8]	WRITE
10006e14	__SEH_prolog4	Stack[0x8]	DATA
10006e1d	__SEH_prolog4	1000f080	READ
10006e22	__SEH_prolog4	Stack[0x4]	READ_WRITE
10006e28	__SEH_prolog4	Stack[-0x10]	WRITE
10006e2b	__SEH_prolog4	Stack[0x0]	READ
10006e2e	__SEH_prolog4	Stack[0x4]	READ
10006e31	__SEH_prolog4	Stack[0x4]	WRITE
10006e38	__SEH_prolog4	Stack[0x0]	WRITE
10006e3b	__SEH_prolog4	Stack[-0x8]	DATA
10006e3e	__SEH_prolog4	ffdff000	WRITE
10006e48	__SEH_epilog4	ffdff000	WRITE
10006e69	__except_handler4	Stack[0x8]	READ
10006e70	__except_handler4	1000f080	READ
10006e79	__except_handler4	Stack[-0x5]	WRITE
10006e7d	__except_handler4	Stack[-0x10]	WRITE
10006e8a	__except_handler4	10006e99	CONDITIONAL_JUMP
10006e94	__except_handler4	10004bba	UNCONDITIONAL_CALL
10006ea4	__except_handler4	10004bba	UNCONDITIONAL_CALL
10006ea9	__except_handler4	Stack[0x4]	READ
10006eb0	__except_handler4	10006fcf	CONDITIONAL_JUMP
10006eb6	__except_handler4	Stack[0xc]	READ
10006eb9	__except_handler4	Stack[-0x1c]	DATA
10006ec2	__except_handler4	Stack[-0x1c]	WRITE
10006ec5	__except_handler4	Stack[-0x18]	WRITE
10006ecb	__except_handler4	10006f2c	CONDITIONAL_JUMP
10006edb	__except_handler4	Stack[-0x14]	WRITE
10006ee0	__except_handler4	Stack[-0xc]	WRITE
10006ee5	__except_handler4	10006efb	CONDITIONAL_JUMP
10006ee9	__except_handler4	10007672	UNCONDITIONAL_CALL
10006eee	__except_handler4	Stack[-0x5]	WRITE
10006ef4	__except_handler4	10006f36	CONDITIONAL_JUMP
10006ef6	__except_handler4	10006f3f	CONDITIONAL_JUMP
10006ef8	__except_handler4	Stack[-0xc]	READ
10006f00	__except_handler4	10006ed0	CONDITIONAL_JUMP
10006f02	__except_handler4	Stack[-0x5]	READ
10006f06	__except_handler4	10006f2c	CONDITIONAL_JUMP
10006f0d	__except_handler4	10006f1c	CONDITIONAL_JUMP
10006f17	__except_handler4	10004bba	UNCONDITIONAL_CALL
10006f27	__except_handler4	10004bba	UNCONDITIONAL_CALL
10006f2c	__except_handler4	Stack[-0x10]	READ
10006f36	__except_handler4	Stack[-0x10]	WRITE
10006f3d	__except_handler4	10006f08	UNCONDITIONAL_JUMP
10006f3f	__except_handler4	Stack[0x4]	READ
10006f48	__except_handler4	10006f73	CONDITIONAL_JUMP
10006f4a	__except_handler4	1000d500	READ
10006f51	__except_handler4	10006f73	CONDITIONAL_JUMP
10006f53	__except_handler4	1000d500	DATA
10006f58	__except_handler4	10007a30	UNCONDITIONAL_CALL
10006f62	__except_handler4	10006f73	CONDITIONAL_JUMP
10006f64	__except_handler4	Stack[0x4]	READ
10006f6a	__except_handler4	1000d500	READ
10006f6a	__except_handler4	1000a0fd	COMPUTED_CALL
10006f73	__except_handler4	Stack[0x8]	READ
10006f76	__except_handler4	Stack[0x4]	READ
10006f79	__except_handler4	100076a2	UNCONDITIONAL_CALL
10006f7e	__except_handler4	Stack[0x8]	READ
10006f84	__except_handler4	10006f98	CONDITIONAL_JUMP
10006f86	__except_handler4	1000f080	DATA
10006f90	__except_handler4	100076bb	UNCONDITIONAL_CALL
10006f95	__except_handler4	Stack[0x8]	READ
10006f98	__except_handler4	Stack[-0xc]	READ
10006fa3	__except_handler4	10006fb2	CONDITIONAL_JUMP
10006fad	__except_handler4	10004bba	UNCONDITIONAL_CALL
10006fbd	__except_handler4	10004bba	UNCONDITIONAL_CALL
10006fc2	__except_handler4	Stack[-0x14]	READ
10006fca	__except_handler4	10007689	UNCONDITIONAL_CALL
10006fd7	__except_handler4	10006f2c	CONDITIONAL_JUMP
10006fdd	__except_handler4	1000f080	DATA
10006fe5	__except_handler4	100076bb	UNCONDITIONAL_CALL
10006fea	__except_handler4	10006f08	UNCONDITIONAL_JUMP
10006ff5	__XcptFilter	100062c8	UNCONDITIONAL_CALL
10006ffe	__XcptFilter	10007136	CONDITIONAL_JUMP
10007007	__XcptFilter	Stack[0x4]	READ
1000700f	__XcptFilter	1000701e	CONDITIONAL_JUMP
1000701c	__XcptFilter	1000700d	CONDITIONAL_JUMP
10007026	__XcptFilter	1000702c	CONDITIONAL_JUMP
1000702a	__XcptFilter	1000702e	CONDITIONAL_JUMP
10007030	__XcptFilter	10007039	CONDITIONAL_JUMP
10007037	__XcptFilter	10007040	CONDITIONAL_JUMP
1000703b	__XcptFilter	10007135	UNCONDITIONAL_JUMP
10007043	__XcptFilter	10007051	CONDITIONAL_JUMP
1000704c	__XcptFilter	10007135	UNCONDITIONAL_JUMP
10007054	__XcptFilter	10007132	CONDITIONAL_JUMP
1000705a	__XcptFilter	Stack[0x8]	READ
1000706a	__XcptFilter	10007126	CONDITIONAL_JUMP
10007084	__XcptFilter	10007073	CONDITIONAL_JUMP
10007090	__XcptFilter	1000709b	CONDITIONAL_JUMP
10007099	__XcptFilter	10007119	UNCONDITIONAL_JUMP
100070a0	__XcptFilter	100070ab	CONDITIONAL_JUMP
100070a9	__XcptFilter	10007119	UNCONDITIONAL_JUMP
100070b0	__XcptFilter	100070bb	CONDITIONAL_JUMP
100070b9	__XcptFilter	10007119	UNCONDITIONAL_JUMP
100070c0	__XcptFilter	100070cb	CONDITIONAL_JUMP
100070c9	__XcptFilter	10007119	UNCONDITIONAL_JUMP
100070d0	__XcptFilter	100070db	CONDITIONAL_JUMP
100070d9	__XcptFilter	10007119	UNCONDITIONAL_JUMP
100070e0	__XcptFilter	100070eb	CONDITIONAL_JUMP
100070e9	__XcptFilter	10007119	UNCONDITIONAL_JUMP
100070f0	__XcptFilter	100070fb	CONDITIONAL_JUMP
100070f9	__XcptFilter	10007119	UNCONDITIONAL_JUMP
10007100	__XcptFilter	1000710b	CONDITIONAL_JUMP
10007109	__XcptFilter	10007119	UNCONDITIONAL_JUMP
10007110	__XcptFilter	10007119	CONDITIONAL_JUMP
10007124	__XcptFilter	1000712d	UNCONDITIONAL_JUMP
10007143	___CppXcptFilter	Stack[0x4]	READ
10007146	___CppXcptFilter	10007155	CONDITIONAL_JUMP
10007148	___CppXcptFilter	Stack[0x8]	READ
1000714c	___CppXcptFilter	10006fef	UNCONDITIONAL_CALL
10007161	___security_init_cookie	1000f080	READ
10007166	___security_init_cookie	Stack[-0xc]	READ_WRITE
1000716a	___security_init_cookie	Stack[-0x8]	READ_WRITE
1000717c	___security_init_cookie	1000718b	CONDITIONAL_JUMP
10007180	___security_init_cookie	1000718b	CONDITIONAL_JUMP
10007184	___security_init_cookie	1000f084	WRITE
10007189	___security_init_cookie	100071f0	UNCONDITIONAL_JUMP
1000718c	___security_init_cookie	Stack[-0xc]	DATA
10007190	___security_init_cookie	1000b0d4	READ
10007190	___security_init_cookie	EXTERNAL:00000039	COMPUTED_CALL
10007196	___security_init_cookie	Stack[-0x8]	READ
10007199	___security_init_cookie	Stack[-0xc]	READ
1000719c	___security_init_cookie	1000b0d0	READ
1000719c	___security_init_cookie	EXTERNAL:00000038	COMPUTED_CALL
100071a4	___security_init_cookie	1000b04c	READ
100071a4	___security_init_cookie	EXTERNAL:00000017	COMPUTED_CALL
100071ac	___security_init_cookie	1000b0cc	READ
100071ac	___security_init_cookie	EXTERNAL:00000037	COMPUTED_CALL
100071b4	___security_init_cookie	Stack[-0x14]	DATA
100071b8	___security_init_cookie	1000b0c8	READ
100071b8	___security_init_cookie	EXTERNAL:00000036	COMPUTED_CALL
100071be	___security_init_cookie	Stack[-0x10]	READ
100071c1	___security_init_cookie	Stack[-0x14]	READ
100071c8	___security_init_cookie	100071d1	CONDITIONAL_JUMP
100071cf	___security_init_cookie	100071e1	UNCONDITIONAL_JUMP
100071d3	___security_init_cookie	100071e1	CONDITIONAL_JUMP
100071e1	___security_init_cookie	1000f080	WRITE
100071e9	___security_init_cookie	1000f084	WRITE
100071f4	FUN_100071f4	10010dc0	READ_WRITE
10007201	FUN_100071fc	Stack[0x4]	READ
10007204	FUN_100071fc	100107e0	WRITE
10007216	__call_reportfault	1000f080	READ
1000721d	__call_reportfault	Stack[-0x8]	WRITE
10007221	__call_reportfault	Stack[0x4]	READ
10007228	__call_reportfault	10007231	CONDITIONAL_JUMP
1000722b	__call_reportfault	100071f4	UNCONDITIONAL_CALL
10007231	__call_reportfault	Stack[-0x324]	READ_WRITE
1000723a	__call_reportfault	Stack[-0x320]	DATA
10007243	__call_reportfault	10008ac0	UNCONDITIONAL_CALL
10007248	__call_reportfault	Stack[-0x324]	DATA
1000724e	__call_reportfault	Stack[-0x32c]	WRITE
10007254	__call_reportfault	Stack[-0x2d4]	DATA
1000725d	__call_reportfault	Stack[-0x328]	WRITE
10007263	__call_reportfault	Stack[-0x224]	WRITE
10007269	__call_reportfault	Stack[-0x228]	WRITE
1000726f	__call_reportfault	Stack[-0x22c]	WRITE
10007275	__call_reportfault	Stack[-0x230]	WRITE
1000727b	__call_reportfault	Stack[-0x234]	WRITE
10007281	__call_reportfault	Stack[-0x238]	WRITE
10007287	__call_reportfault	Stack[-0x20c]	WRITE
1000728e	__call_reportfault	Stack[-0x218]	WRITE
10007295	__call_reportfault	Stack[-0x23c]	WRITE
1000729c	__call_reportfault	Stack[-0x240]	WRITE
100072a3	__call_reportfault	Stack[-0x244]	WRITE
100072aa	__call_reportfault	Stack[-0x248]	WRITE
100072b2	__call_reportfault	Stack[-0x214]	WRITE
100072b8	__call_reportfault	Stack[0x0]	READ
100072bb	__call_reportfault	Stack[0x0]	DATA
100072be	__call_reportfault	Stack[-0x210]	WRITE
100072c4	__call_reportfault	Stack[-0x2d4]	WRITE
100072ce	__call_reportfault	Stack[-0x21c]	WRITE
100072d4	__call_reportfault	Stack[-0x4]	READ
100072d7	__call_reportfault	Stack[-0x220]	WRITE
100072dd	__call_reportfault	Stack[0x8]	READ
100072e0	__call_reportfault	Stack[-0x324]	WRITE
100072e6	__call_reportfault	Stack[0xc]	READ
100072e9	__call_reportfault	Stack[-0x320]	WRITE
100072ef	__call_reportfault	Stack[-0x318]	WRITE
100072f5	__call_reportfault	1000b068	READ
100072f5	__call_reportfault	EXTERNAL:0000001e	COMPUTED_CALL
100072ff	__call_reportfault	1000b064	READ
100072ff	__call_reportfault	EXTERNAL:0000001d	COMPUTED_CALL
10007305	__call_reportfault	Stack[-0x32c]	DATA
1000730c	__call_reportfault	1000b060	READ
1000730c	__call_reportfault	EXTERNAL:0000001c	COMPUTED_CALL
10007314	__call_reportfault	10007326	CONDITIONAL_JUMP
10007318	__call_reportfault	10007326	CONDITIONAL_JUMP
1000731d	__call_reportfault	10007326	CONDITIONAL_JUMP
10007320	__call_reportfault	100071f4	UNCONDITIONAL_CALL
10007326	__call_reportfault	Stack[-0x8]	READ
1000732d	__call_reportfault	10004bba	UNCONDITIONAL_CALL
10007341	__invoke_watson	1000720b	UNCONDITIONAL_CALL
1000734a	__invoke_watson	1000b05c	READ
1000734a	__invoke_watson	EXTERNAL:0000001b	COMPUTED_CALL
10007351	__invoke_watson	1000b058	READ
10007351	__invoke_watson	EXTERNAL:0000001a	COMPUTED_CALL
1000735e	__invalid_parameter	100107e0	READ
10007364	__invalid_parameter	1000b044	READ
10007364	__invalid_parameter	EXTERNAL:00000015	COMPUTED_CALL
1000736c	__invalid_parameter	10007371	CONDITIONAL_JUMP
10007371	__invalid_parameter	Stack[0x14]	READ
10007374	__invalid_parameter	Stack[0x10]	READ
10007377	__invalid_parameter	Stack[0xc]	READ
1000737a	__invalid_parameter	Stack[0x8]	READ
1000737d	__invalid_parameter	Stack[0x4]	READ
10007380	__invalid_parameter	10007334	UNCONDITIONAL_CALL
1000738d	FUN_10007386	10007359	UNCONDITIONAL_CALL
1000739b	__msize	Stack[0x4]	READ
1000739f	__msize	100073b6	CONDITIONAL_JUMP
100073a1	__msize	10005b3a	UNCONDITIONAL_CALL
100073ac	__msize	10007386	UNCONDITIONAL_CALL
100073b6	__msize	Stack[0x4]	READ
100073bb	__msize	10010058	READ
100073c1	__msize	1000b0d8	READ
100073c1	__msize	EXTERNAL:0000003a	COMPUTED_CALL
100073cf	__mtinitlocks	100107e8	DATA
100073d4	__mtinitlocks	1000f254	READ
100073d4	__mtinitlocks	1000f25c	READ
100073dc	__mtinitlocks	100073fb	CONDITIONAL_JUMP
100073de	__mtinitlocks	1000f250	DATA
100073e5	__mtinitlocks	1000f250	WRITE
100073e5	__mtinitlocks	100107e8	DATA
100073e5	__mtinitlocks	1000f258	WRITE
100073e5	__mtinitlocks	10010800	DATA
100073ec	__mtinitlocks	1000f250	READ
100073ec	__mtinitlocks	100107e8	DATA
100073ec	__mtinitlocks	1000f258	READ
100073ec	__mtinitlocks	10010800	DATA
100073f1	__mtinitlocks	1000b0a8	READ
100073f1	__mtinitlocks	EXTERNAL:0000002e	COMPUTED_CALL
100073f9	__mtinitlocks	10007407	CONDITIONAL_JUMP
100073ff	__mtinitlocks	100073d4	CONDITIONAL_JUMP
10007407	__mtinitlocks	1000f250	READ_WRITE
10007411	__mtinitlocks	10007404	UNCONDITIONAL_JUMP
10007416	__mtdeletelocks	1000b0b4	READ
1000741d	__mtdeletelocks	1000f250	DATA
10007423	__mtdeletelocks	1000f250	READ
10007423	__mtdeletelocks	1000f258	READ
10007427	__mtdeletelocks	1000743c	CONDITIONAL_JUMP
10007429	__mtdeletelocks	1000f254	READ
10007429	__mtdeletelocks	1000f25c	READ
1000742d	__mtdeletelocks	1000743c	CONDITIONAL_JUMP
10007430	__mtdeletelocks	EXTERNAL:00000031	COMPUTED_CALL
10007433	__mtdeletelocks	10005142	UNCONDITIONAL_CALL
10007438	__mtdeletelocks	1000f258	READ_WRITE
1000743f	__mtdeletelocks	1000f370	DATA
10007445	__mtdeletelocks	10007423	CONDITIONAL_JUMP
10007447	__mtdeletelocks	1000f250	DATA
1000744d	__mtdeletelocks	1000f250	READ
1000744d	__mtdeletelocks	1000f258	READ
10007451	__mtdeletelocks	1000745c	CONDITIONAL_JUMP
10007453	__mtdeletelocks	1000f254	READ
10007453	__mtdeletelocks	1000f25c	READ
10007457	__mtdeletelocks	1000745c	CONDITIONAL_JUMP
1000745a	__mtdeletelocks	EXTERNAL:00000031	COMPUTED_CALL
1000745f	__mtdeletelocks	1000f370	DATA
10007465	__mtdeletelocks	1000744d	CONDITIONAL_JUMP
1000746f	FUN_1000746a	Stack[0x4]	READ
10007472	FUN_1000746a	1000f250	DATA
10007479	FUN_1000746a	1000b0dc	READ
10007479	FUN_1000746a	EXTERNAL:0000003b	COMPUTED_CALL
10007483	__mtinitlocknum	1000dc10	DATA
10007488	__mtinitlocknum	10006e00	UNCONDITIONAL_CALL
10007490	__mtinitlocknum	Stack[-0x20]	WRITE
10007495	__mtinitlocknum	10010058	READ
1000749b	__mtinitlocknum	100074b5	CONDITIONAL_JUMP
1000749d	__mtinitlocknum	1000601a	UNCONDITIONAL_CALL
100074a4	__mtinitlocknum	10005e6b	UNCONDITIONAL_CALL
100074ae	__mtinitlocknum	10005baa	UNCONDITIONAL_CALL
100074b5	__mtinitlocknum	Stack[0x4]	READ
100074b8	__mtinitlocknum	1000f250	DATA
100074bf	__mtinitlocknum	1000f250	DATA
100074c1	__mtinitlocknum	100074c7	CONDITIONAL_JUMP
100074c5	__mtinitlocknum	10007534	UNCONDITIONAL_JUMP
100074c9	__mtinitlocknum	10006673	UNCONDITIONAL_CALL
100074d3	__mtinitlocknum	100074e4	CONDITIONAL_JUMP
100074d5	__mtinitlocknum	10005b3a	UNCONDITIONAL_CALL
100074e2	__mtinitlocknum	10007534	UNCONDITIONAL_JUMP
100074e6	__mtinitlocknum	10007543	UNCONDITIONAL_CALL
100074ec	__mtinitlocknum	Stack[-0x8]	WRITE
100074ef	__mtinitlocknum	1000f250	DATA
100074f1	__mtinitlocknum	1000751e	CONDITIONAL_JUMP
100074f9	__mtinitlocknum	1000b0a8	READ
100074f9	__mtinitlocknum	EXTERNAL:0000002e	COMPUTED_CALL
10007501	__mtinitlocknum	1000751a	CONDITIONAL_JUMP
10007504	__mtinitlocknum	10005142	UNCONDITIONAL_CALL
1000750a	__mtinitlocknum	10005b3a	UNCONDITIONAL_CALL
10007515	__mtinitlocknum	Stack[-0x20]	WRITE
10007518	__mtinitlocknum	10007525	UNCONDITIONAL_JUMP
1000751a	__mtinitlocknum	1000f250	DATA
1000751c	__mtinitlocknum	10007525	UNCONDITIONAL_JUMP
1000751f	__mtinitlocknum	10005142	UNCONDITIONAL_CALL
10007525	__mtinitlocknum	Stack[-0x8]	WRITE
1000752c	__mtinitlocknum	1000753a	UNCONDITIONAL_CALL
10007531	__mtinitlocknum	Stack[-0x20]	READ
10007534	__mtinitlocknum	10006e45	UNCONDITIONAL_CALL
1000753c	FUN_1000753a	1000746a	UNCONDITIONAL_CALL
10007548	__lock	Stack[0x4]	READ
1000754c	__lock	1000f250	DATA
10007553	__lock	1000f250	DATA
10007556	__lock	1000756b	CONDITIONAL_JUMP
10007559	__lock	10007481	UNCONDITIONAL_CALL
10007561	__lock	1000756b	CONDITIONAL_JUMP
10007565	__lock	10005e27	UNCONDITIONAL_CALL
1000756b	__lock	1000f250	DATA
1000756d	__lock	1000b0e0	READ
1000756d	__lock	EXTERNAL:0000003c	COMPUTED_CALL
10007583	__local_unwind4	Stack[0x4]	READ
10007587	__local_unwind4	Stack[0x8]	READ
1000758b	__local_unwind4	Stack[0xc]	READ
10007594	__local_unwind4	10007610	DATA
10007599	__local_unwind4	ffdff000	READ
100075a0	__local_unwind4	1000f080	READ
100075a7	__local_unwind4	Stack[-0x20]	WRITE
100075ab	__local_unwind4	ffdff000	WRITE
100075b2	__local_unwind4	Stack[0x8]	READ
100075b9	__local_unwind4	Stack[0x4]	READ
100075c5	__local_unwind4	10007602	CONDITIONAL_JUMP
100075c7	__local_unwind4	Stack[0xc]	READ
100075ce	__local_unwind4	100075d4	CONDITIONAL_JUMP
100075d2	__local_unwind4	10007602	CONDITIONAL_JUMP
100075e4	__local_unwind4	100075b2	CONDITIONAL_JUMP
100075ee	__local_unwind4	10008cf5	UNCONDITIONAL_CALL
100075fb	__local_unwind4	10008d14	UNCONDITIONAL_CALL
10007600	__local_unwind4	100075b2	UNCONDITIONAL_JUMP
10007602	__local_unwind4	ffdff000	WRITE
10007620		10007655	CONDITIONAL_JUMP
1000762b		10004bba	UNCONDITIONAL_CALL
1000763d		10007580	UNCONDITIONAL_CALL
10007657	__seh_longjmp_unwind4@4	Stack[0x4]	READ
10007666	__seh_longjmp_unwind4@4	10007580	UNCONDITIONAL_CALL
10007691	_EH4_TransferToHandler	10008cf5	UNCONDITIONAL_CALL
100076b1	_EH4_GlobalUnwind2	10009b12	UNCONDITIONAL_CALL
100076bc	_EH4_LocalUnwind	Stack[0x4]	READ
100076c2	_EH4_LocalUnwind	Stack[0x8]	READ
100076c6	_EH4_LocalUnwind	10007580	UNCONDITIONAL_CALL
100076d4	terminate	1000dc30	DATA
100076d9	terminate	10006e00	UNCONDITIONAL_CALL
100076de	terminate	10006341	UNCONDITIONAL_CALL
100076e8	terminate	10007700	CONDITIONAL_JUMP
100076ea	terminate	Stack[-0x8]	READ_WRITE
100076f0	terminate	100076f9	UNCONDITIONAL_JUMP
100076f9	terminate	Stack[-0x8]	WRITE
10007700	terminate	1000612e	UNCONDITIONAL_CALL
1000770b	FUN_1000770b	10006341	UNCONDITIONAL_CALL
10007715	FUN_1000770b	10007719	CONDITIONAL_JUMP
10007719	FUN_1000770b	100076d2	UNCONDITIONAL_CALL
10007720	_inconsistency	1000dc50	DATA
10007725	_inconsistency	10006e00	UNCONDITIONAL_CALL
1000772a	_inconsistency	10010974	READ
10007730	_inconsistency	1000b044	READ
10007730	_inconsistency	EXTERNAL:00000015	COMPUTED_CALL
10007738	_inconsistency	10007750	CONDITIONAL_JUMP
1000773a	_inconsistency	Stack[-0x8]	READ_WRITE
10007740	_inconsistency	10007749	UNCONDITIONAL_JUMP
10007749	_inconsistency	Stack[-0x8]	WRITE
10007750	_inconsistency	100076d2	UNCONDITIONAL_CALL
10007756	FUN_10007756	100076d2	DATA
1000775b	FUN_10007756	1000b048	READ
1000775b	FUN_10007756	EXTERNAL:00000016	COMPUTED_CALL
10007761	FUN_10007756	10010974	WRITE
1000776c	__initp_misc_winsig	Stack[0x4]	READ
1000776f	__initp_misc_winsig	10010978	WRITE
10007774	__initp_misc_winsig	1001097c	WRITE
10007779	__initp_misc_winsig	10010980	WRITE
1000777e	__initp_misc_winsig	10010984	WRITE
1000778a	siglookup	Stack[0x4]	READ
1000778d	siglookup	1000bcfc	READ
10007797	siglookup	100077a8	CONDITIONAL_JUMP
1000779e	siglookup	Stack[0x4]	READ
100077a6	siglookup	10007794	CONDITIONAL_JUMP
100077ab	siglookup	Stack[0x4]	READ
100077b1	siglookup	100077b8	CONDITIONAL_JUMP
100077b6	siglookup	100077ba	CONDITIONAL_JUMP
100077bc	FUN_100077bc	10010980	READ
100077c2	FUN_100077bc	1000b044	READ
100077c2	FUN_100077bc	EXTERNAL:00000015	COMPUTED_CALL
100077cb	_raise	1000dc70	DATA
100077d0	_raise	10006e00	UNCONDITIONAL_CALL
100077d7	_raise	Stack[-0x20]	WRITE
100077da	_raise	Stack[-0x2c]	WRITE
100077dd	_raise	Stack[0x4]	READ
100077e3	_raise	10007830	CONDITIONAL_JUMP
100077e5	_raise	100077fc	CONDITIONAL_JUMP
100077ee	_raise	10007812	CONDITIONAL_JUMP
100077f2	_raise	100077fc	CONDITIONAL_JUMP
100077f6	_raise	10007851	CONDITIONAL_JUMP
100077fa	_raise	1000783f	CONDITIONAL_JUMP
100077fc	_raise	100062c8	UNCONDITIONAL_CALL
10007803	_raise	Stack[-0x2c]	WRITE
10007808	_raise	1000781e	CONDITIONAL_JUMP
1000780d	_raise	10007966	UNCONDITIONAL_JUMP
10007812	_raise	10010978	DATA
10007817	_raise	10010978	READ
1000781c	_raise	10007873	UNCONDITIONAL_JUMP
10007823	_raise	10007785	UNCONDITIONAL_CALL
1000782e	_raise	10007881	UNCONDITIONAL_JUMP
10007835	_raise	10007869	CONDITIONAL_JUMP
1000783a	_raise	1000785d	CONDITIONAL_JUMP
1000783d	_raise	10007851	CONDITIONAL_JUMP
1000783f	_raise	10005b3a	UNCONDITIONAL_CALL
1000784a	_raise	10007386	UNCONDITIONAL_CALL
1000784f	_raise	1000780a	UNCONDITIONAL_JUMP
10007851	_raise	10010980	DATA
10007856	_raise	10010980	READ
1000785b	_raise	10007873	UNCONDITIONAL_JUMP
1000785d	_raise	1001097c	DATA
10007862	_raise	1001097c	READ
10007867	_raise	10007873	UNCONDITIONAL_JUMP
10007869	_raise	10010984	DATA
1000786e	_raise	10010984	READ
10007873	_raise	Stack[-0x20]	WRITE
1000787b	_raise	1000b044	READ
1000787b	_raise	EXTERNAL:00000015	COMPUTED_CALL
10007881	_raise	Stack[-0x24]	WRITE
10007886	_raise	Stack[-0x24]	READ
1000788a	_raise	10007966	CONDITIONAL_JUMP
10007890	_raise	Stack[-0x24]	READ
10007893	_raise	1000789c	CONDITIONAL_JUMP
10007897	_raise	10005e02	UNCONDITIONAL_CALL
1000789c	_raise	Stack[-0x20]	READ
1000789f	_raise	100078a8	CONDITIONAL_JUMP
100078a2	_raise	10007543	UNCONDITIONAL_CALL
100078aa	_raise	Stack[-0x8]	WRITE
100078b0	_raise	100078bc	CONDITIONAL_JUMP
100078b5	_raise	100078bc	CONDITIONAL_JUMP
100078ba	_raise	100078d7	CONDITIONAL_JUMP
100078bf	_raise	Stack[-0x30]	WRITE
100078c8	_raise	10007908	CONDITIONAL_JUMP
100078cd	_raise	Stack[-0x34]	WRITE
100078da	_raise	10007908	CONDITIONAL_JUMP
100078dc	_raise	1000bcf0	READ
100078e2	_raise	Stack[-0x28]	WRITE
100078e5	_raise	1000bcf4	READ
100078eb	_raise	1000bcf0	READ
100078f1	_raise	Stack[-0x28]	READ
100078f4	_raise	1000790f	CONDITIONAL_JUMP
100078f6	_raise	Stack[-0x28]	READ
10007903	_raise	Stack[-0x28]	READ_WRITE
10007906	_raise	100078e5	UNCONDITIONAL_JUMP
10007908	_raise	10006191	UNCONDITIONAL_CALL
1000790f	_raise	Stack[-0x8]	WRITE
10007916	_raise	10007930	UNCONDITIONAL_CALL
1000791e	_raise	1000793f	CONDITIONAL_JUMP
10007924	_raise	Stack[-0x24]	READ
10007928	_raise	10007943	UNCONDITIONAL_JUMP
10007934	FUN_10007930	1000793e	CONDITIONAL_JUMP
10007938	FUN_10007930	1000746a	UNCONDITIONAL_CALL
10007940	_raise	Stack[-0x24]	READ
10007947	_raise	10007953	CONDITIONAL_JUMP
1000794c	_raise	10007953	CONDITIONAL_JUMP
10007951	_raise	10007964	CONDITIONAL_JUMP
10007953	_raise	Stack[-0x30]	READ
1000795c	_raise	10007964	CONDITIONAL_JUMP
1000795e	_raise	Stack[-0x34]	READ
10007966	_raise	10006e45	UNCONDITIONAL_CALL
10007971	FUN_1000796c	Stack[0x4]	READ
10007974	FUN_1000796c	1001098c	WRITE
10007981	__initp_misc_cfltcvt_tab	1000f370	READ
10007981	__initp_misc_cfltcvt_tab	10009081	DATA
10007981	__initp_misc_cfltcvt_tab	1000f374	READ
10007987	__initp_misc_cfltcvt_tab	1000b048	READ
10007987	__initp_misc_cfltcvt_tab	EXTERNAL:00000016	COMPUTED_CALL
1000798d	__initp_misc_cfltcvt_tab	1000f370	WRITE
10007999	__initp_misc_cfltcvt_tab	10007981	CONDITIONAL_JUMP
100079a5	__ValidateImageBase	Stack[0x4]	READ
100079b0	__ValidateImageBase	100079b6	CONDITIONAL_JUMP
100079c1	__ValidateImageBase	100079b2	CONDITIONAL_JUMP
100079e5	__FindPESection	Stack[0x4]	READ
10007a00	__FindPESection	10007a1d	CONDITIONAL_JUMP
10007a02	__FindPESection	Stack[0x8]	READ
10007a0a	__FindPESection	10007a15	CONDITIONAL_JUMP
10007a13	__FindPESection	10007a1f	CONDITIONAL_JUMP
10007a1b	__FindPESection	10007a05	CONDITIONAL_JUMP
10007a37	__IsNonwritableInCurrentImage	1000dc90	DATA
10007a3c	__IsNonwritableInCurrentImage	10006e60	DATA
10007a41	__IsNonwritableInCurrentImage	ffdff000	READ
10007a4e	__IsNonwritableInCurrentImage	1000f080	READ
10007a53	__IsNonwritableInCurrentImage	Stack[-0xc]	READ_WRITE
10007a59	__IsNonwritableInCurrentImage	Stack[-0x14]	DATA
10007a5c	__IsNonwritableInCurrentImage	ffdff000	WRITE
10007a62	__IsNonwritableInCurrentImage	Stack[-0x1c]	WRITE
10007a65	__IsNonwritableInCurrentImage	Stack[-0x8]	WRITE
10007a6c	__IsNonwritableInCurrentImage	10000000	DATA
10007a71	__IsNonwritableInCurrentImage	100079a0	UNCONDITIONAL_CALL
10007a7b	__IsNonwritableInCurrentImage	10007ad1	CONDITIONAL_JUMP
10007a7d	__IsNonwritableInCurrentImage	Stack[0x4]	READ
10007a80	__IsNonwritableInCurrentImage	10000000	DATA
10007a86	__IsNonwritableInCurrentImage	10000000	DATA
10007a8b	__IsNonwritableInCurrentImage	100079e0	UNCONDITIONAL_CALL
10007a95	__IsNonwritableInCurrentImage	10007ad1	CONDITIONAL_JUMP
10007aa2	__IsNonwritableInCurrentImage	Stack[-0x8]	WRITE
10007aa9	__IsNonwritableInCurrentImage	Stack[-0x14]	READ
10007aac	__IsNonwritableInCurrentImage	ffdff000	WRITE
10007ad1	__IsNonwritableInCurrentImage	Stack[-0x8]	WRITE
10007ada	__IsNonwritableInCurrentImage	Stack[-0x14]	READ
10007add	__IsNonwritableInCurrentImage	ffdff000	WRITE
10007af4	___crtMessageBoxW	1000f080	READ
10007afb	___crtMessageBoxW	Stack[-0x8]	WRITE
10007afe	___crtMessageBoxW	Stack[0x4]	READ
10007b02	___crtMessageBoxW	Stack[-0x24]	WRITE
10007b05	___crtMessageBoxW	Stack[0x8]	READ
10007b0a	___crtMessageBoxW	Stack[-0x20]	WRITE
10007b0d	___crtMessageBoxW	10006191	UNCONDITIONAL_CALL
10007b12	___crtMessageBoxW	Stack[-0x18]	READ_WRITE
10007b16	___crtMessageBoxW	10010990	READ
10007b1d	___crtMessageBoxW	Stack[-0x1c]	WRITE
10007b20	___crtMessageBoxW	10007b9f	CONDITIONAL_JUMP
10007b22	___crtMessageBoxW	1000c490	DATA
10007b27	___crtMessageBoxW	1000b0e8	READ
10007b27	___crtMessageBoxW	EXTERNAL:0000003e	COMPUTED_CALL
10007b31	___crtMessageBoxW	10007c47	CONDITIONAL_JUMP
10007b37	___crtMessageBoxW	1000b078	READ
10007b3d	___crtMessageBoxW	1000c484	DATA
10007b43	___crtMessageBoxW	EXTERNAL:00000022	COMPUTED_CALL
10007b47	___crtMessageBoxW	10007c47	CONDITIONAL_JUMP
10007b4d	___crtMessageBoxW	1000b048	READ
10007b54	___crtMessageBoxW	EXTERNAL:00000016	COMPUTED_CALL
10007b56	___crtMessageBoxW	1000c474	DATA
10007b5c	___crtMessageBoxW	10010990	WRITE
10007b61	___crtMessageBoxW	EXTERNAL:00000022	COMPUTED_CALL
10007b64	___crtMessageBoxW	EXTERNAL:00000016	COMPUTED_CALL
10007b66	___crtMessageBoxW	1000c460	DATA
10007b6c	___crtMessageBoxW	10010994	WRITE
10007b71	___crtMessageBoxW	EXTERNAL:00000022	COMPUTED_CALL
10007b74	___crtMessageBoxW	EXTERNAL:00000016	COMPUTED_CALL
10007b76	___crtMessageBoxW	1000c444	DATA
10007b7c	___crtMessageBoxW	10010998	WRITE
10007b81	___crtMessageBoxW	EXTERNAL:00000022	COMPUTED_CALL
10007b84	___crtMessageBoxW	EXTERNAL:00000016	COMPUTED_CALL
10007b86	___crtMessageBoxW	100109a0	WRITE
10007b8d	___crtMessageBoxW	10007b9f	CONDITIONAL_JUMP
10007b8f	___crtMessageBoxW	1000c42c	DATA
10007b95	___crtMessageBoxW	EXTERNAL:00000022	COMPUTED_CALL
10007b98	___crtMessageBoxW	EXTERNAL:00000016	COMPUTED_CALL
10007b9a	___crtMessageBoxW	1001099c	WRITE
10007b9f	___crtMessageBoxW	1001099c	READ
10007ba4	___crtMessageBoxW	Stack[-0x1c]	READ
10007ba7	___crtMessageBoxW	1000b044	READ
10007baf	___crtMessageBoxW	10007bf8	CONDITIONAL_JUMP
10007bb1	___crtMessageBoxW	100109a0	READ
10007bb7	___crtMessageBoxW	10007bf8	CONDITIONAL_JUMP
10007bba	___crtMessageBoxW	EXTERNAL:00000015	COMPUTED_CALL
10007bbc	___crtMessageBoxW	100109a0	READ
10007bc4	___crtMessageBoxW	EXTERNAL:00000015	COMPUTED_CALL
10007bca	___crtMessageBoxW	10007bf8	CONDITIONAL_JUMP
10007bce	___crtMessageBoxW	10007bf8	CONDITIONAL_JUMP
10007bd4	___crtMessageBoxW	10007bef	CONDITIONAL_JUMP
10007bd6	___crtMessageBoxW	Stack[-0x28]	DATA
10007bdc	___crtMessageBoxW	Stack[-0x14]	DATA
10007be7	___crtMessageBoxW	10007bef	CONDITIONAL_JUMP
10007be9	___crtMessageBoxW	Stack[-0xc]	READ
10007bed	___crtMessageBoxW	10007bf8	CONDITIONAL_JUMP
10007bef	___crtMessageBoxW	Stack[0xc]	READ_WRITE
10007bf6	___crtMessageBoxW	10007c2b	UNCONDITIONAL_JUMP
10007bf8	___crtMessageBoxW	10010994	READ
10007bfd	___crtMessageBoxW	Stack[-0x1c]	READ
10007c00	___crtMessageBoxW	10007c2b	CONDITIONAL_JUMP
10007c03	___crtMessageBoxW	EXTERNAL:00000015	COMPUTED_CALL
10007c07	___crtMessageBoxW	10007c2b	CONDITIONAL_JUMP
10007c0b	___crtMessageBoxW	Stack[-0x18]	WRITE
10007c10	___crtMessageBoxW	10007c2b	CONDITIONAL_JUMP
10007c12	___crtMessageBoxW	10010998	READ
10007c17	___crtMessageBoxW	Stack[-0x1c]	READ
10007c1a	___crtMessageBoxW	10007c2b	CONDITIONAL_JUMP
10007c1d	___crtMessageBoxW	EXTERNAL:00000015	COMPUTED_CALL
10007c21	___crtMessageBoxW	10007c2b	CONDITIONAL_JUMP
10007c23	___crtMessageBoxW	Stack[-0x18]	READ
10007c28	___crtMessageBoxW	Stack[-0x18]	WRITE
10007c2b	___crtMessageBoxW	10010990	READ
10007c31	___crtMessageBoxW	EXTERNAL:00000015	COMPUTED_CALL
10007c35	___crtMessageBoxW	10007c47	CONDITIONAL_JUMP
10007c37	___crtMessageBoxW	Stack[0xc]	READ
10007c3a	___crtMessageBoxW	Stack[-0x20]	READ
10007c3d	___crtMessageBoxW	Stack[-0x24]	READ
10007c40	___crtMessageBoxW	Stack[-0x18]	READ
10007c45	___crtMessageBoxW	10007c49	UNCONDITIONAL_JUMP
10007c49	___crtMessageBoxW	Stack[-0x8]	READ
10007c51	___crtMessageBoxW	10004bba	UNCONDITIONAL_CALL
10007c5e	_wcscat_s	Stack[0x4]	READ
10007c64	_wcscat_s	10007c6d	CONDITIONAL_JUMP
10007c66	_wcscat_s	Stack[0x8]	READ
10007c6b	_wcscat_s	10007c82	CONDITIONAL_JUMP
10007c6d	_wcscat_s	10005b3a	UNCONDITIONAL_CALL
10007c77	_wcscat_s	10007386	UNCONDITIONAL_CALL
10007c82	_wcscat_s	Stack[0xc]	READ
10007c87	_wcscat_s	10007c90	CONDITIONAL_JUMP
10007c8e	_wcscat_s	10007c6d	UNCONDITIONAL_JUMP
10007c96	_wcscat_s	10007c9e	CONDITIONAL_JUMP
10007c9c	_wcscat_s	10007c92	CONDITIONAL_JUMP
10007ca0	_wcscat_s	10007c89	CONDITIONAL_JUMP
10007cb1	_wcscat_s	10007cb6	CONDITIONAL_JUMP
10007cb4	_wcscat_s	10007ca4	CONDITIONAL_JUMP
10007cba	_wcscat_s	10007c7e	CONDITIONAL_JUMP
10007cbf	_wcscat_s	10005b3a	UNCONDITIONAL_CALL
10007ccb	_wcscat_s	10007c77	UNCONDITIONAL_JUMP
10007cd2	_wcsncpy_s	Stack[0x4]	READ
10007cd6	_wcsncpy_s	Stack[0x10]	READ
10007cdd	_wcsncpy_s	10007cef	CONDITIONAL_JUMP
10007ce1	_wcsncpy_s	10007cf3	CONDITIONAL_JUMP
10007ce3	_wcsncpy_s	Stack[0x8]	READ
10007ce6	_wcsncpy_s	10007cfa	CONDITIONAL_JUMP
10007cf1	_wcsncpy_s	10007cfa	CONDITIONAL_JUMP
10007cf3	_wcsncpy_s	Stack[0x8]	READ
10007cf8	_wcsncpy_s	10007d0d	CONDITIONAL_JUMP
10007cfa	_wcsncpy_s	10005b3a	UNCONDITIONAL_CALL
10007d04	_wcsncpy_s	10007386	UNCONDITIONAL_CALL
10007d0b	_wcsncpy_s	10007cea	UNCONDITIONAL_JUMP
10007d0f	_wcsncpy_s	10007d18	CONDITIONAL_JUMP
10007d16	_wcsncpy_s	10007ce8	UNCONDITIONAL_JUMP
10007d18	_wcsncpy_s	Stack[0xc]	READ
10007d1d	_wcsncpy_s	10007d26	CONDITIONAL_JUMP
10007d24	_wcsncpy_s	10007cfa	UNCONDITIONAL_JUMP
10007d2b	_wcsncpy_s	10007d45	CONDITIONAL_JUMP
10007d3e	_wcsncpy_s	10007d67	CONDITIONAL_JUMP
10007d41	_wcsncpy_s	10007d31	CONDITIONAL_JUMP
10007d43	_wcsncpy_s	10007d67	UNCONDITIONAL_JUMP
10007d56	_wcsncpy_s	10007d5e	CONDITIONAL_JUMP
10007d59	_wcsncpy_s	10007d5e	CONDITIONAL_JUMP
10007d5c	_wcsncpy_s	10007d49	CONDITIONAL_JUMP
10007d60	_wcsncpy_s	10007d67	CONDITIONAL_JUMP
10007d69	_wcsncpy_s	10007ce8	CONDITIONAL_JUMP
10007d74	_wcsncpy_s	10007d86	CONDITIONAL_JUMP
10007d76	_wcsncpy_s	Stack[0x8]	READ
10007d81	_wcsncpy_s	10007cea	UNCONDITIONAL_JUMP
10007d89	_wcsncpy_s	10005b3a	UNCONDITIONAL_CALL
10007d95	_wcsncpy_s	10007d04	UNCONDITIONAL_JUMP
10007d9f	_wcslen	Stack[0x4]	READ
10007dab	_wcslen	10007da2	CONDITIONAL_JUMP
10007dad	_wcslen	Stack[0x4]	READ
10007dbb	_wcscpy_s	Stack[0x4]	READ
10007dc1	_wcscpy_s	10007dca	CONDITIONAL_JUMP
10007dc3	_wcscpy_s	Stack[0x8]	READ
10007dc8	_wcscpy_s	10007ddf	CONDITIONAL_JUMP
10007dca	_wcscpy_s	10005b3a	UNCONDITIONAL_CALL
10007dd4	_wcscpy_s	10007386	UNCONDITIONAL_CALL
10007ddf	_wcscpy_s	Stack[0xc]	READ
10007de4	_wcscpy_s	10007deb	CONDITIONAL_JUMP
10007de9	_wcscpy_s	10007dca	UNCONDITIONAL_JUMP
10007dfc	_wcscpy_s	10007e01	CONDITIONAL_JUMP
10007dff	_wcscpy_s	10007def	CONDITIONAL_JUMP
10007e05	_wcscpy_s	10007ddb	CONDITIONAL_JUMP
10007e0a	_wcscpy_s	10005b3a	UNCONDITIONAL_CALL
10007e16	_wcscpy_s	10007dd4	UNCONDITIONAL_JUMP
10007e1d	__set_error_mode	Stack[0x4]	READ
10007e22	__set_error_mode	10007e42	CONDITIONAL_JUMP
10007e27	__set_error_mode	10007e35	CONDITIONAL_JUMP
10007e2c	__set_error_mode	10007e42	CONDITIONAL_JUMP
10007e2e	__set_error_mode	1000fd1c	READ
10007e35	__set_error_mode	1000fd1c	READ
10007e3a	__set_error_mode	1000fd1c	WRITE
10007e42	__set_error_mode	10005b3a	UNCONDITIONAL_CALL
10007e4d	__set_error_mode	10007386	UNCONDITIONAL_CALL
10007e5c	__freea	Stack[0x4]	READ
10007e61	__freea	10007e75	CONDITIONAL_JUMP
10007e6c	__freea	10007e75	CONDITIONAL_JUMP
10007e6f	__freea	10005142	UNCONDITIONAL_CALL
10007e7c	_LocaleUpdate	Stack[0x4]	READ
10007e88	_LocaleUpdate	10007eed	CONDITIONAL_JUMP
10007e8a	_LocaleUpdate	10006341	UNCONDITIONAL_CALL
10007e9f	_LocaleUpdate	1000f5e0	READ
10007ea5	_LocaleUpdate	10007eb9	CONDITIONAL_JUMP
10007ea7	_LocaleUpdate	1000fb20	READ
10007eb0	_LocaleUpdate	10007eb9	CONDITIONAL_JUMP
10007eb2	_LocaleUpdate	100081be	UNCONDITIONAL_CALL
10007ebc	_LocaleUpdate	1000fa10	READ
10007ec2	_LocaleUpdate	10007eda	CONDITIONAL_JUMP
10007ec7	_LocaleUpdate	1000fb20	READ
10007ed0	_LocaleUpdate	10007eda	CONDITIONAL_JUMP
10007ed2	_LocaleUpdate	1000845a	UNCONDITIONAL_CALL
10007ee1	_LocaleUpdate	10007ef7	CONDITIONAL_JUMP
10007eeb	_LocaleUpdate	10007ef7	UNCONDITIONAL_JUMP
10007f05	___addlocaleref	1000b098	READ
10007f0c	___addlocaleref	Stack[0x4]	READ
10007f10	___addlocaleref	EXTERNAL:0000002a	COMPUTED_CALL
10007f1a	___addlocaleref	10007f1f	CONDITIONAL_JUMP
10007f1d	___addlocaleref	EXTERNAL:0000002a	COMPUTED_CALL
10007f27	___addlocaleref	10007f2c	CONDITIONAL_JUMP
10007f2a	___addlocaleref	EXTERNAL:0000002a	COMPUTED_CALL
10007f34	___addlocaleref	10007f39	CONDITIONAL_JUMP
10007f37	___addlocaleref	EXTERNAL:0000002a	COMPUTED_CALL
10007f41	___addlocaleref	10007f46	CONDITIONAL_JUMP
10007f44	___addlocaleref	EXTERNAL:0000002a	COMPUTED_CALL
10007f49	___addlocaleref	Stack[0x4]	WRITE
10007f50	___addlocaleref	1000f398	DATA
10007f57	___addlocaleref	10007f62	CONDITIONAL_JUMP
10007f5d	___addlocaleref	10007f62	CONDITIONAL_JUMP
10007f60	___addlocaleref	EXTERNAL:0000002a	COMPUTED_CALL
10007f66	___addlocaleref	10007f72	CONDITIONAL_JUMP
10007f6d	___addlocaleref	10007f72	CONDITIONAL_JUMP
10007f70	___addlocaleref	EXTERNAL:0000002a	COMPUTED_CALL
10007f75	___addlocaleref	Stack[0x4]	READ_WRITE
10007f78	___addlocaleref	10007f50	CONDITIONAL_JUMP
10007f86	___addlocaleref	EXTERNAL:0000002a	COMPUTED_CALL
10007f93	___removelocaleref	Stack[0x4]	READ
10007f98	___removelocaleref	10008021	CONDITIONAL_JUMP
10007fa0	___removelocaleref	1000b0a0	READ
10007fa7	___removelocaleref	EXTERNAL:0000002c	COMPUTED_CALL
10007fb1	___removelocaleref	10007fb6	CONDITIONAL_JUMP
10007fb4	___removelocaleref	EXTERNAL:0000002c	COMPUTED_CALL
10007fbe	___removelocaleref	10007fc3	CONDITIONAL_JUMP
10007fc1	___removelocaleref	EXTERNAL:0000002c	COMPUTED_CALL
10007fcb	___removelocaleref	10007fd0	CONDITIONAL_JUMP
10007fce	___removelocaleref	EXTERNAL:0000002c	COMPUTED_CALL
10007fd8	___removelocaleref	10007fdd	CONDITIONAL_JUMP
10007fdb	___removelocaleref	EXTERNAL:0000002c	COMPUTED_CALL
10007fe0	___removelocaleref	Stack[0x4]	WRITE
10007fe7	___removelocaleref	1000f398	DATA
10007fee	___removelocaleref	10007ff9	CONDITIONAL_JUMP
10007ff4	___removelocaleref	10007ff9	CONDITIONAL_JUMP
10007ff7	___removelocaleref	EXTERNAL:0000002c	COMPUTED_CALL
10007ffd	___removelocaleref	10008009	CONDITIONAL_JUMP
10008004	___removelocaleref	10008009	CONDITIONAL_JUMP
10008007	___removelocaleref	EXTERNAL:0000002c	COMPUTED_CALL
1000800c	___removelocaleref	Stack[0x4]	READ_WRITE
1000800f	___removelocaleref	10007fe7	CONDITIONAL_JUMP
1000801d	___removelocaleref	EXTERNAL:0000002c	COMPUTED_CALL
1000802d	___freetlocinfo	Stack[0x4]	READ
1000803b	___freetlocinfo	100080ac	CONDITIONAL_JUMP
1000803d	___freetlocinfo	1000fb38	DATA
10008042	___freetlocinfo	100080ac	CONDITIONAL_JUMP
1000804c	___freetlocinfo	100080ac	CONDITIONAL_JUMP
10008050	___freetlocinfo	100080ac	CONDITIONAL_JUMP
1000805a	___freetlocinfo	10008073	CONDITIONAL_JUMP
1000805e	___freetlocinfo	10008073	CONDITIONAL_JUMP
10008061	___freetlocinfo	10005142	UNCONDITIONAL_CALL
1000806c	___freetlocinfo	1000949c	UNCONDITIONAL_CALL
1000807b	___freetlocinfo	10008094	CONDITIONAL_JUMP
1000807f	___freetlocinfo	10008094	CONDITIONAL_JUMP
10008082	___freetlocinfo	10005142	UNCONDITIONAL_CALL
1000808d	___freetlocinfo	10009433	UNCONDITIONAL_CALL
1000809a	___freetlocinfo	10005142	UNCONDITIONAL_CALL
100080a5	___freetlocinfo	10005142	UNCONDITIONAL_CALL
100080b4	___freetlocinfo	100080fa	CONDITIONAL_JUMP
100080b8	___freetlocinfo	100080fa	CONDITIONAL_JUMP
100080c6	___freetlocinfo	10005142	UNCONDITIONAL_CALL
100080d9	___freetlocinfo	10005142	UNCONDITIONAL_CALL
100080e7	___freetlocinfo	10005142	UNCONDITIONAL_CALL
100080f2	___freetlocinfo	10005142	UNCONDITIONAL_CALL
10008100	___freetlocinfo	1000f3a0	DATA
10008105	___freetlocinfo	10008122	CONDITIONAL_JUMP
1000810d	___freetlocinfo	10008122	CONDITIONAL_JUMP
10008110	___freetlocinfo	100090bc	UNCONDITIONAL_CALL
1000811b	___freetlocinfo	10005142	UNCONDITIONAL_CALL
10008125	___freetlocinfo	Stack[0x4]	WRITE
1000812c	___freetlocinfo	1000f398	DATA
10008133	___freetlocinfo	10008146	CONDITIONAL_JUMP
10008139	___freetlocinfo	10008146	CONDITIONAL_JUMP
1000813d	___freetlocinfo	10008146	CONDITIONAL_JUMP
10008140	___freetlocinfo	10005142	UNCONDITIONAL_CALL
10008149	___freetlocinfo	1000815d	CONDITIONAL_JUMP
10008150	___freetlocinfo	1000815d	CONDITIONAL_JUMP
10008154	___freetlocinfo	1000815d	CONDITIONAL_JUMP
10008157	___freetlocinfo	10005142	UNCONDITIONAL_CALL
10008160	___freetlocinfo	Stack[0x4]	READ_WRITE
10008163	___freetlocinfo	1000812c	CONDITIONAL_JUMP
10008166	___freetlocinfo	10005142	UNCONDITIONAL_CALL
10008177	__updatetlocinfoEx_nolock	Stack[0x8]	READ
1000817c	__updatetlocinfoEx_nolock	100081b9	CONDITIONAL_JUMP
1000817e	__updatetlocinfoEx_nolock	Stack[0x4]	READ
10008183	__updatetlocinfoEx_nolock	100081b9	CONDITIONAL_JUMP
1000818a	__updatetlocinfoEx_nolock	100081b4	CONDITIONAL_JUMP
1000818f	__updatetlocinfoEx_nolock	10007efe	UNCONDITIONAL_CALL
10008197	__updatetlocinfoEx_nolock	100081b4	CONDITIONAL_JUMP
1000819a	__updatetlocinfoEx_nolock	10007f8d	UNCONDITIONAL_CALL
100081a3	__updatetlocinfoEx_nolock	100081b4	CONDITIONAL_JUMP
100081a5	__updatetlocinfoEx_nolock	1000f508	DATA
100081ab	__updatetlocinfoEx_nolock	100081b4	CONDITIONAL_JUMP
100081ae	__updatetlocinfoEx_nolock	10008026	UNCONDITIONAL_CALL
100081b7	__updatetlocinfoEx_nolock	100081bb	UNCONDITIONAL_JUMP
100081c0	___updatetlocinfo	1000dcb0	DATA
100081c5	___updatetlocinfo	10006e00	UNCONDITIONAL_CALL
100081ca	___updatetlocinfo	10006341	UNCONDITIONAL_CALL
100081d1	___updatetlocinfo	1000fb20	READ
100081d9	___updatetlocinfo	100081fd	CONDITIONAL_JUMP
100081df	___updatetlocinfo	100081fd	CONDITIONAL_JUMP
100081e1	___updatetlocinfo	10006341	UNCONDITIONAL_CALL
100081eb	___updatetlocinfo	100081f5	CONDITIONAL_JUMP
100081ef	___updatetlocinfo	10005e27	UNCONDITIONAL_CALL
100081f7	___updatetlocinfo	10006e45	UNCONDITIONAL_CALL
100081ff	___updatetlocinfo	10007543	UNCONDITIONAL_CALL
10008205	___updatetlocinfo	Stack[-0x8]	READ_WRITE
10008209	___updatetlocinfo	1000f5e0	READ
10008209	___updatetlocinfo	1000f508	DATA
10008213	___updatetlocinfo	10008171	UNCONDITIONAL_CALL
1000821a	___updatetlocinfo	Stack[-0x20]	WRITE
1000821d	___updatetlocinfo	Stack[-0x8]	WRITE
10008224	___updatetlocinfo	1000822b	UNCONDITIONAL_CALL
10008229	___updatetlocinfo	100081e9	UNCONDITIONAL_JUMP
1000822d	FUN_1000822b	1000746a	UNCONDITIONAL_CALL
1000823c	CPtoLCID	10008260	CONDITIONAL_JUMP
10008241	CPtoLCID	1000825a	CONDITIONAL_JUMP
10008246	CPtoLCID	10008254	CONDITIONAL_JUMP
10008249	CPtoLCID	1000824e	CONDITIONAL_JUMP
10008278	setSBCS	10008ac0	UNCONDITIONAL_CALL
10008298	setSBCS	1000f5e8	DATA
100082b1	setSBCS	100082aa	CONDITIONAL_JUMP
100082c5	setSBCS	100082be	CONDITIONAL_JUMP
100082d5	setSBUpLow	1000f080	READ
100082dc	setSBUpLow	Stack[-0x8]	WRITE
100082e1	setSBUpLow	Stack[-0x51c]	DATA
100082eb	setSBUpLow	1000b0ec	READ
100082eb	setSBUpLow	EXTERNAL:0000003f	COMPUTED_CALL
100082f8	setSBUpLow	100083fa	CONDITIONAL_JUMP
10008300	setSBUpLow	Stack[-0x107]	DATA
1000830a	setSBUpLow	10008300	CONDITIONAL_JUMP
1000830c	setSBUpLow	Stack[-0x516]	READ
10008312	setSBUpLow	Stack[-0x108]	WRITE
1000831b	setSBUpLow	1000834d	CONDITIONAL_JUMP
1000831d	setSBUpLow	Stack[-0x515]	DATA
10008326	setSBUpLow	Stack[-0x515]	DATA
1000832b	setSBUpLow	10008343	CONDITIONAL_JUMP
1000833b	setSBUpLow	10008ac0	UNCONDITIONAL_CALL
10008343	setSBUpLow	Stack[-0x514]	READ
1000834b	setSBUpLow	10008323	CONDITIONAL_JUMP
10008352	setSBUpLow	Stack[-0x508]	DATA
1000835d	setSBUpLow	Stack[-0x108]	DATA
10008368	setSBUpLow	100098ae	UNCONDITIONAL_CALL
10008373	setSBUpLow	Stack[-0x208]	DATA
1000837c	setSBUpLow	Stack[-0x108]	DATA
10008388	setSBUpLow	10009781	UNCONDITIONAL_CALL
10008394	setSBUpLow	Stack[-0x308]	DATA
1000839d	setSBUpLow	Stack[-0x108]	DATA
100083ad	setSBUpLow	10009781	UNCONDITIONAL_CALL
100083b7	setSBUpLow	Stack[-0x506]	DATA
100083c2	setSBUpLow	100083d2	CONDITIONAL_JUMP
100083c9	setSBUpLow	Stack[-0x207]	DATA
100083d0	setSBUpLow	100083e3	UNCONDITIONAL_JUMP
100083d5	setSBUpLow	100083ec	CONDITIONAL_JUMP
100083dc	setSBUpLow	Stack[-0x307]	DATA
100083ea	setSBUpLow	100083f3	UNCONDITIONAL_JUMP
100083f6	setSBUpLow	100083b7	CONDITIONAL_JUMP
100083f8	setSBUpLow	1000844c	UNCONDITIONAL_JUMP
10008400	setSBUpLow	Stack[-0x520]	WRITE
1000840c	setSBUpLow	Stack[-0x520]	READ_WRITE
10008412	setSBUpLow	Stack[-0x520]	READ
10008427	setSBUpLow	10008433	CONDITIONAL_JUMP
10008431	setSBUpLow	10008440	UNCONDITIONAL_JUMP
10008436	setSBUpLow	10008444	CONDITIONAL_JUMP
10008442	setSBUpLow	10008447	UNCONDITIONAL_JUMP
1000844a	setSBUpLow	10008412	CONDITIONAL_JUMP
1000844c	setSBUpLow	Stack[-0x8]	READ
10008453	setSBUpLow	10004bba	UNCONDITIONAL_CALL
1000845c	___updatetmbcinfo	1000dcd0	DATA
10008461	___updatetmbcinfo	10006e00	UNCONDITIONAL_CALL
10008466	___updatetmbcinfo	10006341	UNCONDITIONAL_CALL
1000846d	___updatetmbcinfo	1000fb20	READ
10008475	___updatetmbcinfo	10008494	CONDITIONAL_JUMP
1000847b	___updatetmbcinfo	10008494	CONDITIONAL_JUMP
10008482	___updatetmbcinfo	1000848c	CONDITIONAL_JUMP
10008486	___updatetmbcinfo	10005e27	UNCONDITIONAL_CALL
1000848e	___updatetmbcinfo	10006e45	UNCONDITIONAL_CALL
10008496	___updatetmbcinfo	10007543	UNCONDITIONAL_CALL
1000849c	___updatetmbcinfo	Stack[-0x8]	READ_WRITE
100084a3	___updatetmbcinfo	Stack[-0x20]	WRITE
100084a6	___updatetmbcinfo	1000fa10	READ
100084ac	___updatetmbcinfo	100084e4	CONDITIONAL_JUMP
100084b0	___updatetmbcinfo	100084cc	CONDITIONAL_JUMP
100084b3	___updatetmbcinfo	1000b0a0	READ
100084b3	___updatetmbcinfo	EXTERNAL:0000002c	COMPUTED_CALL
100084bb	___updatetmbcinfo	100084cc	CONDITIONAL_JUMP
100084bd	___updatetmbcinfo	1000f5e8	DATA
100084c3	___updatetmbcinfo	100084cc	CONDITIONAL_JUMP
100084c6	___updatetmbcinfo	10005142	UNCONDITIONAL_CALL
100084cc	___updatetmbcinfo	1000fa10	READ
100084d1	___updatetmbcinfo	1000f5e8	DATA
100084d4	___updatetmbcinfo	1000fa10	READ
100084da	___updatetmbcinfo	1000f5e8	DATA
100084da	___updatetmbcinfo	Stack[-0x20]	WRITE
100084dd	___updatetmbcinfo	1000f5e8	DATA
100084de	___updatetmbcinfo	1000b098	READ
100084de	___updatetmbcinfo	EXTERNAL:0000002a	COMPUTED_CALL
100084e4	___updatetmbcinfo	Stack[-0x8]	WRITE
100084eb	___updatetmbcinfo	100084f5	UNCONDITIONAL_CALL
100084f0	___updatetmbcinfo	10008480	UNCONDITIONAL_JUMP
100084f7	FUN_100084f5	1000746a	UNCONDITIONAL_CALL
1000850a	getSystemCP	Stack[-0x14]	DATA
1000850d	getSystemCP	10007e77	UNCONDITIONAL_CALL
10008512	getSystemCP	100109a4	WRITE
1000851b	getSystemCP	1000853b	CONDITIONAL_JUMP
1000851d	getSystemCP	100109a4	WRITE
10008527	getSystemCP	1000b038	READ
10008527	getSystemCP	EXTERNAL:00000012	COMPUTED_CALL
1000852d	getSystemCP	Stack[-0x8]	READ
10008530	getSystemCP	10008577	CONDITIONAL_JUMP
10008532	getSystemCP	Stack[-0xc]	READ
10008539	getSystemCP	10008577	UNCONDITIONAL_JUMP
1000853e	getSystemCP	10008552	CONDITIONAL_JUMP
10008540	getSystemCP	100109a4	WRITE
1000854a	getSystemCP	1000b0f0	READ
1000854a	getSystemCP	EXTERNAL:00000040	COMPUTED_CALL
10008550	getSystemCP	1000852d	UNCONDITIONAL_JUMP
10008555	getSystemCP	10008569	CONDITIONAL_JUMP
10008557	getSystemCP	Stack[-0x14]	READ
1000855d	getSystemCP	100109a4	WRITE
10008567	getSystemCP	1000852d	UNCONDITIONAL_JUMP
10008569	getSystemCP	Stack[-0x8]	READ
1000856c	getSystemCP	10008575	CONDITIONAL_JUMP
1000856e	getSystemCP	Stack[-0xc]	READ
10008582	__setmbcp_nolock	1000f080	READ
10008589	__setmbcp_nolock	Stack[-0x8]	WRITE
1000858d	__setmbcp_nolock	Stack[0x8]	READ
10008591	__setmbcp_nolock	Stack[0x4]	READ
10008595	__setmbcp_nolock	100084fe	UNCONDITIONAL_CALL
1000859e	__setmbcp_nolock	Stack[0x4]	WRITE
100085a3	__setmbcp_nolock	100085b3	CONDITIONAL_JUMP
100085a7	__setmbcp_nolock	10008266	UNCONDITIONAL_CALL
100085ae	__setmbcp_nolock	10008754	UNCONDITIONAL_JUMP
100085b3	__setmbcp_nolock	Stack[-0x20]	WRITE
100085b8	__setmbcp_nolock	1000fa18	READ
100085b8	__setmbcp_nolock	1000fa48	READ
100085be	__setmbcp_nolock	10008655	CONDITIONAL_JUMP
100085c4	__setmbcp_nolock	Stack[-0x20]	READ_WRITE
100085cf	__setmbcp_nolock	100085b8	CONDITIONAL_JUMP
100085d7	__setmbcp_nolock	10008751	CONDITIONAL_JUMP
100085e3	__setmbcp_nolock	10008751	CONDITIONAL_JUMP
100085ed	__setmbcp_nolock	1000b034	READ
100085ed	__setmbcp_nolock	EXTERNAL:00000011	COMPUTED_CALL
100085f5	__setmbcp_nolock	10008751	CONDITIONAL_JUMP
100085fb	__setmbcp_nolock	Stack[-0x1c]	DATA
10008600	__setmbcp_nolock	1000b0ec	READ
10008600	__setmbcp_nolock	EXTERNAL:0000003f	COMPUTED_CALL
10008608	__setmbcp_nolock	10008745	CONDITIONAL_JUMP
10008618	__setmbcp_nolock	10008ac0	UNCONDITIONAL_CALL
10008629	__setmbcp_nolock	Stack[-0x1c]	READ
1000862c	__setmbcp_nolock	1000872e	CONDITIONAL_JUMP
10008632	__setmbcp_nolock	Stack[-0x16]	READ
10008636	__setmbcp_nolock	1000870f	CONDITIONAL_JUMP
1000863c	__setmbcp_nolock	Stack[-0x15]	DATA
1000863f	__setmbcp_nolock	Stack[-0x15]	DATA
10008643	__setmbcp_nolock	1000870f	CONDITIONAL_JUMP
10008649	__setmbcp_nolock	Stack[-0x16]	READ
10008650	__setmbcp_nolock	100086fe	UNCONDITIONAL_JUMP
1000865f	__setmbcp_nolock	10008ac0	UNCONDITIONAL_CALL
10008664	__setmbcp_nolock	Stack[-0x20]	READ
1000866d	__setmbcp_nolock	Stack[-0x24]	WRITE
10008670	__setmbcp_nolock	1000fa28	DATA
10008676	__setmbcp_nolock	Stack[-0x20]	WRITE
10008679	__setmbcp_nolock	100086a6	UNCONDITIONAL_JUMP
1000867b	__setmbcp_nolock	1000fa31	DATA
10008680	__setmbcp_nolock	100086ab	CONDITIONAL_JUMP
10008682	__setmbcp_nolock	1000fa30	DATA
10008688	__setmbcp_nolock	1000869c	UNCONDITIONAL_JUMP
1000868a	__setmbcp_nolock	Stack[-0x24]	READ
1000868d	__setmbcp_nolock	1000fa15	DATA
10008697	__setmbcp_nolock	1000fa31	DATA
1000869e	__setmbcp_nolock	1000868a	CONDITIONAL_JUMP
100086a0	__setmbcp_nolock	Stack[0x4]	READ
100086a6	__setmbcp_nolock	1000fa28	DATA
100086a6	__setmbcp_nolock	1000fa30	DATA
100086a6	__setmbcp_nolock	1000fa32	DATA
100086a9	__setmbcp_nolock	1000867b	CONDITIONAL_JUMP
100086ab	__setmbcp_nolock	Stack[-0x20]	READ
100086ae	__setmbcp_nolock	Stack[-0x24]	READ_WRITE
100086b4	__setmbcp_nolock	Stack[-0x24]	READ
100086b8	__setmbcp_nolock	Stack[-0x20]	WRITE
100086bb	__setmbcp_nolock	100086a6	CONDITIONAL_JUMP
100086c9	__setmbcp_nolock	10008237	UNCONDITIONAL_CALL
100086d6	__setmbcp_nolock	1000fa1c	DATA
100086dd	__setmbcp_nolock	1000fa1c	DATA
100086dd	__setmbcp_nolock	1000fa1e	DATA
100086ea	__setmbcp_nolock	100086dd	CONDITIONAL_JUMP
100086ee	__setmbcp_nolock	100082ca	UNCONDITIONAL_CALL
100086f3	__setmbcp_nolock	100085ac	UNCONDITIONAL_JUMP
10008700	__setmbcp_nolock	100086f8	CONDITIONAL_JUMP
10008705	__setmbcp_nolock	Stack[-0x14]	READ
10008709	__setmbcp_nolock	1000863f	CONDITIONAL_JUMP
1000871c	__setmbcp_nolock	10008717	CONDITIONAL_JUMP
10008721	__setmbcp_nolock	10008237	UNCONDITIONAL_CALL
1000872c	__setmbcp_nolock	10008731	UNCONDITIONAL_JUMP
10008743	__setmbcp_nolock	100086ec	UNCONDITIONAL_JUMP
10008745	__setmbcp_nolock	100109a4	READ
1000874b	__setmbcp_nolock	100085a5	CONDITIONAL_JUMP
10008754	__setmbcp_nolock	Stack[-0x8]	READ
1000875c	__setmbcp_nolock	10004bba	UNCONDITIONAL_CALL
10008765	__setmbcp	1000dcf0	DATA
1000876a	__setmbcp	10006e00	UNCONDITIONAL_CALL
1000876f	__setmbcp	Stack[-0x24]	READ_WRITE
10008773	__setmbcp	10006341	UNCONDITIONAL_CALL
1000877a	__setmbcp	Stack[-0x28]	WRITE
1000877d	__setmbcp	1000845a	UNCONDITIONAL_CALL
10008785	__setmbcp	Stack[0x4]	READ
10008788	__setmbcp	100084fe	UNCONDITIONAL_CALL
1000878d	__setmbcp	Stack[0x4]	WRITE
10008793	__setmbcp	100088f0	CONDITIONAL_JUMP
1000879e	__setmbcp	10006673	UNCONDITIONAL_CALL
100087a8	__setmbcp	100088f4	CONDITIONAL_JUMP
100087be	__setmbcp	Stack[0x4]	READ
100087c1	__setmbcp	1000857a	UNCONDITIONAL_CALL
100087c8	__setmbcp	Stack[-0x24]	WRITE
100087cd	__setmbcp	100088cf	CONDITIONAL_JUMP
100087d3	__setmbcp	Stack[-0x28]	READ
100087d9	__setmbcp	1000b0a0	READ
100087d9	__setmbcp	EXTERNAL:0000002c	COMPUTED_CALL
100087e1	__setmbcp	100087f4	CONDITIONAL_JUMP
100087e6	__setmbcp	1000f5e8	DATA
100087eb	__setmbcp	100087f4	CONDITIONAL_JUMP
100087ee	__setmbcp	10005142	UNCONDITIONAL_CALL
100087f8	__setmbcp	1000b098	READ
100087fe	__setmbcp	EXTERNAL:0000002a	COMPUTED_CALL
10008804	__setmbcp	100088f4	CONDITIONAL_JUMP
1000880a	__setmbcp	1000fb20	READ
10008811	__setmbcp	100088f4	CONDITIONAL_JUMP
10008819	__setmbcp	10007543	UNCONDITIONAL_CALL
1000881f	__setmbcp	Stack[-0x8]	READ_WRITE
10008826	__setmbcp	100109b4	WRITE
1000882e	__setmbcp	100109b8	WRITE
10008836	__setmbcp	100109bc	WRITE
1000883d	__setmbcp	Stack[-0x20]	WRITE
10008843	__setmbcp	10008855	CONDITIONAL_JUMP
1000884a	__setmbcp	100109a8	WRITE
1000884a	__setmbcp	100109aa	WRITE
10008853	__setmbcp	1000883d	UNCONDITIONAL_JUMP
10008857	__setmbcp	Stack[-0x20]	WRITE
1000885f	__setmbcp	1000886e	CONDITIONAL_JUMP
10008865	__setmbcp	1000f808	WRITE
10008865	__setmbcp	1000f809	WRITE
1000886c	__setmbcp	10008857	UNCONDITIONAL_JUMP
10008870	__setmbcp	Stack[-0x20]	WRITE
10008878	__setmbcp	1000888a	CONDITIONAL_JUMP
10008881	__setmbcp	1000f910	WRITE
10008881	__setmbcp	1000f911	WRITE
10008888	__setmbcp	10008870	UNCONDITIONAL_JUMP
1000888a	__setmbcp	1000fa10	READ
1000888a	__setmbcp	1000f5e8	DATA
10008890	__setmbcp	1000b0a0	READ
10008890	__setmbcp	EXTERNAL:0000002c	COMPUTED_CALL
10008898	__setmbcp	100088ad	CONDITIONAL_JUMP
1000889a	__setmbcp	1000fa10	READ
1000889f	__setmbcp	1000f5e8	DATA
100088a4	__setmbcp	100088ad	CONDITIONAL_JUMP
100088a6	__setmbcp	1000f5e8	DATA
100088a7	__setmbcp	10005142	UNCONDITIONAL_CALL
100088ad	__setmbcp	1000fa10	WRITE
100088b4	__setmbcp	EXTERNAL:0000002a	COMPUTED_CALL
100088b6	__setmbcp	Stack[-0x8]	WRITE
100088bd	__setmbcp	100088c4	UNCONDITIONAL_CALL
100088c2	__setmbcp	100088f4	UNCONDITIONAL_JUMP
100088c6	FUN_100088c4	1000746a	UNCONDITIONAL_CALL
100088d2	__setmbcp	100088f4	CONDITIONAL_JUMP
100088d4	__setmbcp	1000f5e8	DATA
100088da	__setmbcp	100088e3	CONDITIONAL_JUMP
100088dd	__setmbcp	10005142	UNCONDITIONAL_CALL
100088e3	__setmbcp	10005b3a	UNCONDITIONAL_CALL
100088ee	__setmbcp	100088f4	UNCONDITIONAL_JUMP
100088f0	__setmbcp	Stack[-0x24]	READ_WRITE
100088f4	__setmbcp	Stack[-0x24]	READ
100088f7	__setmbcp	10006e45	UNCONDITIONAL_CALL
100088fd	___initmbctable	10010eec	READ
10008904	___initmbctable	10008918	CONDITIONAL_JUMP
10008908	___initmbctable	10008763	UNCONDITIONAL_CALL
1000890e	___initmbctable	10010eec	WRITE
10008920	__calloc_impl	Stack[0x4]	READ
10008925	__calloc_impl	10008942	CONDITIONAL_JUMP
1000892e	__calloc_impl	Stack[0x8]	READ
10008931	__calloc_impl	10008942	CONDITIONAL_JUMP
10008933	__calloc_impl	10005b3a	UNCONDITIONAL_CALL
10008942	__calloc_impl	Stack[0x8]	READ
1000894b	__calloc_impl	1000894e	CONDITIONAL_JUMP
10008953	__calloc_impl	10008968	CONDITIONAL_JUMP
10008958	__calloc_impl	10010058	READ
1000895e	__calloc_impl	1000b040	READ
1000895e	__calloc_impl	EXTERNAL:00000014	COMPUTED_CALL
10008966	__calloc_impl	1000899a	CONDITIONAL_JUMP
10008968	__calloc_impl	100106b8	READ
1000896f	__calloc_impl	1000898d	CONDITIONAL_JUMP
10008972	__calloc_impl	100059d7	UNCONDITIONAL_CALL
1000897a	__calloc_impl	1000894e	CONDITIONAL_JUMP
1000897c	__calloc_impl	Stack[0xc]	READ
10008981	__calloc_impl	10008989	CONDITIONAL_JUMP
1000898b	__calloc_impl	1000899a	UNCONDITIONAL_JUMP
1000898d	__calloc_impl	Stack[0xc]	READ
10008992	__calloc_impl	1000899a	CONDITIONAL_JUMP
100089a2	_realloc	Stack[0x4]	READ
100089a6	_realloc	100089b3	CONDITIONAL_JUMP
100089a8	_realloc	Stack[0x8]	READ
100089ab	_realloc	1000517c	UNCONDITIONAL_CALL
100089b4	_realloc	Stack[0x8]	READ
100089b9	_realloc	100089c8	CONDITIONAL_JUMP
100089bb	_realloc	Stack[0x4]	READ
100089be	_realloc	10005142	UNCONDITIONAL_CALL
100089c6	_realloc	10008a15	UNCONDITIONAL_JUMP
100089c9	_realloc	100089fb	UNCONDITIONAL_JUMP
100089cd	_realloc	100089d0	CONDITIONAL_JUMP
100089d1	_realloc	Stack[0x4]	READ
100089d6	_realloc	10010058	READ
100089dc	_realloc	1000b030	READ
100089dc	_realloc	EXTERNAL:00000010	COMPUTED_CALL
100089e6	_realloc	10008a46	CONDITIONAL_JUMP
100089e8	_realloc	100106b8	READ
100089ee	_realloc	10008a30	CONDITIONAL_JUMP
100089f1	_realloc	100059d7	UNCONDITIONAL_CALL
100089f9	_realloc	10008a18	CONDITIONAL_JUMP
100089fe	_realloc	100089cb	CONDITIONAL_JUMP
10008a01	_realloc	100059d7	UNCONDITIONAL_CALL
10008a07	_realloc	10005b3a	UNCONDITIONAL_CALL
10008a18	_realloc	10005b3a	UNCONDITIONAL_CALL
10008a1f	_realloc	1000b010	READ
10008a1f	_realloc	EXTERNAL:00000008	COMPUTED_CALL
10008a26	_realloc	10005af8	UNCONDITIONAL_CALL
10008a2e	_realloc	10008a12	UNCONDITIONAL_JUMP
10008a30	_realloc	10005b3a	UNCONDITIONAL_CALL
10008a37	_realloc	1000b010	READ
10008a37	_realloc	EXTERNAL:00000008	COMPUTED_CALL
10008a3e	_realloc	10005af8	UNCONDITIONAL_CALL
10008a48	_realloc	10008a14	UNCONDITIONAL_JUMP
10008a52	x_ismbbtype_l	Stack[0x4]	READ
10008a55	x_ismbbtype_l	Stack[-0x14]	DATA
10008a58	x_ismbbtype_l	10007e77	UNCONDITIONAL_CALL
10008a5d	x_ismbbtype_l	Stack[0x8]	READ
10008a61	x_ismbbtype_l	Stack[-0x10]	READ
10008a64	x_ismbbtype_l	Stack[0x10]	READ
10008a6b	x_ismbbtype_l	10008a8b	CONDITIONAL_JUMP
10008a6d	x_ismbbtype_l	Stack[0xc]	READ
10008a71	x_ismbbtype_l	10008a85	CONDITIONAL_JUMP
10008a73	x_ismbbtype_l	Stack[-0x14]	READ
10008a80	x_ismbbtype_l	Stack[0xc]	READ
10008a83	x_ismbbtype_l	10008a87	UNCONDITIONAL_JUMP
10008a89	x_ismbbtype_l	10008a8e	CONDITIONAL_JUMP
10008a8e	x_ismbbtype_l	Stack[-0x8]	READ
10008a92	x_ismbbtype_l	10008a9b	CONDITIONAL_JUMP
10008a94	x_ismbbtype_l	Stack[-0xc]	READ
10008aa6	__ismbblead	Stack[0x4]	READ
10008aab	__ismbblead	10008a4a	UNCONDITIONAL_CALL
10008ac0	_memset	Stack[0xc]	READ
10008ac4	_memset	Stack[0x4]	READ
10008aca	_memset	10008b35	CONDITIONAL_JUMP
10008ace	_memset	Stack[0x8]	READ
10008ad4	_memset	10008aec	CONDITIONAL_JUMP
10008adc	_memset	10008aec	CONDITIONAL_JUMP
10008ade	_memset	10010ef8	READ
10008ae5	_memset	10008aec	CONDITIONAL_JUMP
10008ae7	_memset	100098ee	UNCONDITIONAL_CALL
10008af2	_memset	10008b25	CONDITIONAL_JUMP
10008af9	_memset	10008b07	CONDITIONAL_JUMP
10008b05	_memset	10008afd	CONDITIONAL_JUMP
10008b1d	_memset	10008b25	CONDITIONAL_JUMP
10008b23	_memset	10008b2f	CONDITIONAL_JUMP
10008b2d	_memset	10008b25	CONDITIONAL_JUMP
10008b2f	_memset	Stack[0x4]	READ
10008b35	_memset	Stack[0x4]	READ
10008bf0	__global_unwind2	Stack[0x4]	READ
10008bf3	__global_unwind2	10009b12	UNCONDITIONAL_CALL
10008c10		10008c44	CONDITIONAL_JUMP
10008c1b		10004bba	UNCONDITIONAL_CALL
10008c2c		10008c45	UNCONDITIONAL_CALL
10008c48	__local_unwind2	Stack[0x4]	READ
10008c50	__local_unwind2	10008c00	DATA
10008c55	__local_unwind2	ffdff000	READ
10008c5c	__local_unwind2	1000f080	READ
10008c64	__local_unwind2	Stack[-0x20]	DATA
10008c68	__local_unwind2	ffdff000	WRITE
10008c6e	__local_unwind2	Stack[0x4]	READ
10008c7b	__local_unwind2	10008cb7	CONDITIONAL_JUMP
10008c7d	__local_unwind2	Stack[0x8]	READ
10008c82	__local_unwind2	10008c8a	CONDITIONAL_JUMP
10008c84	__local_unwind2	Stack[0x8]	READ
10008c88	__local_unwind2	10008cb7	CONDITIONAL_JUMP
10008c90	__local_unwind2	Stack[-0x18]	WRITE
10008c9c	__local_unwind2	10008cb5	CONDITIONAL_JUMP
10008ca7	__local_unwind2	10008cf5	UNCONDITIONAL_CALL
10008cb0	__local_unwind2	10008d14	UNCONDITIONAL_CALL
10008cb5	__local_unwind2	10008c6e	UNCONDITIONAL_JUMP
10008cb7	__local_unwind2	Stack[-0x20]	READ
10008cbb	__local_unwind2	ffdff000	WRITE
10008cee	__NLG_Notify1	1000fb10	DATA
10008cf3	__NLG_Notify1	10008d00	UNCONDITIONAL_JUMP
10008cf7	__NLG_Notify	1000fb10	DATA
10008cfc	__NLG_Notify	Stack[0x4]	READ
10008d00	__NLG_Notify	1000fb18	WRITE
10008d03	__NLG_Notify	1000fb14	WRITE
10008d06	__NLG_Notify	1000fb1c	WRITE
10008d25	FID_conflict:_memcpy	Stack[0x8]	READ
10008d28	FID_conflict:_memcpy	Stack[0xc]	READ
10008d2b	FID_conflict:_memcpy	Stack[0x4]	READ
10008d36	FID_conflict:_memcpy	10008d40	CONDITIONAL_JUMP
10008d3a	FID_conflict:_memcpy	10008ee0	CONDITIONAL_JUMP
10008d46	FID_conflict:_memcpy	10008d64	CONDITIONAL_JUMP
10008d48	FID_conflict:_memcpy	10010ef8	READ
10008d4f	FID_conflict:_memcpy	10008d64	CONDITIONAL_JUMP
10008d5d	FID_conflict:_memcpy	10008d64	CONDITIONAL_JUMP
10008d5f	FID_conflict:_memcpy	1000577b	UNCONDITIONAL_CALL
10008d6a	FID_conflict:_memcpy	10008d80	CONDITIONAL_JUMP
10008d75	FID_conflict:_memcpy	10008da0	CONDITIONAL_JUMP
10008d79	FID_conflict:_memcpy	10008ea0	COMPUTED_JUMP
10008d79	FID_conflict:_memcpy	10008ea8	COMPUTED_JUMP
10008d79	FID_conflict:_memcpy	10008eb4	COMPUTED_JUMP
10008d79	FID_conflict:_memcpy	10008ec8	COMPUTED_JUMP
10008d79	FID_conflict:_memcpy	10008e90	DATA
10008d8a	FID_conflict:_memcpy	10008d98	CONDITIONAL_JUMP
10008d91	FID_conflict:_memcpy	10008db4	COMPUTED_JUMP
10008d91	FID_conflict:_memcpy	10008de0	COMPUTED_JUMP
10008d91	FID_conflict:_memcpy	10008e04	COMPUTED_JUMP
10008d91	FID_conflict:_memcpy	10008da8	DATA
10008d98	FID_conflict:_memcpy	10008ea0	COMPUTED_JUMP
10008d98	FID_conflict:_memcpy	10008ea8	COMPUTED_JUMP
10008d98	FID_conflict:_memcpy	10008eb4	COMPUTED_JUMP
10008d98	FID_conflict:_memcpy	10008ec8	COMPUTED_JUMP
10008da0	FID_conflict:_memcpy	10008e87	COMPUTED_JUMP
10008da0	FID_conflict:_memcpy	10008e74	COMPUTED_JUMP
10008da0	FID_conflict:_memcpy	10008e6c	COMPUTED_JUMP
10008da0	FID_conflict:_memcpy	10008e64	COMPUTED_JUMP
10008da0	FID_conflict:_memcpy	10008e5c	COMPUTED_JUMP
10008da0	FID_conflict:_memcpy	10008e54	COMPUTED_JUMP
10008da0	FID_conflict:_memcpy	10008e4c	COMPUTED_JUMP
10008da0	FID_conflict:_memcpy	10008e44	COMPUTED_JUMP
10008da0	FID_conflict:_memcpy	10008e24	DATA
10008dd2	FID_conflict:_memcpy	10008da0	CONDITIONAL_JUMP
10008dd6	FID_conflict:_memcpy	10008ea0	COMPUTED_JUMP
10008dd6	FID_conflict:_memcpy	10008ea8	COMPUTED_JUMP
10008dd6	FID_conflict:_memcpy	10008eb4	COMPUTED_JUMP
10008dd6	FID_conflict:_memcpy	10008ec8	COMPUTED_JUMP
10008dd6	FID_conflict:_memcpy	10008e90	DATA
10008df8	FID_conflict:_memcpy	10008da0	CONDITIONAL_JUMP
10008dfc	FID_conflict:_memcpy	10008ea0	COMPUTED_JUMP
10008dfc	FID_conflict:_memcpy	10008ea8	COMPUTED_JUMP
10008dfc	FID_conflict:_memcpy	10008eb4	COMPUTED_JUMP
10008dfc	FID_conflict:_memcpy	10008ec8	COMPUTED_JUMP
10008dfc	FID_conflict:_memcpy	10008e90	DATA
10008e16	FID_conflict:_memcpy	10008da0	CONDITIONAL_JUMP
10008e1a	FID_conflict:_memcpy	10008ea0	COMPUTED_JUMP
10008e1a	FID_conflict:_memcpy	10008ea8	COMPUTED_JUMP
10008e1a	FID_conflict:_memcpy	10008eb4	COMPUTED_JUMP
10008e1a	FID_conflict:_memcpy	10008ec8	COMPUTED_JUMP
10008e1a	FID_conflict:_memcpy	10008e90	DATA
10008e87	FID_conflict:_memcpy	10008ea0	COMPUTED_JUMP
10008e87	FID_conflict:_memcpy	10008ea8	COMPUTED_JUMP
10008e87	FID_conflict:_memcpy	10008eb4	COMPUTED_JUMP
10008e87	FID_conflict:_memcpy	10008ec8	COMPUTED_JUMP
10008e87	FID_conflict:_memcpy	10008e90	DATA
10008ea0	FID_conflict:_memcpy	Stack[0x4]	READ
10008eac	FID_conflict:_memcpy	Stack[0x4]	READ
10008ebe	FID_conflict:_memcpy	Stack[0x4]	READ
10008ed8	FID_conflict:_memcpy	Stack[0x4]	READ
10008eee	FID_conflict:_memcpy	10008f14	CONDITIONAL_JUMP
10008ef9	FID_conflict:_memcpy	10008f08	CONDITIONAL_JUMP
10008eff	FID_conflict:_memcpy	1000903c	COMPUTED_JUMP
10008eff	FID_conflict:_memcpy	10009044	COMPUTED_JUMP
10008eff	FID_conflict:_memcpy	10009054	COMPUTED_JUMP
10008eff	FID_conflict:_memcpy	10009068	COMPUTED_JUMP
10008eff	FID_conflict:_memcpy	1000902c	DATA
10008f0a	FID_conflict:_memcpy	10009023	COMPUTED_JUMP
10008f0a	FID_conflict:_memcpy	10009010	COMPUTED_JUMP
10008f0a	FID_conflict:_memcpy	10009008	COMPUTED_JUMP
10008f0a	FID_conflict:_memcpy	10009000	COMPUTED_JUMP
10008f0a	FID_conflict:_memcpy	10008ff8	COMPUTED_JUMP
10008f0a	FID_conflict:_memcpy	10008ff0	COMPUTED_JUMP
10008f0a	FID_conflict:_memcpy	10008fe8	COMPUTED_JUMP
10008f0a	FID_conflict:_memcpy	10008fe0	COMPUTED_JUMP
10008f0a	FID_conflict:_memcpy	10008fdc	DATA
10008f1e	FID_conflict:_memcpy	10008f2c	CONDITIONAL_JUMP
10008f25	FID_conflict:_memcpy	10008f40	COMPUTED_JUMP
10008f25	FID_conflict:_memcpy	10008f64	COMPUTED_JUMP
10008f25	FID_conflict:_memcpy	10008f8c	COMPUTED_JUMP
10008f25	FID_conflict:_memcpy	10008f34	DATA
10008f2c	FID_conflict:_memcpy	1000903c	COMPUTED_JUMP
10008f2c	FID_conflict:_memcpy	10009044	COMPUTED_JUMP
10008f2c	FID_conflict:_memcpy	10009054	COMPUTED_JUMP
10008f2c	FID_conflict:_memcpy	10009068	COMPUTED_JUMP
10008f2c	FID_conflict:_memcpy	1000902c	DATA
10008f54	FID_conflict:_memcpy	10008f08	CONDITIONAL_JUMP
10008f5a	FID_conflict:_memcpy	1000903c	COMPUTED_JUMP
10008f5a	FID_conflict:_memcpy	10009044	COMPUTED_JUMP
10008f5a	FID_conflict:_memcpy	10009054	COMPUTED_JUMP
10008f5a	FID_conflict:_memcpy	10009068	COMPUTED_JUMP
10008f5a	FID_conflict:_memcpy	1000902c	DATA
10008f7e	FID_conflict:_memcpy	10008f08	CONDITIONAL_JUMP
10008f84	FID_conflict:_memcpy	1000903c	COMPUTED_JUMP
10008f84	FID_conflict:_memcpy	10009044	COMPUTED_JUMP
10008f84	FID_conflict:_memcpy	10009054	COMPUTED_JUMP
10008f84	FID_conflict:_memcpy	10009068	COMPUTED_JUMP
10008f84	FID_conflict:_memcpy	1000902c	DATA
10008fac	FID_conflict:_memcpy	10008f08	CONDITIONAL_JUMP
10008fb6	FID_conflict:_memcpy	1000903c	COMPUTED_JUMP
10008fb6	FID_conflict:_memcpy	10009044	COMPUTED_JUMP
10008fb6	FID_conflict:_memcpy	10009054	COMPUTED_JUMP
10008fb6	FID_conflict:_memcpy	10009068	COMPUTED_JUMP
10008fb6	FID_conflict:_memcpy	1000902c	DATA
10009023	FID_conflict:_memcpy	1000903c	COMPUTED_JUMP
10009023	FID_conflict:_memcpy	10009044	COMPUTED_JUMP
10009023	FID_conflict:_memcpy	10009054	COMPUTED_JUMP
10009023	FID_conflict:_memcpy	10009068	COMPUTED_JUMP
10009023	FID_conflict:_memcpy	1000902c	DATA
1000903c	FID_conflict:_memcpy	Stack[0x4]	READ
1000904a	FID_conflict:_memcpy	Stack[0x4]	READ
10009060	FID_conflict:_memcpy	Stack[0x4]	READ
1000907a	FID_conflict:_memcpy	Stack[0x4]	READ
10009083		10005e27	UNCONDITIONAL_CALL
10009091	__alloca_probe_16	Stack[0x4]	DATA
100090a1	__alloca_probe_16	100099b0	UNCONDITIONAL_CALL
100090a7	__alloca_probe_8	Stack[0x4]	DATA
100090b7	__alloca_probe_8	100099b0	UNCONDITIONAL_CALL
100090c2	___free_lc_time	Stack[0x4]	READ
100090c7	___free_lc_time	10009430	CONDITIONAL_JUMP
100090d0	___free_lc_time	10005142	UNCONDITIONAL_CALL
100090d8	___free_lc_time	10005142	UNCONDITIONAL_CALL
100090e0	___free_lc_time	10005142	UNCONDITIONAL_CALL
100090e8	___free_lc_time	10005142	UNCONDITIONAL_CALL
100090f0	___free_lc_time	10005142	UNCONDITIONAL_CALL
100090f8	___free_lc_time	10005142	UNCONDITIONAL_CALL
100090ff	___free_lc_time	10005142	UNCONDITIONAL_CALL
10009107	___free_lc_time	10005142	UNCONDITIONAL_CALL
1000910f	___free_lc_time	10005142	UNCONDITIONAL_CALL
10009117	___free_lc_time	10005142	UNCONDITIONAL_CALL
1000911f	___free_lc_time	10005142	UNCONDITIONAL_CALL
10009127	___free_lc_time	10005142	UNCONDITIONAL_CALL
1000912f	___free_lc_time	10005142	UNCONDITIONAL_CALL
10009137	___free_lc_time	10005142	UNCONDITIONAL_CALL
1000913f	___free_lc_time	10005142	UNCONDITIONAL_CALL
10009147	___free_lc_time	10005142	UNCONDITIONAL_CALL
10009152	___free_lc_time	10005142	UNCONDITIONAL_CALL
1000915a	___free_lc_time	10005142	UNCONDITIONAL_CALL
10009162	___free_lc_time	10005142	UNCONDITIONAL_CALL
1000916a	___free_lc_time	10005142	UNCONDITIONAL_CALL
10009172	___free_lc_time	10005142	UNCONDITIONAL_CALL
1000917a	___free_lc_time	10005142	UNCONDITIONAL_CALL
10009182	___free_lc_time	10005142	UNCONDITIONAL_CALL
1000918a	___free_lc_time	10005142	UNCONDITIONAL_CALL
10009192	___free_lc_time	10005142	UNCONDITIONAL_CALL
1000919a	___free_lc_time	10005142	UNCONDITIONAL_CALL
100091a2	___free_lc_time	10005142	UNCONDITIONAL_CALL
100091aa	___free_lc_time	10005142	UNCONDITIONAL_CALL
100091b2	___free_lc_time	10005142	UNCONDITIONAL_CALL
100091ba	___free_lc_time	10005142	UNCONDITIONAL_CALL
100091c2	___free_lc_time	10005142	UNCONDITIONAL_CALL
100091ca	___free_lc_time	10005142	UNCONDITIONAL_CALL
100091d8	___free_lc_time	10005142	UNCONDITIONAL_CALL
100091e3	___free_lc_time	10005142	UNCONDITIONAL_CALL
100091ee	___free_lc_time	10005142	UNCONDITIONAL_CALL
100091f9	___free_lc_time	10005142	UNCONDITIONAL_CALL
10009204	___free_lc_time	10005142	UNCONDITIONAL_CALL
1000920f	___free_lc_time	10005142	UNCONDITIONAL_CALL
1000921a	___free_lc_time	10005142	UNCONDITIONAL_CALL
10009225	___free_lc_time	10005142	UNCONDITIONAL_CALL
10009230	___free_lc_time	10005142	UNCONDITIONAL_CALL
1000923b	___free_lc_time	10005142	UNCONDITIONAL_CALL
10009246	___free_lc_time	10005142	UNCONDITIONAL_CALL
10009251	___free_lc_time	10005142	UNCONDITIONAL_CALL
1000925c	___free_lc_time	10005142	UNCONDITIONAL_CALL
10009267	___free_lc_time	10005142	UNCONDITIONAL_CALL
10009272	___free_lc_time	10005142	UNCONDITIONAL_CALL
1000927d	___free_lc_time	10005142	UNCONDITIONAL_CALL
1000928b	___free_lc_time	10005142	UNCONDITIONAL_CALL
10009296	___free_lc_time	10005142	UNCONDITIONAL_CALL
100092a1	___free_lc_time	10005142	UNCONDITIONAL_CALL
100092ac	___free_lc_time	10005142	UNCONDITIONAL_CALL
100092b7	___free_lc_time	10005142	UNCONDITIONAL_CALL
100092c2	___free_lc_time	10005142	UNCONDITIONAL_CALL
100092cd	___free_lc_time	10005142	UNCONDITIONAL_CALL
100092d8	___free_lc_time	10005142	UNCONDITIONAL_CALL
100092e3	___free_lc_time	10005142	UNCONDITIONAL_CALL
100092ee	___free_lc_time	10005142	UNCONDITIONAL_CALL
100092f9	___free_lc_time	10005142	UNCONDITIONAL_CALL
10009304	___free_lc_time	10005142	UNCONDITIONAL_CALL
1000930f	___free_lc_time	10005142	UNCONDITIONAL_CALL
1000931a	___free_lc_time	10005142	UNCONDITIONAL_CALL
10009325	___free_lc_time	10005142	UNCONDITIONAL_CALL
10009330	___free_lc_time	10005142	UNCONDITIONAL_CALL
1000933e	___free_lc_time	10005142	UNCONDITIONAL_CALL
10009349	___free_lc_time	10005142	UNCONDITIONAL_CALL
10009354	___free_lc_time	10005142	UNCONDITIONAL_CALL
1000935f	___free_lc_time	10005142	UNCONDITIONAL_CALL
1000936a	___free_lc_time	10005142	UNCONDITIONAL_CALL
10009375	___free_lc_time	10005142	UNCONDITIONAL_CALL
10009380	___free_lc_time	10005142	UNCONDITIONAL_CALL
1000938b	___free_lc_time	10005142	UNCONDITIONAL_CALL
10009396	___free_lc_time	10005142	UNCONDITIONAL_CALL
100093a1	___free_lc_time	10005142	UNCONDITIONAL_CALL
100093ac	___free_lc_time	10005142	UNCONDITIONAL_CALL
100093b7	___free_lc_time	10005142	UNCONDITIONAL_CALL
100093c2	___free_lc_time	10005142	UNCONDITIONAL_CALL
100093cd	___free_lc_time	10005142	UNCONDITIONAL_CALL
100093d8	___free_lc_time	10005142	UNCONDITIONAL_CALL
100093e3	___free_lc_time	10005142	UNCONDITIONAL_CALL
100093f1	___free_lc_time	10005142	UNCONDITIONAL_CALL
100093fc	___free_lc_time	10005142	UNCONDITIONAL_CALL
10009407	___free_lc_time	10005142	UNCONDITIONAL_CALL
10009412	___free_lc_time	10005142	UNCONDITIONAL_CALL
1000941d	___free_lc_time	10005142	UNCONDITIONAL_CALL
10009428	___free_lc_time	10005142	UNCONDITIONAL_CALL
10009439	___free_lconv_num	Stack[0x4]	READ
1000943e	___free_lconv_num	10009499	CONDITIONAL_JUMP
10009442	___free_lconv_num	1000fb38	READ
10009448	___free_lconv_num	10009451	CONDITIONAL_JUMP
1000944b	___free_lconv_num	10005142	UNCONDITIONAL_CALL
10009454	___free_lconv_num	1000fb3c	READ
1000945a	___free_lconv_num	10009463	CONDITIONAL_JUMP
1000945d	___free_lconv_num	10005142	UNCONDITIONAL_CALL
10009466	___free_lconv_num	1000fb40	READ
1000946c	___free_lconv_num	10009475	CONDITIONAL_JUMP
1000946f	___free_lconv_num	10005142	UNCONDITIONAL_CALL
10009478	___free_lconv_num	1000fb68	READ
1000947e	___free_lconv_num	10009487	CONDITIONAL_JUMP
10009481	___free_lconv_num	10005142	UNCONDITIONAL_CALL
1000948a	___free_lconv_num	1000fb6c	READ
10009490	___free_lconv_num	10009499	CONDITIONAL_JUMP
10009493	___free_lconv_num	10005142	UNCONDITIONAL_CALL
100094a2	___free_lconv_mon	Stack[0x4]	READ
100094a7	___free_lconv_mon	10009597	CONDITIONAL_JUMP
100094b0	___free_lconv_mon	1000fb44	READ
100094b6	___free_lconv_mon	100094bf	CONDITIONAL_JUMP
100094b9	___free_lconv_mon	10005142	UNCONDITIONAL_CALL
100094c2	___free_lconv_mon	1000fb48	READ
100094c8	___free_lconv_mon	100094d1	CONDITIONAL_JUMP
100094cb	___free_lconv_mon	10005142	UNCONDITIONAL_CALL
100094d4	___free_lconv_mon	1000fb4c	READ
100094da	___free_lconv_mon	100094e3	CONDITIONAL_JUMP
100094dd	___free_lconv_mon	10005142	UNCONDITIONAL_CALL
100094e6	___free_lconv_mon	1000fb50	READ
100094ec	___free_lconv_mon	100094f5	CONDITIONAL_JUMP
100094ef	___free_lconv_mon	10005142	UNCONDITIONAL_CALL
100094f8	___free_lconv_mon	1000fb54	READ
100094fe	___free_lconv_mon	10009507	CONDITIONAL_JUMP
10009501	___free_lconv_mon	10005142	UNCONDITIONAL_CALL
1000950a	___free_lconv_mon	1000fb58	READ
10009510	___free_lconv_mon	10009519	CONDITIONAL_JUMP
10009513	___free_lconv_mon	10005142	UNCONDITIONAL_CALL
1000951c	___free_lconv_mon	1000fb5c	READ
10009522	___free_lconv_mon	1000952b	CONDITIONAL_JUMP
10009525	___free_lconv_mon	10005142	UNCONDITIONAL_CALL
1000952e	___free_lconv_mon	1000fb70	READ
10009534	___free_lconv_mon	1000953d	CONDITIONAL_JUMP
10009537	___free_lconv_mon	10005142	UNCONDITIONAL_CALL
10009540	___free_lconv_mon	1000fb74	READ
10009546	___free_lconv_mon	1000954f	CONDITIONAL_JUMP
10009549	___free_lconv_mon	10005142	UNCONDITIONAL_CALL
10009552	___free_lconv_mon	1000fb78	READ
10009558	___free_lconv_mon	10009561	CONDITIONAL_JUMP
1000955b	___free_lconv_mon	10005142	UNCONDITIONAL_CALL
10009564	___free_lconv_mon	1000fb7c	READ
1000956a	___free_lconv_mon	10009573	CONDITIONAL_JUMP
1000956d	___free_lconv_mon	10005142	UNCONDITIONAL_CALL
10009576	___free_lconv_mon	1000fb80	READ
1000957c	___free_lconv_mon	10009585	CONDITIONAL_JUMP
1000957f	___free_lconv_mon	10005142	UNCONDITIONAL_CALL
10009588	___free_lconv_mon	1000fb84	READ
1000958e	___free_lconv_mon	10009597	CONDITIONAL_JUMP
10009591	___free_lconv_mon	10005142	UNCONDITIONAL_CALL
100095a2	__crtLCMapStringA_stat	1000f080	READ
100095a9	__crtLCMapStringA_stat	Stack[-0x8]	WRITE
100095ac	__crtLCMapStringA_stat	Stack[0x14]	READ
100095b6	__crtLCMapStringA_stat	100095d7	CONDITIONAL_JUMP
100095b8	__crtLCMapStringA_stat	Stack[0x10]	READ
100095c0	__crtLCMapStringA_stat	100095ca	CONDITIONAL_JUMP
100095c5	__crtLCMapStringA_stat	100095bd	CONDITIONAL_JUMP
100095d1	__crtLCMapStringA_stat	100095d4	CONDITIONAL_JUMP
100095d4	__crtLCMapStringA_stat	Stack[0x14]	WRITE
100095d7	__crtLCMapStringA_stat	Stack[-0xc]	WRITE
100095da	__crtLCMapStringA_stat	Stack[0x20]	READ
100095dd	__crtLCMapStringA_stat	100095ea	CONDITIONAL_JUMP
100095df	__crtLCMapStringA_stat	Stack[0x4]	READ
100095e7	__crtLCMapStringA_stat	Stack[0x20]	WRITE
100095ea	__crtLCMapStringA_stat	1000b014	READ
100095f2	__crtLCMapStringA_stat	Stack[0x24]	READ
100095f7	__crtLCMapStringA_stat	Stack[0x14]	READ
100095fd	__crtLCMapStringA_stat	Stack[0x10]	READ
10009608	__crtLCMapStringA_stat	Stack[0x20]	READ
1000960b	__crtLCMapStringA_stat	EXTERNAL:00000009	COMPUTED_CALL
1000960f	__crtLCMapStringA_stat	Stack[-0x14]	WRITE
10009614	__crtLCMapStringA_stat	1000961d	CONDITIONAL_JUMP
10009618	__crtLCMapStringA_stat	1000976f	UNCONDITIONAL_JUMP
1000961d	__crtLCMapStringA_stat	10009662	CONDITIONAL_JUMP
10009629	__crtLCMapStringA_stat	10009662	CONDITIONAL_JUMP
10009634	__crtLCMapStringA_stat	10009649	CONDITIONAL_JUMP
10009636	__crtLCMapStringA_stat	10009090	UNCONDITIONAL_CALL
1000963f	__crtLCMapStringA_stat	1000965d	CONDITIONAL_JUMP
10009647	__crtLCMapStringA_stat	1000965a	UNCONDITIONAL_JUMP
1000964a	__crtLCMapStringA_stat	1000517c	UNCONDITIONAL_CALL
10009652	__crtLCMapStringA_stat	1000965d	CONDITIONAL_JUMP
1000965d	__crtLCMapStringA_stat	Stack[-0x10]	WRITE
10009660	__crtLCMapStringA_stat	10009665	UNCONDITIONAL_JUMP
10009662	__crtLCMapStringA_stat	Stack[-0x10]	WRITE
10009665	__crtLCMapStringA_stat	Stack[-0x10]	READ
10009668	__crtLCMapStringA_stat	10009616	CONDITIONAL_JUMP
1000966b	__crtLCMapStringA_stat	Stack[-0x10]	READ
1000966e	__crtLCMapStringA_stat	Stack[0x14]	READ
10009671	__crtLCMapStringA_stat	Stack[0x10]	READ
10009676	__crtLCMapStringA_stat	Stack[0x20]	READ
10009679	__crtLCMapStringA_stat	EXTERNAL:00000009	COMPUTED_CALL
1000967d	__crtLCMapStringA_stat	10009763	CONDITIONAL_JUMP
10009683	__crtLCMapStringA_stat	1000b02c	READ
1000968c	__crtLCMapStringA_stat	Stack[-0x10]	READ
1000968f	__crtLCMapStringA_stat	Stack[0xc]	READ
10009692	__crtLCMapStringA_stat	Stack[0x8]	READ
10009695	__crtLCMapStringA_stat	EXTERNAL:0000000f	COMPUTED_CALL
10009697	__crtLCMapStringA_stat	Stack[-0xc]	WRITE
1000969c	__crtLCMapStringA_stat	10009763	CONDITIONAL_JUMP
100096a7	__crtLCMapStringA_stat	Stack[0xc]	READ
100096aa	__crtLCMapStringA_stat	100096d5	CONDITIONAL_JUMP
100096ac	__crtLCMapStringA_stat	Stack[0x1c]	READ
100096b1	__crtLCMapStringA_stat	10009763	CONDITIONAL_JUMP
100096b7	__crtLCMapStringA_stat	Stack[-0xc]	READ
100096ba	__crtLCMapStringA_stat	10009763	CONDITIONAL_JUMP
100096c1	__crtLCMapStringA_stat	Stack[0x18]	READ
100096c5	__crtLCMapStringA_stat	Stack[-0x10]	READ
100096c8	__crtLCMapStringA_stat	Stack[0xc]	READ
100096cb	__crtLCMapStringA_stat	Stack[0x8]	READ
100096ce	__crtLCMapStringA_stat	EXTERNAL:0000000f	COMPUTED_CALL
100096d0	__crtLCMapStringA_stat	10009763	UNCONDITIONAL_JUMP
100096d5	__crtLCMapStringA_stat	Stack[-0xc]	READ
100096da	__crtLCMapStringA_stat	1000971e	CONDITIONAL_JUMP
100096e6	__crtLCMapStringA_stat	1000971e	CONDITIONAL_JUMP
100096ee	__crtLCMapStringA_stat	10009706	CONDITIONAL_JUMP
100096f0	__crtLCMapStringA_stat	10009090	UNCONDITIONAL_CALL
100096f9	__crtLCMapStringA_stat	10009763	CONDITIONAL_JUMP
10009704	__crtLCMapStringA_stat	10009720	UNCONDITIONAL_JUMP
10009707	__crtLCMapStringA_stat	1000517c	UNCONDITIONAL_CALL
1000970f	__crtLCMapStringA_stat	1000971a	CONDITIONAL_JUMP
1000971c	__crtLCMapStringA_stat	10009720	UNCONDITIONAL_JUMP
10009722	__crtLCMapStringA_stat	10009763	CONDITIONAL_JUMP
10009724	__crtLCMapStringA_stat	Stack[-0xc]	READ
10009728	__crtLCMapStringA_stat	Stack[-0x14]	READ
1000972b	__crtLCMapStringA_stat	Stack[-0x10]	READ
1000972e	__crtLCMapStringA_stat	Stack[0xc]	READ
10009731	__crtLCMapStringA_stat	Stack[0x8]	READ
10009734	__crtLCMapStringA_stat	EXTERNAL:0000000f	COMPUTED_CALL
10009738	__crtLCMapStringA_stat	1000975c	CONDITIONAL_JUMP
1000973c	__crtLCMapStringA_stat	Stack[0x1c]	READ
1000973f	__crtLCMapStringA_stat	10009745	CONDITIONAL_JUMP
10009743	__crtLCMapStringA_stat	1000974b	UNCONDITIONAL_JUMP
10009745	__crtLCMapStringA_stat	Stack[0x1c]	READ
10009748	__crtLCMapStringA_stat	Stack[0x18]	READ
1000974b	__crtLCMapStringA_stat	Stack[-0xc]	READ
10009750	__crtLCMapStringA_stat	Stack[0x20]	READ
10009753	__crtLCMapStringA_stat	1000b0c0	READ
10009753	__crtLCMapStringA_stat	EXTERNAL:00000034	COMPUTED_CALL
10009759	__crtLCMapStringA_stat	Stack[-0xc]	WRITE
1000975d	__crtLCMapStringA_stat	10007e57	UNCONDITIONAL_CALL
10009763	__crtLCMapStringA_stat	Stack[-0x10]	READ
10009766	__crtLCMapStringA_stat	10007e57	UNCONDITIONAL_CALL
1000976b	__crtLCMapStringA_stat	Stack[-0xc]	READ
1000976f	__crtLCMapStringA_stat	Stack[-0x20]	DATA
10009775	__crtLCMapStringA_stat	Stack[-0x8]	READ
1000977a	__crtLCMapStringA_stat	10004bba	UNCONDITIONAL_CALL
10009789	___crtLCMapStringA	Stack[0x4]	READ
1000978c	___crtLCMapStringA	Stack[-0x14]	DATA
1000978f	___crtLCMapStringA	10007e77	UNCONDITIONAL_CALL
10009794	___crtLCMapStringA	Stack[0x24]	READ
10009797	___crtLCMapStringA	Stack[-0x14]	DATA
1000979a	___crtLCMapStringA	Stack[0x20]	READ
1000979d	___crtLCMapStringA	Stack[0x1c]	READ
100097a0	___crtLCMapStringA	Stack[0x18]	READ
100097a3	___crtLCMapStringA	Stack[0x14]	READ
100097a6	___crtLCMapStringA	Stack[0x10]	READ
100097a9	___crtLCMapStringA	Stack[0xc]	READ
100097ac	___crtLCMapStringA	Stack[0x8]	READ
100097b0	___crtLCMapStringA	1000959a	UNCONDITIONAL_CALL
100097b8	___crtLCMapStringA	Stack[-0x8]	READ
100097bc	___crtLCMapStringA	100097c5	CONDITIONAL_JUMP
100097be	___crtLCMapStringA	Stack[-0xc]	READ
100097ce	__crtGetStringTypeA_stat	1000f080	READ
100097d5	__crtGetStringTypeA_stat	Stack[-0x8]	WRITE
100097dd	__crtGetStringTypeA_stat	Stack[-0xc]	WRITE
100097e0	__crtGetStringTypeA_stat	Stack[0x18]	READ
100097e3	__crtGetStringTypeA_stat	100097f0	CONDITIONAL_JUMP
100097e5	__crtGetStringTypeA_stat	Stack[0x4]	READ
100097ed	__crtGetStringTypeA_stat	Stack[0x18]	WRITE
100097f0	__crtGetStringTypeA_stat	1000b014	READ
100097f8	__crtGetStringTypeA_stat	Stack[0x1c]	READ
100097fd	__crtGetStringTypeA_stat	Stack[0x10]	READ
10009803	__crtGetStringTypeA_stat	Stack[0xc]	READ
1000980e	__crtGetStringTypeA_stat	Stack[0x18]	READ
10009811	__crtGetStringTypeA_stat	EXTERNAL:00000009	COMPUTED_CALL
10009817	__crtGetStringTypeA_stat	1000981d	CONDITIONAL_JUMP
1000981b	__crtGetStringTypeA_stat	1000989c	UNCONDITIONAL_JUMP
1000981d	__crtGetStringTypeA_stat	1000985b	CONDITIONAL_JUMP
10009825	__crtGetStringTypeA_stat	1000985b	CONDITIONAL_JUMP
10009830	__crtGetStringTypeA_stat	10009845	CONDITIONAL_JUMP
10009832	__crtGetStringTypeA_stat	10009090	UNCONDITIONAL_CALL
1000983b	__crtGetStringTypeA_stat	10009859	CONDITIONAL_JUMP
10009843	__crtGetStringTypeA_stat	10009856	UNCONDITIONAL_JUMP
10009846	__crtGetStringTypeA_stat	1000517c	UNCONDITIONAL_CALL
1000984e	__crtGetStringTypeA_stat	10009859	CONDITIONAL_JUMP
1000985d	__crtGetStringTypeA_stat	10009819	CONDITIONAL_JUMP
10009866	__crtGetStringTypeA_stat	10008ac0	UNCONDITIONAL_CALL
10009870	__crtGetStringTypeA_stat	Stack[0x10]	READ
10009873	__crtGetStringTypeA_stat	Stack[0xc]	READ
10009878	__crtGetStringTypeA_stat	Stack[0x18]	READ
1000987b	__crtGetStringTypeA_stat	EXTERNAL:00000009	COMPUTED_CALL
1000987f	__crtGetStringTypeA_stat	10009892	CONDITIONAL_JUMP
10009881	__crtGetStringTypeA_stat	Stack[0x14]	READ
10009886	__crtGetStringTypeA_stat	Stack[0x8]	READ
10009889	__crtGetStringTypeA_stat	1000b008	READ
10009889	__crtGetStringTypeA_stat	EXTERNAL:00000006	COMPUTED_CALL
1000988f	__crtGetStringTypeA_stat	Stack[-0xc]	WRITE
10009893	__crtGetStringTypeA_stat	10007e57	UNCONDITIONAL_CALL
10009898	__crtGetStringTypeA_stat	Stack[-0xc]	READ
1000989c	__crtGetStringTypeA_stat	Stack[-0x18]	DATA
100098a2	__crtGetStringTypeA_stat	Stack[-0x8]	READ
100098a7	__crtGetStringTypeA_stat	10004bba	UNCONDITIONAL_CALL
100098b6	___crtGetStringTypeA	Stack[0x4]	READ
100098b9	___crtGetStringTypeA	Stack[-0x14]	DATA
100098bc	___crtGetStringTypeA	10007e77	UNCONDITIONAL_CALL
100098c1	___crtGetStringTypeA	Stack[0x20]	READ
100098c4	___crtGetStringTypeA	Stack[-0x14]	DATA
100098c7	___crtGetStringTypeA	Stack[0x18]	READ
100098ca	___crtGetStringTypeA	Stack[0x14]	READ
100098cd	___crtGetStringTypeA	Stack[0x10]	READ
100098d0	___crtGetStringTypeA	Stack[0xc]	READ
100098d3	___crtGetStringTypeA	Stack[0x8]	READ
100098d7	___crtGetStringTypeA	100097c7	UNCONDITIONAL_CALL
100098df	___crtGetStringTypeA	Stack[-0x8]	READ
100098e3	___crtGetStringTypeA	100098ec	CONDITIONAL_JUMP
100098e5	___crtGetStringTypeA	Stack[-0xc]	READ
100098fb	__VEC_memzero	1000997c	CONDITIONAL_JUMP
10009905	__VEC_memzero	1000993e	CONDITIONAL_JUMP
10009907	__VEC_memzero	Stack[-0x8]	DATA
1000993c	__VEC_memzero	1000990e	CONDITIONAL_JUMP
10009940	__VEC_memzero	10009979	CONDITIONAL_JUMP
10009947	__VEC_memzero	10009958	CONDITIONAL_JUMP
10009949	__VEC_memzero	1000994e	UNCONDITIONAL_JUMP
10009956	__VEC_memzero	1000994e	CONDITIONAL_JUMP
1000995b	__VEC_memzero	10009979	CONDITIONAL_JUMP
10009964	__VEC_memzero	1000996e	CONDITIONAL_JUMP
1000996c	__VEC_memzero	10009966	CONDITIONAL_JUMP
10009971	__VEC_memzero	10009979	CONDITIONAL_JUMP
10009977	__VEC_memzero	10009973	CONDITIONAL_JUMP
1000998d	__VEC_memzero	10009995	CONDITIONAL_JUMP
10009993	__VEC_memzero	1000998f	CONDITIONAL_JUMP
10009998	__VEC_memzero	100099a2	CONDITIONAL_JUMP
100099a0	__VEC_memzero	1000999a	CONDITIONAL_JUMP
100099a3	__VEC_memzero	100098fd	UNCONDITIONAL_JUMP
100099b1	__alloca_probe	Stack[0x0]	DATA
100099c6	__alloca_probe	100099d2	CONDITIONAL_JUMP
100099cc	__alloca_probe	Stack[0x0]	DATA
100099d7	__alloca_probe	Stack[-0x2000]	DATA
100099d9	__alloca_probe	100099c4	UNCONDITIONAL_JUMP
10009a2e	_strcspn	Stack[0x8]	READ
10009a38	_strcspn	10009a43	CONDITIONAL_JUMP
10009a41	_strcspn	10009a34	UNCONDITIONAL_JUMP
10009a43	_strcspn	Stack[0x4]	READ
10009a53	_strcspn	10009a5e	CONDITIONAL_JUMP
10009a5c	_strcspn	10009a4c	CONDITIONAL_JUMP
10009a7e	_strpbrk	Stack[0x8]	READ
10009a88	_strpbrk	10009a93	CONDITIONAL_JUMP
10009a91	_strpbrk	10009a84	UNCONDITIONAL_JUMP
10009a93	_strpbrk	Stack[0x4]	READ
10009a9c	_strpbrk	10009aaa	CONDITIONAL_JUMP
10009aa5	_strpbrk	10009a98	CONDITIONAL_JUMP
10009ab6	___ascii_strnicmp	Stack[0xc]	READ
10009abb	___ascii_strnicmp	10009b0a	CONDITIONAL_JUMP
10009abd	___ascii_strnicmp	Stack[0x4]	READ
10009ac0	___ascii_strnicmp	Stack[0x8]	READ
10009ad2	___ascii_strnicmp	10009afb	CONDITIONAL_JUMP
10009ad6	___ascii_strnicmp	10009afb	CONDITIONAL_JUMP
10009ae0	___ascii_strnicmp	10009ae8	CONDITIONAL_JUMP
10009ae4	___ascii_strnicmp	10009ae8	CONDITIONAL_JUMP
10009aea	___ascii_strnicmp	10009af2	CONDITIONAL_JUMP
10009aee	___ascii_strnicmp	10009af2	CONDITIONAL_JUMP
10009af4	___ascii_strnicmp	10009b01	CONDITIONAL_JUMP
10009af9	___ascii_strnicmp	10009acc	CONDITIONAL_JUMP
10009aff	___ascii_strnicmp	10009b0a	CONDITIONAL_JUMP
10009b06	___ascii_strnicmp	10009b0a	CONDITIONAL_JUMP
10009b12	RtlUnwind	1000b0e4	INDIRECTION
10009b12	RtlUnwind	EXTERNAL:0000003d	COMPUTED_JUMP
10009b1f	_JumpToContinuation	Stack[0x8]	READ
10009b25	_JumpToContinuation	Stack[-0x8]	WRITE
10009b28	_JumpToContinuation	ffdff000	READ
10009b31	_JumpToContinuation	ffdff000	WRITE
10009b37	_JumpToContinuation	Stack[0x4]	READ
10009b3a	_JumpToContinuation	Stack[0x8]	READ
10009b3d	_JumpToContinuation	Stack[-0x8]	READ
10009b4c	FID_conflict:_CallMemberFunction1	Stack[0x8]	DATA
10009b5b	_UnwindNestedFrames	ffdff000	READ
10009b62	_UnwindNestedFrames	Stack[-0x8]	WRITE
10009b65	_UnwindNestedFrames	Stack[-0xc]	WRITE
10009b6e	_UnwindNestedFrames	Stack[0x8]	READ
10009b71	_UnwindNestedFrames	Stack[-0xc]	READ
10009b74	_UnwindNestedFrames	Stack[0x4]	READ
10009b77	_UnwindNestedFrames	10009b12	UNCONDITIONAL_CALL
10009b7c	_UnwindNestedFrames	Stack[0x8]	READ
10009b85	_UnwindNestedFrames	Stack[0x8]	READ
10009b8b	_UnwindNestedFrames	ffdff000	READ
10009b92	_UnwindNestedFrames	Stack[-0x8]	READ
10009b97	_UnwindNestedFrames	ffdff000	WRITE
10009baf	FID_conflict:___CxxFrameHandler3	Stack[-0x8]	WRITE
10009bb7	FID_conflict:___CxxFrameHandler3	Stack[-0x8]	READ
10009bba	FID_conflict:___CxxFrameHandler3	Stack[0x10]	READ
10009bbd	FID_conflict:___CxxFrameHandler3	Stack[0xc]	READ
10009bc0	FID_conflict:___CxxFrameHandler3	Stack[0x8]	READ
10009bc3	FID_conflict:___CxxFrameHandler3	Stack[0x4]	READ
10009bc6	FID_conflict:___CxxFrameHandler3	1000aaf3	UNCONDITIONAL_CALL
10009bce	FID_conflict:___CxxFrameHandler3	Stack[-0xc]	WRITE
10009bd4	FID_conflict:___CxxFrameHandler3	Stack[-0xc]	READ
10009be2	CatchGuardHandler	Stack[0x8]	READ
10009bea	CatchGuardHandler	10004bba	UNCONDITIONAL_CALL
10009bfa	CatchGuardHandler	Stack[0xc]	READ
10009c00	CatchGuardHandler	Stack[0x4]	READ
10009c03	CatchGuardHandler	1000aaf3	UNCONDITIONAL_CALL
10009c17	_CallSETranslator	Stack[0x4]	READ
10009c1e	_CallSETranslator	10009c32	CONDITIONAL_JUMP
10009c25	_CallSETranslator	Stack[0x8]	READ
10009c2d	_CallSETranslator	10009ce2	UNCONDITIONAL_JUMP
10009c32	_CallSETranslator	Stack[-0x2c]	READ_WRITE
10009c36	_CallSETranslator	10009ce5	DATA
10009c36	_CallSETranslator	Stack[-0x28]	WRITE
10009c3d	_CallSETranslator	1000f080	READ
10009c42	_CallSETranslator	Stack[-0x2c]	DATA
10009c47	_CallSETranslator	Stack[-0x24]	WRITE
10009c4a	_CallSETranslator	Stack[0x14]	READ
10009c4d	_CallSETranslator	Stack[-0x20]	WRITE
10009c50	_CallSETranslator	Stack[0x8]	READ
10009c53	_CallSETranslator	Stack[-0x1c]	WRITE
10009c56	_CallSETranslator	Stack[0x18]	READ
10009c59	_CallSETranslator	Stack[-0x18]	WRITE
10009c5c	_CallSETranslator	Stack[0x1c]	READ
10009c5f	_CallSETranslator	Stack[-0x14]	WRITE
10009c62	_CallSETranslator	Stack[-0x10]	READ_WRITE
10009c66	_CallSETranslator	Stack[-0xc]	READ_WRITE
10009c6a	_CallSETranslator	Stack[-0x8]	READ_WRITE
10009c6e	_CallSETranslator	Stack[-0x10]	WRITE
10009c71	_CallSETranslator	Stack[-0xc]	WRITE
10009c74	_CallSETranslator	ffdff000	READ
10009c7a	_CallSETranslator	Stack[-0x2c]	WRITE
10009c7d	_CallSETranslator	Stack[-0x2c]	DATA
10009c80	_CallSETranslator	ffdff000	WRITE
10009c86	_CallSETranslator	Stack[-0x3c]	WRITE
10009c8d	_CallSETranslator	Stack[0x4]	READ
10009c90	_CallSETranslator	Stack[-0x38]	WRITE
10009c93	_CallSETranslator	Stack[0xc]	READ
10009c96	_CallSETranslator	Stack[-0x34]	WRITE
10009c99	_CallSETranslator	10006341	UNCONDITIONAL_CALL
10009ca4	_CallSETranslator	Stack[-0x30]	WRITE
10009ca7	_CallSETranslator	Stack[-0x38]	DATA
10009cab	_CallSETranslator	Stack[0x4]	READ
10009cb0	_CallSETranslator	Stack[-0x30]	READ
10009cb5	_CallSETranslator	Stack[-0x3c]	READ_WRITE
10009cb9	_CallSETranslator	Stack[-0x8]	READ
10009cbd	_CallSETranslator	10009cd6	CONDITIONAL_JUMP
10009cbf	_CallSETranslator	ffdff000	READ
10009cc6	_CallSETranslator	Stack[-0x2c]	DATA
10009cc8	_CallSETranslator	Stack[-0x2c]	DATA
10009ccd	_CallSETranslator	ffdff000	WRITE
10009cd4	_CallSETranslator	10009cdf	UNCONDITIONAL_JUMP
10009cd6	_CallSETranslator	Stack[-0x2c]	READ
10009cd9	_CallSETranslator	ffdff000	WRITE
10009cdf	_CallSETranslator	Stack[-0x3c]	READ
10009ced	TranslatorGuardHandler	Stack[0x8]	READ
10009cf3	TranslatorGuardHandler	Stack[0x8]	READ
10009cf6	TranslatorGuardHandler	10004bba	UNCONDITIONAL_CALL
10009cfb	TranslatorGuardHandler	Stack[0x4]	READ
10009d04	TranslatorGuardHandler	10009d17	CONDITIONAL_JUMP
10009d06	TranslatorGuardHandler	Stack[0x8]	READ
10009d13	TranslatorGuardHandler	10009d81	UNCONDITIONAL_JUMP
10009d19	TranslatorGuardHandler	Stack[0x8]	READ
10009d1f	TranslatorGuardHandler	Stack[0x8]	READ
10009d25	TranslatorGuardHandler	Stack[0x8]	READ
10009d2d	TranslatorGuardHandler	Stack[0xc]	READ
10009d30	TranslatorGuardHandler	Stack[0x8]	READ
10009d36	TranslatorGuardHandler	Stack[0x4]	READ
10009d39	TranslatorGuardHandler	1000aaf3	UNCONDITIONAL_CALL
10009d41	TranslatorGuardHandler	Stack[0x8]	READ
10009d48	TranslatorGuardHandler	10009d55	CONDITIONAL_JUMP
10009d4a	TranslatorGuardHandler	Stack[0x4]	READ
10009d4d	TranslatorGuardHandler	Stack[0x8]	READ
10009d50	TranslatorGuardHandler	10009b51	UNCONDITIONAL_CALL
10009d5f	TranslatorGuardHandler	Stack[-0x8]	DATA
10009d68	TranslatorGuardHandler	10009c0e	UNCONDITIONAL_CALL
10009d70	TranslatorGuardHandler	Stack[-0x8]	READ
10009d73	TranslatorGuardHandler	Stack[0x8]	READ
10009d8d	_GetRangeOfTrysToCheck	Stack[0x4]	READ
10009d96	_GetRangeOfTrysToCheck	Stack[-0x8]	WRITE
10009d9b	_GetRangeOfTrysToCheck	10009dc8	UNCONDITIONAL_JUMP
10009da0	_GetRangeOfTrysToCheck	10009da7	CONDITIONAL_JUMP
10009da2	_GetRangeOfTrysToCheck	1000771e	UNCONDITIONAL_CALL
10009da7	_GetRangeOfTrysToCheck	Stack[0xc]	READ
10009db0	_GetRangeOfTrysToCheck	Stack[-0x8]	READ
10009db6	_GetRangeOfTrysToCheck	10009dbd	CONDITIONAL_JUMP
10009dbb	_GetRangeOfTrysToCheck	10009dc2	CONDITIONAL_JUMP
10009dc0	_GetRangeOfTrysToCheck	10009dcb	CONDITIONAL_JUMP
10009dc2	_GetRangeOfTrysToCheck	Stack[0x8]	READ_WRITE
10009dc5	_GetRangeOfTrysToCheck	Stack[0x4]	READ
10009dc8	_GetRangeOfTrysToCheck	Stack[0x4]	WRITE
10009dcb	_GetRangeOfTrysToCheck	Stack[0x8]	READ
10009dcf	_GetRangeOfTrysToCheck	10009d9d	CONDITIONAL_JUMP
10009dd1	_GetRangeOfTrysToCheck	Stack[0x10]	READ
10009dd7	_GetRangeOfTrysToCheck	Stack[0x14]	READ
10009ddf	_GetRangeOfTrysToCheck	10009de5	CONDITIONAL_JUMP
10009de3	_GetRangeOfTrysToCheck	10009dea	CONDITIONAL_JUMP
10009de5	_GetRangeOfTrysToCheck	1000771e	UNCONDITIONAL_CALL
10009def	_GetRangeOfTrysToCheck	Stack[-0x8]	READ
10009dfc	__CreateFrameInfo	Stack[0x8]	READ
10009e00	__CreateFrameInfo	Stack[0x4]	READ
10009e05	__CreateFrameInfo	10006341	UNCONDITIONAL_CALL
10009e13	__CreateFrameInfo	10006341	UNCONDITIONAL_CALL
10009e28	__IsExceptionObjectToBeDestroyed	10006341	UNCONDITIONAL_CALL
10009e33	__IsExceptionObjectToBeDestroyed	10009e3f	UNCONDITIONAL_JUMP
10009e37	__IsExceptionObjectToBeDestroyed	Stack[0x4]	READ
10009e3a	__IsExceptionObjectToBeDestroyed	10009e46	CONDITIONAL_JUMP
10009e41	__IsExceptionObjectToBeDestroyed	10009e35	CONDITIONAL_JUMP
10009e50	__FindAndUnlinkFrame	10006341	UNCONDITIONAL_CALL
10009e55	__FindAndUnlinkFrame	Stack[0x4]	READ
10009e5e	__FindAndUnlinkFrame	10009e71	CONDITIONAL_JUMP
10009e60	__FindAndUnlinkFrame	10006341	UNCONDITIONAL_CALL
10009e71	__FindAndUnlinkFrame	10006341	UNCONDITIONAL_CALL
10009e7c	__FindAndUnlinkFrame	10009e87	UNCONDITIONAL_JUMP
10009e83	__FindAndUnlinkFrame	10009e94	CONDITIONAL_JUMP
10009e8b	__FindAndUnlinkFrame	10009e7e	CONDITIONAL_JUMP
10009e8f	__FindAndUnlinkFrame	1000771e	UNCONDITIONAL_CALL
10009e9a	__FindAndUnlinkFrame	10009e6e	UNCONDITIONAL_JUMP
10009ea4	_CallCatchBlock2	1000f080	READ
10009ea9	_CallCatchBlock2	Stack[-0x1c]	READ_WRITE
10009ead	_CallCatchBlock2	Stack[-0x1c]	DATA
10009eb2	_CallCatchBlock2	Stack[0x4]	READ
10009eb5	_CallCatchBlock2	Stack[-0x14]	WRITE
10009eb8	_CallCatchBlock2	Stack[0x8]	READ
10009ebb	_CallCatchBlock2	Stack[-0x10]	WRITE
10009ebe	_CallCatchBlock2	Stack[0x10]	READ
10009ec2	_CallCatchBlock2	10009bdb	DATA
10009ec2	_CallCatchBlock2	Stack[-0x18]	WRITE
10009ec9	_CallCatchBlock2	Stack[-0xc]	WRITE
10009ecc	_CallCatchBlock2	Stack[-0x8]	WRITE
10009ecf	_CallCatchBlock2	ffdff000	READ
10009ed5	_CallCatchBlock2	Stack[-0x1c]	WRITE
10009ed8	_CallCatchBlock2	Stack[-0x1c]	DATA
10009edb	_CallCatchBlock2	ffdff000	WRITE
10009ee1	_CallCatchBlock2	Stack[0x14]	READ
10009ee5	_CallCatchBlock2	Stack[0xc]	READ
10009ee8	_CallCatchBlock2	1000abe0	UNCONDITIONAL_CALL
10009eef	_CallCatchBlock2	Stack[-0x1c]	READ
10009ef2	_CallCatchBlock2	ffdff000	WRITE
10009f0f	FUN_10009f07	1000d508	DATA
10009f15	FUN_10009f07	10004cad	UNCONDITIONAL_CALL
10009f1a	FUN_10009f07	Stack[0x4]	READ
10009f1e	FUN_10009f07	10009f27	CONDITIONAL_JUMP
10009f21	FUN_10009f07	10004d04	UNCONDITIONAL_CALL
10009f35	___TypeMatch	Stack[0x4]	READ
10009f3d	___TypeMatch	10009f86	CONDITIONAL_JUMP
10009f45	___TypeMatch	10009f86	CONDITIONAL_JUMP
10009f47	___TypeMatch	Stack[0x8]	READ
10009f4f	___TypeMatch	10009f65	CONDITIONAL_JUMP
10009f56	___TypeMatch	10005a70	UNCONDITIONAL_CALL
10009f5f	___TypeMatch	10009f65	CONDITIONAL_JUMP
10009f63	___TypeMatch	10009f89	UNCONDITIONAL_JUMP
10009f68	___TypeMatch	10009f6f	CONDITIONAL_JUMP
10009f6d	___TypeMatch	10009f61	CONDITIONAL_JUMP
10009f6f	___TypeMatch	Stack[0xc]	READ
10009f76	___TypeMatch	10009f7d	CONDITIONAL_JUMP
10009f7b	___TypeMatch	10009f61	CONDITIONAL_JUMP
10009f7f	___TypeMatch	10009f86	CONDITIONAL_JUMP
10009f84	___TypeMatch	10009f61	CONDITIONAL_JUMP
10009f92	___FrameUnwindFilter	Stack[0x4]	READ
10009f9e	___FrameUnwindFilter	10009fbf	CONDITIONAL_JUMP
10009fa5	___FrameUnwindFilter	10009fbf	CONDITIONAL_JUMP
10009fac	___FrameUnwindFilter	10009fd8	CONDITIONAL_JUMP
10009fae	___FrameUnwindFilter	10006341	UNCONDITIONAL_CALL
10009fba	___FrameUnwindFilter	100076d2	UNCONDITIONAL_CALL
10009fbf	___FrameUnwindFilter	10006341	UNCONDITIONAL_CALL
10009fcb	___FrameUnwindFilter	10009fd8	CONDITIONAL_JUMP
10009fcd	___FrameUnwindFilter	10006341	UNCONDITIONAL_CALL
10009fde	___FrameUnwindToState	1000df00	DATA
10009fe3	___FrameUnwindToState	10006e00	UNCONDITIONAL_CALL
10009fe8	___FrameUnwindToState	Stack[0xc]	READ
10009feb	___FrameUnwindToState	Stack[0x4]	READ
10009ff5	___FrameUnwindToState	10009ffd	CONDITIONAL_JUMP
10009ffb	___FrameUnwindToState	1000a000	UNCONDITIONAL_JUMP
1000a000	___FrameUnwindToState	Stack[-0x20]	WRITE
1000a003	___FrameUnwindToState	10006341	UNCONDITIONAL_CALL
1000a00e	___FrameUnwindToState	Stack[-0x8]	READ_WRITE
1000a012	___FrameUnwindToState	Stack[0x10]	READ
1000a015	___FrameUnwindToState	1000a079	CONDITIONAL_JUMP
1000a01a	___FrameUnwindToState	1000a021	CONDITIONAL_JUMP
1000a01f	___FrameUnwindToState	1000a026	CONDITIONAL_JUMP
1000a021	___FrameUnwindToState	1000771e	UNCONDITIONAL_CALL
1000a02e	___FrameUnwindToState	Stack[-0x24]	WRITE
1000a031	___FrameUnwindToState	Stack[-0x8]	WRITE
1000a03d	___FrameUnwindToState	1000a054	CONDITIONAL_JUMP
1000a04f	___FrameUnwindToState	1000abe0	UNCONDITIONAL_CALL
1000a054	___FrameUnwindToState	Stack[-0x8]	READ_WRITE
1000a058	___FrameUnwindToState	1000a074	UNCONDITIONAL_JUMP
1000a05d		10009f8d	UNCONDITIONAL_CALL
1000a074	___FrameUnwindToState	Stack[-0x20]	WRITE
1000a077	___FrameUnwindToState	1000a012	UNCONDITIONAL_JUMP
1000a079	___FrameUnwindToState	Stack[-0x8]	WRITE
1000a080	___FrameUnwindToState	1000a09e	UNCONDITIONAL_CALL
1000a085	___FrameUnwindToState	Stack[0x10]	READ
1000a088	___FrameUnwindToState	1000a08f	CONDITIONAL_JUMP
1000a08a	___FrameUnwindToState	1000771e	UNCONDITIONAL_CALL
1000a092	___FrameUnwindToState	10006e45	UNCONDITIONAL_CALL
1000a09e	FUN_1000a09e	10006341	UNCONDITIONAL_CALL
1000a0aa	FUN_1000a09e	1000a0b7	CONDITIONAL_JUMP
1000a0ac	FUN_1000a09e	10006341	UNCONDITIONAL_CALL
1000a0c0	ExFilterRethrow	1000a0fa	CONDITIONAL_JUMP
1000a0c6	ExFilterRethrow	1000a0fa	CONDITIONAL_JUMP
1000a0d1	ExFilterRethrow	1000a0e3	CONDITIONAL_JUMP
1000a0d9	ExFilterRethrow	1000a0e3	CONDITIONAL_JUMP
1000a0e1	ExFilterRethrow	1000a0fa	CONDITIONAL_JUMP
1000a0e7	ExFilterRethrow	1000a0fa	CONDITIONAL_JUMP
1000a0e9	ExFilterRethrow	10006341	UNCONDITIONAL_CALL
1000a0ff	___DestructExceptionObject	1000df28	DATA
1000a104	___DestructExceptionObject	10006e00	UNCONDITIONAL_CALL
1000a109	___DestructExceptionObject	Stack[0x4]	READ
1000a10e	___DestructExceptionObject	1000a13a	CONDITIONAL_JUMP
1000a116	___DestructExceptionObject	1000a13a	CONDITIONAL_JUMP
1000a11d	___DestructExceptionObject	1000a13a	CONDITIONAL_JUMP
1000a124	___DestructExceptionObject	1000a13a	CONDITIONAL_JUMP
1000a126	___DestructExceptionObject	Stack[-0x8]	READ_WRITE
1000a12e	___DestructExceptionObject	10009b4a	UNCONDITIONAL_CALL
1000a133	___DestructExceptionObject	Stack[-0x8]	WRITE
1000a13a	___DestructExceptionObject	10006e45	UNCONDITIONAL_CALL
1000a14c		100076d2	UNCONDITIONAL_CALL
1000a157	___AdjustPointer	Stack[0x8]	READ
1000a15d	___AdjustPointer	Stack[0x4]	READ
1000a166	___AdjustPointer	1000a178	CONDITIONAL_JUMP
1000a185	IsInExceptionSpec	1000a191	CONDITIONAL_JUMP
1000a187	IsInExceptionSpec	1000771e	UNCONDITIONAL_CALL
1000a18c	IsInExceptionSpec	100076d2	UNCONDITIONAL_CALL
1000a191	IsInExceptionSpec	Stack[-0xc]	READ_WRITE
1000a198	IsInExceptionSpec	Stack[-0x5]	WRITE
1000a19c	IsInExceptionSpec	1000a1f1	CONDITIONAL_JUMP
1000a1a0	IsInExceptionSpec	Stack[0x4]	READ
1000a1b0	IsInExceptionSpec	1000a1e5	CONDITIONAL_JUMP
1000a1b2	IsInExceptionSpec	Stack[-0xc]	READ
1000a1b8	IsInExceptionSpec	Stack[-0x10]	WRITE
1000a1bb	IsInExceptionSpec	Stack[0x4]	READ
1000a1c7	IsInExceptionSpec	Stack[-0x10]	READ
1000a1cb	IsInExceptionSpec	10009f2e	UNCONDITIONAL_CALL
1000a1d5	IsInExceptionSpec	1000a1e1	CONDITIONAL_JUMP
1000a1dd	IsInExceptionSpec	1000a1bb	CONDITIONAL_JUMP
1000a1df	IsInExceptionSpec	1000a1e5	UNCONDITIONAL_JUMP
1000a1e1	IsInExceptionSpec	Stack[-0x5]	WRITE
1000a1e5	IsInExceptionSpec	Stack[-0xc]	READ_WRITE
1000a1e8	IsInExceptionSpec	Stack[-0xc]	READ
1000a1ed	IsInExceptionSpec	1000a1a0	CONDITIONAL_JUMP
1000a1f1	IsInExceptionSpec	Stack[-0x5]	READ
1000a1f8	FUN_1000a1f6	1000af50	DATA
1000a1fd	FUN_1000a1f6	1000ac2c	UNCONDITIONAL_CALL
1000a202	FUN_1000a1f6	10006341	UNCONDITIONAL_CALL
1000a20e	FUN_1000a1f6	1000a215	CONDITIONAL_JUMP
1000a210	FUN_1000a1f6	1000771e	UNCONDITIONAL_CALL
1000a215	FUN_1000a1f6	Stack[-0x8]	READ_WRITE
1000a219	FUN_1000a1f6	1000770b	UNCONDITIONAL_CALL
1000a21e	FUN_1000a1f6	Stack[-0x8]	READ_WRITE
1000a222	FUN_1000a1f6	100076d2	UNCONDITIONAL_CALL
1000a227	Catch_All@1000a227	10006341	UNCONDITIONAL_CALL
1000a239	Catch_All@1000a227	1000553d	UNCONDITIONAL_CALL
1000a241	CallCatchBlock	1000dfa0	DATA
1000a246	CallCatchBlock	10006e00	UNCONDITIONAL_CALL
1000a24d	CallCatchBlock	Stack[0x8]	READ
1000a250	CallCatchBlock	Stack[0x4]	READ
1000a253	CallCatchBlock	Stack[-0x20]	WRITE
1000a256	CallCatchBlock	Stack[-0x38]	READ_WRITE
1000a25d	CallCatchBlock	Stack[-0x28]	WRITE
1000a263	CallCatchBlock	Stack[-0x40]	DATA
1000a267	CallCatchBlock	10009df7	UNCONDITIONAL_CALL
1000a26e	CallCatchBlock	Stack[-0x2c]	WRITE
1000a271	CallCatchBlock	10006341	UNCONDITIONAL_CALL
1000a27c	CallCatchBlock	Stack[-0x30]	WRITE
1000a27f	CallCatchBlock	10006341	UNCONDITIONAL_CALL
1000a28a	CallCatchBlock	Stack[-0x34]	WRITE
1000a28d	CallCatchBlock	10006341	UNCONDITIONAL_CALL
1000a298	CallCatchBlock	10006341	UNCONDITIONAL_CALL
1000a29d	CallCatchBlock	Stack[0xc]	READ
1000a2a6	CallCatchBlock	Stack[-0x8]	READ_WRITE
1000a2ad	CallCatchBlock	Stack[0xc]	WRITE
1000a2b0	CallCatchBlock	Stack[-0x8]	WRITE
1000a2b3	CallCatchBlock	Stack[0x18]	READ
1000a2b6	CallCatchBlock	Stack[0x14]	READ
1000a2ba	CallCatchBlock	Stack[0x10]	READ
1000a2be	CallCatchBlock	10009e9c	UNCONDITIONAL_CALL
1000a2c6	CallCatchBlock	Stack[-0x20]	WRITE
1000a2c9	CallCatchBlock	Stack[-0x8]	READ_WRITE
1000a2cd	CallCatchBlock	1000a33e	UNCONDITIONAL_JUMP
1000a2d2		1000a0b8	UNCONDITIONAL_CALL
1000a2db		10006341	UNCONDITIONAL_CALL
1000a2f4		1000a2fc	CONDITIONAL_JUMP
1000a2fa		1000a2ff	UNCONDITIONAL_JUMP
1000a30c		1000a326	CONDITIONAL_JUMP
1000a317		1000a35a	CONDITIONAL_JUMP
1000a31d		1000a35a	CONDITIONAL_JUMP
1000a32b		10009fdc	UNCONDITIONAL_CALL
1000a33e	CallCatchBlock	Stack[-0x8]	WRITE
1000a345	CallCatchBlock	Stack[0xc]	WRITE
1000a34c	CallCatchBlock	1000a365	UNCONDITIONAL_CALL
1000a351	CallCatchBlock	Stack[-0x20]	READ
1000a354	CallCatchBlock	10006e45	UNCONDITIONAL_CALL
1000a35d		1000a306	UNCONDITIONAL_JUMP
1000a36e	FUN_1000a365	10009e4a	UNCONDITIONAL_CALL
1000a374	FUN_1000a365	10006341	UNCONDITIONAL_CALL
1000a382	FUN_1000a365	10006341	UNCONDITIONAL_CALL
1000a396	FUN_1000a365	1000a3da	CONDITIONAL_JUMP
1000a39c	FUN_1000a365	1000a3da	CONDITIONAL_JUMP
1000a3a6	FUN_1000a365	1000a3b6	CONDITIONAL_JUMP
1000a3ad	FUN_1000a365	1000a3b6	CONDITIONAL_JUMP
1000a3b4	FUN_1000a365	1000a3da	CONDITIONAL_JUMP
1000a3ba	FUN_1000a365	1000a3da	CONDITIONAL_JUMP
1000a3c0	FUN_1000a365	1000a3da	CONDITIONAL_JUMP
1000a3c5	FUN_1000a365	10009e23	UNCONDITIONAL_CALL
1000a3cd	FUN_1000a365	1000a3da	CONDITIONAL_JUMP
1000a3d3	FUN_1000a365	1000a0fd	UNCONDITIONAL_CALL
1000a3dd	___BuildCatchObjectHelper	1000dfc8	DATA
1000a3e2	___BuildCatchObjectHelper	10006e00	UNCONDITIONAL_CALL
1000a3e9	___BuildCatchObjectHelper	Stack[-0x20]	WRITE
1000a3ec	___BuildCatchObjectHelper	Stack[0xc]	READ
1000a3f4	___BuildCatchObjectHelper	1000a552	CONDITIONAL_JUMP
1000a3fd	___BuildCatchObjectHelper	1000a552	CONDITIONAL_JUMP
1000a408	___BuildCatchObjectHelper	1000a416	CONDITIONAL_JUMP
1000a410	___BuildCatchObjectHelper	1000a552	CONDITIONAL_JUMP
1000a418	___BuildCatchObjectHelper	Stack[0x8]	READ
1000a41d	___BuildCatchObjectHelper	1000a423	CONDITIONAL_JUMP
1000a423	___BuildCatchObjectHelper	Stack[-0x8]	WRITE
1000a42c	___BuildCatchObjectHelper	1000a46f	CONDITIONAL_JUMP
1000a42e	___BuildCatchObjectHelper	Stack[0x4]	READ
1000a434	___BuildCatchObjectHelper	1000ac62	UNCONDITIONAL_CALL
1000a43d	___BuildCatchObjectHelper	1000a535	CONDITIONAL_JUMP
1000a445	___BuildCatchObjectHelper	1000ac62	UNCONDITIONAL_CALL
1000a44e	___BuildCatchObjectHelper	1000a535	CONDITIONAL_JUMP
1000a459	___BuildCatchObjectHelper	Stack[0x10]	READ
1000a461	___BuildCatchObjectHelper	1000a152	UNCONDITIONAL_CALL
1000a46a	___BuildCatchObjectHelper	1000a53a	UNCONDITIONAL_JUMP
1000a46f	___BuildCatchObjectHelper	Stack[0x10]	READ
1000a472	___BuildCatchObjectHelper	Stack[0x4]	READ
1000a47a	___BuildCatchObjectHelper	1000a4c4	CONDITIONAL_JUMP
1000a47c	___BuildCatchObjectHelper	1000ac62	UNCONDITIONAL_CALL
1000a485	___BuildCatchObjectHelper	1000a535	CONDITIONAL_JUMP
1000a48d	___BuildCatchObjectHelper	1000ac62	UNCONDITIONAL_CALL
1000a496	___BuildCatchObjectHelper	1000a535	CONDITIONAL_JUMP
1000a49f	___BuildCatchObjectHelper	Stack[0x4]	READ
1000a4a6	___BuildCatchObjectHelper	10004d10	UNCONDITIONAL_CALL
1000a4b2	___BuildCatchObjectHelper	1000a53a	CONDITIONAL_JUMP
1000a4bc	___BuildCatchObjectHelper	1000a53a	CONDITIONAL_JUMP
1000a4c2	___BuildCatchObjectHelper	1000a460	UNCONDITIONAL_JUMP
1000a4c7	___BuildCatchObjectHelper	1000a501	CONDITIONAL_JUMP
1000a4c9	___BuildCatchObjectHelper	1000ac62	UNCONDITIONAL_CALL
1000a4d2	___BuildCatchObjectHelper	1000a535	CONDITIONAL_JUMP
1000a4d6	___BuildCatchObjectHelper	1000ac62	UNCONDITIONAL_CALL
1000a4df	___BuildCatchObjectHelper	1000a535	CONDITIONAL_JUMP
1000a4e8	___BuildCatchObjectHelper	Stack[0x4]	READ
1000a4ee	___BuildCatchObjectHelper	1000a152	UNCONDITIONAL_CALL
1000a4f7	___BuildCatchObjectHelper	10004d10	UNCONDITIONAL_CALL
1000a4ff	___BuildCatchObjectHelper	1000a53a	UNCONDITIONAL_JUMP
1000a501	___BuildCatchObjectHelper	1000ac62	UNCONDITIONAL_CALL
1000a50a	___BuildCatchObjectHelper	1000a535	CONDITIONAL_JUMP
1000a50e	___BuildCatchObjectHelper	1000ac62	UNCONDITIONAL_CALL
1000a517	___BuildCatchObjectHelper	1000a535	CONDITIONAL_JUMP
1000a51c	___BuildCatchObjectHelper	1000ac62	UNCONDITIONAL_CALL
1000a524	___BuildCatchObjectHelper	1000a535	CONDITIONAL_JUMP
1000a530	___BuildCatchObjectHelper	Stack[-0x20]	WRITE
1000a533	___BuildCatchObjectHelper	1000a53a	UNCONDITIONAL_JUMP
1000a535	___BuildCatchObjectHelper	1000771e	UNCONDITIONAL_CALL
1000a53a	___BuildCatchObjectHelper	Stack[-0x8]	WRITE
1000a541	___BuildCatchObjectHelper	Stack[-0x20]	READ
1000a544	___BuildCatchObjectHelper	1000a554	UNCONDITIONAL_JUMP
1000a554	___BuildCatchObjectHelper	10006e45	UNCONDITIONAL_CALL
1000a55c	___BuildCatchObject	1000dfe8	DATA
1000a561	___BuildCatchObject	10006e00	UNCONDITIONAL_CALL
1000a566	___BuildCatchObject	Stack[0xc]	READ
1000a56f	___BuildCatchObject	1000a576	CONDITIONAL_JUMP
1000a571	___BuildCatchObject	Stack[0x8]	READ
1000a574	___BuildCatchObject	1000a580	UNCONDITIONAL_JUMP
1000a579	___BuildCatchObject	Stack[0x8]	READ
1000a580	___BuildCatchObject	Stack[-0x8]	READ_WRITE
1000a584	___BuildCatchObject	Stack[0x10]	READ
1000a589	___BuildCatchObject	Stack[0x8]	READ
1000a58c	___BuildCatchObject	Stack[0x4]	READ
1000a590	___BuildCatchObject	1000a3db	UNCONDITIONAL_CALL
1000a599	___BuildCatchObject	1000a5ba	CONDITIONAL_JUMP
1000a59c	___BuildCatchObject	1000a5d2	CONDITIONAL_JUMP
1000a5a7	___BuildCatchObject	1000a152	UNCONDITIONAL_CALL
1000a5b3	___BuildCatchObject	10009b4a	UNCONDITIONAL_CALL
1000a5b8	___BuildCatchObject	1000a5d2	UNCONDITIONAL_JUMP
1000a5c1	___BuildCatchObject	1000a152	UNCONDITIONAL_CALL
1000a5cd	___BuildCatchObject	10009b4a	UNCONDITIONAL_CALL
1000a5d2	___BuildCatchObject	Stack[-0x8]	WRITE
1000a5d9	___BuildCatchObject	10006e45	UNCONDITIONAL_CALL
1000a5f1	CatchIt	Stack[0x14]	READ
1000a5f5	CatchIt	1000a607	CONDITIONAL_JUMP
1000a5f7	CatchIt	Stack[0x14]	READ
1000a5fc	CatchIt	Stack[0x4]	READ
1000a5ff	CatchIt	1000a55a	UNCONDITIONAL_CALL
1000a607	CatchIt	Stack[0x1c]	READ
1000a60b	CatchIt	Stack[0x4]	READ
1000a60e	CatchIt	1000a613	CONDITIONAL_JUMP
1000a611	CatchIt	1000a616	UNCONDITIONAL_JUMP
1000a613	CatchIt	Stack[0x1c]	READ
1000a616	CatchIt	10009b51	UNCONDITIONAL_CALL
1000a61d	CatchIt	Stack[0x10]	READ
1000a620	CatchIt	Stack[0xc]	READ
1000a624	CatchIt	10009fdc	UNCONDITIONAL_CALL
1000a631	CatchIt	Stack[0x18]	READ
1000a635	CatchIt	Stack[0x10]	READ
1000a63b	CatchIt	Stack[0x8]	READ
1000a642	CatchIt	Stack[0x4]	READ
1000a645	CatchIt	1000a23f	UNCONDITIONAL_CALL
1000a64f	CatchIt	1000a658	CONDITIONAL_JUMP
1000a653	CatchIt	10009b18	UNCONDITIONAL_CALL
1000a663	FindHandlerForForeignException	Stack[0x4]	READ
1000a66c	FindHandlerForForeignException	1000a75e	CONDITIONAL_JUMP
1000a673	FindHandlerForForeignException	10006341	UNCONDITIONAL_CALL
1000a67f	FindHandlerForForeignException	1000a6c8	CONDITIONAL_JUMP
1000a681	FindHandlerForForeignException	10006341	UNCONDITIONAL_CALL
1000a68c	FindHandlerForForeignException	10006191	UNCONDITIONAL_CALL
1000a693	FindHandlerForForeignException	1000a6c8	CONDITIONAL_JUMP
1000a69c	FindHandlerForForeignException	1000a6c8	CONDITIONAL_JUMP
1000a6a3	FindHandlerForForeignException	1000a6c8	CONDITIONAL_JUMP
1000a6a5	FindHandlerForForeignException	Stack[0x20]	READ
1000a6a8	FindHandlerForForeignException	Stack[0x1c]	READ
1000a6ab	FindHandlerForForeignException	Stack[0x14]	READ
1000a6ae	FindHandlerForForeignException	Stack[0x10]	READ
1000a6b1	FindHandlerForForeignException	Stack[0xc]	READ
1000a6b4	FindHandlerForForeignException	Stack[0x8]	READ
1000a6b8	FindHandlerForForeignException	10009c0e	UNCONDITIONAL_CALL
1000a6c2	FindHandlerForForeignException	1000a75d	CONDITIONAL_JUMP
1000a6c8	FindHandlerForForeignException	Stack[0x14]	READ
1000a6cf	FindHandlerForForeignException	1000a6d6	CONDITIONAL_JUMP
1000a6d1	FindHandlerForForeignException	1000771e	UNCONDITIONAL_CALL
1000a6d6	FindHandlerForForeignException	Stack[0x18]	READ
1000a6d9	FindHandlerForForeignException	Stack[-0x10]	DATA
1000a6dd	FindHandlerForForeignException	Stack[-0x8]	DATA
1000a6e2	FindHandlerForForeignException	Stack[0x1c]	READ
1000a6e6	FindHandlerForForeignException	10009d84	UNCONDITIONAL_CALL
1000a6eb	FindHandlerForForeignException	Stack[-0x8]	READ
1000a6f1	FindHandlerForForeignException	Stack[-0x10]	READ
1000a6f4	FindHandlerForForeignException	1000a75d	CONDITIONAL_JUMP
1000a6f9	FindHandlerForForeignException	Stack[-0xc]	WRITE
1000a702	FindHandlerForForeignException	1000a74b	CONDITIONAL_JUMP
1000a707	FindHandlerForForeignException	1000a74b	CONDITIONAL_JUMP
1000a716	FindHandlerForForeignException	1000a71e	CONDITIONAL_JUMP
1000a71c	FindHandlerForForeignException	1000a74b	CONDITIONAL_JUMP
1000a724	FindHandlerForForeignException	1000a74b	CONDITIONAL_JUMP
1000a726	FindHandlerForForeignException	Stack[0x20]	READ
1000a729	FindHandlerForForeignException	Stack[0x8]	READ
1000a72c	FindHandlerForForeignException	Stack[0x1c]	READ
1000a731	FindHandlerForForeignException	Stack[0x14]	READ
1000a734	FindHandlerForForeignException	Stack[0x10]	READ
1000a737	FindHandlerForForeignException	Stack[0xc]	READ
1000a73a	FindHandlerForForeignException	Stack[0x4]	READ
1000a73d	FindHandlerForForeignException	1000a5ec	UNCONDITIONAL_CALL
1000a742	FindHandlerForForeignException	Stack[0x18]	READ
1000a745	FindHandlerForForeignException	Stack[-0xc]	READ
1000a74b	FindHandlerForForeignException	Stack[-0x8]	READ_WRITE
1000a74e	FindHandlerForForeignException	Stack[-0x8]	READ
1000a754	FindHandlerForForeignException	Stack[-0xc]	WRITE
1000a757	FindHandlerForForeignException	Stack[-0x10]	READ
1000a75a	FindHandlerForForeignException	1000a6fd	CONDITIONAL_JUMP
1000a769	FindHandler	Stack[0x8]	READ
1000a76d	FindHandler	Stack[0x14]	READ
1000a775	FindHandler	Stack[-0x5]	WRITE
1000a77e	FindHandler	1000a786	CONDITIONAL_JUMP
1000a784	FindHandler	1000a789	UNCONDITIONAL_JUMP
1000a789	FindHandler	Stack[-0xc]	WRITE
1000a78f	FindHandler	1000a795	CONDITIONAL_JUMP
1000a793	FindHandler	1000a79a	CONDITIONAL_JUMP
1000a795	FindHandler	1000771e	UNCONDITIONAL_CALL
1000a79a	FindHandler	Stack[0x4]	READ
1000a7a4	FindHandler	1000aa92	CONDITIONAL_JUMP
1000a7b3	FindHandler	1000a8e2	CONDITIONAL_JUMP
1000a7be	FindHandler	1000a7d2	CONDITIONAL_JUMP
1000a7c5	FindHandler	1000a7d2	CONDITIONAL_JUMP
1000a7cc	FindHandler	1000a8e2	CONDITIONAL_JUMP
1000a7d6	FindHandler	1000a8e2	CONDITIONAL_JUMP
1000a7dc	FindHandler	10006341	UNCONDITIONAL_CALL
1000a7e8	FindHandler	1000aad1	CONDITIONAL_JUMP
1000a7ee	FindHandler	10006341	UNCONDITIONAL_CALL
1000a7f9	FindHandler	Stack[0x4]	WRITE
1000a7fc	FindHandler	10006341	UNCONDITIONAL_CALL
1000a80a	FindHandler	Stack[0xc]	WRITE
1000a80d	FindHandler	1000ac62	UNCONDITIONAL_CALL
1000a816	FindHandler	1000a81d	CONDITIONAL_JUMP
1000a818	FindHandler	1000771e	UNCONDITIONAL_CALL
1000a81f	FindHandler	1000a847	CONDITIONAL_JUMP
1000a825	FindHandler	1000a847	CONDITIONAL_JUMP
1000a82c	FindHandler	1000a83c	CONDITIONAL_JUMP
1000a833	FindHandler	1000a83c	CONDITIONAL_JUMP
1000a83a	FindHandler	1000a847	CONDITIONAL_JUMP
1000a840	FindHandler	1000a847	CONDITIONAL_JUMP
1000a842	FindHandler	1000771e	UNCONDITIONAL_CALL
1000a847	FindHandler	10006341	UNCONDITIONAL_CALL
1000a853	FindHandler	1000a8e2	CONDITIONAL_JUMP
1000a859	FindHandler	10006341	UNCONDITIONAL_CALL
1000a864	FindHandler	10006341	UNCONDITIONAL_CALL
1000a869	FindHandler	Stack[0x4]	READ
1000a874	FindHandler	1000a17b	UNCONDITIONAL_CALL
1000a87c	FindHandler	1000a8da	CONDITIONAL_JUMP
1000a882	FindHandler	1000a8a1	CONDITIONAL_JUMP
1000a88b	FindHandler	1000fce0	DATA
1000a890	FindHandler	10005122	UNCONDITIONAL_CALL
1000a897	FindHandler	1000a8a6	CONDITIONAL_JUMP
1000a89f	FindHandler	1000a884	CONDITIONAL_JUMP
1000a8a1	FindHandler	100076d2	UNCONDITIONAL_CALL
1000a8a8	FindHandler	Stack[0x4]	READ
1000a8ab	FindHandler	1000a0fd	UNCONDITIONAL_CALL
1000a8b2	FindHandler	Stack[0x4]	DATA
1000a8b6	FindHandler	Stack[-0x38]	DATA
1000a8b9	FindHandler	1000d510	DATA
1000a8b9	FindHandler	Stack[0x4]	WRITE
1000a8c0	FindHandler	10004c51	UNCONDITIONAL_CALL
1000a8c5	FindHandler	1000e004	DATA
1000a8ca	FindHandler	Stack[-0x38]	DATA
1000a8ce	FindHandler	1000d508	DATA
1000a8ce	FindHandler	Stack[-0x38]	WRITE
1000a8d5	FindHandler	1000553d	UNCONDITIONAL_CALL
1000a8da	FindHandler	Stack[0x4]	READ
1000a8e4	FindHandler	1000aa8f	CONDITIONAL_JUMP
1000a8ee	FindHandler	1000aa8f	CONDITIONAL_JUMP
1000a8f9	FindHandler	1000a90d	CONDITIONAL_JUMP
1000a900	FindHandler	1000a90d	CONDITIONAL_JUMP
1000a907	FindHandler	1000aa8f	CONDITIONAL_JUMP
1000a90d	FindHandler	Stack[0x14]	READ
1000a914	FindHandler	1000a9f6	CONDITIONAL_JUMP
1000a91a	FindHandler	Stack[-0x24]	DATA
1000a91e	FindHandler	Stack[-0x14]	DATA
1000a922	FindHandler	Stack[-0xc]	READ
1000a925	FindHandler	Stack[0x1c]	READ
1000a929	FindHandler	10009d84	UNCONDITIONAL_CALL
1000a92e	FindHandler	Stack[-0x14]	READ
1000a934	FindHandler	Stack[-0x24]	READ
1000a937	FindHandler	1000a9f6	CONDITIONAL_JUMP
1000a940	FindHandler	Stack[-0x20]	WRITE
1000a943	FindHandler	Stack[-0xc]	READ
1000a949	FindHandler	Stack[-0x2c]	WRITE
1000a94e	FindHandler	1000a9de	CONDITIONAL_JUMP
1000a957	FindHandler	1000a9de	CONDITIONAL_JUMP
1000a95f	FindHandler	Stack[-0x10]	WRITE
1000a965	FindHandler	Stack[-0x1c]	WRITE
1000a96a	FindHandler	1000a9de	CONDITIONAL_JUMP
1000a977	FindHandler	Stack[-0x18]	WRITE
1000a97c	FindHandler	1000a9a1	CONDITIONAL_JUMP
1000a984	FindHandler	Stack[-0x10]	READ
1000a987	FindHandler	Stack[-0x28]	WRITE
1000a98a	FindHandler	10009f2e	UNCONDITIONAL_CALL
1000a994	FindHandler	1000a9b0	CONDITIONAL_JUMP
1000a996	FindHandler	Stack[-0x18]	READ_WRITE
1000a99c	FindHandler	Stack[-0x18]	READ
1000a99f	FindHandler	1000a97e	CONDITIONAL_JUMP
1000a9a1	FindHandler	Stack[-0x1c]	READ_WRITE
1000a9a4	FindHandler	Stack[-0x10]	READ_WRITE
1000a9a8	FindHandler	Stack[-0x1c]	READ
1000a9ac	FindHandler	1000a96c	CONDITIONAL_JUMP
1000a9ae	FindHandler	1000a9de	UNCONDITIONAL_JUMP
1000a9b0	FindHandler	Stack[0x20]	READ
1000a9b3	FindHandler	Stack[-0x2c]	READ
1000a9b6	FindHandler	Stack[0x1c]	READ
1000a9b9	FindHandler	Stack[-0x10]	READ
1000a9bc	FindHandler	Stack[-0x28]	READ
1000a9bf	FindHandler	Stack[-0x5]	WRITE
1000a9c3	FindHandler	Stack[0x14]	READ
1000a9c6	FindHandler	Stack[0x10]	READ
1000a9c9	FindHandler	Stack[0xc]	READ
1000a9cd	FindHandler	Stack[0x8]	READ
1000a9d0	FindHandler	1000a5ec	UNCONDITIONAL_CALL
1000a9d5	FindHandler	Stack[0x4]	READ
1000a9d8	FindHandler	Stack[-0x20]	READ
1000a9de	FindHandler	Stack[-0x14]	READ_WRITE
1000a9e1	FindHandler	Stack[-0x14]	READ
1000a9e7	FindHandler	Stack[-0x20]	WRITE
1000a9ea	FindHandler	Stack[-0x24]	READ
1000a9ed	FindHandler	1000a943	CONDITIONAL_JUMP
1000a9f3	FindHandler	Stack[0x14]	READ
1000a9f6	FindHandler	Stack[0x18]	READ
1000a9fa	FindHandler	1000aa06	CONDITIONAL_JUMP
1000a9ff	FindHandler	1000a0fd	UNCONDITIONAL_CALL
1000aa06	FindHandler	Stack[-0x5]	READ
1000aa0a	FindHandler	1000aabe	CONDITIONAL_JUMP
1000aa1c	FindHandler	1000aabe	CONDITIONAL_JUMP
1000aa27	FindHandler	1000aabe	CONDITIONAL_JUMP
1000aa2e	FindHandler	1000a17b	UNCONDITIONAL_CALL
1000aa36	FindHandler	1000aabe	CONDITIONAL_JUMP
1000aa3c	FindHandler	10006341	UNCONDITIONAL_CALL
1000aa41	FindHandler	10006341	UNCONDITIONAL_CALL
1000aa46	FindHandler	10006341	UNCONDITIONAL_CALL
1000aa51	FindHandler	10006341	UNCONDITIONAL_CALL
1000aa56	FindHandler	Stack[0x20]	READ
1000aa5a	FindHandler	Stack[0xc]	READ
1000aa64	FindHandler	1000aa6b	CONDITIONAL_JUMP
1000aa66	FindHandler	Stack[0x8]	READ
1000aa69	FindHandler	1000aa6e	UNCONDITIONAL_JUMP
1000aa6b	FindHandler	Stack[0x20]	READ
1000aa6e	FindHandler	10009b51	UNCONDITIONAL_CALL
1000aa73	FindHandler	Stack[0x14]	READ
1000aa79	FindHandler	Stack[0x10]	READ
1000aa7c	FindHandler	Stack[0x8]	READ
1000aa7f	FindHandler	10009fdc	UNCONDITIONAL_CALL
1000aa8a	FindHandler	1000a1f6	UNCONDITIONAL_CALL
1000aa8f	FindHandler	Stack[0x14]	READ
1000aa96	FindHandler	1000aabe	CONDITIONAL_JUMP
1000aa98	FindHandler	Stack[0x18]	READ
1000aa9c	FindHandler	1000a8a1	CONDITIONAL_JUMP
1000aaa2	FindHandler	Stack[0x20]	READ
1000aaa5	FindHandler	Stack[0x1c]	READ
1000aaa8	FindHandler	Stack[-0xc]	READ
1000aaac	FindHandler	Stack[0x10]	READ
1000aaaf	FindHandler	Stack[0xc]	READ
1000aab2	FindHandler	Stack[0x8]	READ
1000aab6	FindHandler	1000a65a	UNCONDITIONAL_CALL
1000aabe	FindHandler	10006341	UNCONDITIONAL_CALL
1000aaca	FindHandler	1000aad1	CONDITIONAL_JUMP
1000aacc	FindHandler	1000771e	UNCONDITIONAL_CALL
1000aadc	FUN_1000aad6	Stack[0x4]	READ
1000aae1	FUN_1000aad6	10004cdf	UNCONDITIONAL_CALL
1000aae6	FUN_1000aad6	1000d508	DATA
1000aafb	___InternalCxxFrameHandler	10006341	UNCONDITIONAL_CALL
1000ab07	___InternalCxxFrameHandler	Stack[0x14]	READ
1000ab0a	___InternalCxxFrameHandler	Stack[0x4]	READ
1000ab1c	___InternalCxxFrameHandler	1000ab3e	CONDITIONAL_JUMP
1000ab22	___InternalCxxFrameHandler	1000ab3e	CONDITIONAL_JUMP
1000ab2a	___InternalCxxFrameHandler	1000ab3e	CONDITIONAL_JUMP
1000ab32	___InternalCxxFrameHandler	1000ab3e	CONDITIONAL_JUMP
1000ab38	___InternalCxxFrameHandler	1000abd1	CONDITIONAL_JUMP
1000ab42	___InternalCxxFrameHandler	1000ab67	CONDITIONAL_JUMP
1000ab48	___InternalCxxFrameHandler	1000abd1	CONDITIONAL_JUMP
1000ab4e	___InternalCxxFrameHandler	Stack[0x18]	READ
1000ab52	___InternalCxxFrameHandler	1000abd1	CONDITIONAL_JUMP
1000ab57	___InternalCxxFrameHandler	Stack[0x10]	READ
1000ab5a	___InternalCxxFrameHandler	Stack[0x8]	READ
1000ab5d	___InternalCxxFrameHandler	10009fdc	UNCONDITIONAL_CALL
1000ab65	___InternalCxxFrameHandler	1000abd1	UNCONDITIONAL_JUMP
1000ab6b	___InternalCxxFrameHandler	1000ab7f	CONDITIONAL_JUMP
1000ab77	___InternalCxxFrameHandler	1000abd1	CONDITIONAL_JUMP
1000ab7d	___InternalCxxFrameHandler	1000abd1	CONDITIONAL_JUMP
1000ab81	___InternalCxxFrameHandler	1000abb5	CONDITIONAL_JUMP
1000ab87	___InternalCxxFrameHandler	1000abb5	CONDITIONAL_JUMP
1000ab8c	___InternalCxxFrameHandler	1000abb5	CONDITIONAL_JUMP
1000ab96	___InternalCxxFrameHandler	1000abb5	CONDITIONAL_JUMP
1000ab98	___InternalCxxFrameHandler	Stack[0x20]	READ
1000ab9d	___InternalCxxFrameHandler	Stack[0x1c]	READ
1000aba0	___InternalCxxFrameHandler	Stack[0x18]	READ
1000aba4	___InternalCxxFrameHandler	Stack[0x10]	READ
1000aba7	___InternalCxxFrameHandler	Stack[0xc]	READ
1000abaa	___InternalCxxFrameHandler	Stack[0x8]	READ
1000abb3	___InternalCxxFrameHandler	1000abd4	UNCONDITIONAL_JUMP
1000abb5	___InternalCxxFrameHandler	Stack[0x1c]	READ
1000abb8	___InternalCxxFrameHandler	Stack[0x18]	READ
1000abbb	___InternalCxxFrameHandler	Stack[0x20]	READ
1000abbf	___InternalCxxFrameHandler	Stack[0x10]	READ
1000abc2	___InternalCxxFrameHandler	Stack[0xc]	READ
1000abc5	___InternalCxxFrameHandler	Stack[0x8]	READ
1000abc9	___InternalCxxFrameHandler	1000a761	UNCONDITIONAL_CALL
1000abe8	__CallSettingFrame@12	Stack[0x8]	READ
1000abee	__CallSettingFrame@12	Stack[-0x8]	WRITE
1000abf1	__CallSettingFrame@12	Stack[0x4]	READ
1000abf5	__CallSettingFrame@12	Stack[0xc]	READ
1000abf8	__CallSettingFrame@12	Stack[0xc]	READ
1000abfb	__CallSettingFrame@12	Stack[-0x8]	READ
1000abfe	__CallSettingFrame@12	10008cec	UNCONDITIONAL_CALL
1000ac18	__CallSettingFrame@12	1000ac1f	CONDITIONAL_JUMP
1000ac20	__CallSettingFrame@12	10008cec	UNCONDITIONAL_CALL
1000ac2d	__EH_prolog3_catch	ffdff000	READ
1000ac34	__EH_prolog3_catch	Stack[0x4]	DATA
1000ac38	__EH_prolog3_catch	Stack[0x4]	READ
1000ac3f	__EH_prolog3_catch	Stack[0x4]	DATA
1000ac43	__EH_prolog3_catch	1000f080	READ
1000ac4b	__EH_prolog3_catch	Stack[-0xc]	WRITE
1000ac4e	__EH_prolog3_catch	Stack[0x0]	READ
1000ac51	__EH_prolog3_catch	Stack[0x0]	WRITE
1000ac58	__EH_prolog3_catch	Stack[-0x8]	DATA
1000ac5b	__EH_prolog3_catch	ffdff000	WRITE
1000ac6a	_ValidateRead	Stack[0x4]	READ
1000ac6e	_ValidateRead	1000ac72	CONDITIONAL_JUMP
1000ac8c		10004bba	UNCONDITIONAL_CALL
1000ac91		1000ddc8	DATA
1000ac96		10009ba5	UNCONDITIONAL_CALL
1000aca6	Unwind@1000aca0	10003c40	UNCONDITIONAL_CALL
1000acb4	Unwind@1000acab	1000accc	CONDITIONAL_JUMP
1000acc7	Unwind@1000acab	10003c40	UNCONDITIONAL_CALL
1000acd6	Unwind@1000accd	1000acee	CONDITIONAL_JUMP
1000ace9	Unwind@1000accd	10003c40	UNCONDITIONAL_CALL
1000acf8	Unwind@1000acef	1000ad10	CONDITIONAL_JUMP
1000ad0b	Unwind@1000acef	10003c40	UNCONDITIONAL_CALL
1000ad1a	Unwind@1000ad11	1000ad2f	CONDITIONAL_JUMP
1000ad2a	Unwind@1000ad11	10003c40	UNCONDITIONAL_CALL
1000ad42		10004bba	UNCONDITIONAL_CALL
1000ad4f		10004bba	UNCONDITIONAL_CALL
1000ad54		1000de14	DATA
1000ad59		10009ba5	UNCONDITIONAL_CALL
1000ad66	Unwind@1000ad60	10003c40	UNCONDITIONAL_CALL
1000ad74	Unwind@1000ad6b	1000ad8c	CONDITIONAL_JUMP
1000ad87	Unwind@1000ad6b	10003c40	UNCONDITIONAL_CALL
1000ad96	Unwind@1000ad8d	1000adae	CONDITIONAL_JUMP
1000ada9	Unwind@1000ad8d	10003c40	UNCONDITIONAL_CALL
1000adb8	Unwind@1000adaf	1000add0	CONDITIONAL_JUMP
1000adcb	Unwind@1000adaf	10003c40	UNCONDITIONAL_CALL
1000adda	Unwind@1000add1	1000adf2	CONDITIONAL_JUMP
1000aded	Unwind@1000add1	10003c40	UNCONDITIONAL_CALL
1000adfc	Unwind@1000adf3	1000ae11	CONDITIONAL_JUMP
1000ae0c	Unwind@1000adf3	10003c40	UNCONDITIONAL_CALL
1000ae18	Unwind@1000ae12	10003c40	UNCONDITIONAL_CALL
1000ae23	Unwind@1000ae1d	10003c40	UNCONDITIONAL_CALL
1000ae2e	Unwind@1000ae28	10003c40	UNCONDITIONAL_CALL
1000ae39	Unwind@1000ae33	10003c40	UNCONDITIONAL_CALL
1000ae50		10004bba	UNCONDITIONAL_CALL
1000ae5d		10004bba	UNCONDITIONAL_CALL
1000ae62		1000de88	DATA
1000ae67		10009ba5	UNCONDITIONAL_CALL
1000ae76	Unwind@1000ae70	10003c40	UNCONDITIONAL_CALL
1000ae84	Unwind@1000ae7b	1000ae9c	CONDITIONAL_JUMP
1000ae97	Unwind@1000ae7b	10003c40	UNCONDITIONAL_CALL
1000aea6	Unwind@1000ae9d	1000aebe	CONDITIONAL_JUMP
1000aeb9	Unwind@1000ae9d	10003c40	UNCONDITIONAL_CALL
1000aec8	Unwind@1000aebf	1000aee0	CONDITIONAL_JUMP
1000aedb	Unwind@1000aebf	10003c40	UNCONDITIONAL_CALL
1000aeea	Unwind@1000aee1	1000aeff	CONDITIONAL_JUMP
1000aefa	Unwind@1000aee1	10003c40	UNCONDITIONAL_CALL
1000af09	Unwind@1000af00	1000af21	CONDITIONAL_JUMP
1000af1c	Unwind@1000af00	10003c40	UNCONDITIONAL_CALL
1000af34		10004bba	UNCONDITIONAL_CALL
1000af41		10004bba	UNCONDITIONAL_CALL
1000af46		1000dedc	DATA
1000af4b		10009ba5	UNCONDITIONAL_CALL
1000af5c		10004bba	UNCONDITIONAL_CALL
1000af61		1000df78	DATA
1000af66		10009ba5	UNCONDITIONAL_CALL
1000af6b	FUN_1000af6b	1000fd00	WRITE
1000af6b	FUN_1000af6b	1000b1b4	DATA
1000af75	FUN_1000af6b	1000fd00	DATA
1000af7a	FUN_1000af6b	10004cad	UNCONDITIONAL_CALL
