address	type	source	name
EXTERNAL:00000001	Function	IMPORTED	SETUPAPI.DLL::SetupDiEnumDeviceInfo
EXTERNAL:00000002	Function	IMPORTED	SETUPAPI.DLL::SetupDiEnumDeviceInterfaces
EXTERNAL:00000003	Function	IMPORTED	SETUPAPI.DLL::SetupDiGetDeviceInterfaceDetailW
EXTERNAL:00000004	Function	IMPORTED	SETUPAPI.DLL::SetupDiGetClassDevsW
EXTERNAL:00000005	Function	IMPORTED	HID.DLL::HidD_GetHidGuid
EXTERNAL:00000006	Function	IMPORTED	KERNEL32.DLL::GetStringTypeW
EXTERNAL:00000007	Function	IMPORTED	KERNEL32.DLL::TlsAlloc
EXTERNAL:00000008	Function	IMPORTED	KERNEL32.DLL::GetLastError
EXTERNAL:00000009	Function	IMPORTED	KERNEL32.DLL::MultiByteToWideChar
EXTERNAL:0000000a	Function	IMPORTED	KERNEL32.DLL::CreateFileW
EXTERNAL:0000000b	Function	IMPORTED	KERNEL32.DLL::CloseHandle
EXTERNAL:0000000c	Function	IMPORTED	KERNEL32.DLL::WriteFile
EXTERNAL:0000000d	Function	IMPORTED	KERNEL32.DLL::ReadFile
EXTERNAL:0000000e	Function	IMPORTED	KERNEL32.DLL::Sleep
EXTERNAL:0000000f	Function	IMPORTED	KERNEL32.DLL::LCMapStringW
EXTERNAL:00000010	Function	IMPORTED	KERNEL32.DLL::HeapReAlloc
EXTERNAL:00000011	Function	IMPORTED	KERNEL32.DLL::IsValidCodePage
EXTERNAL:00000012	Function	IMPORTED	KERNEL32.DLL::GetOEMCP
EXTERNAL:00000013	Function	IMPORTED	KERNEL32.DLL::HeapFree
EXTERNAL:00000014	Function	IMPORTED	KERNEL32.DLL::HeapAlloc
EXTERNAL:00000015	Function	IMPORTED	KERNEL32.DLL::DecodePointer
EXTERNAL:00000016	Function	IMPORTED	KERNEL32.DLL::EncodePointer
EXTERNAL:00000017	Function	IMPORTED	KERNEL32.DLL::GetCurrentThreadId
EXTERNAL:00000018	Function	IMPORTED	KERNEL32.DLL::GetCommandLineA
EXTERNAL:00000019	Function	IMPORTED	KERNEL32.DLL::RaiseException
EXTERNAL:0000001a	Function	IMPORTED	KERNEL32.DLL::TerminateProcess
EXTERNAL:0000001b	Function	IMPORTED	KERNEL32.DLL::GetCurrentProcess
EXTERNAL:0000001c	Function	IMPORTED	KERNEL32.DLL::UnhandledExceptionFilter
EXTERNAL:0000001d	Function	IMPORTED	KERNEL32.DLL::SetUnhandledExceptionFilter
EXTERNAL:0000001e	Function	IMPORTED	KERNEL32.DLL::IsDebuggerPresent
EXTERNAL:0000001f	Function	IMPORTED	KERNEL32.DLL::IsProcessorFeaturePresent
EXTERNAL:00000020	Function	IMPORTED	KERNEL32.DLL::HeapCreate
EXTERNAL:00000021	Function	IMPORTED	KERNEL32.DLL::HeapDestroy
EXTERNAL:00000022	Function	IMPORTED	KERNEL32.DLL::GetProcAddress
EXTERNAL:00000023	Function	IMPORTED	KERNEL32.DLL::GetModuleHandleW
EXTERNAL:00000024	Function	IMPORTED	KERNEL32.DLL::ExitProcess
EXTERNAL:00000025	Function	IMPORTED	KERNEL32.DLL::GetStdHandle
EXTERNAL:00000026	Function	IMPORTED	KERNEL32.DLL::GetModuleFileNameW
EXTERNAL:00000027	Function	IMPORTED	KERNEL32.DLL::TlsGetValue
EXTERNAL:00000028	Function	IMPORTED	KERNEL32.DLL::TlsSetValue
EXTERNAL:00000029	Function	IMPORTED	KERNEL32.DLL::TlsFree
EXTERNAL:0000002a	Function	IMPORTED	KERNEL32.DLL::InterlockedIncrement
EXTERNAL:0000002b	Function	IMPORTED	KERNEL32.DLL::SetLastError
EXTERNAL:0000002c	Function	IMPORTED	KERNEL32.DLL::InterlockedDecrement
EXTERNAL:0000002d	Function	IMPORTED	KERNEL32.DLL::SetHandleCount
EXTERNAL:0000002e	Function	IMPORTED	KERNEL32.DLL::InitializeCriticalSectionAndSpinCount
EXTERNAL:0000002f	Function	IMPORTED	KERNEL32.DLL::GetFileType
EXTERNAL:00000030	Function	IMPORTED	KERNEL32.DLL::GetStartupInfoW
EXTERNAL:00000031	Function	IMPORTED	KERNEL32.DLL::DeleteCriticalSection
EXTERNAL:00000032	Function	IMPORTED	KERNEL32.DLL::GetModuleFileNameA
EXTERNAL:00000033	Function	IMPORTED	KERNEL32.DLL::FreeEnvironmentStringsW
EXTERNAL:00000034	Function	IMPORTED	KERNEL32.DLL::WideCharToMultiByte
EXTERNAL:00000035	Function	IMPORTED	KERNEL32.DLL::GetEnvironmentStringsW
EXTERNAL:00000036	Function	IMPORTED	KERNEL32.DLL::QueryPerformanceCounter
EXTERNAL:00000037	Function	IMPORTED	KERNEL32.DLL::GetTickCount
EXTERNAL:00000038	Function	IMPORTED	KERNEL32.DLL::GetCurrentProcessId
EXTERNAL:00000039	Function	IMPORTED	KERNEL32.DLL::GetSystemTimeAsFileTime
EXTERNAL:0000003a	Function	IMPORTED	KERNEL32.DLL::HeapSize
EXTERNAL:0000003b	Function	IMPORTED	KERNEL32.DLL::LeaveCriticalSection
EXTERNAL:0000003c	Function	IMPORTED	KERNEL32.DLL::EnterCriticalSection
EXTERNAL:0000003d	Function	IMPORTED	KERNEL32.DLL::RtlUnwind
EXTERNAL:0000003e	Function	IMPORTED	KERNEL32.DLL::LoadLibraryW
EXTERNAL:0000003f	Function	IMPORTED	KERNEL32.DLL::GetCPInfo
EXTERNAL:00000040	Function	IMPORTED	KERNEL32.DLL::GetACP
EXTERNAL:00000041	Function	IMPORTED	USER32.DLL::SetWindowsHookExW
EXTERNAL:00000042	Function	IMPORTED	USER32.DLL::UnhookWindowsHookEx
EXTERNAL:00000043	Function	IMPORTED	USER32.DLL::PostMessageW
10000000	Label	DEFAULT	IMAGE_DOS_HEADER_10000000
10001000	Label	DEFAULT	LAB_10001000
10001010	Function	DEFAULT	FUN_10001010
10001030	Label	DEFAULT	LAB_10001030
10001040	Function	DEFAULT	FUN_10001040
1000105a	Label	DEFAULT	LAB_1000105a
10001067	Label	DEFAULT	LAB_10001067
1000106f	Label	DEFAULT	LAB_1000106f
100010b4	Label	DEFAULT	LAB_100010b4
100010c3	Label	DEFAULT	LAB_100010c3
100010d0	Function	DEFAULT	FUN_100010d0
10001124	Label	DEFAULT	LAB_10001124
10001140	Label	DEFAULT	LAB_10001140
10001152	Label	DEFAULT	LAB_10001152
10001160	Function	DEFAULT	FUN_10001160
1000119c	Label	DEFAULT	LAB_1000119c
100011bd	Label	DEFAULT	LAB_100011bd
100011cf	Label	DEFAULT	LAB_100011cf
100011e0	Function	DEFAULT	FUN_100011e0
10001203	Label	DEFAULT	LAB_10001203
10001224	Label	DEFAULT	LAB_10001224
10001226	Label	DEFAULT	LAB_10001226
1000122c	Label	DEFAULT	LAB_1000122c
10001232	Label	DEFAULT	LAB_10001232
10001240	Function	DEFAULT	FUN_10001240
10001258	Label	DEFAULT	LAB_10001258
1000129d	Label	DEFAULT	LAB_1000129d
100012b0	Label	DEFAULT	LAB_100012b0
100012c0	Function	DEFAULT	FUN_100012c0
100012e8	Label	DEFAULT	LAB_100012e8
10001310	Label	DEFAULT	LAB_10001310
10001320	Function	DEFAULT	FUN_10001320
10001340	Label	IMPORTED	Ordinal_3
10001340	Function	ANALYSIS	CKB75HWI::operator=
10001340	Label	IMPORTED	??4CKB75HWI@@QAEAAV0@ABV0@@Z
10001360	Function	DEFAULT	FUN_10001360
10001371	Label	DEFAULT	LAB_10001371
10001380	Label	IMPORTED	Ordinal_8
10001380	Function	ANALYSIS	KeyBoardProc
10001380	Label	IMPORTED	?KeyBoardProc@@YGJHIJ@Z
10001396	Label	ANALYSIS	switchD_10001396::switchD
1000139d	Label	ANALYSIS	switchD_10001396::caseD_101
100013a4	Label	ANALYSIS	switchD_10001396::caseD_104
100013ab	Label	ANALYSIS	switchD_10001396::caseD_105
100013b0	Label	ANALYSIS	switchD_10001396::caseD_100
100013b0	Label	ANALYSIS	switchD_10001396::caseD_102
100013b0	Label	ANALYSIS	switchD_10001396::caseD_103
100013d8	Label	ANALYSIS	switchD_10001396::switchdataD_100013d8
100013f0	Label	IMPORTED	Ordinal_7
100013f0	Function	ANALYSIS	InstallHook
100013f0	Label	IMPORTED	?InstallHook@@YAXPAUHWND__@@@Z
10001420	Label	IMPORTED	Ordinal_10
10001420	Function	ANALYSIS	UninstallHook
10001420	Label	IMPORTED	?UninstallHook@@YAXXZ
10001430	Function	DEFAULT	FUN_10001430
10001440	Function	DEFAULT	FUN_10001440
10001450	Function	DEFAULT	FUN_10001450
10001490	Function	DEFAULT	FUN_10001490
100014a0	Label	DEFAULT	LAB_100014a0
100014a5	Label	DEFAULT	LAB_100014a5
100014b8	Label	DEFAULT	LAB_100014b8
100014d0	Function	USER_DEFINED	read_key_configuration_stream
10001542	Label	DEFAULT	LAB_10001542
10001570	Label	DEFAULT	LAB_10001570
100015b9	Label	DEFAULT	LAB_100015b9
100015c8	Label	ANALYSIS	switchD_100015c8::switchD
100015cf	Label	ANALYSIS	switchD_100015c8::caseD_0
100015f7	Label	DEFAULT	LAB_100015f7
100015f9	Label	DEFAULT	LAB_100015f9
100015ff	Label	ANALYSIS	switchD_100015c8::default
10001619	Label	DEFAULT	LAB_10001619
1000164d	Label	DEFAULT	LAB_1000164d
1000167f	Label	DEFAULT	LAB_1000167f
10001694	Label	ANALYSIS	switchD_100015c8::caseD_1
100016c7	Label	ANALYSIS	switchD_100015c8::caseD_2
100016e7	Label	DEFAULT	LAB_100016e7
100016f2	Label	ANALYSIS	switchD_100015c8::caseD_3
10001712	Label	DEFAULT	LAB_10001712
1000171d	Label	ANALYSIS	switchD_100015c8::caseD_4
10001736	Label	DEFAULT	LAB_10001736
10001738	Label	DEFAULT	LAB_10001738
1000173f	Label	DEFAULT	LAB_1000173f
100017b0	Label	DEFAULT	LAB_100017b0
10001806	Label	DEFAULT	LAB_10001806
10001833	Label	DEFAULT	LAB_10001833
10001848	Label	ANALYSIS	switchD_100015c8::switchdataD_10001848
10001860	Function	USER_DEFINED	write_key_configuration_stream
100018bd	Label	DEFAULT	LAB_100018bd
100018c7	Label	DEFAULT	LAB_100018c7
100018d2	Label	DEFAULT	LAB_100018d2
10001940	Label	DEFAULT	LAB_10001940
1000194c	Label	DEFAULT	LAB_1000194c
10001982	Label	DEFAULT	LAB_10001982
10001993	Label	DEFAULT	LAB_10001993
100019d8	Label	DEFAULT	LAB_100019d8
100019f1	Label	DEFAULT	LAB_100019f1
10001a60	Label	DEFAULT	LAB_10001a60
10001a69	Label	DEFAULT	LAB_10001a69
10001a80	Function	USER_DEFINED	read_rgb_configuration_stream
10001adb	Label	DEFAULT	LAB_10001adb
10001b04	Label	DEFAULT	LAB_10001b04
10001b27	Label	DEFAULT	LAB_10001b27
10001b45	Label	DEFAULT	LAB_10001b45
10001b57	Label	DEFAULT	LAB_10001b57
10001b70	Function	USER_DEFINED	read_press_counter_stream
10001bcb	Label	DEFAULT	LAB_10001bcb
10001bf4	Label	DEFAULT	LAB_10001bf4
10001c1a	Label	DEFAULT	LAB_10001c1a
10001c38	Label	DEFAULT	LAB_10001c38
10001c4a	Label	DEFAULT	LAB_10001c4a
10001c60	Label	IMPORTED	Ordinal_1
10001c60	Function	ANALYSIS	CKB75HWI::CKB75HWI
10001c60	Label	IMPORTED	??0CKB75HWI@@QAE@XZ
10001c70	Label	IMPORTED	Ordinal_2
10001c70	Function	ANALYSIS	CKB75HWI::~CKB75HWI
10001c70	Label	IMPORTED	??1CKB75HWI@@QAE@XZ
10001c89	Label	DEFAULT	LAB_10001c89
10001ca3	Label	DEFAULT	LAB_10001ca3
10001cac	Label	DEFAULT	LAB_10001cac
10001cc0	Label	IMPORTED	Ordinal_13
10001cc0	Function	ANALYSIS	CKB75HWI::__createDev
10001cc0	Label	IMPORTED	?__createDev@CKB75HWI@@QAE_NXZ
10001ccc	Label	DEFAULT	LAB_10001ccc
10001d06	Label	DEFAULT	LAB_10001d06
10001d0c	Label	DEFAULT	LAB_10001d0c
10001d20	Label	IMPORTED	Ordinal_12
10001d20	Function	ANALYSIS	CKB75HWI::__closeDev
10001d20	Label	IMPORTED	?__closeDev@CKB75HWI@@QAE_NXZ
10001d3a	Label	DEFAULT	LAB_10001d3a
10001d54	Label	DEFAULT	LAB_10001d54
10001d5d	Label	DEFAULT	LAB_10001d5d
10001d70	Label	IMPORTED	Ordinal_14
10001d70	Function	ANALYSIS	CKB75HWI::getHardwareVersion
10001d70	Label	IMPORTED	?getHardwareVersion@CKB75HWI@@QAEPA_WXZ
10001d90	Label	IMPORTED	Ordinal_21
10001d90	Function	ANALYSIS	CKB75HWI::setKeyConfiguration
10001d90	Label	IMPORTED	?setKeyConfiguration@CKB75HWI@@QAE_NHHPAHH@Z
10001df1	Label	DEFAULT	LAB_10001df1
10001e08	Label	DEFAULT	LAB_10001e08
10001e11	Label	DEFAULT	LAB_10001e11
10001e18	Label	DEFAULT	LAB_10001e18
10001e40	Label	DEFAULT	LAB_10001e40
10001e52	Label	DEFAULT	LAB_10001e52
10001e61	Label	DEFAULT	LAB_10001e61
10001e7e	Label	DEFAULT	LAB_10001e7e
10001eab	Label	DEFAULT	LAB_10001eab
10001ebc	Label	DEFAULT	LAB_10001ebc
10001eee	Label	DEFAULT	LAB_10001eee
10001ef3	Label	DEFAULT	LAB_10001ef3
10001f36	Label	DEFAULT	LAB_10001f36
10001f50	Label	DEFAULT	LAB_10001f50
10001f64	Label	DEFAULT	LAB_10001f64
10001f92	Label	DEFAULT	LAB_10001f92
10001f97	Label	DEFAULT	LAB_10001f97
10001fd4	Label	DEFAULT	LAB_10001fd4
10001fe2	Label	DEFAULT	LAB_10001fe2
10001ff1	Label	DEFAULT	LAB_10001ff1
1000201e	Label	DEFAULT	LAB_1000201e
10002027	Label	DEFAULT	LAB_10002027
10002040	Label	IMPORTED	Ordinal_22
10002040	Function	ANALYSIS	CKB75HWI::setKeyboardLightArea
10002040	Label	IMPORTED	?setKeyboardLightArea@CKB75HWI@@QAE_NPAH@Z
10002060	Label	DEFAULT	LAB_10002060
100020c0	Label	DEFAULT	LAB_100020c0
100020d1	Label	DEFAULT	LAB_100020d1
1000214a	Label	DEFAULT	LAB_1000214a
1000214b	Label	DEFAULT	LAB_1000214b
10002160	Label	IMPORTED	Ordinal_15
10002160	Function	ANALYSIS	CKB75HWI::getKeyConfiguration
10002160	Label	IMPORTED	?getKeyConfiguration@CKB75HWI@@QAE_NHHPAHH@Z
10002191	Label	DEFAULT	LAB_10002191
1000219f	Label	ANALYSIS	switchD_1000219f::switchD
100021a6	Label	ANALYSIS	switchD_1000219f::caseD_0
100021c0	Label	DEFAULT	LAB_100021c0
100021d8	Label	ANALYSIS	switchD_1000219f::caseD_1
10002200	Label	DEFAULT	LAB_10002200
10002218	Label	ANALYSIS	switchD_1000219f::caseD_2
10002218	Label	ANALYSIS	switchD_1000219f::caseD_3
10002218	Label	ANALYSIS	switchD_1000219f::caseD_4
10002238	Label	DEFAULT	LAB_10002238
10002241	Label	DEFAULT	LAB_10002241
10002244	Label	DEFAULT	LAB_10002244
10002270	Label	DEFAULT	LAB_10002270
10002288	Label	DEFAULT	LAB_10002288
10002294	Label	DEFAULT	LAB_10002294
100022ad	Label	DEFAULT	LAB_100022ad
100022b6	Label	DEFAULT	LAB_100022b6
100022b8	Label	ANALYSIS	switchD_1000219f::default
100022c0	Label	ANALYSIS	switchD_1000219f::switchdataD_100022c0
100022e0	Label	IMPORTED	Ordinal_16
100022e0	Function	ANALYSIS	CKB75HWI::getKeyboardLightArea
100022e0	Label	IMPORTED	?getKeyboardLightArea@CKB75HWI@@QAE_NPAH@Z
10002311	Label	DEFAULT	LAB_10002311
10002340	Label	IMPORTED	Ordinal_18
10002340	Function	ANALYSIS	CKB75HWI::prepare
10002340	Label	IMPORTED	?prepare@CKB75HWI@@QAE_NXZ
10002347	Label	DEFAULT	LAB_10002347
1000235a	Label	DEFAULT	LAB_1000235a
10002380	Label	IMPORTED	Ordinal_23
10002380	Function	ANALYSIS	CKB75HWI::writeKeyConfigurationToDev
10002380	Label	IMPORTED	?writeKeyConfigurationToDev@CKB75HWI@@QAE_NPAUHWND__@@@Z
10002390	Label	IMPORTED	Ordinal_19
10002390	Function	ANALYSIS	CKB75HWI::readKeyDefinationFromDev
10002390	Label	IMPORTED	?readKeyDefinationFromDev@CKB75HWI@@QAE_NPAUHWND__@@@Z
100023a0	Label	IMPORTED	Ordinal_20
100023a0	Function	ANALYSIS	CKB75HWI::readKeyLightFromDev
100023a0	Label	IMPORTED	?readKeyLightFromDev@CKB75HWI@@QAE_NXZ
100023b0	Label	IMPORTED	Ordinal_11
100023b0	Function	ANALYSIS	CKB75HWI::WriteFirmwareToKeyboard
100023b0	Label	IMPORTED	?WriteFirmwareToKeyboard@CKB75HWI@@QAE_NPADHPAUHWND__@@@Z
100023d0	Label	IMPORTED	Ordinal_9
100023d0	Function	ANALYSIS	CKB75HWI::ReadKeyboardVersion
100023d0	Label	IMPORTED	?ReadKeyboardVersion@CKB75HWI@@QAE_NPA_W@Z
100023e0	Label	IMPORTED	Ordinal_4
100023e0	Function	ANALYSIS	CKB75HWI::DetectDevice
100023e0	Label	IMPORTED	?DetectDevice@CKB75HWI@@QAE_NXZ
100023f0	Label	IMPORTED	Ordinal_17
100023f0	Function	ANALYSIS	CKB75HWI::getPressCounterFromDev
100023f0	Label	IMPORTED	?getPressCounterFromDev@CKB75HWI@@QAE_NPAH@Z
10002420	Label	IMPORTED	Ordinal_6
10002420	Function	ANALYSIS	CKB75HWI::DetectDeviceType
10002420	Label	IMPORTED	?DetectDeviceType@CKB75HWI@@QAEHXZ
10002430	Label	IMPORTED	Ordinal_5
10002430	Function	ANALYSIS	CKB75HWI::DetectDeviceForMac
10002430	Label	IMPORTED	?DetectDeviceForMac@CKB75HWI@@QAEHXZ
10002440	Function	DEFAULT	FUN_10002440
10002470	Function	DEFAULT	FUN_10002470
100024b6	Label	DEFAULT	LAB_100024b6
100024ca	Label	DEFAULT	LAB_100024ca
10002530	Function	DEFAULT	FUN_10002530
100025d0	Label	DEFAULT	LAB_100025d0
100025d4	Label	DEFAULT	LAB_100025d4
10002675	Label	DEFAULT	LAB_10002675
100026fe	Label	DEFAULT	LAB_100026fe
1000270a	Label	DEFAULT	LAB_1000270a
10002718	Label	DEFAULT	LAB_10002718
1000271a	Label	DEFAULT	LAB_1000271a
10002723	Label	DEFAULT	LAB_10002723
10002738	Label	DEFAULT	LAB_10002738
1000273d	Label	DEFAULT	LAB_1000273d
1000274e	Label	DEFAULT	LAB_1000274e
10002823	Label	DEFAULT	LAB_10002823
1000282c	Label	DEFAULT	LAB_1000282c
10002842	Label	DEFAULT	LAB_10002842
10002847	Label	DEFAULT	LAB_10002847
10002849	Label	DEFAULT	LAB_10002849
10002868	Label	DEFAULT	LAB_10002868
10002882	Label	DEFAULT	LAB_10002882
10002887	Label	DEFAULT	LAB_10002887
100028ac	Label	DEFAULT	LAB_100028ac
100028c8	Label	DEFAULT	LAB_100028c8
100028ea	Label	DEFAULT	LAB_100028ea
10002903	Label	DEFAULT	LAB_10002903
10002922	Label	DEFAULT	LAB_10002922
10002935	Label	DEFAULT	LAB_10002935
10002965	Label	DEFAULT	LAB_10002965
10002981	Label	DEFAULT	LAB_10002981
100029a3	Label	DEFAULT	LAB_100029a3
100029d4	Label	DEFAULT	LAB_100029d4
100029d8	Label	DEFAULT	LAB_100029d8
100029e5	Label	DEFAULT	LAB_100029e5
10002a03	Label	DEFAULT	LAB_10002a03
10002a11	Label	DEFAULT	LAB_10002a11
10002a13	Label	DEFAULT	LAB_10002a13
10002a26	Label	DEFAULT	LAB_10002a26
10002a28	Label	DEFAULT	LAB_10002a28
10002a50	Function	DEFAULT	FUN_10002a50
10002af0	Label	DEFAULT	LAB_10002af0
10002af4	Label	DEFAULT	LAB_10002af4
10002b95	Label	DEFAULT	LAB_10002b95
10002c1e	Label	DEFAULT	LAB_10002c1e
10002c2a	Label	DEFAULT	LAB_10002c2a
10002c38	Label	DEFAULT	LAB_10002c38
10002c3a	Label	DEFAULT	LAB_10002c3a
10002c43	Label	DEFAULT	LAB_10002c43
10002c58	Label	DEFAULT	LAB_10002c58
10002c5d	Label	DEFAULT	LAB_10002c5d
10002c6e	Label	DEFAULT	LAB_10002c6e
10002d43	Label	DEFAULT	LAB_10002d43
10002d4c	Label	DEFAULT	LAB_10002d4c
10002d62	Label	DEFAULT	LAB_10002d62
10002d67	Label	DEFAULT	LAB_10002d67
10002d69	Label	DEFAULT	LAB_10002d69
10002d88	Label	DEFAULT	LAB_10002d88
10002da2	Label	DEFAULT	LAB_10002da2
10002da7	Label	DEFAULT	LAB_10002da7
10002dcc	Label	DEFAULT	LAB_10002dcc
10002de8	Label	DEFAULT	LAB_10002de8
10002e0a	Label	DEFAULT	LAB_10002e0a
10002e23	Label	DEFAULT	LAB_10002e23
10002e42	Label	DEFAULT	LAB_10002e42
10002e55	Label	DEFAULT	LAB_10002e55
10002e85	Label	DEFAULT	LAB_10002e85
10002ea1	Label	DEFAULT	LAB_10002ea1
10002ec3	Label	DEFAULT	LAB_10002ec3
10002ef4	Label	DEFAULT	LAB_10002ef4
10002ef8	Label	DEFAULT	LAB_10002ef8
10002f05	Label	DEFAULT	LAB_10002f05
10002f18	Label	DEFAULT	LAB_10002f18
10002f1a	Label	DEFAULT	LAB_10002f1a
10002f40	Function	DEFAULT	FUN_10002f40
10002fd5	Label	DEFAULT	LAB_10002fd5
10002fd7	Label	DEFAULT	LAB_10002fd7
10003000	Label	DEFAULT	LAB_10003000
10003004	Label	DEFAULT	LAB_10003004
100030a0	Label	DEFAULT	LAB_100030a0
10003126	Label	DEFAULT	LAB_10003126
10003132	Label	DEFAULT	LAB_10003132
1000313c	Label	DEFAULT	LAB_1000313c
1000313e	Label	DEFAULT	LAB_1000313e
10003147	Label	DEFAULT	LAB_10003147
1000315c	Label	DEFAULT	LAB_1000315c
1000316c	Label	DEFAULT	LAB_1000316c
10003255	Label	DEFAULT	LAB_10003255
1000325e	Label	DEFAULT	LAB_1000325e
10003260	Label	DEFAULT	LAB_10003260
10003265	Label	DEFAULT	LAB_10003265
1000328b	Label	DEFAULT	LAB_1000328b
100032aa	Label	DEFAULT	LAB_100032aa
100032af	Label	DEFAULT	LAB_100032af
100032d5	Label	DEFAULT	LAB_100032d5
100032ed	Label	DEFAULT	LAB_100032ed
1000330d	Label	DEFAULT	LAB_1000330d
1000331c	Label	DEFAULT	LAB_1000331c
1000333f	Label	DEFAULT	LAB_1000333f
10003354	Label	DEFAULT	LAB_10003354
1000337b	Label	DEFAULT	LAB_1000337b
100033a1	Label	DEFAULT	LAB_100033a1
100033d7	Label	DEFAULT	LAB_100033d7
100033e5	Label	DEFAULT	LAB_100033e5
10003433	Label	DEFAULT	LAB_10003433
1000344d	Label	DEFAULT	LAB_1000344d
100034a8	Label	DEFAULT	LAB_100034a8
100034fd	Label	DEFAULT	LAB_100034fd
10003550	Function	DEFAULT	FUN_10003550
100035f0	Label	DEFAULT	LAB_100035f0
100035f4	Label	DEFAULT	LAB_100035f4
10003692	Label	DEFAULT	LAB_10003692
10003718	Label	DEFAULT	LAB_10003718
10003724	Label	DEFAULT	LAB_10003724
1000372e	Label	DEFAULT	LAB_1000372e
10003730	Label	DEFAULT	LAB_10003730
10003740	Label	DEFAULT	LAB_10003740
10003755	Label	DEFAULT	LAB_10003755
10003765	Label	DEFAULT	LAB_10003765
10003815	Label	DEFAULT	LAB_10003815
1000381b	Label	DEFAULT	LAB_1000381b
1000381d	Label	DEFAULT	LAB_1000381d
1000381f	Label	DEFAULT	LAB_1000381f
10003845	Label	DEFAULT	LAB_10003845
10003864	Label	DEFAULT	LAB_10003864
10003869	Label	DEFAULT	LAB_10003869
10003889	Label	DEFAULT	LAB_10003889
10003898	Label	DEFAULT	LAB_10003898
100038b8	Label	DEFAULT	LAB_100038b8
100038c7	Label	DEFAULT	LAB_100038c7
100038f1	Label	DEFAULT	LAB_100038f1
10003906	Label	DEFAULT	LAB_10003906
10003929	Label	DEFAULT	LAB_10003929
1000395a	Label	DEFAULT	LAB_1000395a
1000395e	Label	DEFAULT	LAB_1000395e
1000396b	Label	DEFAULT	LAB_1000396b
1000397f	Label	DEFAULT	LAB_1000397f
10003984	Label	DEFAULT	LAB_10003984
100039b0	Function	USER_DEFINED	send_firmware_text_records
100039f8	Label	DEFAULT	LAB_100039f8
100039fd	Label	DEFAULT	LAB_100039fd
10003a12	Label	DEFAULT	LAB_10003a12
10003a20	Label	DEFAULT	LAB_10003a20
10003a40	Label	DEFAULT	LAB_10003a40
10003a4c	Label	DEFAULT	LAB_10003a4c
10003a63	Label	DEFAULT	LAB_10003a63
10003a70	Label	DEFAULT	LAB_10003a70
10003a89	Label	DEFAULT	LAB_10003a89
10003b26	Label	DEFAULT	LAB_10003b26
10003b3b	Label	DEFAULT	LAB_10003b3b
10003b50	Label	DEFAULT	LAB_10003b50
10003b70	Function	USER_DEFINED	parse_firmware_record_hex
10003ba8	Label	DEFAULT	LAB_10003ba8
10003bc0	Label	DEFAULT	LAB_10003bc0
10003bd0	Label	DEFAULT	LAB_10003bd0
10003be0	Label	DEFAULT	LAB_10003be0
10003bf6	Label	DEFAULT	LAB_10003bf6
10003c07	Label	DEFAULT	LAB_10003c07
10003c18	Label	DEFAULT	LAB_10003c18
10003c25	Label	DEFAULT	LAB_10003c25
10003c40	Function	DEFAULT	FUN_10003c40
10003c51	Label	DEFAULT	LAB_10003c51
10003c70	Function	DEFAULT	FUN_10003c70
10003ca0	Function	DEFAULT	FUN_10003ca0
10003ca6	Label	DEFAULT	LAB_10003ca6
10003cd0	Function	DEFAULT	FUN_10003cd0
10003cec	Label	DEFAULT	LAB_10003cec
10003cf4	Label	DEFAULT	LAB_10003cf4
10003d16	Label	DEFAULT	LAB_10003d16
10003d30	Label	DEFAULT	LAB_10003d30
10003d39	Label	DEFAULT	LAB_10003d39
10003d3b	Label	DEFAULT	LAB_10003d3b
10003d68	Label	DEFAULT	LAB_10003d68
10003d70	Label	DEFAULT	LAB_10003d70
10003d80	Function	DEFAULT	FUN_10003d80
10003d9f	Label	DEFAULT	LAB_10003d9f
10003dc0	Label	DEFAULT	LAB_10003dc0
10003dc2	Label	DEFAULT	LAB_10003dc2
10003dd0	Label	DEFAULT	LAB_10003dd0
10003ddb	Label	DEFAULT	LAB_10003ddb
10003de7	Label	DEFAULT	LAB_10003de7
10003df3	Label	DEFAULT	LAB_10003df3
10003e04	Label	DEFAULT	LAB_10003e04
10003e0f	Label	DEFAULT	LAB_10003e0f
10003e1c	Label	DEFAULT	LAB_10003e1c
10003e40	Function	DEFAULT	FUN_10003e40
10003e50	Label	DEFAULT	LAB_10003e50
10003e58	Label	DEFAULT	LAB_10003e58
10003e62	Label	DEFAULT	LAB_10003e62
10003e64	Label	DEFAULT	LAB_10003e64
10003e70	Label	DEFAULT	LAB_10003e70
10003e83	Label	DEFAULT	LAB_10003e83
10003e91	Label	DEFAULT	LAB_10003e91
10003e9e	Label	DEFAULT	LAB_10003e9e
10003ea5	Label	DEFAULT	LAB_10003ea5
10003eb0	Function	DEFAULT	FUN_10003eb0
10003ec9	Label	DEFAULT	LAB_10003ec9
10003ecb	Label	DEFAULT	LAB_10003ecb
10003ed8	Label	DEFAULT	LAB_10003ed8
10003eda	Label	DEFAULT	LAB_10003eda
10003eff	Label	DEFAULT	LAB_10003eff
10003f15	Label	DEFAULT	LAB_10003f15
10003f2b	Label	DEFAULT	LAB_10003f2b
10003f41	Label	DEFAULT	LAB_10003f41
10003f4b	Label	DEFAULT	LAB_10003f4b
10003f67	Label	DEFAULT	LAB_10003f67
10003f75	Label	DEFAULT	LAB_10003f75
10003f77	Label	DEFAULT	LAB_10003f77
10003fa1	Label	DEFAULT	LAB_10003fa1
10003fa9	Label	DEFAULT	LAB_10003fa9
10003fc0	Function	DEFAULT	FUN_10003fc0
10003fd4	Label	DEFAULT	LAB_10003fd4
10003fdc	Label	DEFAULT	LAB_10003fdc
10003fed	Label	DEFAULT	LAB_10003fed
10003fef	Label	DEFAULT	LAB_10003fef
10003ff8	Label	DEFAULT	LAB_10003ff8
10003ffa	Label	DEFAULT	LAB_10003ffa
1000402d	Label	DEFAULT	LAB_1000402d
10004035	Label	DEFAULT	LAB_10004035
10004040	Function	DEFAULT	FUN_10004040
10004052	Label	DEFAULT	LAB_10004052
1000406d	Label	DEFAULT	LAB_1000406d
1000407b	Label	DEFAULT	LAB_1000407b
10004080	Label	DEFAULT	LAB_10004080
10004090	Function	DEFAULT	FUN_10004090
100040d2	Label	DEFAULT	LAB_100040d2
100040f9	Label	DEFAULT	LAB_100040f9
1000411c	Label	DEFAULT	LAB_1000411c
10004120	Label	DEFAULT	LAB_10004120
10004148	Function	ANALYSIS	Catch_All@10004148
10004166	Label	DEFAULT	DAT_10004166
1000416f	Function	DEFAULT	FUN_1000416f
10004180	Label	DEFAULT	LAB_10004180
10004182	Label	DEFAULT	LAB_10004182
10004192	Label	DEFAULT	LAB_10004192
100041a6	Label	DEFAULT	LAB_100041a6
100041b5	Label	DEFAULT	LAB_100041b5
100041cf	Function	ANALYSIS	Catch_All@100041cf
100041e3	Label	DEFAULT	LAB_100041e3
10004200	Function	DEFAULT	FUN_10004200
10004224	Label	DEFAULT	LAB_10004224
1000424c	Label	DEFAULT	LAB_1000424c
10004250	Function	USER_DEFINED	hid_write_report
10004280	Function	USER_DEFINED	hid_read_payload
100042ce	Label	DEFAULT	LAB_100042ce
100042e4	Label	DEFAULT	LAB_100042e4
10004300	Function	DEFAULT	FUN_10004300
10004330	Function	DEFAULT	FUN_10004330
1000436c	Label	DEFAULT	LAB_1000436c
1000439f	Label	DEFAULT	LAB_1000439f
100043b0	Function	DEFAULT	FUN_100043b0
100043d5	Label	DEFAULT	LAB_100043d5
10004400	Label	DEFAULT	LAB_10004400
10004457	Label	DEFAULT	LAB_10004457
10004467	Label	DEFAULT	LAB_10004467
10004470	Label	DEFAULT	LAB_10004470
1000449e	Label	DEFAULT	LAB_1000449e
100044a4	Label	DEFAULT	LAB_100044a4
100044c9	Label	DEFAULT	LAB_100044c9
100044e4	Label	DEFAULT	LAB_100044e4
10004500	Function	DEFAULT	FUN_10004500
10004570	Label	DEFAULT	LAB_10004570
10004589	Label	DEFAULT	LAB_10004589
100045ca	Label	DEFAULT	LAB_100045ca
10004608	Label	DEFAULT	LAB_10004608
10004623	Label	DEFAULT	LAB_10004623
10004644	Label	DEFAULT	LAB_10004644
10004646	Label	DEFAULT	LAB_10004646
1000464c	Label	DEFAULT	LAB_1000464c
10004654	Label	DEFAULT	LAB_10004654
1000466d	Label	DEFAULT	LAB_1000466d
10004681	Label	DEFAULT	LAB_10004681
100046b6	Label	DEFAULT	LAB_100046b6
100046f5	Label	DEFAULT	LAB_100046f5
10004714	Label	DEFAULT	LAB_10004714
10004738	Label	DEFAULT	LAB_10004738
1000473a	Label	DEFAULT	LAB_1000473a
10004740	Label	DEFAULT	LAB_10004740
10004749	Label	DEFAULT	LAB_10004749
10004762	Label	DEFAULT	LAB_10004762
10004773	Label	DEFAULT	LAB_10004773
10004776	Label	DEFAULT	LAB_10004776
10004780	Label	DEFAULT	LAB_10004780
10004796	Label	DEFAULT	LAB_10004796
100047d8	Label	DEFAULT	LAB_100047d8
10004814	Label	DEFAULT	LAB_10004814
1000482f	Label	DEFAULT	LAB_1000482f
10004850	Label	DEFAULT	LAB_10004850
10004852	Label	DEFAULT	LAB_10004852
10004858	Label	DEFAULT	LAB_10004858
10004860	Label	DEFAULT	LAB_10004860
10004879	Label	DEFAULT	LAB_10004879
1000488d	Label	DEFAULT	LAB_1000488d
100048c2	Label	DEFAULT	LAB_100048c2
10004901	Label	DEFAULT	LAB_10004901
10004920	Label	DEFAULT	LAB_10004920
10004944	Label	DEFAULT	LAB_10004944
10004946	Label	DEFAULT	LAB_10004946
1000494c	Label	DEFAULT	LAB_1000494c
10004955	Label	DEFAULT	LAB_10004955
1000496e	Label	DEFAULT	LAB_1000496e
1000497f	Label	DEFAULT	LAB_1000497f
10004982	Label	DEFAULT	LAB_10004982
10004990	Label	DEFAULT	LAB_10004990
100049c6	Label	DEFAULT	LAB_100049c6
100049cb	Label	DEFAULT	LAB_100049cb
100049f0	Function	DEFAULT	FUN_100049f0
10004a0a	Label	DEFAULT	LAB_10004a0a
10004a17	Label	DEFAULT	LAB_10004a17
10004a1f	Label	DEFAULT	LAB_10004a1f
10004a51	Label	DEFAULT	LAB_10004a51
10004a60	Label	DEFAULT	LAB_10004a60
10004a70	Function	DEFAULT	FUN_10004a70
10004aae	Label	DEFAULT	LAB_10004aae
10004ac0	Label	DEFAULT	LAB_10004ac0
10004ad2	Label	DEFAULT	LAB_10004ad2
10004ae2	Function	DEFAULT	FUN_10004ae2
10004aff	Function	DEFAULT	FUN_10004aff
10004b2f	Function	DEFAULT	FUN_10004b2f
10004b4c	Function	DEFAULT	FUN_10004b4c
10004b7c	Function	DEFAULT	FUN_10004b7c
10004b99	Function	DEFAULT	FUN_10004b99
10004bb3	Label	DEFAULT	LAB_10004bb3
10004bba	Function	ANALYSIS	__security_check_cookie
10004bba	Label	ANALYSIS	@__security_check_cookie@4
10004bc4	Label	DEFAULT	LAB_10004bc4
10004bc9	Function	DEFAULT	FUN_10004bc9
10004be6	Function	DEFAULT	FUN_10004be6
10004bf2	Label	DEFAULT	LAB_10004bf2
10004bf3	Function	ANALYSIS	std::exception::_Copy_str
10004bf3	Label	ANALYSIS	?_Copy_str@exception@std@@AAEXPBD@Z
10004c2d	Label	DEFAULT	LAB_10004c2d
10004c2e	Label	DEFAULT	LAB_10004c2e
10004c33	Function	ANALYSIS	std::exception::_Tidy
10004c33	Label	ANALYSIS	?_Tidy@exception@std@@AAEXXZ
10004c47	Label	DEFAULT	LAB_10004c47
10004c51	Function	ANALYSIS	std::exception::exception
10004c51	Label	ANALYSIS	??0exception@std@@QAE@ABQBD@Z
10004c78	Function	ANALYSIS	std::exception::operator=
10004c78	Label	ANALYSIS	??4exception@std@@QAEAAV01@ABV01@@Z
10004c9f	Label	DEFAULT	LAB_10004c9f
10004ca5	Label	DEFAULT	LAB_10004ca5
10004cad	Function	DEFAULT	FUN_10004cad
10004cb8	Function	DEFAULT	FUN_10004cb8
10004cd8	Label	DEFAULT	LAB_10004cd8
10004cdf	Function	ANALYSIS	std::exception::exception
10004cdf	Label	ANALYSIS	??0exception@std@@QAE@ABV01@@Z
10004d04	Function	DEFAULT	FUN_10004d04
10004d10	Function	ANALYSIS	FID_conflict:_memcpy
10004d10	Label	ANALYSIS	_memmove
10004d10	Label	ANALYSIS	_memcpy
10004d30	Label	DEFAULT	LAB_10004d30
10004d54	Label	DEFAULT	LAB_10004d54
10004d69	Label	ANALYSIS	switchD_10004d69::switchD
10004d70	Label	DEFAULT	LAB_10004d70
10004d7c	Label	ANALYSIS	switchD_10004d88::default
10004d81	Label	ANALYSIS	switchD_10004d81::switchD
10004d88	Label	ANALYSIS	switchD_10004d88::switchD
10004d90	Label	ANALYSIS	switchD_10004d90::switchD
10004d98	Label	ANALYSIS	switchD_10004d81::switchdataD_10004d98
10004da4	Label	ANALYSIS	switchD_10004d81::caseD_1
10004dc6	Label	ANALYSIS	switchD_10004dc6::switchD
10004dd0	Label	ANALYSIS	switchD_10004d81::caseD_2
10004dec	Label	ANALYSIS	switchD_10004dec::switchD
10004df4	Label	ANALYSIS	switchD_10004d81::caseD_3
10004e0a	Label	ANALYSIS	switchD_10004e0a::switchD
10004e14	Label	ANALYSIS	switchD_10004d90::switchdataD_10004e14
10004e34	Label	ANALYSIS	switchD_10004d90::caseD_7
10004e3c	Label	ANALYSIS	switchD_10004d90::caseD_6
10004e44	Label	ANALYSIS	switchD_10004d90::caseD_5
10004e4c	Label	ANALYSIS	switchD_10004d90::caseD_4
10004e54	Label	ANALYSIS	switchD_10004d90::caseD_3
10004e5c	Label	ANALYSIS	switchD_10004d90::caseD_2
10004e64	Label	ANALYSIS	switchD_10004d90::caseD_1
10004e77	Label	ANALYSIS	switchD_10004d90::caseD_0
10004e77	Label	ANALYSIS	switchD_10004e77::switchD
10004e80	Label	ANALYSIS	switchD_10004d69::switchdataD_10004e80
10004e90	Label	ANALYSIS	switchD_10004d69::caseD_0
10004e90	Label	ANALYSIS	switchD_10004d88::caseD_0
10004e90	Label	ANALYSIS	switchD_10004e77::caseD_0
10004e90	Label	ANALYSIS	switchD_10004e0a::caseD_0
10004e90	Label	ANALYSIS	switchD_10004dec::caseD_0
10004e90	Label	ANALYSIS	switchD_10004dc6::caseD_0
10004e98	Label	ANALYSIS	switchD_10004d69::caseD_1
10004e98	Label	ANALYSIS	switchD_10004d88::caseD_1
10004e98	Label	ANALYSIS	switchD_10004e77::caseD_1
10004e98	Label	ANALYSIS	switchD_10004e0a::caseD_1
10004e98	Label	ANALYSIS	switchD_10004dec::caseD_1
10004e98	Label	ANALYSIS	switchD_10004dc6::caseD_1
10004ea4	Label	ANALYSIS	switchD_10004d69::caseD_2
10004ea4	Label	ANALYSIS	switchD_10004d88::caseD_2
10004ea4	Label	ANALYSIS	switchD_10004e77::caseD_2
10004ea4	Label	ANALYSIS	switchD_10004e0a::caseD_2
10004ea4	Label	ANALYSIS	switchD_10004dec::caseD_2
10004ea4	Label	ANALYSIS	switchD_10004dc6::caseD_2
10004eb8	Label	ANALYSIS	switchD_10004d69::caseD_3
10004eb8	Label	ANALYSIS	switchD_10004d88::caseD_3
10004eb8	Label	ANALYSIS	switchD_10004e77::caseD_3
10004eb8	Label	ANALYSIS	switchD_10004e0a::caseD_3
10004eb8	Label	ANALYSIS	switchD_10004dec::caseD_3
10004eb8	Label	ANALYSIS	switchD_10004dc6::caseD_3
10004ed0	Label	DEFAULT	LAB_10004ed0
10004eef	Label	ANALYSIS	switchD_10004eef::switchD
10004ef8	Label	DEFAULT	LAB_10004ef8
10004efa	Label	ANALYSIS	switchD_10004efa::switchD
10004f04	Label	DEFAULT	LAB_10004f04
10004f10	Label	ANALYSIS	switchD_10004f1c::default
10004f15	Label	ANALYSIS	switchD_10004f15::switchD
10004f1c	Label	ANALYSIS	switchD_10004f1c::switchD
10004f24	Label	ANALYSIS	switchD_10004f15::switchdataD_10004f24
10004f30	Label	ANALYSIS	switchD_10004f15::caseD_1
10004f4a	Label	ANALYSIS	switchD_10004f4a::switchD
10004f54	Label	ANALYSIS	switchD_10004f15::caseD_2
10004f74	Label	ANALYSIS	switchD_10004f74::switchD
10004f7c	Label	ANALYSIS	switchD_10004f15::caseD_3
10004fa6	Label	ANALYSIS	switchD_10004fa6::switchD
10004fb0	Label	ANALYSIS	switchD_10004efa::switchdataD_10004fb0
10004fcc	Label	DEFAULT	PTR_caseD_0_10004fcc
10004fd0	Label	ANALYSIS	switchD_10004efa::caseD_7
10004fd8	Label	ANALYSIS	switchD_10004efa::caseD_6
10004fe0	Label	ANALYSIS	switchD_10004efa::caseD_5
10004fe8	Label	ANALYSIS	switchD_10004efa::caseD_4
10004ff0	Label	ANALYSIS	switchD_10004efa::caseD_3
10004ff8	Label	ANALYSIS	switchD_10004efa::caseD_2
10005000	Label	ANALYSIS	switchD_10004efa::caseD_1
10005013	Label	ANALYSIS	switchD_10004efa::caseD_0
10005013	Label	ANALYSIS	switchD_10005013::switchD
1000501c	Label	ANALYSIS	switchD_10004eef::switchdataD_1000501c
1000502c	Label	ANALYSIS	switchD_10004eef::caseD_0
1000502c	Label	ANALYSIS	switchD_10004f1c::caseD_0
1000502c	Label	ANALYSIS	switchD_10005013::caseD_0
1000502c	Label	ANALYSIS	switchD_10004fa6::caseD_0
1000502c	Label	ANALYSIS	switchD_10004f74::caseD_0
1000502c	Label	ANALYSIS	switchD_10004f4a::caseD_0
10005034	Label	ANALYSIS	switchD_10004eef::caseD_1
10005034	Label	ANALYSIS	switchD_10004f1c::caseD_1
10005034	Label	ANALYSIS	switchD_10005013::caseD_1
10005034	Label	ANALYSIS	switchD_10004fa6::caseD_1
10005034	Label	ANALYSIS	switchD_10004f74::caseD_1
10005034	Label	ANALYSIS	switchD_10004f4a::caseD_1
10005044	Label	ANALYSIS	switchD_10004eef::caseD_2
10005044	Label	ANALYSIS	switchD_10004f1c::caseD_2
10005044	Label	ANALYSIS	switchD_10005013::caseD_2
10005044	Label	ANALYSIS	switchD_10004fa6::caseD_2
10005044	Label	ANALYSIS	switchD_10004f74::caseD_2
10005044	Label	ANALYSIS	switchD_10004f4a::caseD_2
10005058	Label	ANALYSIS	switchD_10004eef::caseD_3
10005058	Label	ANALYSIS	switchD_10004f1c::caseD_3
10005058	Label	ANALYSIS	switchD_10005013::caseD_3
10005058	Label	ANALYSIS	switchD_10004fa6::caseD_3
10005058	Label	ANALYSIS	switchD_10004f74::caseD_3
10005058	Label	ANALYSIS	switchD_10004f4a::caseD_3
10005071	Function	DEFAULT	FUN_10005071
1000507b	Label	DEFAULT	LAB_1000507b
10005088	Label	DEFAULT	LAB_10005088
10005097	Label	DEFAULT	LAB_10005097
100050d6	Label	DEFAULT	LAB_100050d6
100050f1	Function	ANALYSIS	type_info::~type_info
100050f1	Label	ANALYSIS	??1type_info@@UAE@XZ
10005101	Function	ANALYSIS	type_info::`scalar_deleting_destructor'
10005101	Label	ANALYSIS	??_Gtype_info@@UAEPAXI@Z
1000511b	Label	DEFAULT	LAB_1000511b
10005122	Function	ANALYSIS	type_info::operator==
10005122	Label	ANALYSIS	??8type_info@@QBE_NABV0@@Z
10005142	Function	ANALYSIS	_free
1000517a	Label	DEFAULT	LAB_1000517a
1000517c	Function	ANALYSIS	_malloc
1000518c	Label	DEFAULT	LAB_1000518c
100051ad	Label	DEFAULT	LAB_100051ad
100051b5	Label	DEFAULT	LAB_100051b5
100051b8	Label	DEFAULT	LAB_100051b8
100051e5	Label	DEFAULT	LAB_100051e5
100051ec	Label	DEFAULT	LAB_100051ec
100051f3	Label	DEFAULT	LAB_100051f3
100051f9	Label	DEFAULT	LAB_100051f9
1000520d	Label	DEFAULT	LAB_1000520d
10005210	Function	ANALYSIS	_strstr
10005228	Label	DEFAULT	LAB_10005228
1000523b	Label	DEFAULT	LAB_1000523b
10005240	Label	DEFAULT	LAB_10005240
10005248	Label	DEFAULT	LAB_10005248
1000524e	Label	DEFAULT	LAB_1000524e
1000525a	Label	DEFAULT	LAB_1000525a
1000527d	Label	DEFAULT	LAB_1000527d
10005289	Label	DEFAULT	LAB_10005289
10005290	Label	DEFAULT	LAB_10005290
10005296	Function	ANALYSIS	__purecall
100052a8	Label	DEFAULT	LAB_100052a8
100052c0	Function	ANALYSIS	__CRT_INIT@12
100052dd	Label	DEFAULT	LAB_100052dd
100052e4	Label	DEFAULT	LAB_100052e4
100052ed	Label	DEFAULT	LAB_100052ed
100052f4	Label	DEFAULT	LAB_100052f4
10005317	Label	DEFAULT	LAB_10005317
1000531e	Label	DEFAULT	LAB_1000531e
10005347	Label	DEFAULT	LAB_10005347
1000534e	Label	DEFAULT	LAB_1000534e
10005372	Label	DEFAULT	LAB_10005372
10005386	Label	DEFAULT	LAB_10005386
10005399	Function	DEFAULT	FUN_10005399
100053ac	Label	DEFAULT	LAB_100053ac
100053af	Label	DEFAULT	LAB_100053af
10005401	Label	DEFAULT	LAB_10005401
1000540d	Label	DEFAULT	LAB_1000540d
10005419	Label	DEFAULT	LAB_10005419
1000541c	Label	DEFAULT	LAB_1000541c
10005424	Function	ANALYSIS	___DllMainCRTStartup
1000544d	Label	DEFAULT	LAB_1000544d
1000545a	Label	DEFAULT	LAB_1000545a
1000546b	Label	DEFAULT	LAB_1000546b
10005488	Label	DEFAULT	LAB_10005488
100054bc	Label	DEFAULT	LAB_100054bc
100054c5	Label	DEFAULT	LAB_100054c5
100054d4	Label	DEFAULT	LAB_100054d4
100054eb	Label	DEFAULT	LAB_100054eb
100054f7	Label	DEFAULT	LAB_100054f7
10005508	Label	DEFAULT	LAB_10005508
1000550b	Label	DEFAULT	LAB_1000550b
10005512	Label	DEFAULT	LAB_10005512
10005514	Label	DEFAULT	LAB_10005514
1000551a	Function	IMPORTED	entry
1000552a	Label	DEFAULT	LAB_1000552a
1000553d	Function	ANALYSIS	__CxxThrowException@8
10005572	Label	DEFAULT	LAB_10005572
10005589	Function	ANALYSIS	___report_gsfailure
1000567b	Label	DEFAULT	LAB_1000567b
1000568f	Function	ANALYSIS	_strcpy_s
100056a4	Label	DEFAULT	LAB_100056a4
100056ae	Label	DEFAULT	LAB_100056ae
100056b7	Label	DEFAULT	LAB_100056b7
100056c2	Label	DEFAULT	LAB_100056c2
100056c6	Label	DEFAULT	LAB_100056c6
100056d3	Label	DEFAULT	LAB_100056d3
100056e8	Label	DEFAULT	LAB_100056e8
100056ea	Label	DEFAULT	LAB_100056ea
100056f0	Function	ANALYSIS	_strlen
100056fc	Label	DEFAULT	LAB_100056fc
10005720	Label	DEFAULT	LAB_10005720
10005753	Label	DEFAULT	LAB_10005753
1000575d	Label	DEFAULT	LAB_1000575d
10005767	Label	DEFAULT	LAB_10005767
10005771	Label	DEFAULT	LAB_10005771
1000577b	Function	DEFAULT	FUN_1000577b
10005789	Label	DEFAULT	LAB_10005789
1000579b	Label	DEFAULT	LAB_1000579b
100057f8	Label	DEFAULT	LAB_100057f8
1000580b	Label	DEFAULT	LAB_1000580b
1000581c	Label	DEFAULT	LAB_1000581c
10005828	Label	DEFAULT	LAB_10005828
10005835	Label	DEFAULT	LAB_10005835
1000583c	Label	DEFAULT	LAB_1000583c
10005845	Label	DEFAULT	LAB_10005845
1000584a	Label	DEFAULT	LAB_1000584a
1000585d	Label	DEFAULT	LAB_1000585d
10005866	Label	DEFAULT	LAB_10005866
1000586b	Label	DEFAULT	LAB_1000586b
10005878	Label	DEFAULT	LAB_10005878
1000587e	Label	DEFAULT	LAB_1000587e
1000588e	Function	ANALYSIS	__onexit_nolock
100058e3	Label	DEFAULT	LAB_100058e3
100058f8	Label	DEFAULT	LAB_100058f8
1000590e	Label	DEFAULT	LAB_1000590e
10005920	Label	DEFAULT	LAB_10005920
1000593d	Label	DEFAULT	LAB_1000593d
1000593f	Label	DEFAULT	LAB_1000593f
10005944	Label	DEFAULT	LAB_10005944
1000596e	Label	DEFAULT	LAB_1000596e
10005975	Function	ANALYSIS	__onexit
100059ab	Function	DEFAULT	FUN_100059ab
100059b1	Function	ANALYSIS	_atexit
100059c8	Function	DEFAULT	FUN_100059c8
100059d7	Function	ANALYSIS	__callnewh
100059fb	Label	DEFAULT	LAB_100059fb
100059ff	Function	ANALYSIS	type_info::_Type_info_dtor
100059ff	Label	ANALYSIS	?_Type_info_dtor@type_info@@CAXPAV1@@Z
10005a2b	Label	DEFAULT	LAB_10005a2b
10005a43	Label	DEFAULT	LAB_10005a43
10005a50	Label	DEFAULT	LAB_10005a50
10005a62	Label	DEFAULT	LAB_10005a62
10005a66	Function	DEFAULT	FUN_10005a66
10005a70	Function	ANALYSIS	_strcmp
10005a80	Label	DEFAULT	LAB_10005a80
10005ab0	Label	DEFAULT	LAB_10005ab0
10005ab4	Label	DEFAULT	LAB_10005ab4
10005abc	Label	DEFAULT	LAB_10005abc
10005adc	Label	DEFAULT	LAB_10005adc
10005af8	Function	ANALYSIS	__get_errno_from_oserr
10005b02	Label	DEFAULT	LAB_10005b02
10005b1e	Label	DEFAULT	LAB_10005b1e
10005b27	Label	DEFAULT	LAB_10005b27
10005b3a	Function	ANALYSIS	__errno
10005b49	Label	DEFAULT	LAB_10005b49
10005b4d	Function	ANALYSIS	__heap_init
10005b6b	Function	ANALYSIS	__heap_term
10005b7f	Function	ANALYSIS	___crtCorExitProcess
10005ba8	Label	DEFAULT	LAB_10005ba8
10005baa	Function	ANALYSIS	___crtExitProcess
10005bc2	Function	DEFAULT	FUN_10005bc2
10005bcb	Function	DEFAULT	FUN_10005bcb
10005bd4	Function	ANALYSIS	__init_pointers
10005c07	Function	ANALYSIS	__initterm_e
10005c14	Label	DEFAULT	LAB_10005c14
10005c20	Label	DEFAULT	LAB_10005c20
10005c23	Label	DEFAULT	LAB_10005c23
10005c28	Label	DEFAULT	LAB_10005c28
10005c2b	Function	ANALYSIS	__cinit
10005c52	Label	DEFAULT	LAB_10005c52
10005c89	Label	DEFAULT	LAB_10005c89
10005c91	Label	DEFAULT	LAB_10005c91
10005c98	Label	DEFAULT	LAB_10005c98
10005cbe	Label	DEFAULT	LAB_10005cbe
10005cc0	Label	DEFAULT	LAB_10005cc0
10005cc2	Function	ANALYSIS	doexit
10005cc2	Label	ANALYSIS	_doexit
10005d2a	Label	DEFAULT	LAB_10005d2a
10005d6c	Label	DEFAULT	LAB_10005d6c
10005d7a	Label	DEFAULT	LAB_10005d7a
10005d7f	Label	DEFAULT	LAB_10005d7f
10005d86	Label	DEFAULT	LAB_10005d86
10005d9a	Label	DEFAULT	LAB_10005d9a
10005da0	Label	DEFAULT	LAB_10005da0
10005da7	Label	DEFAULT	LAB_10005da7
10005dbb	Label	DEFAULT	LAB_10005dbb
10005dc1	Label	DEFAULT	LAB_10005dc1
10005ded	Function	DEFAULT	FUN_10005ded
10005dfb	Label	DEFAULT	LAB_10005dfb
10005dfc	Label	DEFAULT	LAB_10005dfc
10005e02	Function	ANALYSIS	__exit
10005e18	Function	ANALYSIS	__cexit
10005e27	Function	ANALYSIS	__amsg_exit
10005e45	Function	ANALYSIS	__GET_RTERRMSG
10005e4c	Label	DEFAULT	LAB_10005e4c
10005e62	Label	DEFAULT	LAB_10005e62
10005e6b	Function	ANALYSIS	__NMSG_WRITE
10005ec9	Label	DEFAULT	LAB_10005ec9
10005f29	Label	DEFAULT	LAB_10005f29
10005f30	Label	DEFAULT	LAB_10005f30
10005f35	Label	DEFAULT	LAB_10005f35
10005f6c	Label	DEFAULT	LAB_10005f6c
10005fad	Label	DEFAULT	LAB_10005fad
10005fb7	Label	DEFAULT	LAB_10005fb7
10005fcc	Label	DEFAULT	LAB_10005fcc
10005fe4	Label	DEFAULT	LAB_10005fe4
1000600b	Label	DEFAULT	LAB_1000600b
1000601a	Function	ANALYSIS	__FF_MSGBANNER
1000603c	Label	DEFAULT	LAB_1000603c
10006052	Label	DEFAULT	LAB_10006052
10006060	Label	DEFAULT	LAB_10006060
10006076	Function	DEFAULT	FUN_10006076
10006088	Label	DEFAULT	LAB_10006088
1000609d	Label	DEFAULT	LAB_1000609d
100060a8	Label	DEFAULT	LAB_100060a8
100060e4	Label	DEFAULT	LAB_100060e4
100060e6	Label	DEFAULT	LAB_100060e6
100060ea	Label	DEFAULT	LAB_100060ea
10006112	Label	DEFAULT	LAB_10006112
10006119	Label	DEFAULT	LAB_10006119
10006120	Label	DEFAULT	LAB_10006120
10006127	Label	DEFAULT	LAB_10006127
1000612e	Function	ANALYSIS	_abort
1000613f	Label	DEFAULT	LAB_1000613f
10006159	Label	DEFAULT	LAB_10006159
10006161	Function	ANALYSIS	__set_abort_behavior
10006182	Function	DEFAULT	FUN_10006182
10006191	Function	DEFAULT	FUN_10006191
1000619a	Label	DEFAULT	LAB_1000619a
100061a3	Function	ANALYSIS	___set_flsgetvalue
100061d3	Label	DEFAULT	LAB_100061d3
100061d7	Function	ANALYSIS	__mtterm
100061f7	Label	DEFAULT	LAB_100061f7
1000620f	Label	DEFAULT	LAB_1000620f
10006214	Function	ANALYSIS	__initptd
10006295	Label	DEFAULT	LAB_10006295
100062b6	Function	DEFAULT	FUN_100062b6
100062bf	Function	DEFAULT	FUN_100062bf
100062c8	Function	ANALYSIS	__getptd_noexit
1000632c	Label	DEFAULT	LAB_1000632c
10006335	Label	DEFAULT	LAB_10006335
10006341	Function	ANALYSIS	__getptd
10006357	Label	DEFAULT	LAB_10006357
1000635b	Function	ANALYSIS	__freefls@4
10006380	Label	DEFAULT	LAB_10006380
1000638e	Label	DEFAULT	LAB_1000638e
1000639c	Label	DEFAULT	LAB_1000639c
100063aa	Label	DEFAULT	LAB_100063aa
100063b8	Label	DEFAULT	LAB_100063b8
100063c6	Label	DEFAULT	LAB_100063c6
100063d4	Label	DEFAULT	LAB_100063d4
100063e5	Label	DEFAULT	LAB_100063e5
10006412	Label	DEFAULT	LAB_10006412
10006457	Label	DEFAULT	LAB_10006457
1000646a	Label	DEFAULT	LAB_1000646a
10006475	Function	DEFAULT	FUN_10006475
10006481	Function	DEFAULT	FUN_10006481
1000648a	Function	ANALYSIS	__freeptd
100064c4	Label	DEFAULT	LAB_100064c4
100064c5	Label	DEFAULT	LAB_100064c5
100064e3	Label	DEFAULT	LAB_100064e3
100064f6	Label	DEFAULT	LAB_100064f6
100064f8	Function	ANALYSIS	__mtinit
10006515	Label	DEFAULT	LAB_10006515
10006575	Label	DEFAULT	LAB_10006575
10006599	Label	DEFAULT	LAB_10006599
10006669	Label	DEFAULT	LAB_10006669
1000666e	Label	DEFAULT	LAB_1000666e
10006670	Label	DEFAULT	LAB_10006670
10006673	Function	ANALYSIS	__malloc_crt
1000667c	Label	DEFAULT	LAB_1000667c
100066ab	Label	DEFAULT	LAB_100066ab
100066b2	Label	DEFAULT	LAB_100066b2
100066b8	Function	ANALYSIS	__calloc_crt
100066c1	Label	DEFAULT	LAB_100066c1
100066f7	Label	DEFAULT	LAB_100066f7
100066fe	Label	DEFAULT	LAB_100066fe
10006704	Function	ANALYSIS	__realloc_crt
1000670d	Label	DEFAULT	LAB_1000670d
10006745	Label	DEFAULT	LAB_10006745
1000674c	Label	DEFAULT	LAB_1000674c
10006752	Function	ANALYSIS	__ioinit
10006780	Label	DEFAULT	LAB_10006780
10006798	Label	DEFAULT	LAB_10006798
100067cb	Label	DEFAULT	LAB_100067cb
100067fa	Label	DEFAULT	LAB_100067fa
10006807	Label	DEFAULT	LAB_10006807
1000682c	Label	DEFAULT	LAB_1000682c
1000685a	Label	DEFAULT	LAB_1000685a
10006867	Label	DEFAULT	LAB_10006867
1000686d	Label	DEFAULT	LAB_1000686d
10006873	Label	DEFAULT	LAB_10006873
1000689c	Label	DEFAULT	LAB_1000689c
100068d9	Label	DEFAULT	LAB_100068d9
100068e5	Label	DEFAULT	LAB_100068e5
100068e7	Label	DEFAULT	LAB_100068e7
10006904	Label	DEFAULT	LAB_10006904
10006911	Label	DEFAULT	LAB_10006911
1000691b	Label	DEFAULT	LAB_1000691b
1000694a	Label	DEFAULT	LAB_1000694a
10006953	Label	DEFAULT	LAB_10006953
1000696b	Label	DEFAULT	LAB_1000696b
10006975	Label	DEFAULT	LAB_10006975
1000698d	Label	DEFAULT	LAB_1000698d
1000698f	Label	DEFAULT	LAB_1000698f
10006992	Label	DEFAULT	LAB_10006992
10006997	Function	ANALYSIS	__ioterm
100069a0	Label	DEFAULT	LAB_100069a0
100069b3	Label	DEFAULT	LAB_100069b3
100069c0	Label	DEFAULT	LAB_100069c0
100069d1	Label	DEFAULT	LAB_100069d1
100069dc	Label	DEFAULT	LAB_100069dc
100069ea	Function	ANALYSIS	__setenvp
100069f8	Label	DEFAULT	LAB_100069f8
10006a06	Label	DEFAULT	LAB_10006a06
10006a0e	Label	DEFAULT	LAB_10006a0e
10006a13	Label	DEFAULT	LAB_10006a13
10006a1e	Label	DEFAULT	LAB_10006a1e
10006a44	Label	DEFAULT	LAB_10006a44
10006a75	Label	DEFAULT	LAB_10006a75
10006a77	Label	DEFAULT	LAB_10006a77
10006a9d	Label	DEFAULT	LAB_10006a9d
10006a9f	Label	DEFAULT	LAB_10006a9f
10006aa2	Label	DEFAULT	LAB_10006aa2
10006ab9	Label	DEFAULT	LAB_10006ab9
10006ac6	Function	ANALYSIS	parse_cmdline
10006ac6	Label	ANALYSIS	_parse_cmdline
10006aee	Label	DEFAULT	LAB_10006aee
10006af1	Label	DEFAULT	LAB_10006af1
10006b06	Label	DEFAULT	LAB_10006b06
10006b14	Label	DEFAULT	LAB_10006b14
10006b37	Label	DEFAULT	LAB_10006b37
10006b38	Label	DEFAULT	LAB_10006b38
10006b42	Label	DEFAULT	LAB_10006b42
10006b52	Label	DEFAULT	LAB_10006b52
10006b5a	Label	DEFAULT	LAB_10006b5a
10006b5e	Label	DEFAULT	LAB_10006b5e
10006b67	Label	DEFAULT	LAB_10006b67
10006b71	Label	DEFAULT	LAB_10006b71
10006b74	Label	DEFAULT	LAB_10006b74
10006b77	Label	DEFAULT	LAB_10006b77
10006b8f	Label	DEFAULT	LAB_10006b8f
10006b91	Label	DEFAULT	LAB_10006b91
10006b98	Label	DEFAULT	LAB_10006b98
10006b9a	Label	DEFAULT	LAB_10006b9a
10006bbb	Label	DEFAULT	LAB_10006bbb
10006bc8	Label	DEFAULT	LAB_10006bc8
10006bca	Label	DEFAULT	LAB_10006bca
10006bce	Label	DEFAULT	LAB_10006bce
10006bd7	Label	DEFAULT	LAB_10006bd7
10006be0	Label	DEFAULT	LAB_10006be0
10006bf4	Label	DEFAULT	LAB_10006bf4
10006c17	Label	DEFAULT	LAB_10006c17
10006c23	Label	DEFAULT	LAB_10006c23
10006c30	Label	DEFAULT	LAB_10006c30
10006c35	Label	DEFAULT	LAB_10006c35
10006c3b	Label	DEFAULT	LAB_10006c3b
10006c46	Label	DEFAULT	LAB_10006c46
10006c50	Label	DEFAULT	LAB_10006c50
10006c5c	Label	DEFAULT	LAB_10006c5c
10006c60	Function	ANALYSIS	__setargv
10006c7a	Label	DEFAULT	LAB_10006c7a
10006ca8	Label	DEFAULT	LAB_10006ca8
10006cab	Label	DEFAULT	LAB_10006cab
10006d13	Label	DEFAULT	LAB_10006d13
10006d16	Label	DEFAULT	LAB_10006d16
10006d1b	Function	ANALYSIS	___crtGetEnvironmentStringsA
10006d37	Label	DEFAULT	LAB_10006d37
10006d3c	Label	DEFAULT	LAB_10006d3c
10006d4c	Label	DEFAULT	LAB_10006d4c
10006d98	Label	DEFAULT	LAB_10006d98
10006da4	Label	DEFAULT	LAB_10006da4
10006dad	Label	DEFAULT	LAB_10006dad
10006dae	Label	DEFAULT	LAB_10006dae
10006db2	Function	ANALYSIS	__RTC_Initialize
10006dc6	Label	DEFAULT	LAB_10006dc6
10006dce	Label	DEFAULT	LAB_10006dce
10006dd5	Label	DEFAULT	LAB_10006dd5
10006dd8	Function	DEFAULT	FUN_10006dd8
10006dec	Label	DEFAULT	LAB_10006dec
10006df4	Label	DEFAULT	LAB_10006df4
10006dfb	Label	DEFAULT	LAB_10006dfb
10006e00	Function	ANALYSIS	__SEH_prolog4
10006e45	Function	ANALYSIS	__SEH_epilog4
10006e60	Function	ANALYSIS	__except_handler4
10006e99	Label	DEFAULT	LAB_10006e99
10006ed0	Label	DEFAULT	LAB_10006ed0
10006efb	Label	DEFAULT	LAB_10006efb
10006f08	Label	DEFAULT	LAB_10006f08
10006f1c	Label	DEFAULT	LAB_10006f1c
10006f2c	Label	DEFAULT	LAB_10006f2c
10006f36	Label	DEFAULT	LAB_10006f36
10006f3f	Label	DEFAULT	LAB_10006f3f
10006f73	Label	DEFAULT	LAB_10006f73
10006f98	Label	DEFAULT	LAB_10006f98
10006fb2	Label	DEFAULT	LAB_10006fb2
10006fcf	Label	DEFAULT	LAB_10006fcf
10006fef	Function	ANALYSIS	__XcptFilter
1000700d	Label	DEFAULT	LAB_1000700d
1000701e	Label	DEFAULT	LAB_1000701e
1000702c	Label	DEFAULT	LAB_1000702c
1000702e	Label	DEFAULT	LAB_1000702e
10007039	Label	DEFAULT	LAB_10007039
10007040	Label	DEFAULT	LAB_10007040
10007051	Label	DEFAULT	LAB_10007051
10007073	Label	DEFAULT	LAB_10007073
1000709b	Label	DEFAULT	LAB_1000709b
100070ab	Label	DEFAULT	LAB_100070ab
100070bb	Label	DEFAULT	LAB_100070bb
100070cb	Label	DEFAULT	LAB_100070cb
100070db	Label	DEFAULT	LAB_100070db
100070eb	Label	DEFAULT	LAB_100070eb
100070fb	Label	DEFAULT	LAB_100070fb
1000710b	Label	DEFAULT	LAB_1000710b
10007119	Label	DEFAULT	LAB_10007119
10007126	Label	DEFAULT	LAB_10007126
1000712d	Label	DEFAULT	LAB_1000712d
10007132	Label	DEFAULT	LAB_10007132
10007135	Label	DEFAULT	LAB_10007135
10007136	Label	DEFAULT	LAB_10007136
10007139	Function	ANALYSIS	___CppXcptFilter
10007155	Label	DEFAULT	LAB_10007155
10007159	Function	ANALYSIS	___security_init_cookie
1000718b	Label	DEFAULT	LAB_1000718b
100071d1	Label	DEFAULT	LAB_100071d1
100071e1	Label	DEFAULT	LAB_100071e1
100071f0	Label	DEFAULT	LAB_100071f0
100071f4	Function	DEFAULT	FUN_100071f4
100071fc	Function	DEFAULT	FUN_100071fc
1000720b	Function	ANALYSIS	__call_reportfault
10007231	Label	DEFAULT	LAB_10007231
10007326	Label	DEFAULT	LAB_10007326
10007334	Function	ANALYSIS	__invoke_watson
10007359	Function	ANALYSIS	__invalid_parameter
10007371	Label	DEFAULT	LAB_10007371
10007386	Function	DEFAULT	FUN_10007386
10007396	Function	ANALYSIS	__msize
100073b6	Label	DEFAULT	LAB_100073b6
100073c9	Function	ANALYSIS	__mtinitlocks
100073d4	Label	DEFAULT	LAB_100073d4
100073fb	Label	DEFAULT	LAB_100073fb
10007404	Label	DEFAULT	LAB_10007404
10007407	Label	DEFAULT	LAB_10007407
10007413	Function	ANALYSIS	__mtdeletelocks
10007423	Label	DEFAULT	LAB_10007423
1000743c	Label	DEFAULT	LAB_1000743c
1000744d	Label	DEFAULT	LAB_1000744d
1000745c	Label	DEFAULT	LAB_1000745c
1000746a	Function	DEFAULT	FUN_1000746a
10007481	Function	ANALYSIS	__mtinitlocknum
100074b5	Label	DEFAULT	LAB_100074b5
100074c7	Label	DEFAULT	LAB_100074c7
100074e4	Label	DEFAULT	LAB_100074e4
1000751a	Label	DEFAULT	LAB_1000751a
1000751e	Label	DEFAULT	LAB_1000751e
10007525	Label	DEFAULT	LAB_10007525
10007534	Label	DEFAULT	LAB_10007534
1000753a	Function	DEFAULT	FUN_1000753a
10007543	Function	ANALYSIS	__lock
1000756b	Label	DEFAULT	LAB_1000756b
10007580	Function	ANALYSIS	__local_unwind4
100075b2	Label	DEFAULT	LAB_100075b2
100075d4	Label	DEFAULT	LAB_100075d4
10007602	Label	DEFAULT	LAB_10007602
10007610	Label	DEFAULT	LAB_10007610
10007655	Label	DEFAULT	LAB_10007655
10007656	Function	ANALYSIS	__seh_longjmp_unwind4@4
10007672	Function	ANALYSIS	_EH4_CallFilterFunc
10007672	Label	ANALYSIS	@_EH4_CallFilterFunc@8
10007689	Function	ANALYSIS	_EH4_TransferToHandler
10007689	Label	ANALYSIS	@_EH4_TransferToHandler@8
100076a2	Function	ANALYSIS	_EH4_GlobalUnwind2
100076a2	Label	ANALYSIS	@_EH4_GlobalUnwind2@8
100076bb	Function	ANALYSIS	_EH4_LocalUnwind
100076bb	Label	ANALYSIS	@_EH4_LocalUnwind@16
100076d2	Function	ANALYSIS	terminate
100076d2	Label	ANALYSIS	?terminate@@YAXXZ
100076f2	Label	DEFAULT	LAB_100076f2
100076f6	Label	DEFAULT	DAT_100076f6
100076f9	Label	DEFAULT	LAB_100076f9
10007700	Label	DEFAULT	LAB_10007700
1000770b	Function	DEFAULT	FUN_1000770b
10007719	Label	DEFAULT	LAB_10007719
1000771e	Function	ANALYSIS	_inconsistency
1000771e	Label	ANALYSIS	?_inconsistency@@YAXXZ
10007742	Label	DEFAULT	LAB_10007742
10007746	Label	DEFAULT	LAB_10007746
10007749	Label	DEFAULT	LAB_10007749
10007750	Label	DEFAULT	LAB_10007750
10007756	Function	DEFAULT	FUN_10007756
10007767	Function	ANALYSIS	__initp_misc_winsig
10007785	Function	ANALYSIS	siglookup
10007785	Label	ANALYSIS	_siglookup
10007794	Label	DEFAULT	LAB_10007794
100077a8	Label	DEFAULT	LAB_100077a8
100077b8	Label	DEFAULT	LAB_100077b8
100077ba	Label	DEFAULT	LAB_100077ba
100077bc	Function	DEFAULT	FUN_100077bc
100077c9	Function	ANALYSIS	_raise
100077fc	Label	DEFAULT	LAB_100077fc
1000780a	Label	DEFAULT	LAB_1000780a
10007812	Label	DEFAULT	LAB_10007812
1000781e	Label	DEFAULT	LAB_1000781e
10007830	Label	DEFAULT	LAB_10007830
1000783f	Label	DEFAULT	LAB_1000783f
10007851	Label	DEFAULT	LAB_10007851
1000785d	Label	DEFAULT	LAB_1000785d
10007869	Label	DEFAULT	LAB_10007869
10007873	Label	DEFAULT	LAB_10007873
10007881	Label	DEFAULT	LAB_10007881
1000789c	Label	DEFAULT	LAB_1000789c
100078a8	Label	DEFAULT	LAB_100078a8
100078bc	Label	DEFAULT	LAB_100078bc
100078d7	Label	DEFAULT	LAB_100078d7
100078e5	Label	DEFAULT	LAB_100078e5
10007908	Label	DEFAULT	LAB_10007908
1000790f	Label	DEFAULT	LAB_1000790f
10007930	Function	DEFAULT	FUN_10007930
1000793e	Label	DEFAULT	LAB_1000793e
1000793f	Label	DEFAULT	LAB_1000793f
10007943	Label	DEFAULT	LAB_10007943
10007953	Label	DEFAULT	LAB_10007953
10007964	Label	DEFAULT	LAB_10007964
10007966	Label	DEFAULT	LAB_10007966
1000796c	Function	DEFAULT	FUN_1000796c
1000797b	Function	ANALYSIS	__initp_misc_cfltcvt_tab
10007981	Label	DEFAULT	LAB_10007981
100079a0	Function	ANALYSIS	__ValidateImageBase
100079b2	Label	DEFAULT	LAB_100079b2
100079b6	Label	DEFAULT	LAB_100079b6
100079e0	Function	ANALYSIS	__FindPESection
10007a05	Label	DEFAULT	LAB_10007a05
10007a15	Label	DEFAULT	LAB_10007a15
10007a1d	Label	DEFAULT	LAB_10007a1d
10007a1f	Label	DEFAULT	LAB_10007a1f
10007a30	Function	ANALYSIS	__IsNonwritableInCurrentImage
10007abb	Label	DEFAULT	LAB_10007abb
10007ace	Label	DEFAULT	LAB_10007ace
10007ad1	Label	DEFAULT	LAB_10007ad1
10007aec	Function	ANALYSIS	___crtMessageBoxW
10007b9f	Label	DEFAULT	LAB_10007b9f
10007bef	Label	DEFAULT	LAB_10007bef
10007bf8	Label	DEFAULT	LAB_10007bf8
10007c2b	Label	DEFAULT	LAB_10007c2b
10007c47	Label	DEFAULT	LAB_10007c47
10007c49	Label	DEFAULT	LAB_10007c49
10007c58	Function	ANALYSIS	_wcscat_s
10007c6d	Label	DEFAULT	LAB_10007c6d
10007c77	Label	DEFAULT	LAB_10007c77
10007c7e	Label	DEFAULT	LAB_10007c7e
10007c82	Label	DEFAULT	LAB_10007c82
10007c89	Label	DEFAULT	LAB_10007c89
10007c90	Label	DEFAULT	LAB_10007c90
10007c92	Label	DEFAULT	LAB_10007c92
10007c9e	Label	DEFAULT	LAB_10007c9e
10007ca4	Label	DEFAULT	LAB_10007ca4
10007cb6	Label	DEFAULT	LAB_10007cb6
10007ccd	Function	ANALYSIS	_wcsncpy_s
10007ce8	Label	DEFAULT	LAB_10007ce8
10007cea	Label	DEFAULT	LAB_10007cea
10007cef	Label	DEFAULT	LAB_10007cef
10007cf3	Label	DEFAULT	LAB_10007cf3
10007cfa	Label	DEFAULT	LAB_10007cfa
10007d04	Label	DEFAULT	LAB_10007d04
10007d0d	Label	DEFAULT	LAB_10007d0d
10007d18	Label	DEFAULT	LAB_10007d18
10007d26	Label	DEFAULT	LAB_10007d26
10007d31	Label	DEFAULT	LAB_10007d31
10007d45	Label	DEFAULT	LAB_10007d45
10007d49	Label	DEFAULT	LAB_10007d49
10007d5e	Label	DEFAULT	LAB_10007d5e
10007d67	Label	DEFAULT	LAB_10007d67
10007d86	Label	DEFAULT	LAB_10007d86
10007d9a	Function	ANALYSIS	_wcslen
10007da2	Label	DEFAULT	LAB_10007da2
10007db5	Function	ANALYSIS	_wcscpy_s
10007dca	Label	DEFAULT	LAB_10007dca
10007dd4	Label	DEFAULT	LAB_10007dd4
10007ddb	Label	DEFAULT	LAB_10007ddb
10007ddf	Label	DEFAULT	LAB_10007ddf
10007deb	Label	DEFAULT	LAB_10007deb
10007def	Label	DEFAULT	LAB_10007def
10007e01	Label	DEFAULT	LAB_10007e01
10007e18	Function	ANALYSIS	__set_error_mode
10007e35	Label	DEFAULT	LAB_10007e35
10007e42	Label	DEFAULT	LAB_10007e42
10007e57	Function	ANALYSIS	__freea
10007e75	Label	DEFAULT	LAB_10007e75
10007e77	Function	ANALYSIS	_LocaleUpdate::_LocaleUpdate
10007e77	Label	ANALYSIS	??0_LocaleUpdate@@QAE@PAUlocaleinfo_struct@@@Z
10007eb9	Label	DEFAULT	LAB_10007eb9
10007eda	Label	DEFAULT	LAB_10007eda
10007eed	Label	DEFAULT	LAB_10007eed
10007ef7	Label	DEFAULT	LAB_10007ef7
10007efe	Function	ANALYSIS	___addlocaleref
10007f1f	Label	DEFAULT	LAB_10007f1f
10007f2c	Label	DEFAULT	LAB_10007f2c
10007f39	Label	DEFAULT	LAB_10007f39
10007f46	Label	DEFAULT	LAB_10007f46
10007f50	Label	DEFAULT	LAB_10007f50
10007f62	Label	DEFAULT	LAB_10007f62
10007f72	Label	DEFAULT	LAB_10007f72
10007f8d	Function	ANALYSIS	___removelocaleref
10007fb6	Label	DEFAULT	LAB_10007fb6
10007fc3	Label	DEFAULT	LAB_10007fc3
10007fd0	Label	DEFAULT	LAB_10007fd0
10007fdd	Label	DEFAULT	LAB_10007fdd
10007fe7	Label	DEFAULT	LAB_10007fe7
10007ff9	Label	DEFAULT	LAB_10007ff9
10008009	Label	DEFAULT	LAB_10008009
10008021	Label	DEFAULT	LAB_10008021
10008026	Function	ANALYSIS	___freetlocinfo
10008073	Label	DEFAULT	LAB_10008073
10008094	Label	DEFAULT	LAB_10008094
100080ac	Label	DEFAULT	LAB_100080ac
100080fa	Label	DEFAULT	LAB_100080fa
10008122	Label	DEFAULT	LAB_10008122
1000812c	Label	DEFAULT	LAB_1000812c
10008146	Label	DEFAULT	LAB_10008146
1000815d	Label	DEFAULT	LAB_1000815d
10008171	Function	ANALYSIS	__updatetlocinfoEx_nolock
100081b4	Label	DEFAULT	LAB_100081b4
100081b9	Label	DEFAULT	LAB_100081b9
100081bb	Label	DEFAULT	LAB_100081bb
100081be	Function	ANALYSIS	___updatetlocinfo
100081e9	Label	DEFAULT	LAB_100081e9
100081f5	Label	DEFAULT	LAB_100081f5
100081fd	Label	DEFAULT	LAB_100081fd
1000822b	Function	DEFAULT	FUN_1000822b
10008237	Function	ANALYSIS	CPtoLCID
10008237	Label	ANALYSIS	?CPtoLCID@@YAHH@Z
1000824e	Label	DEFAULT	LAB_1000824e
10008254	Label	DEFAULT	LAB_10008254
1000825a	Label	DEFAULT	LAB_1000825a
10008260	Label	DEFAULT	LAB_10008260
10008266	Function	ANALYSIS	setSBCS
10008266	Label	ANALYSIS	?setSBCS@@YAXPAUthreadmbcinfostruct@@@Z
100082aa	Label	DEFAULT	LAB_100082aa
100082be	Label	DEFAULT	LAB_100082be
100082ca	Function	ANALYSIS	setSBUpLow
100082ca	Label	ANALYSIS	?setSBUpLow@@YAXPAUthreadmbcinfostruct@@@Z
10008300	Label	DEFAULT	LAB_10008300
10008323	Label	DEFAULT	LAB_10008323
10008343	Label	DEFAULT	LAB_10008343
1000834d	Label	DEFAULT	LAB_1000834d
100083b7	Label	DEFAULT	LAB_100083b7
100083d2	Label	DEFAULT	LAB_100083d2
100083e3	Label	DEFAULT	LAB_100083e3
100083ec	Label	DEFAULT	LAB_100083ec
100083f3	Label	DEFAULT	LAB_100083f3
100083fa	Label	DEFAULT	LAB_100083fa
10008412	Label	DEFAULT	LAB_10008412
10008433	Label	DEFAULT	LAB_10008433
10008440	Label	DEFAULT	LAB_10008440
10008444	Label	DEFAULT	LAB_10008444
10008447	Label	DEFAULT	LAB_10008447
1000844c	Label	DEFAULT	LAB_1000844c
1000845a	Function	ANALYSIS	___updatetmbcinfo
10008480	Label	DEFAULT	LAB_10008480
1000848c	Label	DEFAULT	LAB_1000848c
10008494	Label	DEFAULT	LAB_10008494
100084cc	Label	DEFAULT	LAB_100084cc
100084e4	Label	DEFAULT	LAB_100084e4
100084f5	Function	DEFAULT	FUN_100084f5
100084fe	Function	ANALYSIS	getSystemCP
100084fe	Label	ANALYSIS	?getSystemCP@@YAHH@Z
1000852d	Label	DEFAULT	LAB_1000852d
1000853b	Label	DEFAULT	LAB_1000853b
10008552	Label	DEFAULT	LAB_10008552
10008569	Label	DEFAULT	LAB_10008569
10008575	Label	DEFAULT	LAB_10008575
10008577	Label	DEFAULT	LAB_10008577
1000857a	Function	ANALYSIS	__setmbcp_nolock
100085a5	Label	DEFAULT	LAB_100085a5
100085ac	Label	DEFAULT	LAB_100085ac
100085b3	Label	DEFAULT	LAB_100085b3
100085b8	Label	DEFAULT	LAB_100085b8
1000863f	Label	DEFAULT	LAB_1000863f
10008655	Label	DEFAULT	LAB_10008655
1000867b	Label	DEFAULT	LAB_1000867b
1000868a	Label	DEFAULT	LAB_1000868a
1000869c	Label	DEFAULT	LAB_1000869c
100086a6	Label	DEFAULT	LAB_100086a6
100086ab	Label	DEFAULT	LAB_100086ab
100086dd	Label	DEFAULT	LAB_100086dd
100086ec	Label	DEFAULT	LAB_100086ec
100086f8	Label	DEFAULT	LAB_100086f8
100086fe	Label	DEFAULT	LAB_100086fe
1000870f	Label	DEFAULT	LAB_1000870f
10008717	Label	DEFAULT	LAB_10008717
1000872e	Label	DEFAULT	LAB_1000872e
10008731	Label	DEFAULT	LAB_10008731
10008745	Label	DEFAULT	LAB_10008745
10008751	Label	DEFAULT	LAB_10008751
10008754	Label	DEFAULT	LAB_10008754
10008763	Function	ANALYSIS	__setmbcp
100087f4	Label	DEFAULT	LAB_100087f4
1000883d	Label	DEFAULT	LAB_1000883d
10008855	Label	DEFAULT	LAB_10008855
10008857	Label	DEFAULT	LAB_10008857
1000886e	Label	DEFAULT	LAB_1000886e
10008870	Label	DEFAULT	LAB_10008870
1000888a	Label	DEFAULT	LAB_1000888a
100088ad	Label	DEFAULT	LAB_100088ad
100088c4	Function	DEFAULT	FUN_100088c4
100088cf	Label	DEFAULT	LAB_100088cf
100088e3	Label	DEFAULT	LAB_100088e3
100088f0	Label	DEFAULT	LAB_100088f0
100088f4	Label	DEFAULT	LAB_100088f4
100088fd	Function	ANALYSIS	___initmbctable
10008918	Label	DEFAULT	LAB_10008918
1000891b	Function	ANALYSIS	__calloc_impl
10008942	Label	DEFAULT	LAB_10008942
1000894e	Label	DEFAULT	LAB_1000894e
10008968	Label	DEFAULT	LAB_10008968
10008989	Label	DEFAULT	LAB_10008989
1000898d	Label	DEFAULT	LAB_1000898d
1000899a	Label	DEFAULT	LAB_1000899a
1000899d	Function	ANALYSIS	_realloc
100089b3	Label	DEFAULT	LAB_100089b3
100089c8	Label	DEFAULT	LAB_100089c8
100089cb	Label	DEFAULT	LAB_100089cb
100089d0	Label	DEFAULT	LAB_100089d0
100089fb	Label	DEFAULT	LAB_100089fb
10008a12	Label	DEFAULT	LAB_10008a12
10008a14	Label	DEFAULT	LAB_10008a14
10008a15	Label	DEFAULT	LAB_10008a15
10008a18	Label	DEFAULT	LAB_10008a18
10008a30	Label	DEFAULT	LAB_10008a30
10008a46	Label	DEFAULT	LAB_10008a46
10008a4a	Function	ANALYSIS	x_ismbbtype_l
10008a4a	Label	ANALYSIS	?x_ismbbtype_l@@YAHPAUlocaleinfo_struct@@IHH@Z
10008a85	Label	DEFAULT	LAB_10008a85
10008a87	Label	DEFAULT	LAB_10008a87
10008a8b	Label	DEFAULT	LAB_10008a8b
10008a8e	Label	DEFAULT	LAB_10008a8e
10008a9b	Label	DEFAULT	LAB_10008a9b
10008a9d	Function	ANALYSIS	__ismbblead
10008ac0	Function	ANALYSIS	_memset
10008aec	Label	DEFAULT	LAB_10008aec
10008afd	Label	DEFAULT	LAB_10008afd
10008b07	Label	DEFAULT	LAB_10008b07
10008b25	Label	DEFAULT	LAB_10008b25
10008b2f	Label	DEFAULT	LAB_10008b2f
10008b35	Label	DEFAULT	LAB_10008b35
10008be0	Function	ANALYSIS	__global_unwind2
10008c00	Label	DEFAULT	LAB_10008c00
10008c44	Label	DEFAULT	LAB_10008c44
10008c45	Function	ANALYSIS	__local_unwind2
10008c6e	Label	DEFAULT	LAB_10008c6e
10008c8a	Label	DEFAULT	LAB_10008c8a
10008cb5	Label	DEFAULT	LAB_10008cb5
10008cb7	Label	DEFAULT	LAB_10008cb7
10008cec	Function	ANALYSIS	__NLG_Notify1
10008cf5	Function	ANALYSIS	__NLG_Notify
10008d00	Label	DEFAULT	LAB_10008d00
10008d14	Function	DEFAULT	FUN_10008d14
10008d20	Function	ANALYSIS	FID_conflict:_memcpy
10008d20	Label	ANALYSIS	_memmove
10008d20	Label	ANALYSIS	_memcpy
10008d40	Label	DEFAULT	LAB_10008d40
10008d64	Label	DEFAULT	LAB_10008d64
10008d79	Label	ANALYSIS	switchD_10008d79::switchD
10008d80	Label	DEFAULT	LAB_10008d80
10008d8c	Label	ANALYSIS	switchD_10008d98::default
10008d91	Label	ANALYSIS	switchD_10008d91::switchD
10008d98	Label	ANALYSIS	switchD_10008d98::switchD
10008da0	Label	ANALYSIS	switchD_10008da0::switchD
10008da8	Label	ANALYSIS	switchD_10008d91::switchdataD_10008da8
10008db4	Label	ANALYSIS	switchD_10008d91::caseD_1
10008dd6	Label	ANALYSIS	switchD_10008dd6::switchD
10008de0	Label	ANALYSIS	switchD_10008d91::caseD_2
10008dfc	Label	ANALYSIS	switchD_10008dfc::switchD
10008e04	Label	ANALYSIS	switchD_10008d91::caseD_3
10008e1a	Label	ANALYSIS	switchD_10008e1a::switchD
10008e24	Label	ANALYSIS	switchD_10008da0::switchdataD_10008e24
10008e44	Label	ANALYSIS	switchD_10008da0::caseD_7
10008e4c	Label	ANALYSIS	switchD_10008da0::caseD_6
10008e54	Label	ANALYSIS	switchD_10008da0::caseD_5
10008e5c	Label	ANALYSIS	switchD_10008da0::caseD_4
10008e64	Label	ANALYSIS	switchD_10008da0::caseD_3
10008e6c	Label	ANALYSIS	switchD_10008da0::caseD_2
10008e74	Label	ANALYSIS	switchD_10008da0::caseD_1
10008e87	Label	ANALYSIS	switchD_10008da0::caseD_0
10008e87	Label	ANALYSIS	switchD_10008e87::switchD
10008e90	Label	ANALYSIS	switchD_10008d79::switchdataD_10008e90
10008ea0	Label	ANALYSIS	switchD_10008d79::caseD_0
10008ea0	Label	ANALYSIS	switchD_10008d98::caseD_0
10008ea0	Label	ANALYSIS	switchD_10008e87::caseD_0
10008ea0	Label	ANALYSIS	switchD_10008e1a::caseD_0
10008ea0	Label	ANALYSIS	switchD_10008dfc::caseD_0
10008ea0	Label	ANALYSIS	switchD_10008dd6::caseD_0
10008ea8	Label	ANALYSIS	switchD_10008d79::caseD_1
10008ea8	Label	ANALYSIS	switchD_10008d98::caseD_1
10008ea8	Label	ANALYSIS	switchD_10008e87::caseD_1
10008ea8	Label	ANALYSIS	switchD_10008e1a::caseD_1
10008ea8	Label	ANALYSIS	switchD_10008dfc::caseD_1
10008ea8	Label	ANALYSIS	switchD_10008dd6::caseD_1
10008eb4	Label	ANALYSIS	switchD_10008d79::caseD_2
10008eb4	Label	ANALYSIS	switchD_10008d98::caseD_2
10008eb4	Label	ANALYSIS	switchD_10008e87::caseD_2
10008eb4	Label	ANALYSIS	switchD_10008e1a::caseD_2
10008eb4	Label	ANALYSIS	switchD_10008dfc::caseD_2
10008eb4	Label	ANALYSIS	switchD_10008dd6::caseD_2
10008ec8	Label	ANALYSIS	switchD_10008d79::caseD_3
10008ec8	Label	ANALYSIS	switchD_10008d98::caseD_3
10008ec8	Label	ANALYSIS	switchD_10008e87::caseD_3
10008ec8	Label	ANALYSIS	switchD_10008e1a::caseD_3
10008ec8	Label	ANALYSIS	switchD_10008dfc::caseD_3
10008ec8	Label	ANALYSIS	switchD_10008dd6::caseD_3
10008ee0	Label	DEFAULT	LAB_10008ee0
10008eff	Label	ANALYSIS	switchD_10008eff::switchD
10008f08	Label	DEFAULT	LAB_10008f08
10008f0a	Label	ANALYSIS	switchD_10008f0a::switchD
10008f14	Label	DEFAULT	LAB_10008f14
10008f20	Label	ANALYSIS	switchD_10008f2c::default
10008f25	Label	ANALYSIS	switchD_10008f25::switchD
10008f2c	Label	ANALYSIS	switchD_10008f2c::switchD
10008f34	Label	ANALYSIS	switchD_10008f25::switchdataD_10008f34
10008f40	Label	ANALYSIS	switchD_10008f25::caseD_1
10008f5a	Label	ANALYSIS	switchD_10008f5a::switchD
10008f64	Label	ANALYSIS	switchD_10008f25::caseD_2
10008f84	Label	ANALYSIS	switchD_10008f84::switchD
10008f8c	Label	ANALYSIS	switchD_10008f25::caseD_3
10008fb6	Label	ANALYSIS	switchD_10008fb6::switchD
10008fc0	Label	ANALYSIS	switchD_10008f0a::switchdataD_10008fc0
10008fdc	Label	DEFAULT	PTR_caseD_0_10008fdc
10008fe0	Label	ANALYSIS	switchD_10008f0a::caseD_7
10008fe8	Label	ANALYSIS	switchD_10008f0a::caseD_6
10008ff0	Label	ANALYSIS	switchD_10008f0a::caseD_5
10008ff8	Label	ANALYSIS	switchD_10008f0a::caseD_4
10009000	Label	ANALYSIS	switchD_10008f0a::caseD_3
10009008	Label	ANALYSIS	switchD_10008f0a::caseD_2
10009010	Label	ANALYSIS	switchD_10008f0a::caseD_1
10009023	Label	ANALYSIS	switchD_10008f0a::caseD_0
10009023	Label	ANALYSIS	switchD_10009023::switchD
1000902c	Label	ANALYSIS	switchD_10008eff::switchdataD_1000902c
1000903c	Label	ANALYSIS	switchD_10008eff::caseD_0
1000903c	Label	ANALYSIS	switchD_10008f2c::caseD_0
1000903c	Label	ANALYSIS	switchD_10009023::caseD_0
1000903c	Label	ANALYSIS	switchD_10008fb6::caseD_0
1000903c	Label	ANALYSIS	switchD_10008f84::caseD_0
1000903c	Label	ANALYSIS	switchD_10008f5a::caseD_0
10009044	Label	ANALYSIS	switchD_10008eff::caseD_1
10009044	Label	ANALYSIS	switchD_10008f2c::caseD_1
10009044	Label	ANALYSIS	switchD_10009023::caseD_1
10009044	Label	ANALYSIS	switchD_10008fb6::caseD_1
10009044	Label	ANALYSIS	switchD_10008f84::caseD_1
10009044	Label	ANALYSIS	switchD_10008f5a::caseD_1
10009054	Label	ANALYSIS	switchD_10008eff::caseD_2
10009054	Label	ANALYSIS	switchD_10008f2c::caseD_2
10009054	Label	ANALYSIS	switchD_10009023::caseD_2
10009054	Label	ANALYSIS	switchD_10008fb6::caseD_2
10009054	Label	ANALYSIS	switchD_10008f84::caseD_2
10009054	Label	ANALYSIS	switchD_10008f5a::caseD_2
10009068	Label	ANALYSIS	switchD_10008eff::caseD_3
10009068	Label	ANALYSIS	switchD_10008f2c::caseD_3
10009068	Label	ANALYSIS	switchD_10009023::caseD_3
10009068	Label	ANALYSIS	switchD_10008fb6::caseD_3
10009068	Label	ANALYSIS	switchD_10008f84::caseD_3
10009068	Label	ANALYSIS	switchD_10008f5a::caseD_3
10009081	Label	DEFAULT	LAB_10009081
10009090	Function	ANALYSIS	__alloca_probe_16
100090a6	Function	ANALYSIS	__alloca_probe_8
100090bc	Function	ANALYSIS	___free_lc_time
10009430	Label	DEFAULT	LAB_10009430
10009433	Function	ANALYSIS	___free_lconv_num
10009451	Label	DEFAULT	LAB_10009451
10009463	Label	DEFAULT	LAB_10009463
10009475	Label	DEFAULT	LAB_10009475
10009487	Label	DEFAULT	LAB_10009487
10009499	Label	DEFAULT	LAB_10009499
1000949c	Function	ANALYSIS	___free_lconv_mon
100094bf	Label	DEFAULT	LAB_100094bf
100094d1	Label	DEFAULT	LAB_100094d1
100094e3	Label	DEFAULT	LAB_100094e3
100094f5	Label	DEFAULT	LAB_100094f5
10009507	Label	DEFAULT	LAB_10009507
10009519	Label	DEFAULT	LAB_10009519
1000952b	Label	DEFAULT	LAB_1000952b
1000953d	Label	DEFAULT	LAB_1000953d
1000954f	Label	DEFAULT	LAB_1000954f
10009561	Label	DEFAULT	LAB_10009561
10009573	Label	DEFAULT	LAB_10009573
10009585	Label	DEFAULT	LAB_10009585
10009597	Label	DEFAULT	LAB_10009597
1000959a	Function	ANALYSIS	__crtLCMapStringA_stat
1000959a	Label	ANALYSIS	?__crtLCMapStringA_stat@@YAHPAUlocaleinfo_struct@@KKPBDHPADHHH@Z
100095bd	Label	DEFAULT	LAB_100095bd
100095ca	Label	DEFAULT	LAB_100095ca
100095d4	Label	DEFAULT	LAB_100095d4
100095d7	Label	DEFAULT	LAB_100095d7
100095ea	Label	DEFAULT	LAB_100095ea
10009616	Label	DEFAULT	LAB_10009616
1000961d	Label	DEFAULT	LAB_1000961d
10009649	Label	DEFAULT	LAB_10009649
1000965a	Label	DEFAULT	LAB_1000965a
1000965d	Label	DEFAULT	LAB_1000965d
10009662	Label	DEFAULT	LAB_10009662
10009665	Label	DEFAULT	LAB_10009665
100096d5	Label	DEFAULT	LAB_100096d5
10009706	Label	DEFAULT	LAB_10009706
1000971a	Label	DEFAULT	LAB_1000971a
1000971e	Label	DEFAULT	LAB_1000971e
10009720	Label	DEFAULT	LAB_10009720
10009745	Label	DEFAULT	LAB_10009745
1000974b	Label	DEFAULT	LAB_1000974b
1000975c	Label	DEFAULT	LAB_1000975c
10009763	Label	DEFAULT	LAB_10009763
1000976f	Label	DEFAULT	LAB_1000976f
10009781	Function	ANALYSIS	___crtLCMapStringA
100097c5	Label	DEFAULT	LAB_100097c5
100097c7	Function	ANALYSIS	__crtGetStringTypeA_stat
100097c7	Label	ANALYSIS	?__crtGetStringTypeA_stat@@YAHPAUlocaleinfo_struct@@KPBDHPAGHHH@Z
100097f0	Label	DEFAULT	LAB_100097f0
10009819	Label	DEFAULT	LAB_10009819
1000981d	Label	DEFAULT	LAB_1000981d
10009845	Label	DEFAULT	LAB_10009845
10009856	Label	DEFAULT	LAB_10009856
10009859	Label	DEFAULT	LAB_10009859
1000985b	Label	DEFAULT	LAB_1000985b
10009892	Label	DEFAULT	LAB_10009892
1000989c	Label	DEFAULT	LAB_1000989c
100098ae	Function	ANALYSIS	___crtGetStringTypeA
100098ec	Label	DEFAULT	LAB_100098ec
100098ee	Function	ANALYSIS	__VEC_memzero
100098fd	Label	DEFAULT	LAB_100098fd
1000990e	Label	DEFAULT	LAB_1000990e
1000993e	Label	DEFAULT	LAB_1000993e
1000994e	Label	DEFAULT	LAB_1000994e
10009958	Label	DEFAULT	LAB_10009958
10009966	Label	DEFAULT	LAB_10009966
1000996e	Label	DEFAULT	LAB_1000996e
10009973	Label	DEFAULT	LAB_10009973
10009979	Label	DEFAULT	LAB_10009979
1000997c	Label	DEFAULT	LAB_1000997c
1000998f	Label	DEFAULT	LAB_1000998f
10009995	Label	DEFAULT	LAB_10009995
1000999a	Label	DEFAULT	LAB_1000999a
100099a2	Label	DEFAULT	LAB_100099a2
100099b0	Function	ANALYSIS	__alloca_probe
100099b0	Label	ANALYSIS	__chkstk
100099c4	Label	DEFAULT	LAB_100099c4
100099d2	Label	DEFAULT	LAB_100099d2
10009a20	Function	ANALYSIS	_strcspn
10009a34	Label	DEFAULT	LAB_10009a34
10009a43	Label	DEFAULT	LAB_10009a43
10009a4c	Label	DEFAULT	LAB_10009a4c
10009a5e	Label	DEFAULT	LAB_10009a5e
10009a70	Function	ANALYSIS	_strpbrk
10009a84	Label	DEFAULT	LAB_10009a84
10009a93	Label	DEFAULT	LAB_10009a93
10009a98	Label	DEFAULT	LAB_10009a98
10009aaa	Label	DEFAULT	LAB_10009aaa
10009ab0	Function	ANALYSIS	___ascii_strnicmp
10009acc	Label	DEFAULT	LAB_10009acc
10009ae8	Label	DEFAULT	LAB_10009ae8
10009af2	Label	DEFAULT	LAB_10009af2
10009afb	Label	DEFAULT	LAB_10009afb
10009b01	Label	DEFAULT	LAB_10009b01
10009b0a	Label	DEFAULT	LAB_10009b0a
10009b12	Function	DEFAULT	KERNEL32.DLL::RtlUnwind
10009b18	Function	ANALYSIS	_JumpToContinuation
10009b18	Label	ANALYSIS	?_JumpToContinuation@@YGXPAXPAUEHRegistrationNode@@@Z
10009b4a	Function	ANALYSIS	FID_conflict:_CallMemberFunction1
10009b4a	Label	ANALYSIS	?_CallMemberFunction2@@YGXPAX00H@Z
10009b4a	Label	ANALYSIS	?_CallMemberFunction1@@YGXPAX00@Z
10009b51	Function	ANALYSIS	_UnwindNestedFrames
10009b51	Label	ANALYSIS	?_UnwindNestedFrames@@YGXPAUEHRegistrationNode@@PAUEHExceptionRecord@@@Z
10009ba5	Function	ANALYSIS	FID_conflict:___CxxFrameHandler3
10009ba5	Label	ANALYSIS	___CxxFrameHandler
10009ba5	Label	ANALYSIS	___CxxFrameHandler2
10009ba5	Label	ANALYSIS	___CxxFrameHandler3
10009bdb	Function	ANALYSIS	CatchGuardHandler
10009bdb	Label	ANALYSIS	?CatchGuardHandler@@YA?AW4_EXCEPTION_DISPOSITION@@PAUEHExceptionRecord@@PAUCatchGuardRN@@PAX2@Z
10009c0e	Function	ANALYSIS	_CallSETranslator
10009c0e	Label	ANALYSIS	?_CallSETranslator@@YAHPAUEHExceptionRecord@@PAUEHRegistrationNode@@PAX2PBU_s_FuncInfo@@H1@Z
10009c32	Label	DEFAULT	LAB_10009c32
10009cd6	Label	DEFAULT	LAB_10009cd6
10009cdf	Label	DEFAULT	LAB_10009cdf
10009ce2	Label	DEFAULT	LAB_10009ce2
10009ce5	Function	ANALYSIS	TranslatorGuardHandler
10009ce5	Label	ANALYSIS	?TranslatorGuardHandler@@YA?AW4_EXCEPTION_DISPOSITION@@PAUEHExceptionRecord@@PAUTranslatorGuardRN@@PAX2@Z
10009d17	Label	DEFAULT	LAB_10009d17
10009d55	Label	DEFAULT	LAB_10009d55
10009d81	Label	DEFAULT	LAB_10009d81
10009d84	Function	ANALYSIS	_GetRangeOfTrysToCheck
10009d84	Label	ANALYSIS	?_GetRangeOfTrysToCheck@@YAPBU_s_TryBlockMapEntry@@PBU_s_FuncInfo@@HHPAI1@Z
10009d9d	Label	DEFAULT	LAB_10009d9d
10009da7	Label	DEFAULT	LAB_10009da7
10009dbd	Label	DEFAULT	LAB_10009dbd
10009dc2	Label	DEFAULT	LAB_10009dc2
10009dc8	Label	DEFAULT	LAB_10009dc8
10009dcb	Label	DEFAULT	LAB_10009dcb
10009de5	Label	DEFAULT	LAB_10009de5
10009dea	Label	DEFAULT	LAB_10009dea
10009df7	Function	ANALYSIS	__CreateFrameInfo
10009e23	Function	ANALYSIS	__IsExceptionObjectToBeDestroyed
10009e35	Label	DEFAULT	LAB_10009e35
10009e3f	Label	DEFAULT	LAB_10009e3f
10009e46	Label	DEFAULT	LAB_10009e46
10009e4a	Function	ANALYSIS	__FindAndUnlinkFrame
10009e6e	Label	DEFAULT	LAB_10009e6e
10009e71	Label	DEFAULT	LAB_10009e71
10009e7e	Label	DEFAULT	LAB_10009e7e
10009e87	Label	DEFAULT	LAB_10009e87
10009e94	Label	DEFAULT	LAB_10009e94
10009e9c	Function	ANALYSIS	_CallCatchBlock2
10009e9c	Label	ANALYSIS	?_CallCatchBlock2@@YAPAXPAUEHRegistrationNode@@PBU_s_FuncInfo@@PAXHK@Z
10009f07	Function	DEFAULT	FUN_10009f07
10009f27	Label	DEFAULT	LAB_10009f27
10009f2e	Function	ANALYSIS	___TypeMatch
10009f61	Label	DEFAULT	LAB_10009f61
10009f65	Label	DEFAULT	LAB_10009f65
10009f6f	Label	DEFAULT	LAB_10009f6f
10009f7d	Label	DEFAULT	LAB_10009f7d
10009f86	Label	DEFAULT	LAB_10009f86
10009f89	Label	DEFAULT	LAB_10009f89
10009f8d	Function	ANALYSIS	___FrameUnwindFilter
10009fbf	Label	DEFAULT	LAB_10009fbf
10009fd8	Label	DEFAULT	LAB_10009fd8
10009fdc	Function	ANALYSIS	___FrameUnwindToState
10009ffd	Label	DEFAULT	LAB_10009ffd
1000a000	Label	DEFAULT	LAB_1000a000
1000a012	Label	DEFAULT	LAB_1000a012
1000a021	Label	DEFAULT	LAB_1000a021
1000a026	Label	DEFAULT	LAB_1000a026
1000a054	Label	DEFAULT	LAB_1000a054
1000a05a	Label	DEFAULT	LAB_1000a05a
1000a064	Label	DEFAULT	LAB_1000a064
1000a074	Label	DEFAULT	LAB_1000a074
1000a079	Label	DEFAULT	LAB_1000a079
1000a08f	Label	DEFAULT	LAB_1000a08f
1000a09e	Function	DEFAULT	FUN_1000a09e
1000a0b7	Label	DEFAULT	LAB_1000a0b7
1000a0b8	Function	ANALYSIS	ExFilterRethrow
1000a0b8	Label	ANALYSIS	?ExFilterRethrow@@YAHPAU_EXCEPTION_POINTERS@@@Z
1000a0e3	Label	DEFAULT	LAB_1000a0e3
1000a0fa	Label	DEFAULT	LAB_1000a0fa
1000a0fd	Function	ANALYSIS	___DestructExceptionObject
1000a13a	Label	DEFAULT	LAB_1000a13a
1000a140	Label	DEFAULT	LAB_1000a140
1000a149	Label	DEFAULT	LAB_1000a149
1000a152	Function	ANALYSIS	___AdjustPointer
1000a178	Label	DEFAULT	LAB_1000a178
1000a17b	Function	ANALYSIS	IsInExceptionSpec
1000a17b	Label	ANALYSIS	?IsInExceptionSpec@@YAEPAUEHExceptionRecord@@PBU_s_ESTypeList@@@Z
1000a191	Label	DEFAULT	LAB_1000a191
1000a1a0	Label	DEFAULT	LAB_1000a1a0
1000a1bb	Label	DEFAULT	LAB_1000a1bb
1000a1e1	Label	DEFAULT	LAB_1000a1e1
1000a1e5	Label	DEFAULT	LAB_1000a1e5
1000a1f1	Label	DEFAULT	LAB_1000a1f1
1000a1f6	Function	DEFAULT	FUN_1000a1f6
1000a215	Label	DEFAULT	LAB_1000a215
1000a227	Function	ANALYSIS	Catch_All@1000a227
1000a23f	Function	ANALYSIS	CallCatchBlock
1000a23f	Label	ANALYSIS	?CallCatchBlock@@YAPAXPAUEHExceptionRecord@@PAUEHRegistrationNode@@PAU_CONTEXT@@PBU_s_FuncInfo@@PAXHK@Z
1000a2cf	Label	DEFAULT	LAB_1000a2cf
1000a2d8	Label	DEFAULT	LAB_1000a2d8
1000a2fc	Label	DEFAULT	LAB_1000a2fc
1000a2ff	Label	DEFAULT	LAB_1000a2ff
1000a306	Label	DEFAULT	LAB_1000a306
1000a326	Label	DEFAULT	LAB_1000a326
1000a33e	Label	DEFAULT	LAB_1000a33e
1000a35a	Label	DEFAULT	LAB_1000a35a
1000a365	Function	DEFAULT	FUN_1000a365
1000a3b6	Label	DEFAULT	LAB_1000a3b6
1000a3da	Label	DEFAULT	LAB_1000a3da
1000a3db	Function	ANALYSIS	___BuildCatchObjectHelper
1000a416	Label	DEFAULT	LAB_1000a416
1000a423	Label	DEFAULT	LAB_1000a423
1000a460	Label	DEFAULT	LAB_1000a460
1000a46f	Label	DEFAULT	LAB_1000a46f
1000a4c4	Label	DEFAULT	LAB_1000a4c4
1000a501	Label	DEFAULT	LAB_1000a501
1000a535	Label	DEFAULT	LAB_1000a535
1000a53a	Label	DEFAULT	LAB_1000a53a
1000a546	Label	DEFAULT	LAB_1000a546
1000a54a	Label	DEFAULT	DAT_1000a54a
1000a552	Label	DEFAULT	LAB_1000a552
1000a554	Label	DEFAULT	LAB_1000a554
1000a55a	Function	ANALYSIS	___BuildCatchObject
1000a576	Label	DEFAULT	LAB_1000a576
1000a580	Label	DEFAULT	LAB_1000a580
1000a5ba	Label	DEFAULT	LAB_1000a5ba
1000a5d2	Label	DEFAULT	LAB_1000a5d2
1000a5df	Label	DEFAULT	LAB_1000a5df
1000a5e3	Label	DEFAULT	DAT_1000a5e3
1000a5ec	Function	ANALYSIS	CatchIt
1000a5ec	Label	ANALYSIS	?CatchIt@@YAXPAUEHExceptionRecord@@PAUEHRegistrationNode@@PAU_CONTEXT@@PAXPBU_s_FuncInfo@@PBU_s_HandlerType@@PBU_s_CatchableType@@PBU_s_TryBlockMapEntry@@H1E@Z
1000a607	Label	DEFAULT	LAB_1000a607
1000a613	Label	DEFAULT	LAB_1000a613
1000a616	Label	DEFAULT	LAB_1000a616
1000a658	Label	DEFAULT	LAB_1000a658
1000a65a	Function	ANALYSIS	FindHandlerForForeignException
1000a65a	Label	ANALYSIS	?FindHandlerForForeignException@@YAXPAUEHExceptionRecord@@PAUEHRegistrationNode@@PAU_CONTEXT@@PAXPBU_s_FuncInfo@@HH1@Z
1000a6c8	Label	DEFAULT	LAB_1000a6c8
1000a6d6	Label	DEFAULT	LAB_1000a6d6
1000a6fd	Label	DEFAULT	LAB_1000a6fd
1000a71e	Label	DEFAULT	LAB_1000a71e
1000a74b	Label	DEFAULT	LAB_1000a74b
1000a75d	Label	DEFAULT	LAB_1000a75d
1000a75e	Label	DEFAULT	LAB_1000a75e
1000a761	Function	ANALYSIS	FindHandler
1000a761	Label	ANALYSIS	?FindHandler@@YAXPAUEHExceptionRecord@@PAUEHRegistrationNode@@PAU_CONTEXT@@PAXPBU_s_FuncInfo@@EH1@Z
1000a786	Label	DEFAULT	LAB_1000a786
1000a789	Label	DEFAULT	LAB_1000a789
1000a795	Label	DEFAULT	LAB_1000a795
1000a79a	Label	DEFAULT	LAB_1000a79a
1000a7d2	Label	DEFAULT	LAB_1000a7d2
1000a81d	Label	DEFAULT	LAB_1000a81d
1000a83c	Label	DEFAULT	LAB_1000a83c
1000a847	Label	DEFAULT	LAB_1000a847
1000a884	Label	DEFAULT	LAB_1000a884
1000a8a1	Label	DEFAULT	LAB_1000a8a1
1000a8a6	Label	DEFAULT	LAB_1000a8a6
1000a8da	Label	DEFAULT	LAB_1000a8da
1000a8e2	Label	DEFAULT	LAB_1000a8e2
1000a90d	Label	DEFAULT	LAB_1000a90d
1000a943	Label	DEFAULT	LAB_1000a943
1000a96c	Label	DEFAULT	LAB_1000a96c
1000a97e	Label	DEFAULT	LAB_1000a97e
1000a9a1	Label	DEFAULT	LAB_1000a9a1
1000a9b0	Label	DEFAULT	LAB_1000a9b0
1000a9de	Label	DEFAULT	LAB_1000a9de
1000a9f6	Label	DEFAULT	LAB_1000a9f6
1000aa06	Label	DEFAULT	LAB_1000aa06
1000aa6b	Label	DEFAULT	LAB_1000aa6b
1000aa6e	Label	DEFAULT	LAB_1000aa6e
1000aa8f	Label	DEFAULT	LAB_1000aa8f
1000aa92	Label	DEFAULT	LAB_1000aa92
1000aabe	Label	DEFAULT	LAB_1000aabe
1000aad1	Label	DEFAULT	LAB_1000aad1
1000aad6	Function	DEFAULT	FUN_1000aad6
1000aaf3	Function	ANALYSIS	___InternalCxxFrameHandler
1000ab3e	Label	DEFAULT	LAB_1000ab3e
1000ab67	Label	DEFAULT	LAB_1000ab67
1000ab7f	Label	DEFAULT	LAB_1000ab7f
1000abb5	Label	DEFAULT	LAB_1000abb5
1000abd1	Label	DEFAULT	LAB_1000abd1
1000abd4	Label	DEFAULT	LAB_1000abd4
1000abe0	Function	ANALYSIS	__CallSettingFrame@12
1000ac1f	Label	DEFAULT	LAB_1000ac1f
1000ac2c	Function	ANALYSIS	__EH_prolog3_catch
1000ac62	Function	ANALYSIS	_ValidateRead
1000ac62	Label	ANALYSIS	?_ValidateRead@@YAHPBXI@Z
1000ac72	Label	DEFAULT	LAB_1000ac72
1000ac80	Label	DEFAULT	LAB_1000ac80
1000aca0	Function	ANALYSIS	Unwind@1000aca0
1000acab	Function	ANALYSIS	Unwind@1000acab
1000accc	Label	DEFAULT	LAB_1000accc
1000accd	Function	ANALYSIS	Unwind@1000accd
1000acee	Label	DEFAULT	LAB_1000acee
1000acef	Function	ANALYSIS	Unwind@1000acef
1000ad10	Label	DEFAULT	LAB_1000ad10
1000ad11	Function	ANALYSIS	Unwind@1000ad11
1000ad2f	Label	DEFAULT	LAB_1000ad2f
1000ad30	Label	DEFAULT	LAB_1000ad30
1000ad60	Function	ANALYSIS	Unwind@1000ad60
1000ad6b	Function	ANALYSIS	Unwind@1000ad6b
1000ad8c	Label	DEFAULT	LAB_1000ad8c
1000ad8d	Function	ANALYSIS	Unwind@1000ad8d
1000adae	Label	DEFAULT	LAB_1000adae
1000adaf	Function	ANALYSIS	Unwind@1000adaf
1000add0	Label	DEFAULT	LAB_1000add0
1000add1	Function	ANALYSIS	Unwind@1000add1
1000adf2	Label	DEFAULT	LAB_1000adf2
1000adf3	Function	ANALYSIS	Unwind@1000adf3
1000ae11	Label	DEFAULT	LAB_1000ae11
1000ae12	Function	ANALYSIS	Unwind@1000ae12
1000ae1d	Function	ANALYSIS	Unwind@1000ae1d
1000ae28	Function	ANALYSIS	Unwind@1000ae28
1000ae33	Function	ANALYSIS	Unwind@1000ae33
1000ae3e	Label	DEFAULT	LAB_1000ae3e
1000ae70	Function	ANALYSIS	Unwind@1000ae70
1000ae7b	Function	ANALYSIS	Unwind@1000ae7b
1000ae9c	Label	DEFAULT	LAB_1000ae9c
1000ae9d	Function	ANALYSIS	Unwind@1000ae9d
1000aebe	Label	DEFAULT	LAB_1000aebe
1000aebf	Function	ANALYSIS	Unwind@1000aebf
1000aee0	Label	DEFAULT	LAB_1000aee0
1000aee1	Function	ANALYSIS	Unwind@1000aee1
1000aeff	Label	DEFAULT	LAB_1000aeff
1000af00	Function	ANALYSIS	Unwind@1000af00
1000af21	Label	DEFAULT	LAB_1000af21
1000af22	Label	DEFAULT	LAB_1000af22
1000af50	Label	DEFAULT	LAB_1000af50
1000af6b	Function	DEFAULT	FUN_1000af6b
1000b000	Label	DEFAULT	PTR_HidD_GetHidGuid_1000b000
1000b008	Label	DEFAULT	PTR_GetStringTypeW_1000b008
1000b00c	Label	DEFAULT	PTR_TlsAlloc_1000b00c
1000b010	Label	DEFAULT	PTR_GetLastError_1000b010
1000b014	Label	DEFAULT	PTR_MultiByteToWideChar_1000b014
1000b018	Label	DEFAULT	PTR_CreateFileW_1000b018
1000b01c	Label	DEFAULT	PTR_CloseHandle_1000b01c
1000b020	Label	DEFAULT	PTR_WriteFile_1000b020
1000b024	Label	DEFAULT	PTR_ReadFile_1000b024
1000b028	Label	DEFAULT	PTR_Sleep_1000b028
1000b02c	Label	DEFAULT	PTR_LCMapStringW_1000b02c
1000b030	Label	DEFAULT	PTR_HeapReAlloc_1000b030
1000b034	Label	DEFAULT	PTR_IsValidCodePage_1000b034
1000b038	Label	DEFAULT	PTR_GetOEMCP_1000b038
1000b03c	Label	DEFAULT	PTR_HeapFree_1000b03c
1000b040	Label	DEFAULT	PTR_HeapAlloc_1000b040
1000b044	Label	DEFAULT	PTR_DecodePointer_1000b044
1000b048	Label	DEFAULT	PTR_EncodePointer_1000b048
1000b04c	Label	DEFAULT	PTR_GetCurrentThreadId_1000b04c
1000b050	Label	DEFAULT	PTR_GetCommandLineA_1000b050
1000b054	Label	DEFAULT	PTR_RaiseException_1000b054
1000b058	Label	DEFAULT	PTR_TerminateProcess_1000b058
1000b05c	Label	DEFAULT	PTR_GetCurrentProcess_1000b05c
1000b060	Label	DEFAULT	PTR_UnhandledExceptionFilter_1000b060
1000b064	Label	DEFAULT	PTR_SetUnhandledExceptionFilter_1000b064
1000b068	Label	DEFAULT	PTR_IsDebuggerPresent_1000b068
1000b06c	Label	DEFAULT	PTR_IsProcessorFeaturePresent_1000b06c
1000b070	Label	DEFAULT	PTR_HeapCreate_1000b070
1000b074	Label	DEFAULT	PTR_HeapDestroy_1000b074
1000b078	Label	DEFAULT	PTR_GetProcAddress_1000b078
1000b07c	Label	DEFAULT	PTR_GetModuleHandleW_1000b07c
1000b080	Label	DEFAULT	PTR_ExitProcess_1000b080
1000b084	Label	DEFAULT	PTR_GetStdHandle_1000b084
1000b088	Label	DEFAULT	PTR_GetModuleFileNameW_1000b088
1000b08c	Label	DEFAULT	PTR_TlsGetValue_1000b08c
1000b090	Label	DEFAULT	PTR_TlsSetValue_1000b090
1000b094	Label	DEFAULT	PTR_TlsFree_1000b094
1000b098	Label	DEFAULT	PTR_InterlockedIncrement_1000b098
1000b09c	Label	DEFAULT	PTR_SetLastError_1000b09c
1000b0a0	Label	DEFAULT	PTR_InterlockedDecrement_1000b0a0
1000b0a4	Label	DEFAULT	PTR_SetHandleCount_1000b0a4
1000b0a8	Label	DEFAULT	PTR_InitializeCriticalSectionAndSpinCount_1000b0a8
1000b0ac	Label	DEFAULT	PTR_GetFileType_1000b0ac
1000b0b0	Label	DEFAULT	PTR_GetStartupInfoW_1000b0b0
1000b0b4	Label	DEFAULT	PTR_DeleteCriticalSection_1000b0b4
1000b0b8	Label	DEFAULT	PTR_GetModuleFileNameA_1000b0b8
1000b0bc	Label	DEFAULT	PTR_FreeEnvironmentStringsW_1000b0bc
1000b0c0	Label	DEFAULT	PTR_WideCharToMultiByte_1000b0c0
1000b0c4	Label	DEFAULT	PTR_GetEnvironmentStringsW_1000b0c4
1000b0c8	Label	DEFAULT	PTR_QueryPerformanceCounter_1000b0c8
1000b0cc	Label	DEFAULT	PTR_GetTickCount_1000b0cc
1000b0d0	Label	DEFAULT	PTR_GetCurrentProcessId_1000b0d0
1000b0d4	Label	DEFAULT	PTR_GetSystemTimeAsFileTime_1000b0d4
1000b0d8	Label	DEFAULT	PTR_HeapSize_1000b0d8
1000b0dc	Label	DEFAULT	PTR_LeaveCriticalSection_1000b0dc
1000b0e0	Label	DEFAULT	PTR_EnterCriticalSection_1000b0e0
1000b0e4	Label	DEFAULT	PTR_RtlUnwind_1000b0e4
1000b0e8	Label	DEFAULT	PTR_LoadLibraryW_1000b0e8
1000b0ec	Label	DEFAULT	PTR_GetCPInfo_1000b0ec
1000b0f0	Label	DEFAULT	PTR_GetACP_1000b0f0
1000b0f8	Label	DEFAULT	PTR_SetupDiEnumDeviceInfo_1000b0f8
1000b0fc	Label	DEFAULT	PTR_SetupDiEnumDeviceInterfaces_1000b0fc
1000b100	Label	DEFAULT	PTR_SetupDiGetDeviceInterfaceDetailW_1000b100
1000b104	Label	DEFAULT	PTR_SetupDiGetClassDevsW_1000b104
1000b10c	Label	DEFAULT	PTR_SetWindowsHookExW_1000b10c
1000b110	Label	DEFAULT	PTR_UnhookWindowsHookEx_1000b110
1000b114	Label	DEFAULT	PTR_PostMessageW_1000b114
1000b11c	Label	DEFAULT	DAT_1000b11c
1000b120	Label	DEFAULT	DAT_1000b120
1000b124	Label	DEFAULT	DAT_1000b124
1000b134	Label	DEFAULT	DAT_1000b134
1000b138	Label	DEFAULT	DAT_1000b138
1000b13c	Label	DEFAULT	DAT_1000b13c
1000b140	Label	DEFAULT	DAT_1000b140
1000b144	Label	DEFAULT	DAT_1000b144
1000b148	Label	DEFAULT	DAT_1000b148
1000b150	Label	DEFAULT	IMAGE_DEBUG_DIRECTORY_1000b150
1000b16c	Label	IMPORTED	std::logic_error::vftable_meta_ptr
1000b170	Label	IMPORTED	std::logic_error::vftable
1000b178	Label	IMPORTED	std::length_error::vftable_meta_ptr
1000b17c	Label	IMPORTED	std::length_error::vftable
1000b184	Label	IMPORTED	std::out_of_range::vftable_meta_ptr
1000b188	Label	IMPORTED	std::out_of_range::vftable
1000b190	Label	IMPORTED	std::exception::vftable_meta_ptr
1000b194	Label	IMPORTED	std::exception::vftable
1000b19c	Label	DEFAULT	s_Unknown_exception_1000b19c
1000b1b0	Label	IMPORTED	std::bad_alloc::vftable_meta_ptr
1000b1b4	Label	IMPORTED	std::bad_alloc::vftable
1000b1bc	Label	DEFAULT	s_bad_allocation_1000b1bc
1000b1cc	Label	IMPORTED	type_info::vftable_meta_ptr
1000b1d0	Label	IMPORTED	type_info::vftable
1000b1d4	Label	DEFAULT	PTR_1000b1d4
1000b1d8	Label	DEFAULT	DAT_1000b1d8
1000b1dc	Label	DEFAULT	DAT_1000b1dc
1000b1f8	Label	DEFAULT	PTR_DAT_1000b1f8
1000b200	Label	DEFAULT	s_CorExitProcess_1000b200
1000b210	Label	DEFAULT	u_mscoree.dll_1000b210
1000b9f0	Label	DEFAULT	u_R6008_-_not_enough_space_for_arg_1000b9f0
1000baa8	Label	DEFAULT	DAT_1000baa8
1000bab0	Label	DEFAULT	DAT_1000bab0
1000bab4	Label	DEFAULT	PTR_u_R6008_-_not_enough_space_for_arg_1000bab4
1000bb58	Label	DEFAULT	u_Microsoft_Visual_C++_Runtime_Lib_1000bb58
1000bba4	Label	DEFAULT	DAT_1000bba4
1000bbac	Label	DEFAULT	DAT_1000bbac
1000bbb4	Label	DEFAULT	u_<program_name_unknown>_1000bbb4
1000bbe4	Label	DEFAULT	u_Runtime_Error!_Program:_1000bbe4
1000bc18	Label	DEFAULT	u_KERNEL32.DLL_1000bc18
1000bc34	Label	DEFAULT	s_FlsFree_1000bc34
1000bc3c	Label	DEFAULT	s_FlsSetValue_1000bc3c
1000bc48	Label	DEFAULT	s_FlsGetValue_1000bc48
1000bc54	Label	DEFAULT	s_FlsAlloc_1000bc54
1000bc60	Label	DEFAULT	DAT_1000bc60
1000bcf0	Label	DEFAULT	DAT_1000bcf0
1000bcf4	Label	DEFAULT	DAT_1000bcf4
1000bcfc	Label	DEFAULT	DAT_1000bcfc
1000bd00	Label	DEFAULT	s_Complete_Object_Locator'_1000bd00
1000bd1c	Label	DEFAULT	s_Class_Hierarchy_Descriptor'_1000bd1c
1000bd3c	Label	DEFAULT	s_Base_Class_Array'_1000bd3c
1000bd50	Label	DEFAULT	s_Base_Class_Descriptor_at_(_1000bd50
1000bd6c	Label	DEFAULT	s_Type_Descriptor'_1000bd6c
1000bd80	Label	DEFAULT	s_`local_static_thread_guard'_1000bd80
1000bd9c	Label	DEFAULT	s_`managed_vector_copy_constructor_1000bd9c
1000bdc8	Label	DEFAULT	s_`vector_vbase_copy_constructor_i_1000bdc8
1000bdf4	Label	DEFAULT	s_`vector_copy_constructor_iterato_1000bdf4
1000be18	Label	DEFAULT	s_`dynamic_atexit_destructor_for_'_1000be18
1000be3c	Label	DEFAULT	s_`dynamic_initializer_for_'_1000be3c
1000be58	Label	DEFAULT	s_`eh_vector_vbase_copy_constructo_1000be58
1000be84	Label	DEFAULT	s_`eh_vector_copy_constructor_iter_1000be84
1000beac	Label	DEFAULT	s_`managed_vector_destructor_itera_1000beac
1000bed4	Label	DEFAULT	s_`managed_vector_constructor_iter_1000bed4
1000befc	Label	DEFAULT	s_`placement_delete[]_closure'_1000befc
1000bf1c	Label	DEFAULT	s_`placement_delete_closure'_1000bf1c
1000bf38	Label	DEFAULT	s_`omni_callsig'_1000bf38
1000bf48	Label	DEFAULT	s_delete[]_1000bf48
1000bf54	Label	DEFAULT	s_new[]_1000bf54
1000bf5c	Label	DEFAULT	s_`local_vftable_constructor_closu_1000bf5c
1000bf80	Label	DEFAULT	s_`local_vftable'_1000bf80
1000bf90	Label	DEFAULT	s_`RTTI_1000bf90
1000bf98	Label	DEFAULT	DAT_1000bf98
1000bf9c	Label	DEFAULT	s_`udt_returning'_1000bf9c
1000bfac	Label	DEFAULT	s_`copy_constructor_closure'_1000bfac
1000bfc8	Label	DEFAULT	s_`eh_vector_vbase_constructor_ite_1000bfc8
1000bff0	Label	DEFAULT	s_`eh_vector_destructor_iterator'_1000bff0
1000c010	Label	DEFAULT	s_`eh_vector_constructor_iterator'_1000c010
1000c034	Label	DEFAULT	s_`virtual_displacement_map'_1000c034
1000c050	Label	DEFAULT	s_`vector_vbase_constructor_iterat_1000c050
1000c074	Label	DEFAULT	s_`vector_destructor_iterator'_1000c074
1000c094	Label	DEFAULT	s_`vector_constructor_iterator'_1000c094
1000c0b4	Label	DEFAULT	s_`scalar_deleting_destructor'_1000c0b4
1000c0d4	Label	DEFAULT	s_`default_constructor_closure'_1000c0d4
1000c0f4	Label	DEFAULT	s_`vector_deleting_destructor'_1000c0f4
1000c114	Label	DEFAULT	s_`vbase_destructor'_1000c114
1000c128	Label	DEFAULT	s_`string'_1000c128
1000c134	Label	DEFAULT	s_`local_static_guard'_1000c134
1000c14c	Label	DEFAULT	s_`typeof'_1000c14c
1000c158	Label	DEFAULT	s_`vcall'_1000c158
1000c160	Label	DEFAULT	s_`vbtable'_1000c160
1000c16c	Label	DEFAULT	s_`vftable'_1000c16c
1000c178	Label	DEFAULT	DAT_1000c178
1000c17c	Label	DEFAULT	DAT_1000c17c
1000c180	Label	DEFAULT	DAT_1000c180
1000c184	Label	DEFAULT	DAT_1000c184
1000c188	Label	DEFAULT	DAT_1000c188
1000c18c	Label	DEFAULT	DAT_1000c18c
1000c190	Label	DEFAULT	DAT_1000c190
1000c194	Label	DEFAULT	DAT_1000c194
1000c198	Label	DEFAULT	DAT_1000c198
1000c19c	Label	DEFAULT	DAT_1000c19c
1000c1a0	Label	DEFAULT	DAT_1000c1a0
1000c1a4	Label	DEFAULT	DAT_1000c1a4
1000c1a8	Label	DEFAULT	DAT_1000c1a8
1000c1ac	Label	DEFAULT	DAT_1000c1ac
1000c1b0	Label	DEFAULT	DAT_1000c1b0
1000c1b4	Label	DEFAULT	DAT_1000c1b4
1000c1b8	Label	DEFAULT	DAT_1000c1b8
1000c1bc	Label	DEFAULT	DAT_1000c1bc
1000c1c0	Label	DEFAULT	DAT_1000c1c0
1000c1c4	Label	DEFAULT	DAT_1000c1c4
1000c1c8	Label	DEFAULT	DAT_1000c1c8
1000c1cc	Label	DEFAULT	DAT_1000c1cc
1000c1d0	Label	DEFAULT	DAT_1000c1d0
1000c1d4	Label	DEFAULT	DAT_1000c1d4
1000c1d8	Label	DEFAULT	DAT_1000c1d8
1000c1dc	Label	DEFAULT	DAT_1000c1dc
1000c1e0	Label	DEFAULT	DAT_1000c1e0
1000c1e4	Label	DEFAULT	DAT_1000c1e4
1000c1e8	Label	DEFAULT	DAT_1000c1e8
1000c1ec	Label	DEFAULT	DAT_1000c1ec
1000c1f0	Label	DEFAULT	DAT_1000c1f0
1000c1f4	Label	DEFAULT	s_operator_1000c1f4
1000c200	Label	DEFAULT	DAT_1000c200
1000c204	Label	DEFAULT	DAT_1000c204
1000c208	Label	DEFAULT	DAT_1000c208
1000c20c	Label	DEFAULT	DAT_1000c20c
1000c210	Label	DEFAULT	DAT_1000c210
1000c214	Label	DEFAULT	DAT_1000c214
1000c218	Label	DEFAULT	DAT_1000c218
1000c21c	Label	DEFAULT	s_delete_1000c21c
1000c224	Label	DEFAULT	DAT_1000c224
1000c22c	Label	DEFAULT	s___unaligned_1000c22c
1000c238	Label	DEFAULT	s___restrict_1000c238
1000c244	Label	DEFAULT	s___ptr64_1000c244
1000c24c	Label	DEFAULT	s___eabi_1000c24c
1000c254	Label	DEFAULT	s___clrcall_1000c254
1000c260	Label	DEFAULT	s___fastcall_1000c260
1000c26c	Label	DEFAULT	s___thiscall_1000c26c
1000c278	Label	DEFAULT	s___stdcall_1000c278
1000c284	Label	DEFAULT	s___pascal_1000c284
1000c290	Label	DEFAULT	s___cdecl_1000c290
1000c298	Label	DEFAULT	s___based(_1000c298
1000c42c	Label	DEFAULT	s_GetProcessWindowStation_1000c42c
1000c444	Label	DEFAULT	s_GetUserObjectInformationW_1000c444
1000c460	Label	DEFAULT	s_GetLastActivePopup_1000c460
1000c474	Label	DEFAULT	s_GetActiveWindow_1000c474
1000c484	Label	DEFAULT	s_MessageBoxW_1000c484
1000c490	Label	DEFAULT	u_USER32.DLL_1000c490
1000c4a8	Label	DEFAULT	u_HH:mm:ss_1000c4a8
1000c4bc	Label	DEFAULT	u_dddd,_MMMM_dd,_yyyy_1000c4bc
1000c4e4	Label	DEFAULT	u_MM/dd/yy_1000c4e4
1000c4f8	Label	DEFAULT	DAT_1000c4f8
1000c500	Label	DEFAULT	DAT_1000c500
1000c508	Label	DEFAULT	u_December_1000c508
1000c51c	Label	DEFAULT	u_November_1000c51c
1000c530	Label	DEFAULT	u_October_1000c530
1000c540	Label	DEFAULT	u_September_1000c540
1000c554	Label	DEFAULT	u_August_1000c554
1000c564	Label	DEFAULT	u_July_1000c564
1000c570	Label	DEFAULT	u_June_1000c570
1000c57c	Label	DEFAULT	u_April_1000c57c
1000c588	Label	DEFAULT	u_March_1000c588
1000c594	Label	DEFAULT	u_February_1000c594
1000c5a8	Label	DEFAULT	u_January_1000c5a8
1000c5b8	Label	DEFAULT	DAT_1000c5b8
1000c5c0	Label	DEFAULT	DAT_1000c5c0
1000c5c8	Label	DEFAULT	DAT_1000c5c8
1000c5d0	Label	DEFAULT	DAT_1000c5d0
1000c5d8	Label	DEFAULT	DAT_1000c5d8
1000c5e0	Label	DEFAULT	DAT_1000c5e0
1000c5e8	Label	DEFAULT	DAT_1000c5e8
1000c5f0	Label	DEFAULT	DAT_1000c5f0
1000c5f8	Label	DEFAULT	DAT_1000c5f8
1000c600	Label	DEFAULT	DAT_1000c600
1000c608	Label	DEFAULT	DAT_1000c608
1000c610	Label	DEFAULT	DAT_1000c610
1000c618	Label	DEFAULT	u_Saturday_1000c618
1000c62c	Label	DEFAULT	u_Friday_1000c62c
1000c63c	Label	DEFAULT	u_Thursday_1000c63c
1000c650	Label	DEFAULT	u_Wednesday_1000c650
1000c664	Label	DEFAULT	u_Tuesday_1000c664
1000c674	Label	DEFAULT	u_Monday_1000c674
1000c684	Label	DEFAULT	u_Sunday_1000c684
1000c694	Label	DEFAULT	DAT_1000c694
1000c69c	Label	DEFAULT	DAT_1000c69c
1000c6a4	Label	DEFAULT	DAT_1000c6a4
1000c6ac	Label	DEFAULT	DAT_1000c6ac
1000c6b4	Label	DEFAULT	DAT_1000c6b4
1000c6bc	Label	DEFAULT	DAT_1000c6bc
1000c6c4	Label	DEFAULT	DAT_1000c6c4
1000c6cc	Label	DEFAULT	s_HH:mm:ss_1000c6cc
1000c6d8	Label	DEFAULT	s_dddd,_MMMM_dd,_yyyy_1000c6d8
1000c6ec	Label	DEFAULT	s_MM/dd/yy_1000c6ec
1000c6f8	Label	DEFAULT	DAT_1000c6f8
1000c6fc	Label	DEFAULT	DAT_1000c6fc
1000c700	Label	DEFAULT	s_December_1000c700
1000c70c	Label	DEFAULT	s_November_1000c70c
1000c718	Label	DEFAULT	s_October_1000c718
1000c720	Label	DEFAULT	s_September_1000c720
1000c72c	Label	DEFAULT	s_August_1000c72c
1000c734	Label	DEFAULT	DAT_1000c734
1000c73c	Label	DEFAULT	DAT_1000c73c
1000c744	Label	DEFAULT	s_April_1000c744
1000c74c	Label	DEFAULT	s_March_1000c74c
1000c754	Label	DEFAULT	s_February_1000c754
1000c760	Label	DEFAULT	s_January_1000c760
1000c768	Label	DEFAULT	DAT_1000c768
1000c76c	Label	DEFAULT	DAT_1000c76c
1000c770	Label	DEFAULT	DAT_1000c770
1000c774	Label	DEFAULT	DAT_1000c774
1000c778	Label	DEFAULT	DAT_1000c778
1000c77c	Label	DEFAULT	DAT_1000c77c
1000c780	Label	DEFAULT	DAT_1000c780
1000c784	Label	DEFAULT	DAT_1000c784
1000c788	Label	DEFAULT	DAT_1000c788
1000c78c	Label	DEFAULT	DAT_1000c78c
1000c790	Label	DEFAULT	DAT_1000c790
1000c794	Label	DEFAULT	DAT_1000c794
1000c798	Label	DEFAULT	s_Saturday_1000c798
1000c7a4	Label	DEFAULT	s_Friday_1000c7a4
1000c7ac	Label	DEFAULT	s_Thursday_1000c7ac
1000c7b8	Label	DEFAULT	s_Wednesday_1000c7b8
1000c7c4	Label	DEFAULT	s_Tuesday_1000c7c4
1000c7cc	Label	DEFAULT	s_Monday_1000c7cc
1000c7d4	Label	DEFAULT	s_Sunday_1000c7d4
1000c7dc	Label	DEFAULT	DAT_1000c7dc
1000c7e0	Label	DEFAULT	DAT_1000c7e0
1000c7e4	Label	DEFAULT	DAT_1000c7e4
1000c7e8	Label	DEFAULT	DAT_1000c7e8
1000c7ec	Label	DEFAULT	DAT_1000c7ec
1000c7f0	Label	DEFAULT	DAT_1000c7f0
1000c7f4	Label	DEFAULT	DAT_1000c7f4
1000c8f8	Label	DEFAULT	DAT_1000c8f8
1000cafa	Label	DEFAULT	DAT_1000cafa
1000cd80	Label	DEFAULT	DAT_1000cd80
1000cf00	Label	DEFAULT	DAT_1000cf00
1000d080	Label	DEFAULT	s_vector<T>_too_long_1000d080
1000d094	Label	IMPORTED	CContinousKeyDefine::vftable_meta_ptr
1000d098	Label	IMPORTED	CContinousKeyDefine::vftable
1000d09c	Label	DEFAULT	vftable[1]
1000d3e8	Label	DEFAULT	DAT_1000d3e8
1000d3ec	Label	DEFAULT	u_502a_1000d3ec
1000d3f8	Label	DEFAULT	DAT_1000d3f8
1000d3fa	Label	DEFAULT	DAT_1000d3fa
1000d404	Label	IMPORTED	CKB75::vftable_meta_ptr
1000d408	Label	IMPORTED	CKB75::vftable
1000d410	Label	DEFAULT	u_vid__1000d410
1000d41c	Label	DEFAULT	u_pid__1000d41c
1000d428	Label	DEFAULT	u_mi_01_1000d428
1000d434	Label	DEFAULT	u_512a_1000d434
1000d440	Label	DEFAULT	u_522a_1000d440
1000d44c	Label	DEFAULT	u_542a_1000d44c
1000d458	Label	DEFAULT	u_mi_02_1000d458
1000d464	Label	DEFAULT	DAT_1000d464
1000d466	Label	DEFAULT	DAT_1000d466
1000d470	Label	DEFAULT	u_0220_1000d470
1000d47c	Label	DEFAULT	u_022c_1000d47c
1000d488	Label	DEFAULT	u_0252_1000d488
1000d494	Label	DEFAULT	DAT_1000d494
1000d498	Label	DEFAULT	s_invalid_string_position_1000d498
1000d4b0	Label	DEFAULT	s_string_too_long_1000d4b0
1000d4c0	Label	IMPORTED	CKB75Util::vftable_meta_ptr
1000d4c4	Label	IMPORTED	CKB75Util::vftable
1000d4d0	Label	IMPORTED	CKeyboardDefine::vftable_meta_ptr
1000d4d4	Label	IMPORTED	CKeyboardDefine::vftable
1000d4dc	Label	IMPORTED	CKeyboardUtil::vftable_meta_ptr
1000d4e0	Label	IMPORTED	CKeyboardUtil::vftable
1000d4e8	Label	IMPORTED	CMacroKeyDefine::vftable_meta_ptr
1000d4ec	Label	IMPORTED	CMacroKeyDefine::vftable
1000d4f4	Label	IMPORTED	CNormalKeyDefine::vftable_meta_ptr
1000d4f8	Label	IMPORTED	CNormalKeyDefine::vftable
1000d4fc	Label	DEFAULT	vftable[1]
1000d500	Label	DEFAULT	PTR____DestructExceptionObject_1000d500
1000d504	Label	IMPORTED	std::bad_exception::vftable_meta_ptr
1000d508	Label	IMPORTED	std::bad_exception::vftable
1000d510	Label	DEFAULT	s_bad_exception_1000d510
1000d520	Label	DEFAULT	IMAGE_LOAD_CONFIG_DIRECTORY32_1000d520
1000d5f0	Label	IMPORTED	std::logic_error::RTTI_Complete_Object_Locator
1000d604	Label	IMPORTED	std::logic_error::RTTI_Class_Hierarchy_Descriptor
1000d614	Label	IMPORTED	std::logic_error::RTTI_Base_Class_Array
1000d620	Label	IMPORTED	std::logic_error::RTTI_Base_Class_Descriptor_at_(0,-1,0,64)
1000d63c	Label	IMPORTED	std::length_error::RTTI_Complete_Object_Locator
1000d650	Label	IMPORTED	std::length_error::RTTI_Class_Hierarchy_Descriptor
1000d660	Label	IMPORTED	std::length_error::RTTI_Base_Class_Array
1000d670	Label	IMPORTED	std::length_error::RTTI_Base_Class_Descriptor_at_(0,-1,0,64)
1000d68c	Label	IMPORTED	std::out_of_range::RTTI_Complete_Object_Locator
1000d6a0	Label	IMPORTED	std::out_of_range::RTTI_Class_Hierarchy_Descriptor
1000d6b0	Label	IMPORTED	std::out_of_range::RTTI_Base_Class_Array
1000d6c0	Label	IMPORTED	std::out_of_range::RTTI_Base_Class_Descriptor_at_(0,-1,0,64)
1000d6dc	Label	IMPORTED	std::exception::RTTI_Complete_Object_Locator
1000d6f0	Label	IMPORTED	type_info::RTTI_Complete_Object_Locator
1000d704	Label	IMPORTED	type_info::RTTI_Class_Hierarchy_Descriptor
1000d714	Label	IMPORTED	type_info::RTTI_Base_Class_Array
1000d71c	Label	IMPORTED	type_info::RTTI_Base_Class_Descriptor_at_(0,-1,0,64)
1000d738	Label	IMPORTED	CContinousKeyDefine::RTTI_Complete_Object_Locator
1000d74c	Label	IMPORTED	CContinousKeyDefine::RTTI_Class_Hierarchy_Descriptor
1000d75c	Label	IMPORTED	CContinousKeyDefine::RTTI_Base_Class_Array
1000d768	Label	IMPORTED	CKeyDefine::RTTI_Base_Class_Descriptor_at_(0,-1,0,64)
1000d784	Label	IMPORTED	CKeyDefine::RTTI_Class_Hierarchy_Descriptor
1000d794	Label	IMPORTED	CKeyDefine::RTTI_Base_Class_Array
1000d79c	Label	IMPORTED	CContinousKeyDefine::RTTI_Base_Class_Descriptor_at_(0,-1,0,64)
1000d7b8	Label	IMPORTED	std::bad_alloc::RTTI_Complete_Object_Locator
1000d7cc	Label	IMPORTED	std::bad_alloc::RTTI_Class_Hierarchy_Descriptor
1000d7dc	Label	IMPORTED	std::bad_alloc::RTTI_Base_Class_Array
1000d7e8	Label	IMPORTED	std::exception::RTTI_Base_Class_Descriptor_at_(0,-1,0,64)
1000d804	Label	IMPORTED	std::exception::RTTI_Class_Hierarchy_Descriptor
1000d814	Label	IMPORTED	std::exception::RTTI_Base_Class_Array
1000d81c	Label	IMPORTED	std::bad_alloc::RTTI_Base_Class_Descriptor_at_(0,-1,0,64)
1000d838	Label	IMPORTED	CKB75::RTTI_Complete_Object_Locator
1000d84c	Label	IMPORTED	CKB75::RTTI_Class_Hierarchy_Descriptor
1000d85c	Label	IMPORTED	CKB75::RTTI_Base_Class_Array
1000d868	Label	IMPORTED	CKeyboardDefine::RTTI_Base_Class_Descriptor_at_(0,-1,0,64)
1000d884	Label	IMPORTED	CKeyboardDefine::RTTI_Class_Hierarchy_Descriptor
1000d894	Label	IMPORTED	CKeyboardDefine::RTTI_Base_Class_Array
1000d89c	Label	IMPORTED	CKB75::RTTI_Base_Class_Descriptor_at_(0,-1,0,64)
1000d8b8	Label	IMPORTED	CKB75Util::RTTI_Complete_Object_Locator
1000d8cc	Label	IMPORTED	CKB75Util::RTTI_Class_Hierarchy_Descriptor
1000d8dc	Label	IMPORTED	CKB75Util::RTTI_Base_Class_Array
1000d8e8	Label	IMPORTED	CKeyboardUtil::RTTI_Base_Class_Descriptor_at_(0,-1,0,64)
1000d904	Label	IMPORTED	CKeyboardUtil::RTTI_Class_Hierarchy_Descriptor
1000d914	Label	IMPORTED	CKeyboardUtil::RTTI_Base_Class_Array
1000d91c	Label	IMPORTED	CKB75Util::RTTI_Base_Class_Descriptor_at_(0,-1,0,64)
1000d938	Label	IMPORTED	CKeyboardDefine::RTTI_Complete_Object_Locator
1000d94c	Label	IMPORTED	CKeyboardUtil::RTTI_Complete_Object_Locator
1000d960	Label	IMPORTED	CMacroKeyDefine::RTTI_Complete_Object_Locator
1000d974	Label	IMPORTED	CMacroKeyDefine::RTTI_Class_Hierarchy_Descriptor
1000d984	Label	IMPORTED	CMacroKeyDefine::RTTI_Base_Class_Array
1000d990	Label	IMPORTED	CMacroKeyDefine::RTTI_Base_Class_Descriptor_at_(0,-1,0,64)
1000d9ac	Label	IMPORTED	CNormalKeyDefine::RTTI_Complete_Object_Locator
1000d9c0	Label	IMPORTED	CNormalKeyDefine::RTTI_Class_Hierarchy_Descriptor
1000d9d0	Label	IMPORTED	CNormalKeyDefine::RTTI_Base_Class_Array
1000d9dc	Label	IMPORTED	CNormalKeyDefine::RTTI_Base_Class_Descriptor_at_(0,-1,0,64)
1000d9f8	Label	IMPORTED	std::bad_exception::RTTI_Complete_Object_Locator
1000da0c	Label	IMPORTED	std::bad_exception::RTTI_Class_Hierarchy_Descriptor
1000da1c	Label	IMPORTED	std::bad_exception::RTTI_Base_Class_Array
1000da28	Label	IMPORTED	std::bad_exception::RTTI_Base_Class_Descriptor_at_(0,-1,0,64)
1000da50	Label	DEFAULT	DAT_1000da50
1000da7c	Label	DEFAULT	DAT_1000da7c
1000da80	Label	DEFAULT	DAT_1000da80
1000da84	Label	DEFAULT	DAT_1000da84
1000da88	Label	DEFAULT	DAT_1000da88
1000daa4	Label	DEFAULT	DAT_1000daa4
1000dac4	Label	DEFAULT	DAT_1000dac4
1000dae0	Label	DEFAULT	DAT_1000dae0
1000db00	Label	DEFAULT	DAT_1000db00
1000db20	Label	DEFAULT	DAT_1000db20
1000db40	Label	DEFAULT	DAT_1000db40
1000db60	Label	DEFAULT	DAT_1000db60
1000db80	Label	DEFAULT	DAT_1000db80
1000dba0	Label	DEFAULT	DAT_1000dba0
1000dbc0	Label	DEFAULT	DAT_1000dbc0
1000dbe8	Label	DEFAULT	DAT_1000dbe8
1000dc10	Label	DEFAULT	DAT_1000dc10
1000dc30	Label	DEFAULT	DAT_1000dc30
1000dc50	Label	DEFAULT	DAT_1000dc50
1000dc70	Label	DEFAULT	DAT_1000dc70
1000dc90	Label	DEFAULT	DAT_1000dc90
1000dcb0	Label	DEFAULT	DAT_1000dcb0
1000dcd0	Label	DEFAULT	DAT_1000dcd0
1000dcf0	Label	DEFAULT	DAT_1000dcf0
1000dd0c	Label	DEFAULT	DAT_1000dd0c
1000dd28	Label	DEFAULT	DAT_1000dd28
1000dd50	Label	DEFAULT	DAT_1000dd50
1000dd60	Label	DEFAULT	UnwindMapEntry_ARRAY_1000dd60
1000dd80	Label	DEFAULT	HandlerType_1000dd80
1000dd90	Label	DEFAULT	HandlerType_1000dd90
1000dda0	Label	DEFAULT	TryBlockMapEntry_ARRAY_1000dda0
1000ddc8	Label	DEFAULT	FuncInfo_1000ddc8
1000ddec	Label	DEFAULT	UnwindMapEntry_ARRAY_1000ddec
1000de14	Label	DEFAULT	FuncInfo_1000de14
1000de38	Label	DEFAULT	UnwindMapEntry_ARRAY_1000de38
1000de88	Label	DEFAULT	FuncInfo_1000de88
1000deac	Label	DEFAULT	UnwindMapEntry_ARRAY_1000deac
1000dedc	Label	DEFAULT	FuncInfo_1000dedc
1000df00	Label	DEFAULT	DAT_1000df00
1000df28	Label	DEFAULT	DAT_1000df28
1000df44	Label	DEFAULT	HandlerType_1000df44
1000df54	Label	DEFAULT	UnwindMapEntry_ARRAY_1000df54
1000df64	Label	DEFAULT	TryBlockMapEntry_1000df64
1000df78	Label	DEFAULT	FuncInfo_1000df78
1000dfa0	Label	DEFAULT	DAT_1000dfa0
1000dfc8	Label	DEFAULT	DAT_1000dfc8
1000dfe8	Label	DEFAULT	DAT_1000dfe8
1000e004	Label	DEFAULT	DAT_1000e004
1000e020	Label	DEFAULT	DAT_1000e020
1000e03c	Label	DEFAULT	DWORD_1000e03c
1000e6e0	Label	DEFAULT	IMAGE_DIRECTORY_ENTRY_EXPORT_1000e6e0
1000e708	Label	DEFAULT	DAT_1000e708
1000e764	Label	DEFAULT	DAT_1000e764
1000e7c0	Label	DEFAULT	WORD_1000e7c0
1000e7ee	Label	DEFAULT	s_66EC(XRGB)BleHWI.dll_1000e7ee
1000e803	Label	DEFAULT	s_??0CKB75HWI@@QAE@XZ_1000e803
1000e817	Label	DEFAULT	s_??1CKB75HWI@@QAE@XZ_1000e817
1000e82b	Label	DEFAULT	s_??4CKB75HWI@@QAEAAV0@ABV0@@Z_1000e82b
1000e848	Label	DEFAULT	s_?DetectDevice@CKB75HWI@@QAE_NXZ_1000e848
1000e868	Label	DEFAULT	s_?DetectDeviceForMac@CKB75HWI@@QA_1000e868
1000e88d	Label	DEFAULT	s_?DetectDeviceType@CKB75HWI@@QAEH_1000e88d
1000e8b0	Label	DEFAULT	s_?InstallHook@@YAXPAUHWND__@@@Z_1000e8b0
1000e8cf	Label	DEFAULT	s_?KeyBoardProc@@YGJHIJ@Z_1000e8cf
1000e8e7	Label	DEFAULT	s_?ReadKeyboardVersion@CKB75HWI@@Q_1000e8e7
1000e912	Label	DEFAULT	s_?UninstallHook@@YAXXZ_1000e912
1000e928	Label	DEFAULT	s_?WriteFirmwareToKeyboard@CKB75HW_1000e928
1000e962	Label	DEFAULT	s_?__closeDev@CKB75HWI@@QAE_NXZ_1000e962
1000e980	Label	DEFAULT	s_?__createDev@CKB75HWI@@QAE_NXZ_1000e980
1000e99f	Label	DEFAULT	s_?getHardwareVersion@CKB75HWI@@QA_1000e99f
1000e9c7	Label	DEFAULT	s_?getKeyConfiguration@CKB75HWI@@Q_1000e9c7
1000e9f4	Label	DEFAULT	s_?getKeyboardLightArea@CKB75HWI@@_1000e9f4
1000ea1f	Label	DEFAULT	s_?getPressCounterFromDev@CKB75HWI_1000ea1f
1000ea4c	Label	DEFAULT	s_?prepare@CKB75HWI@@QAE_NXZ_1000ea4c
1000ea67	Label	DEFAULT	s_?readKeyDefinationFromDev@CKB75H_1000ea67
1000ea9e	Label	DEFAULT	s_?readKeyLightFromDev@CKB75HWI@@Q_1000ea9e
1000eac5	Label	DEFAULT	s_?setKeyConfiguration@CKB75HWI@@Q_1000eac5
1000eaf2	Label	DEFAULT	s_?setKeyboardLightArea@CKB75HWI@@_1000eaf2
1000eb1d	Label	DEFAULT	s_?writeKeyConfigurationToDev@CKB7_1000eb1d
1000f000	Label	IMPORTED	std::logic_error::RTTI_Type_Descriptor
1000f020	Label	IMPORTED	std::length_error::RTTI_Type_Descriptor
1000f040	Label	IMPORTED	std::out_of_range::RTTI_Type_Descriptor
1000f060	Label	IMPORTED	type_info::RTTI_Type_Descriptor
1000f080	Label	DEFAULT	DAT_1000f080
1000f084	Label	DEFAULT	DAT_1000f084
1000f090	Label	DEFAULT	DAT_1000f090
1000f098	Label	DEFAULT	DAT_1000f098
1000f09c	Label	DEFAULT	DAT_1000f09c
1000f1f8	Label	DEFAULT	DAT_1000f1f8
1000f200	Label	DEFAULT	DAT_1000f200
1000f204	Label	DEFAULT	DAT_1000f204
1000f208	Label	DEFAULT	DAT_1000f208
1000f250	Label	DEFAULT	DAT_1000f250
1000f254	Label	DEFAULT	DAT_1000f254
1000f258	Label	DEFAULT	DAT_1000f258
1000f25c	Label	DEFAULT	DAT_1000f25c
1000f370	Label	DEFAULT	PTR_LAB_1000f370
1000f374	Label	DEFAULT	PTR_LAB_1000f374
1000f398	Label	DEFAULT	DAT_1000f398
1000f3a0	Label	DEFAULT	PTR_DAT_1000f3a0
1000f508	Label	DEFAULT	DAT_1000f508
1000f5e0	Label	DEFAULT	PTR_DAT_1000f5e0
1000f5e8	Label	DEFAULT	DAT_1000f5e8
1000f808	Label	DEFAULT	DAT_1000f808
1000f809	Label	DEFAULT	DAT_1000f809
1000f910	Label	DEFAULT	DAT_1000f910
1000f911	Label	DEFAULT	DAT_1000f911
1000fa10	Label	DEFAULT	PTR_DAT_1000fa10
1000fa15	Label	DEFAULT	DAT_1000fa15
1000fa18	Label	DEFAULT	DAT_1000fa18
1000fa1c	Label	DEFAULT	DAT_1000fa1c
1000fa1e	Label	DEFAULT	DAT_1000fa1e
1000fa28	Label	DEFAULT	DAT_1000fa28
1000fa30	Label	DEFAULT	DAT_1000fa30
1000fa31	Label	DEFAULT	DAT_1000fa31
1000fa32	Label	DEFAULT	DAT_1000fa32
1000fa48	Label	DEFAULT	DAT_1000fa48
1000fb10	Label	DEFAULT	DAT_1000fb10
1000fb14	Label	DEFAULT	DAT_1000fb14
1000fb18	Label	DEFAULT	DAT_1000fb18
1000fb1c	Label	DEFAULT	DAT_1000fb1c
1000fb20	Label	DEFAULT	DAT_1000fb20
1000fb30	Label	DEFAULT	DAT_1000fb30
1000fb34	Label	DEFAULT	DAT_1000fb34
1000fb38	Label	DEFAULT	PTR_DAT_1000fb38
1000fb3c	Label	DEFAULT	PTR_DAT_1000fb3c
1000fb40	Label	DEFAULT	PTR_DAT_1000fb40
1000fb44	Label	DEFAULT	PTR_DAT_1000fb44
1000fb48	Label	DEFAULT	PTR_DAT_1000fb48
1000fb4c	Label	DEFAULT	PTR_DAT_1000fb4c
1000fb50	Label	DEFAULT	PTR_DAT_1000fb50
1000fb54	Label	DEFAULT	PTR_DAT_1000fb54
1000fb58	Label	DEFAULT	PTR_DAT_1000fb58
1000fb5c	Label	DEFAULT	PTR_DAT_1000fb5c
1000fb68	Label	DEFAULT	PTR_DAT_1000fb68
1000fb6c	Label	DEFAULT	PTR_DAT_1000fb6c
1000fb70	Label	DEFAULT	PTR_DAT_1000fb70
1000fb74	Label	DEFAULT	PTR_DAT_1000fb74
1000fb78	Label	DEFAULT	PTR_DAT_1000fb78
1000fb7c	Label	DEFAULT	PTR_DAT_1000fb7c
1000fb80	Label	DEFAULT	PTR_DAT_1000fb80
1000fb84	Label	DEFAULT	PTR_DAT_1000fb84
1000fbc0	Label	IMPORTED	CKeyDefine::RTTI_Type_Descriptor
1000fbdc	Label	IMPORTED	CContinousKeyDefine::RTTI_Type_Descriptor
1000fc00	Label	IMPORTED	std::bad_alloc::RTTI_Type_Descriptor
1000fc1c	Label	IMPORTED	std::exception::RTTI_Type_Descriptor
1000fc38	Label	IMPORTED	CKeyboardDefine::RTTI_Type_Descriptor
1000fc58	Label	IMPORTED	CKB75::RTTI_Type_Descriptor
1000fc6c	Label	IMPORTED	CKeyboardUtil::RTTI_Type_Descriptor
1000fc88	Label	IMPORTED	CKB75Util::RTTI_Type_Descriptor
1000fca0	Label	IMPORTED	CMacroKeyDefine::RTTI_Type_Descriptor
1000fcc0	Label	IMPORTED	CNormalKeyDefine::RTTI_Type_Descriptor
1000fce0	Label	IMPORTED	std::bad_exception::RTTI_Type_Descriptor
1000fd00	Label	DEFAULT	DAT_1000fd00
1000fd0c	Label	DEFAULT	DAT_1000fd0c
1000fd10	Label	DEFAULT	DAT_1000fd10
1000fd14	Label	DEFAULT	DAT_1000fd14
1000fd1c	Label	DEFAULT	DAT_1000fd1c
1000fd20	Label	DEFAULT	DAT_1000fd20
1000fd28	Label	DEFAULT	DAT_1000fd28
1000fd2c	Label	DEFAULT	DAT_1000fd2c
1000fd34	Label	DEFAULT	DAT_1000fd34
1000fd78	Label	DEFAULT	DAT_1000fd78
1000fd80	Label	DEFAULT	DAT_1000fd80
1000fe0c	Label	DEFAULT	DAT_1000fe0c
1000fe10	Label	DEFAULT	DAT_1000fe10
1000fe14	Label	DEFAULT	DAT_1000fe14
1000fe18	Label	DEFAULT	DAT_1000fe18
1000fe1c	Label	DEFAULT	DAT_1000fe1c
1000fe20	Label	DEFAULT	DAT_1000fe20
1000fe24	Label	DEFAULT	DAT_1000fe24
1000fe28	Label	DEFAULT	DAT_1000fe28
1000fe2c	Label	DEFAULT	DAT_1000fe2c
1000fe30	Label	DEFAULT	DAT_1000fe30
1000fe34	Label	DEFAULT	DAT_1000fe34
1000fe38	Label	DEFAULT	DAT_1000fe38
1000fe3c	Label	DEFAULT	DAT_1000fe3c
1000fe40	Label	DEFAULT	DAT_1000fe40
1000fe44	Label	DEFAULT	DAT_1000fe44
1000fe48	Label	DEFAULT	DAT_1000fe48
1001004c	Label	DEFAULT	DAT_1001004c
10010050	Label	DEFAULT	DAT_10010050
10010054	Label	DEFAULT	DAT_10010054
10010058	Label	DEFAULT	DAT_10010058
10010060	Label	DEFAULT	DAT_10010060
10010064	Label	DEFAULT	DAT_10010064
1001006c	Label	DEFAULT	DAT_1001006c
1001007c	Label	DEFAULT	DAT_1001007c
10010084	Label	DEFAULT	DAT_10010084
10010088	Label	DEFAULT	DAT_10010088
1001008c	Label	DEFAULT	DAT_1001008c
10010090	Label	DEFAULT	DAT_10010090
100100c2	Label	DEFAULT	DAT_100100c2
100102ca	Label	DEFAULT	DAT_100102ca
100106b8	Label	DEFAULT	DAT_100106b8
100106bc	Label	DEFAULT	DAT_100106bc
100106c0	Label	DEFAULT	DAT_100106c0
100106c4	Label	DEFAULT	DAT_100106c4
100106c8	Label	DEFAULT	DAT_100106c8
100106cc	Label	DEFAULT	DAT_100106cc
100106d0	Label	DEFAULT	DAT_100106d0
100106d8	Label	DEFAULT	DAT_100106d8
100107dc	Label	DEFAULT	DAT_100107dc
100107e0	Label	DEFAULT	DAT_100107e0
100107e8	Label	DEFAULT	DAT_100107e8
10010800	Label	DEFAULT	DAT_10010800
10010974	Label	DEFAULT	DAT_10010974
10010978	Label	DEFAULT	DAT_10010978
1001097c	Label	DEFAULT	DAT_1001097c
10010980	Label	DEFAULT	DAT_10010980
10010984	Label	DEFAULT	DAT_10010984
1001098c	Label	DEFAULT	DAT_1001098c
10010990	Label	DEFAULT	DAT_10010990
10010994	Label	DEFAULT	DAT_10010994
10010998	Label	DEFAULT	DAT_10010998
1001099c	Label	DEFAULT	DAT_1001099c
100109a0	Label	DEFAULT	DAT_100109a0
100109a4	Label	DEFAULT	DAT_100109a4
100109a8	Label	DEFAULT	DAT_100109a8
100109aa	Label	DEFAULT	DAT_100109aa
100109b4	Label	DEFAULT	DAT_100109b4
100109b8	Label	DEFAULT	DAT_100109b8
100109bc	Label	DEFAULT	DAT_100109bc
100109c0	Label	DEFAULT	DAT_100109c0
100109c4	Label	DEFAULT	DAT_100109c4
100109cc	Label	DEFAULT	DAT_100109cc
100109d8	Label	DEFAULT	DAT_100109d8
100109da	Label	DEFAULT	DAT_100109da
100109db	Label	DEFAULT	DAT_100109db
10010dc0	Label	DEFAULT	DAT_10010dc0
10010dc4	Label	DEFAULT	DAT_10010dc4
10010de0	Label	DEFAULT	DAT_10010de0
10010de4	Label	DEFAULT	DAT_10010de4
10010ee0	Label	DEFAULT	DAT_10010ee0
10010ee4	Label	DEFAULT	DAT_10010ee4
10010ee8	Label	DEFAULT	DAT_10010ee8
10010eec	Label	DEFAULT	DAT_10010eec
10010ef0	Label	DEFAULT	DAT_10010ef0
10010ef4	Label	DEFAULT	DAT_10010ef4
10010ef8	Label	DEFAULT	DAT_10010ef8
10010efc	Label	DEFAULT	DAT_10010efc
10011000	Label	DEFAULT	DAT_10011000
10011004	Label	DEFAULT	DAT_10011004
10012000	Label	DEFAULT	IMAGE_RESOURCE_DIRECTORY_10012000
10012058	Label	IMPORTED	Rsrc_Manifest_2_409
10013000	Label	DEFAULT	IMAGE_BASE_RELOCATION_10013000
ffdff000	Label	ANALYSIS	ExceptionList
ffdff004	Label	ANALYSIS	StackBase
ffdff008	Label	ANALYSIS	StackLimit
ffdff00c	Label	ANALYSIS	SubSystemTib
ffdff010	Label	ANALYSIS	FiberData
ffdff014	Label	ANALYSIS	ArbitraryUserPointer
ffdff018	Label	ANALYSIS	Self
ffdff01c	Label	ANALYSIS	EnvironmentPointer
ffdff020	Label	ANALYSIS	ClientId
ffdff028	Label	ANALYSIS	ActiveRpcHandle
ffdff02c	Label	ANALYSIS	ThreadLocalStoragePointer
ffdff030	Label	ANALYSIS	ProcessEnvironmentBlock
ffdff034	Label	ANALYSIS	LastErrorValue
ffdff038	Label	ANALYSIS	CountOfOwnedCriticalSections
ffdff03c	Label	ANALYSIS	CsrClientThread
ffdff040	Label	ANALYSIS	Win32ThreadInfo
ffdff044	Label	ANALYSIS	User32Reserved
ffdff0ac	Label	ANALYSIS	UserReserved
ffdff0c0	Label	ANALYSIS	WOW32Reserved
ffdff0c4	Label	ANALYSIS	CurrentLocale
ffdff0c8	Label	ANALYSIS	FpSoftwareStatusRegister
ffdff0cc	Label	ANALYSIS	SystemReserved1
ffdff1a4	Label	ANALYSIS	ExceptionCode
ffdff1a8	Label	ANALYSIS	ActivationContextStackPointer
ffdff1ac	Label	ANALYSIS	SpareBytes
ffdff1d0	Label	ANALYSIS	TxFsContext
ffdff1d4	Label	ANALYSIS	GdiTebBatch
ffdff6b4	Label	ANALYSIS	RealClientId
ffdff6bc	Label	ANALYSIS	GdiCachedProcessHandle
ffdff6c0	Label	ANALYSIS	GdiClientPID
ffdff6c4	Label	ANALYSIS	GdiCLientTID
ffdff6c8	Label	ANALYSIS	GdiThreadLocalInfo
ffdff6cc	Label	ANALYSIS	Win32ClientInfo
ffdff7c4	Label	ANALYSIS	glDispatchTable
ffdffb68	Label	ANALYSIS	glReserved1
ffdffbdc	Label	ANALYSIS	glReserved2
ffdffbe0	Label	ANALYSIS	glSectionInfo
ffdffbe4	Label	ANALYSIS	glSection
ffdffbe8	Label	ANALYSIS	glTable
ffdffbec	Label	ANALYSIS	glCurrentRC
ffdffbf0	Label	ANALYSIS	glContext
ffdffbf4	Label	ANALYSIS	LastStatusValue
ffdffc00	Label	ANALYSIS	StaticUnicodeBuffer
ffdffe0c	Label	ANALYSIS	DeallocationStack
ffdffe10	Label	ANALYSIS	TlsSlots
ffdfff10	Label	ANALYSIS	TlsLinks.Flink
ffdfff14	Label	ANALYSIS	TlsLinks.Blink
ffdfff18	Label	ANALYSIS	Vdm
ffdfff1c	Label	ANALYSIS	ReservedForNtRpc
ffdfff20	Label	ANALYSIS	DbgSsReserved
ffdfff28	Label	ANALYSIS	HardErrorMode
ffdfff2c	Label	ANALYSIS	Instrumentation
ffdfff50	Label	ANALYSIS	ActivityId
ffdfff60	Label	ANALYSIS	SubProcessTag
ffdfff64	Label	ANALYSIS	EtwLocalData
ffdfff68	Label	ANALYSIS	EtwTraceData
ffdfff6c	Label	ANALYSIS	WinSockData
ffdfff70	Label	ANALYSIS	GdiBatchCount
ffdfff74	Label	ANALYSIS	IdealProcessorValue
ffdfff78	Label	ANALYSIS	GuaranteedStackBytes
ffdfff7c	Label	ANALYSIS	ReservedForPerf
ffdfff80	Label	ANALYSIS	ReservedForOle
ffdfff84	Label	ANALYSIS	WaitingOnLoaderLock
ffdfff88	Label	ANALYSIS	SavedPriorityState
ffdfff8c	Label	ANALYSIS	SoftPatchPtr1
ffdfff90	Label	ANALYSIS	ThreadPoolData
ffdfff94	Label	ANALYSIS	TlsExpansionSlots
ffdfff98	Label	ANALYSIS	MuiGeneration
ffdfff9c	Label	ANALYSIS	IsImpersonating
ffdfffa0	Label	ANALYSIS	NlsCache
ffdfffa4	Label	ANALYSIS	pShimData
ffdfffa8	Label	ANALYSIS	HeapVirtualAffinity
ffdfffac	Label	ANALYSIS	CurrentTransactionHandle
ffdfffb0	Label	ANALYSIS	ActiveFrame
ffdfffb4	Label	ANALYSIS	FlsData
ffdfffb8	Label	ANALYSIS	PreferredLanguages
ffdfffbc	Label	ANALYSIS	UserPrefLanguages
ffdfffc0	Label	ANALYSIS	MergedPrefLanguages
ffdfffc4	Label	ANALYSIS	MuiImpersonation
ffdfffc8	Label	ANALYSIS	CrossTebFlags
ffdfffca	Label	ANALYSIS	SameTebFlags
ffdfffcc	Label	ANALYSIS	TxnScopeEnterCallback
ffdfffd0	Label	ANALYSIS	TxnScopeExitCallback
ffdfffd4	Label	ANALYSIS	TxnScopeContext
ffdfffd8	Label	ANALYSIS	LockCount
ffdfffe0	Label	ANALYSIS	ResourceRetValue
