from	function	to	type
000000c0		000000d0	READ
000000c0		20004180	PARAM
000000c4		00000238	UNCONDITIONAL_CALL
000000c8	main	000000cc	READ
000000c8	main	0000b491	PARAM
000000ca	main	0000b490	COMPUTED_CALL
000000da	HardFault_Handler	000000e2	CONDITIONAL_JUMP
000000e0	HardFault_Handler	000000e6	UNCONDITIONAL_JUMP
000000e8	HardFault_Handler	000000ec	READ
000000ea	HardFault_Handler	0000479c	COMPUTED_JUMP
000000f0	Reset_Handler	0000011c	READ
000000f2	Reset_Handler	00000120	READ
000000f4	Reset_Handler	50000100	WRITE
000000f6	Reset_Handler	00000124	READ
000000f8	Reset_Handler	50000100	WRITE
000000fa	Reset_Handler	00000128	READ
000000fc	Reset_Handler	50000100	WRITE
000000fe	Reset_Handler	0000012c	READ
000000fe	Reset_Handler	50000024	PARAM
00000100	Reset_Handler	00000130	READ
00000102	Reset_Handler	50000024	WRITE
00000102	Reset_Handler	00005aa5	DATA
00000106	Reset_Handler	50000100	WRITE
00000108	Reset_Handler	00000134	READ
00000108	Reset_Handler	00008e51	PARAM
0000010a	Reset_Handler	00008e50	COMPUTED_CALL
0000010c	Reset_Handler	00000138	READ
0000010e	Reset_Handler	000000c0	COMPUTED_JUMP
00000110	NMI_Handler	00000110	UNCONDITIONAL_JUMP
00000114	SVC_Handler	00000114	UNCONDITIONAL_JUMP
00000116	PendSV_Handler	00000116	UNCONDITIONAL_JUMP
00000118	SysTick_Handler	00000118	UNCONDITIONAL_JUMP
0000011a	Default_Handler	0000011a	UNCONDITIONAL_JUMP
00000148	aeabi_uidivmod	0000015e	UNCONDITIONAL_JUMP
00000150	aeabi_uidivmod	0000015e	CONDITIONAL_JUMP
00000164	aeabi_uidivmod	0000014a	CONDITIONAL_JUMP
00000170	aeabi_idivmod	00000176	CONDITIONAL_JUMP
00000178	aeabi_idivmod	0000017e	CONDITIONAL_JUMP
0000017e	aeabi_idivmod	0000013c	UNCONDITIONAL_CALL
00000184	aeabi_idivmod	00000188	CONDITIONAL_JUMP
0000018a	aeabi_idivmod	0000018e	CONDITIONAL_JUMP
00000196	aeabi_memcpy	000001a0	CONDITIONAL_JUMP
00000198	aeabi_memcpy	000001ae	UNCONDITIONAL_JUMP
000001a2	aeabi_memcpy	0000019a	CONDITIONAL_JUMP
000001a4	aeabi_memcpy	000001ae	UNCONDITIONAL_JUMP
000001b0	aeabi_memcpy	000001a6	CONDITIONAL_JUMP
000001b6	FUN_000001b4	000001bc	UNCONDITIONAL_JUMP
000001be	FUN_000001b4	000001b8	CONDITIONAL_JUMP
000001c4	FUN_000001c2	000001b4	UNCONDITIONAL_CALL
000001d0	FUN_000001c6	000001b4	UNCONDITIONAL_CALL
000001e6	FUN_000001d8	Stack[-0x2c]	WRITE
000001e8	FUN_000001d8	Stack[-0x30]	WRITE
000001ea	FUN_000001d8	00000224	UNCONDITIONAL_JUMP
000001ec	FUN_000001d8	Stack[-0x2c]	READ
000001f4	FUN_000001d8	0000027c	UNCONDITIONAL_CALL
000001f8	FUN_000001d8	Stack[-0x20]	READ
000001fa	FUN_000001d8	Stack[-0x1c]	READ
00000200	FUN_000001d8	00000224	CONDITIONAL_JUMP
00000208	FUN_000001d8	0000025c	UNCONDITIONAL_CALL
00000210	FUN_000001d8	Stack[-0x2c]	WRITE
00000218	FUN_000001d8	Stack[-0x30]	READ
0000021a	FUN_000001d8	0000025c	UNCONDITIONAL_CALL
00000222	FUN_000001d8	Stack[-0x30]	WRITE
0000022a	FUN_000001d8	000001ec	CONDITIONAL_JUMP
0000022c	FUN_000001d8	Stack[-0x2c]	READ
0000022e	FUN_000001d8	Stack[-0x30]	READ
00000238	scatterload_runtime	00000254	READ
0000023c	scatterload_runtime	00000258	READ
0000023e	scatterload_runtime	0000024c	UNCONDITIONAL_JUMP
00000242	scatterload_runtime	0000cccc	READ
00000244	scatterload_runtime	0000ccc0	READ
00000244	scatterload_runtime	0000ccc4	READ
00000244	scatterload_runtime	0000ccc8	READ
00000244	scatterload_runtime	0000cce0	PARAM
00000244	scatterload_runtime	20000000	PARAM
00000246	scatterload_runtime	0000b175	PARAM
00000248	scatterload_runtime	0000b174	COMPUTED_CALL
0000024e	scatterload_runtime	00000240	CONDITIONAL_JUMP
00000250	scatterload_runtime	000000c8	UNCONDITIONAL_CALL
00000254	scatterload_runtime	0000ccd0	READ
00000254	scatterload_runtime	0000ccd4	READ
00000258	scatterload_runtime	0000ccd8	READ
00000258	scatterload_runtime	0000ccdc	READ
00000258	scatterload_runtime	0000cce0	READ
00000260	FUN_0000025c	0000026c	CONDITIONAL_JUMP
00000280	FUN_0000027c	0000028c	CONDITIONAL_JUMP
000002be	adc_init	5000003c	READ
000002c4	adc_init	5000003c	WRITE
000002c6	adc_init	5000003c	READ
000002ca	adc_init	5000003c	WRITE
000002cc	adc_init	00000364	READ
000002ce	adc_init	50000054	READ
000002d4	adc_init	50000054	WRITE
000002d6	adc_init	50000054	READ
000002da	adc_init	50000054	WRITE
000002dc	adc_init	00000368	READ
000002dc	adc_init	500040c0	PARAM
000002de	adc_init	500040c4	READ
000002e2	adc_init	500040c4	WRITE
000002e4	adc_init	0000036c	READ
000002e8	adc_init	000038b4	UNCONDITIONAL_CALL
000002f4	adc_init	00003938	UNCONDITIONAL_CALL
000002f8	adc_init	00000370	READ
000002fa	adc_init	0000822e	UNCONDITIONAL_CALL
000002fe	adc_init	00000374	READ
00000306	adc_init	400e0000	PARAM
00000308	adc_init	0000029e	UNCONDITIONAL_CALL
0000030c	adc_init	400e0020	READ
00000312	adc_init	400e0020	WRITE
00000314	adc_init	00000378	READ
00000318	adc_init	400e0024	READ
00000320	adc_init	400e0024	WRITE
00000322	adc_init	400e0020	READ
0000032a	adc_init	400e0020	WRITE
0000032c	adc_init	400e0030	READ
00000330	adc_init	0000032c	CONDITIONAL_JUMP
00000332	adc_init	400e0030	WRITE
00000334	adc_init	400e0014	READ
00000342	adc_init	20000472	READ
00000342	adc_init	20000474	READ
00000346	adc_init	20000470	WRITE
00000346	adc_init	20000472	WRITE
0000034a	adc_init	0000033c	CONDITIONAL_JUMP
0000034c	adc_init	20000478	WRITE
0000034e	adc_init	400e0024	READ
00000356	adc_init	400e0024	WRITE
0000035e	adc_init	00000318	CONDITIONAL_JUMP
00000382	transport_uart_init	00000408	READ
00000382	transport_uart_init	500040c0	PARAM
00000384	transport_uart_init	000045e8	UNCONDITIONAL_CALL
00000388	transport_uart_init	0000040c	READ
0000038a	transport_uart_init	20000c5c	READ
0000038c	transport_uart_init	00000410	READ
0000038c	transport_uart_init	50004080	PARAM
00000390	transport_uart_init	000003a0	CONDITIONAL_JUMP
00000396	transport_uart_init	000045e8	UNCONDITIONAL_CALL
0000039a	transport_uart_init	00002ca4	UNCONDITIONAL_CALL
000003a4	transport_uart_init	000045e8	UNCONDITIONAL_CALL
000003a8	transport_uart_init	00000414	READ
000003ac	transport_uart_init	5000428c	WRITE
000003ae	transport_uart_init	00000418	READ
000003b6	transport_uart_init	00003938	UNCONDITIONAL_CALL
000003bc	transport_uart_init	000038b4	UNCONDITIONAL_CALL
000003c2	transport_uart_init	50000038	READ
000003c8	transport_uart_init	50000038	WRITE
000003ca	transport_uart_init	50000038	READ
000003ce	transport_uart_init	50000038	WRITE
000003d0	transport_uart_init	0000041c	READ
000003d2	transport_uart_init	50000050	READ
000003d8	transport_uart_init	50000050	WRITE
000003da	transport_uart_init	50000050	READ
000003de	transport_uart_init	50000050	WRITE
000003e0	transport_uart_init	00000420	READ
000003e2	transport_uart_init	0000822e	UNCONDITIONAL_CALL
000003e6	transport_uart_init	00000424	READ
000003ec	transport_uart_init	40050000	PARAM
000003ee	transport_uart_init	00009a80	UNCONDITIONAL_CALL
000003f4	transport_uart_init	40050000	PARAM
000003f6	transport_uart_init	00009a5c	UNCONDITIONAL_CALL
000003fc	transport_uart_init	00004054	UNCONDITIONAL_CALL
00000402	transport_uart_init	5000428c	WRITE
0000042c	FUN_00000428	00000574	READ
0000042e	FUN_00000428	00000578	READ
00000430	FUN_00000428	20000cc7	WRITE
00000436	FUN_00000428	50004040	PARAM
00000438	FUN_00000428	000045e8	UNCONDITIONAL_CALL
00000440	FUN_00000428	50004040	PARAM
00000442	FUN_00000428	000045e8	UNCONDITIONAL_CALL
0000044a	FUN_00000428	50004040	PARAM
0000044c	FUN_00000428	000045e8	UNCONDITIONAL_CALL
00000454	FUN_00000428	50004040	PARAM
00000456	FUN_00000428	000045e8	UNCONDITIONAL_CALL
0000045a	FUN_00000428	0000057c	READ
0000045a	FUN_00000428	50004240	PARAM
0000045c	FUN_00000428	50004258	READ
00000460	FUN_00000428	00000580	READ
00000460	FUN_00000428	20000c4c	PARAM
00000464	FUN_00000428	0000046e	CONDITIONAL_JUMP
00000466	FUN_00000428	20000c5c	WRITE
00000468	FUN_00000428	50004250	WRITE
0000046a	FUN_00000428	20000cc6	WRITE
0000046c	FUN_00000428	00000484	UNCONDITIONAL_JUMP
0000046e	FUN_00000428	20000c5c	WRITE
00000470	FUN_00000428	50004254	READ
00000474	FUN_00000428	00000562	CONDITIONAL_JUMP
00000476	FUN_00000428	50004250	WRITE
00000478	FUN_00000428	20000cc5	WRITE
0000047a	FUN_00000428	20000cc7	READ
00000480	FUN_00000428	20000cc7	WRITE
00000482	FUN_00000428	20000cc6	WRITE
00000484	FUN_00000428	00007628	UNCONDITIONAL_CALL
00000488	FUN_00000428	20000cc9	WRITE
0000048c	FUN_00000428	00000400	PARAM
0000048e	FUN_00000428	50004040	PARAM
00000490	FUN_00000428	000045e8	UNCONDITIONAL_CALL
00000498	FUN_00000428	50004040	PARAM
0000049a	FUN_00000428	000045e8	UNCONDITIONAL_CALL
000004a2	FUN_00000428	00002000	PARAM
000004a4	FUN_00000428	00000584	READ
000004a4	FUN_00000428	50004080	PARAM
000004a6	FUN_00000428	000045e8	UNCONDITIONAL_CALL
000004ac	FUN_00000428	00006730	UNCONDITIONAL_CALL
000004b2	FUN_00000428	00001000	PARAM
000004b4	FUN_00000428	00000588	READ
000004b4	FUN_00000428	50004000	PARAM
000004b6	FUN_00000428	000045e8	UNCONDITIONAL_CALL
000004be	FUN_00000428	00000584	READ
000004be	FUN_00000428	50004080	PARAM
000004c0	FUN_00000428	000045e8	UNCONDITIONAL_CALL
000004c8	FUN_00000428	00000584	READ
000004c8	FUN_00000428	50004080	PARAM
000004ca	FUN_00000428	000045e8	UNCONDITIONAL_CALL
000004d2	FUN_00000428	00000584	READ
000004d2	FUN_00000428	50004080	PARAM
000004d4	FUN_00000428	000045e8	UNCONDITIONAL_CALL
000004d8	FUN_00000428	0000058c	READ
000004da	FUN_00000428	50004230	WRITE
000004dc	FUN_00000428	00006778	UNCONDITIONAL_CALL
000004e2	FUN_00000428	00002000	PARAM
000004e4	FUN_00000428	00000588	READ
000004e4	FUN_00000428	50004000	PARAM
000004e6	FUN_00000428	000045e8	UNCONDITIONAL_CALL
000004ee	FUN_00000428	00000588	READ
000004ee	FUN_00000428	50004000	PARAM
000004f0	FUN_00000428	000045e8	UNCONDITIONAL_CALL
000004f4	FUN_00000428	00000590	READ
000004fa	FUN_00000428	500040c0	PARAM
000004fc	FUN_00000428	000045e8	UNCONDITIONAL_CALL
00000504	FUN_00000428	500040c0	PARAM
00000506	FUN_00000428	000045e8	UNCONDITIONAL_CALL
0000050e	FUN_00000428	500040c0	PARAM
00000510	FUN_00000428	000045e8	UNCONDITIONAL_CALL
00000514	FUN_00000428	50004234	WRITE
00000516	FUN_00000428	50004238	WRITE
0000051a	FUN_00000428	00001000	PARAM
0000051c	FUN_00000428	00000584	READ
0000051c	FUN_00000428	50004080	PARAM
0000051e	FUN_00000428	000045e8	UNCONDITIONAL_CALL
00000526	FUN_00000428	00000584	READ
00000526	FUN_00000428	50004080	PARAM
00000528	FUN_00000428	000045e8	UNCONDITIONAL_CALL
0000052e	FUN_00000428	00000400	PARAM
00000530	FUN_00000428	00000584	READ
00000530	FUN_00000428	50004080	PARAM
00000532	FUN_00000428	000045e8	UNCONDITIONAL_CALL
0000053a	FUN_00000428	00000584	READ
0000053a	FUN_00000428	50004080	PARAM
0000053c	FUN_00000428	000045e8	UNCONDITIONAL_CALL
00000544	FUN_00000428	00000584	READ
00000544	FUN_00000428	50004080	PARAM
00000546	FUN_00000428	000045e8	UNCONDITIONAL_CALL
0000054e	FUN_00000428	00000588	READ
0000054e	FUN_00000428	50004000	PARAM
00000550	FUN_00000428	000045e8	UNCONDITIONAL_CALL
00000558	FUN_00000428	50004040	PARAM
0000055a	FUN_00000428	000045e8	UNCONDITIONAL_CALL
00000566	FUN_00000428	00000598	READ
00000568	FUN_00000428	00000594	READ
0000056a	FUN_00000428	e000ed0c	WRITE
00000572	FUN_00000428	00000570	UNCONDITIONAL_JUMP
0000059e	board_init	00000428	UNCONDITIONAL_CALL
000005a2	board_init	000006f8	UNCONDITIONAL_CALL
000005a8	board_init	00000640	READ
000005ae	board_init	00000400	PARAM
000005b0	board_init	50004000	PARAM
000005b2	board_init	000045e8	UNCONDITIONAL_CALL
000005ba	board_init	50004000	PARAM
000005bc	board_init	000045e8	UNCONDITIONAL_CALL
000005c0	board_init	000002b8	UNCONDITIONAL_CALL
000005c4	board_init	00000644	READ
000005c8	board_init	000038b4	UNCONDITIONAL_CALL
000005d2	board_init	00003938	UNCONDITIONAL_CALL
000005d8	board_init	00000648	READ
000005de	board_init	40110000	PARAM
000005e0	board_init	000093fc	UNCONDITIONAL_CALL
000005e4	board_init	40110000	READ
000005ea	board_init	40110000	WRITE
000005ec	board_init	0000064c	READ
000005ee	board_init	e000e100	WRITE
000005ee	board_init	00000400	DATA
000005f0	board_init	40110000	READ
000005f6	board_init	40110000	WRITE
000005f8	board_init	00000650	READ
000005fc	board_init	00000654	READ
000005fe	board_init	20000cba	WRITE
00000602	board_init	000038b4	UNCONDITIONAL_CALL
0000060c	board_init	00003938	UNCONDITIONAL_CALL
00000610	board_init	0000065c	READ
00000612	board_init	00000658	READ
00000612	board_init	000016f8	PARAM
00000616	board_init	40010020	PARAM
00000618	board_init	000093fc	UNCONDITIONAL_CALL
0000061c	board_init	40010020	READ
00000620	board_init	40010020	WRITE
00000624	board_init	e000e100	WRITE
00000626	board_init	40010020	READ
0000062a	board_init	40010020	WRITE
0000062c	board_init	00000750	UNCONDITIONAL_CALL
00000630	board_init	0000abe0	UNCONDITIONAL_CALL
00000634	board_init	0000037c	UNCONDITIONAL_CALL
00000638	board_init	00000838	UNCONDITIONAL_CALL
00000662	FUN_00000660	00000688	READ
00000666	FUN_00000660	00000684	READ
0000066a	FUN_00000660	40040000	PARAM
0000066c	FUN_00000660	00006d40	UNCONDITIONAL_CALL
00000672	FUN_00000660	40040000	PARAM
00000674	FUN_00000660	00006e98	UNCONDITIONAL_CALL
0000067a	FUN_00000660	40040000	PARAM
0000067c	FUN_00000660	00006e90	UNCONDITIONAL_CALL
00000694	FUN_0000068c	50000030	READ
00000698	FUN_0000068c	00001000	PARAM
0000069c	FUN_0000068c	50000030	WRITE
0000069e	FUN_0000068c	50000030	READ
000006a2	FUN_0000068c	50000030	WRITE
000006a4	FUN_0000068c	000006e8	READ
000006a6	FUN_0000068c	0000822e	UNCONDITIONAL_CALL
000006aa	FUN_0000068c	000006ec	READ
000006b0	FUN_0000068c	20000000	PARAM
000006b4	FUN_0000068c	00003938	UNCONDITIONAL_CALL
000006ba	FUN_0000068c	000038b4	UNCONDITIONAL_CALL
000006c4	FUN_0000068c	000006c0	CONDITIONAL_JUMP
000006c8	FUN_0000068c	000006f4	READ
000006ca	FUN_0000068c	000006f0	READ
000006ce	FUN_0000068c	40040000	PARAM
000006d0	FUN_0000068c	00006d40	UNCONDITIONAL_CALL
000006d6	FUN_0000068c	40040000	PARAM
000006d8	FUN_0000068c	00006e98	UNCONDITIONAL_CALL
000006de	FUN_0000068c	40040000	PARAM
000006e0	FUN_0000068c	00006e90	UNCONDITIONAL_CALL
000006fc	FUN_000006f8	00000744	READ
00000702	FUN_000006f8	50000100	WRITE
00000704	FUN_000006f8	50000100	WRITE
00000706	FUN_000006f8	50000100	WRITE
00000708	FUN_000006f8	50000100	READ
0000070c	FUN_000006f8	00000702	CONDITIONAL_JUMP
0000070e	FUN_000006f8	00000748	READ
0000070e	FUN_000006f8	50000040	PARAM
00000710	FUN_000006f8	50000044	READ
00000716	FUN_000006f8	50000044	WRITE
0000071a	FUN_000006f8	000038d0	UNCONDITIONAL_CALL
0000071e	FUN_000006f8	0000074c	READ
00000720	FUN_000006f8	5000020c	READ
00000726	FUN_000006f8	00000720	CONDITIONAL_JUMP
00000728	FUN_000006f8	50000220	READ
00000730	FUN_000006f8	50000220	WRITE
00000734	FUN_000006f8	50000100	WRITE
00000736	FUN_000006f8	00008c80	UNCONDITIONAL_CALL
0000073c	FUN_000006f8	000039dc	UNCONDITIONAL_CALL
00000752	FUN_00000750	00000794	READ
00000754	FUN_00000750	00000798	READ
00000758	FUN_00000750	20000c56	WRITE
0000075c	FUN_00000750	000038b4	UNCONDITIONAL_CALL
00000766	FUN_00000750	00003938	UNCONDITIONAL_CALL
0000076a	FUN_00000750	20000c54	WRITE
0000076c	FUN_00000750	0000079c	READ
0000076e	FUN_00000750	000007a0	READ
00000770	FUN_00000750	0000bd60	READ
00000770	FUN_00000750	000008ac	PARAM
00000774	FUN_00000750	40010000	PARAM
00000776	FUN_00000750	000093fc	UNCONDITIONAL_CALL
0000077a	FUN_00000750	40010000	READ
00000780	FUN_00000750	40010000	WRITE
00000784	FUN_00000750	000007a4	READ
00000786	FUN_00000750	e000e100	WRITE
00000788	FUN_00000750	40010000	READ
0000078e	FUN_00000750	40010000	WRITE
000007aa	FUN_000007a8	000007d0	READ
000007b2	FUN_000007a8	40010000	PARAM
000007b4	FUN_000007a8	000093fc	UNCONDITIONAL_CALL
000007b8	FUN_000007a8	40010000	READ
000007be	FUN_000007a8	40010000	WRITE
000007c2	FUN_000007a8	000007d4	READ
000007c4	FUN_000007a8	e000e100	WRITE
000007c6	FUN_000007a8	40010000	READ
000007cc	FUN_000007a8	40010000	WRITE
000007da	FUN_000007d8	00000820	READ
000007dc	FUN_000007d8	40003c9b	PARAM
000007de	FUN_000007d8	000038b4	UNCONDITIONAL_CALL
000007e6	FUN_000007d8	40003c9b	PARAM
000007e8	FUN_000007d8	00003938	UNCONDITIONAL_CALL
000007ec	FUN_000007d8	00000824	READ
000007ee	FUN_000007d8	00000828	READ
000007ee	FUN_000007d8	0000bd5c	PARAM
000007f0	FUN_000007d8	20000c53	READ
000007f2	FUN_000007d8	0000bd5c	DATA
000007f4	FUN_000007d8	0000acbc	UNCONDITIONAL_CALL
000007f8	FUN_000007d8	20000c65	READ
000007fc	FUN_000007d8	00000802	CONDITIONAL_JUMP
000007fe	FUN_000007d8	000068e8	UNCONDITIONAL_CALL
00000804	FUN_000007d8	0000082c	READ
00000804	FUN_000007d8	00004615	PARAM
00000806	FUN_000007d8	00000830	READ
00000806	FUN_000007d8	20000228	PARAM
00000808	FUN_000007d8	00009e14	UNCONDITIONAL_CALL
0000080c	FUN_000007d8	0000473c	UNCONDITIONAL_CALL
00000810	FUN_000007d8	0000a124	UNCONDITIONAL_CALL
00000816	FUN_000007d8	00000834	READ
0000081a	FUN_000007d8	e000e100	WRITE
0000083a	FUN_00000838	0000088c	READ
0000083c	FUN_00000838	50000100	READ
00000840	FUN_00000838	00000854	CONDITIONAL_JUMP
00000848	FUN_00000838	50000100	WRITE
0000084a	FUN_00000838	50000100	WRITE
0000084c	FUN_00000838	50000100	WRITE
0000084e	FUN_00000838	50000100	READ
00000852	FUN_00000838	00000848	CONDITIONAL_JUMP
00000856	FUN_00000838	000038d0	UNCONDITIONAL_CALL
0000085a	FUN_00000838	00000890	READ
0000085a	FUN_00000838	50000200	PARAM
0000085e	FUN_00000838	5000020c	READ
00000862	FUN_00000838	0000085c	CONDITIONAL_JUMP
0000086a	FUN_00000838	000038b4	UNCONDITIONAL_CALL
00000874	FUN_00000838	00003938	UNCONDITIONAL_CALL
00000880	FUN_00000838	00000500	PARAM
00000882	FUN_00000838	0000adf4	UNCONDITIONAL_CALL
00000888	FUN_00000838	50000100	WRITE
00000896	FUN_00000894	000008e4	READ
00000898	FUN_00000894	000008e8	READ
0000089a	FUN_00000894	200003c9	READ
000008a0	FUN_00000894	200003c9	WRITE
000008a2	FUN_00000894	20000410	READ
000008a6	FUN_00000894	000008cc	CONDITIONAL_JUMP
000008aa	FUN_00000894	200003c9	WRITE
000008ac	FUN_00000894	200003c8	READ
000008b0	FUN_00000894	200003ca	READ
000008b4	FUN_00000894	000008ce	CONDITIONAL_JUMP
000008b8	FUN_00000894	000008cc	CONDITIONAL_JUMP
000008be	FUN_00000894	200003ca	WRITE
000008c0	FUN_00000894	00000660	UNCONDITIONAL_CALL
000008c4	FUN_00000894	200003ca	READ
000008c8	FUN_00000894	000008cc	CONDITIONAL_JUMP
000008ca	FUN_00000894	200003c8	WRITE
000008d2	FUN_00000894	200003ca	WRITE
000008d4	FUN_00000894	00000660	UNCONDITIONAL_CALL
000008d8	FUN_00000894	200003ca	READ
000008dc	FUN_00000894	000008cc	CONDITIONAL_JUMP
000008e0	FUN_00000894	200003c8	WRITE
000008ee	FUN_000008ec	00000980	CONDITIONAL_JUMP
000008f0	FUN_000008ec	00000984	READ
000008f2	FUN_000008ec	20000c5e	READ
000008f6	FUN_000008ec	000008fc	CONDITIONAL_JUMP
000008fa	FUN_000008ec	00000980	CONDITIONAL_JUMP
000008fe	FUN_000008ec	0000098c	READ
00000904	FUN_000008ec	00000988	READ
0000090a	FUN_000008ec	00000920	CONDITIONAL_JUMP
00000910	FUN_000008ec	0000c86b	DATA
00000912	FUN_000008ec	20003880	DATA
00000916	FUN_000008ec	0000c86c	DATA
00000918	FUN_000008ec	20003881	DATA
0000091a	FUN_000008ec	0000c86d	DATA
0000091c	FUN_000008ec	20003882	DATA
00000922	FUN_000008ec	00000934	CONDITIONAL_JUMP
00000924	FUN_000008ec	00000990	READ
00000926	FUN_000008ec	2000041a	READ
00000928	FUN_000008ec	20003880	DATA
0000092a	FUN_000008ec	2000041b	READ
0000092c	FUN_000008ec	20003881	DATA
0000092e	FUN_000008ec	2000041c	READ
00000930	FUN_000008ec	20003882	DATA
00000936	FUN_000008ec	00000948	CONDITIONAL_JUMP
0000093a	FUN_000008ec	0000096e	CONDITIONAL_JUMP
0000093e	FUN_000008ec	00000932	CONDITIONAL_JUMP
00000942	FUN_000008ec	0000162c	UNCONDITIONAL_CALL
00000948	FUN_000008ec	00000994	READ
0000094a	FUN_000008ec	200003c6	READ
00000950	FUN_000008ec	0000c86b	DATA
00000952	FUN_000008ec	20003880	DATA
00000956	FUN_000008ec	0000c86c	DATA
00000958	FUN_000008ec	20003881	DATA
0000095a	FUN_000008ec	0000c86d	DATA
0000095c	FUN_000008ec	20003882	DATA
00000962	FUN_000008ec	200003c6	WRITE
00000966	FUN_000008ec	00000946	CONDITIONAL_JUMP
0000096a	FUN_000008ec	200003c6	WRITE
0000096e	FUN_000008ec	00000998	READ
00000970	FUN_000008ec	20003946	DATA
00000972	FUN_000008ec	20003880	DATA
00000976	FUN_000008ec	20003947	DATA
00000978	FUN_000008ec	20003881	DATA
0000097a	FUN_000008ec	20003948	DATA
0000097c	FUN_000008ec	20003882	DATA
0000099e	FUN_0000099c	00000a22	CONDITIONAL_JUMP
000009a4	FUN_0000099c	00000a24	READ
000009a6	FUN_0000099c	20000c5e	READ
000009aa	FUN_0000099c	000009b0	CONDITIONAL_JUMP
000009ae	FUN_0000099c	000009e6	CONDITIONAL_JUMP
000009b0	FUN_0000099c	00000a28	READ
000009ba	FUN_0000099c	000009ec	CONDITIONAL_JUMP
000009be	FUN_0000099c	00000a2c	READ
000009c2	FUN_0000099c	0000c86b	DATA
000009c8	FUN_0000099c	000009ce	CONDITIONAL_JUMP
000009ca	FUN_0000099c	20003880	DATA
000009cc	FUN_0000099c	000009d0	UNCONDITIONAL_JUMP
000009ce	FUN_0000099c	20003880	DATA
000009d2	FUN_0000099c	0000c86c	DATA
000009d6	FUN_0000099c	000009dc	CONDITIONAL_JUMP
000009d8	FUN_0000099c	20003881	DATA
000009da	FUN_0000099c	000009de	UNCONDITIONAL_JUMP
000009dc	FUN_0000099c	20003881	DATA
000009de	FUN_0000099c	0000c86d	DATA
000009e2	FUN_0000099c	000009e8	CONDITIONAL_JUMP
000009e4	FUN_0000099c	20003882	DATA
000009e8	FUN_0000099c	20003882	DATA
000009ee	FUN_0000099c	00000a00	CONDITIONAL_JUMP
000009f0	FUN_0000099c	00000a30	READ
000009f2	FUN_0000099c	2000041a	READ
000009f4	FUN_0000099c	20003880	DATA
000009f6	FUN_0000099c	2000041b	READ
000009f8	FUN_0000099c	20003881	DATA
000009fa	FUN_0000099c	2000041c	READ
000009fc	FUN_0000099c	20003882	DATA
00000a02	FUN_0000099c	00000a10	CONDITIONAL_JUMP
00000a06	FUN_0000099c	000009fe	CONDITIONAL_JUMP
00000a0a	FUN_0000099c	0000162c	UNCONDITIONAL_CALL
00000a10	FUN_0000099c	00000a34	READ
00000a12	FUN_0000099c	20003946	DATA
00000a14	FUN_0000099c	20003880	DATA
00000a18	FUN_0000099c	20003947	DATA
00000a1a	FUN_0000099c	20003881	DATA
00000a1c	FUN_0000099c	20003948	DATA
00000a1e	FUN_0000099c	20003882	DATA
00000a3a	FUN_00000a38	00000a5c	CONDITIONAL_JUMP
00000a3e	FUN_00000a38	00000a60	READ
00000a40	FUN_00000a38	20000c5e	READ
00000a44	FUN_00000a38	00000a4a	CONDITIONAL_JUMP
00000a48	FUN_00000a38	00000a58	CONDITIONAL_JUMP
00000a4e	FUN_00000a38	00000a64	READ
00000a50	FUN_00000a38	20003880	DATA
00000a54	FUN_00000a38	20003881	DATA
00000a56	FUN_00000a38	20003882	DATA
00000a6a	FUN_00000a68	00000b20	READ
00000a6c	FUN_00000a68	00000b24	READ
00000a70	FUN_00000a68	00000a98	CONDITIONAL_JUMP
00000a78	FUN_00000a68	0000c86b	DATA
00000a7c	FUN_00000a68	0000c86c	DATA
00000a7e	FUN_00000a68	0000c86d	DATA
00000a84	FUN_00000a68	20003880	WRITE
00000a84	FUN_00000a68	20003883	WRITE
00000a86	FUN_00000a68	20003883	DATA
00000a8a	FUN_00000a68	20003881	WRITE
00000a8a	FUN_00000a68	20003884	WRITE
00000a8e	FUN_00000a68	20003882	WRITE
00000a8e	FUN_00000a68	20003885	WRITE
00000a92	FUN_00000a68	00000a80	CONDITIONAL_JUMP
00000a9a	FUN_00000a68	00000abe	CONDITIONAL_JUMP
00000a9c	FUN_00000a68	00000b28	READ
00000aa0	FUN_00000a68	2000041a	READ
00000aa2	FUN_00000a68	2000041b	READ
00000aa4	FUN_00000a68	2000041c	READ
00000aaa	FUN_00000a68	20003880	WRITE
00000aaa	FUN_00000a68	20003883	WRITE
00000ab0	FUN_00000a68	20003881	WRITE
00000ab0	FUN_00000a68	20003884	WRITE
00000ab4	FUN_00000a68	20003882	WRITE
00000ab4	FUN_00000a68	20003885	WRITE
00000ab8	FUN_00000a68	00000aa6	CONDITIONAL_JUMP
00000ac0	FUN_00000a68	00000aea	CONDITIONAL_JUMP
00000ac4	FUN_00000a68	00000aba	CONDITIONAL_JUMP
00000ac6	FUN_00000a68	00000b2c	READ
00000ace	FUN_00000a68	20003946	READ
00000ace	FUN_00000a68	20003949	READ
00000ad0	FUN_00000a68	20003880	WRITE
00000ad0	FUN_00000a68	20003883	WRITE
00000ad6	FUN_00000a68	20003947	READ
00000ad6	FUN_00000a68	2000394a	READ
00000ad8	FUN_00000a68	20003881	WRITE
00000ad8	FUN_00000a68	20003884	WRITE
00000adc	FUN_00000a68	20003948	READ
00000adc	FUN_00000a68	2000394b	READ
00000ae0	FUN_00000a68	20003882	WRITE
00000ae0	FUN_00000a68	20003885	WRITE
00000ae4	FUN_00000a68	00000aca	CONDITIONAL_JUMP
00000af2	FUN_00000a68	00000b30	READ
00000af4	FUN_00000a68	0000c86b	READ
00000af4	FUN_00000a68	0000c86e	READ
00000af6	FUN_00000a68	0000ca30	READ
00000af6	FUN_00000a68	0000ca31	READ
00000afe	FUN_00000a68	200038a1	WRITE
00000afe	FUN_00000a68	2000389b	WRITE
00000b02	FUN_00000a68	0000c86c	READ
00000b02	FUN_00000a68	0000c86f	READ
00000b04	FUN_00000a68	200038a2	WRITE
00000b04	FUN_00000a68	2000389c	WRITE
00000b08	FUN_00000a68	0000c86d	READ
00000b08	FUN_00000a68	0000c870	READ
00000b0c	FUN_00000a68	200038a3	WRITE
00000b0c	FUN_00000a68	2000389d	WRITE
00000b10	FUN_00000a68	00000b14	CONDITIONAL_JUMP
00000b1a	FUN_00000a68	00000aee	CONDITIONAL_JUMP
00000b34	FUN_00000b34	00000c54	READ
00000b36	FUN_00000b34	200003c5	READ
00000b3a	FUN_00000b34	00000c38	CONDITIONAL_JUMP
00000b3e	FUN_00000b34	200003df	READ
00000b40	FUN_00000b34	00000c58	READ
00000b46	FUN_00000b34	200003df	WRITE
00000b48	FUN_00000b34	200003e0	READ
00000b4c	FUN_00000b34	00000c3a	CONDITIONAL_JUMP
00000b50	FUN_00000b34	200003df	WRITE
00000b52	FUN_00000b34	200003e1	READ
00000b54	FUN_00000b34	00000c5c	READ
00000b5a	FUN_00000b34	200003e1	WRITE
00000b5e	FUN_00000b34	200003e2	READ
00000b60	FUN_00000b34	00000c60	READ
00000b6a	FUN_00000b34	00000b72	CONDITIONAL_JUMP
00000b6e	FUN_00000b34	00000b7a	CONDITIONAL_JUMP
00000b70	FUN_00000b34	00000b80	UNCONDITIONAL_JUMP
00000b72	FUN_00000b34	0000cb7b	DATA
00000b74	FUN_00000b34	20000418	WRITE
00000b76	FUN_00000b34	0000cb7c	DATA
00000b78	FUN_00000b34	00000b7e	UNCONDITIONAL_JUMP
00000b7a	FUN_00000b34	0000cb7d	DATA
00000b7c	FUN_00000b34	20000418	WRITE
00000b7e	FUN_00000b34	20000419	WRITE
00000b80	FUN_00000b34	00000c60	READ
00000b82	FUN_00000b34	00000c64	READ
00000b82	FUN_00000b34	20003bbf	PARAM
00000b84	FUN_00000b34	20000418	READ
00000b8c	FUN_00000b34	00000bbc	CONDITIONAL_JUMP
00000b94	FUN_00000b34	00000bbc	CONDITIONAL_JUMP
00000b98	FUN_00000b34	00000b9e	CONDITIONAL_JUMP
00000b9c	FUN_00000b34	00000ba0	UNCONDITIONAL_JUMP
00000ba0	FUN_00000b34	200003e4	WRITE
00000ba4	FUN_00000b34	200003e4	READ
00000bb6	FUN_00000b34	20003bbe	DATA
00000bb6	FUN_00000b34	20003bcd	DATA
00000bb6	FUN_00000b34	20003bbd	DATA
00000bba	FUN_00000b34	00000ba8	CONDITIONAL_JUMP
00000bc2	FUN_00000b34	00000b8a	CONDITIONAL_JUMP
00000bc4	FUN_00000b34	00000c60	READ
00000bc8	FUN_00000b34	20000419	READ
00000bce	FUN_00000b34	00000bfc	CONDITIONAL_JUMP
00000bd6	FUN_00000b34	00000bfc	CONDITIONAL_JUMP
00000bda	FUN_00000b34	00000be0	CONDITIONAL_JUMP
00000bde	FUN_00000b34	00000be2	UNCONDITIONAL_JUMP
00000be2	FUN_00000b34	200003e4	WRITE
00000be6	FUN_00000b34	200003e4	READ
00000bf6	FUN_00000b34	20003bce	DATA
00000bf6	FUN_00000b34	20003bdd	DATA
00000bfa	FUN_00000b34	00000bea	CONDITIONAL_JUMP
00000c02	FUN_00000b34	00000bcc	CONDITIONAL_JUMP
00000c06	FUN_00000b34	00000c64	READ
00000c0e	FUN_00000b34	20003bbf	DATA
00000c0e	FUN_00000b34	20003bce	DATA
00000c0e	FUN_00000b34	Stack[-0x18]	WRITE
00000c10	FUN_00000b34	00000c68	READ
00000c16	FUN_00000b34	Stack[-0x18]	READ
00000c18	FUN_00000b34	20003bbf	READ
00000c18	FUN_00000b34	20003bc0	READ
00000c18	FUN_00000b34	20003bce	READ
00000c1a	FUN_00000b34	0000c7ac	READ
00000c1a	FUN_00000b34	0000c7ad	READ
00000c1a	FUN_00000b34	0000c7bb	READ
00000c1c	FUN_00000b34	000008ec	UNCONDITIONAL_CALL
00000c26	FUN_00000b34	00000c16	CONDITIONAL_JUMP
00000c2e	FUN_00000b34	00000c06	CONDITIONAL_JUMP
00000c30	FUN_00000b34	200003e1	READ
00000c34	FUN_00000b34	00000c50	CONDITIONAL_JUMP
00000c36	FUN_00000b34	00000c3c	UNCONDITIONAL_JUMP
00000c38	FUN_00000b34	00000c52	UNCONDITIONAL_JUMP
00000c3a	FUN_00000b34	00000c50	UNCONDITIONAL_JUMP
00000c3e	FUN_00000b34	200003e1	WRITE
00000c40	FUN_00000b34	200003e2	READ
00000c46	FUN_00000b34	200003e2	WRITE
00000c4a	FUN_00000b34	00000c50	CONDITIONAL_JUMP
00000c4c	FUN_00000b34	200003e4	WRITE
00000c4e	FUN_00000b34	200003e2	WRITE
00000c6c	FUN_00000c6c	00000d34	READ
00000c6e	FUN_00000c6c	200003c5	READ
00000c72	FUN_00000c6c	00000d32	CONDITIONAL_JUMP
00000c74	FUN_00000c6c	200003d9	READ
00000c7a	FUN_00000c6c	200003d9	WRITE
00000c7c	FUN_00000c6c	200003da	READ
00000c80	FUN_00000c6c	00000d32	CONDITIONAL_JUMP
00000c88	FUN_00000c6c	200003d9	WRITE
00000c8c	FUN_00000c6c	00000d34	READ
00000c8e	FUN_00000c6c	200003dd	READ
00000c92	FUN_00000c6c	200003db	READ
00000c94	FUN_00000c6c	00000cf8	CONDITIONAL_JUMP
00000c9e	FUN_00000c6c	00000ca4	CONDITIONAL_JUMP
00000ca6	FUN_00000c6c	00000d38	READ
00000cae	FUN_00000c6c	0000c995	DATA
00000cae	FUN_00000c6c	0000c99a	DATA
00000cae	FUN_00000c6c	Stack[-0x18]	WRITE
00000cb2	FUN_00000c6c	00000d3c	READ
00000cb6	FUN_00000c6c	Stack[-0x1c]	WRITE
00000cba	FUN_00000c6c	00000d34	READ
00000cba	FUN_00000c6c	200003c0	PARAM
00000cbc	FUN_00000c6c	Stack[-0x18]	READ
00000cbe	FUN_00000c6c	200003c3	READ
00000cc0	FUN_00000c6c	0000c995	READ
00000cc0	FUN_00000c6c	0000c996	READ
00000cc4	FUN_00000c6c	00000cfc	CONDITIONAL_JUMP
00000cc6	FUN_00000c6c	00000d40	READ
00000cc8	FUN_00000c6c	0000c8fe	DATA
00000ccc	FUN_00000c6c	00000d2a	CONDITIONAL_JUMP
00000cce	FUN_00000c6c	0000099c	UNCONDITIONAL_CALL
00000cd8	FUN_00000c6c	00000cba	CONDITIONAL_JUMP
00000ce0	FUN_00000c6c	00000c8c	CONDITIONAL_JUMP
00000ce2	FUN_00000c6c	00000d34	READ
00000ce4	FUN_00000c6c	200003db	READ
00000cea	FUN_00000c6c	200003db	WRITE
00000cee	FUN_00000c6c	00000cf4	CONDITIONAL_JUMP
00000cf2	FUN_00000c6c	200003db	WRITE
00000cfa	FUN_00000c6c	00000c9a	UNCONDITIONAL_JUMP
00000cfc	FUN_00000c6c	00000d3c	READ
00000cfe	FUN_00000c6c	Stack[-0x1c]	READ
00000d02	FUN_00000c6c	0000c88e	DATA
00000d04	FUN_00000c6c	0000c88f	DATA
00000d08	FUN_00000c6c	0000c890	DATA
00000d0a	FUN_00000c6c	00000cd2	CONDITIONAL_JUMP
00000d0c	FUN_00000c6c	00000d44	READ
00000d0e	FUN_00000c6c	20000c5e	READ
00000d12	FUN_00000c6c	00000d18	CONDITIONAL_JUMP
00000d16	FUN_00000c6c	00000cd2	CONDITIONAL_JUMP
00000d1c	FUN_00000c6c	00000d48	READ
00000d1e	FUN_00000c6c	20003883	WRITE
00000d24	FUN_00000c6c	20003884	WRITE
00000d26	FUN_00000c6c	20003885	WRITE
00000d28	FUN_00000c6c	00000cd2	UNCONDITIONAL_JUMP
00000d2a	FUN_00000c6c	200003c2	READ
00000d2c	FUN_00000c6c	000008ec	UNCONDITIONAL_CALL
00000d30	FUN_00000c6c	00000cd2	UNCONDITIONAL_JUMP
00000d4c	FUN_00000d4c	00000e14	READ
00000d4e	FUN_00000d4c	200003c5	READ
00000d52	FUN_00000d4c	00000e12	CONDITIONAL_JUMP
00000d54	FUN_00000d4c	200003d9	READ
00000d5a	FUN_00000d4c	200003d9	WRITE
00000d5c	FUN_00000d4c	200003da	READ
00000d60	FUN_00000d4c	00000e12	CONDITIONAL_JUMP
00000d68	FUN_00000d4c	200003d9	WRITE
00000d6c	FUN_00000d4c	00000e14	READ
00000d6e	FUN_00000d4c	200003de	READ
00000d72	FUN_00000d4c	200003db	READ
00000d74	FUN_00000d4c	00000dd8	CONDITIONAL_JUMP
00000d7e	FUN_00000d4c	00000d84	CONDITIONAL_JUMP
00000d86	FUN_00000d4c	00000e18	READ
00000d8e	FUN_00000d4c	0000c7ac	DATA
00000d8e	FUN_00000d4c	0000c7bb	DATA
00000d8e	FUN_00000d4c	Stack[-0x18]	WRITE
00000d92	FUN_00000d4c	00000e1c	READ
00000d96	FUN_00000d4c	Stack[-0x1c]	WRITE
00000d9a	FUN_00000d4c	00000e14	READ
00000d9a	FUN_00000d4c	200003c0	PARAM
00000d9c	FUN_00000d4c	Stack[-0x18]	READ
00000d9e	FUN_00000d4c	200003c3	READ
00000da0	FUN_00000d4c	0000c7ac	READ
00000da0	FUN_00000d4c	0000c7ad	READ
00000da4	FUN_00000d4c	00000ddc	CONDITIONAL_JUMP
00000da6	FUN_00000d4c	00000e20	READ
00000da8	FUN_00000d4c	0000c8fe	DATA
00000dac	FUN_00000d4c	00000e0a	CONDITIONAL_JUMP
00000dae	FUN_00000d4c	0000099c	UNCONDITIONAL_CALL
00000db8	FUN_00000d4c	00000d9a	CONDITIONAL_JUMP
00000dc0	FUN_00000d4c	00000d6c	CONDITIONAL_JUMP
00000dc2	FUN_00000d4c	00000e14	READ
00000dc4	FUN_00000d4c	200003db	READ
00000dca	FUN_00000d4c	200003db	WRITE
00000dce	FUN_00000d4c	00000dd4	CONDITIONAL_JUMP
00000dd2	FUN_00000d4c	200003db	WRITE
00000dda	FUN_00000d4c	00000d7a	UNCONDITIONAL_JUMP
00000ddc	FUN_00000d4c	00000e1c	READ
00000dde	FUN_00000d4c	Stack[-0x1c]	READ
00000de2	FUN_00000d4c	0000c88e	DATA
00000de4	FUN_00000d4c	0000c88f	DATA
00000de8	FUN_00000d4c	0000c890	DATA
00000dea	FUN_00000d4c	00000db2	CONDITIONAL_JUMP
00000dec	FUN_00000d4c	00000e24	READ
00000dee	FUN_00000d4c	20000c5e	READ
00000df2	FUN_00000d4c	00000df8	CONDITIONAL_JUMP
00000df6	FUN_00000d4c	00000db2	CONDITIONAL_JUMP
00000dfc	FUN_00000d4c	00000e28	READ
00000dfe	FUN_00000d4c	200038a1	WRITE
00000e04	FUN_00000d4c	200038a2	WRITE
00000e06	FUN_00000d4c	200038a3	WRITE
00000e08	FUN_00000d4c	00000db2	UNCONDITIONAL_JUMP
00000e0a	FUN_00000d4c	200003c2	READ
00000e0c	FUN_00000d4c	000008ec	UNCONDITIONAL_CALL
00000e10	FUN_00000d4c	00000db2	UNCONDITIONAL_JUMP
00000e2c	FUN_00000e2c	00000fcc	READ
00000e2e	FUN_00000e2c	200003c5	READ
00000e32	FUN_00000e2c	00000f30	CONDITIONAL_JUMP
00000e36	FUN_00000e2c	00000fd0	READ
00000e38	FUN_00000e2c	200003e5	READ
00000e3e	FUN_00000e2c	200003e5	WRITE
00000e40	FUN_00000e2c	200003e6	READ
00000e44	FUN_00000e2c	00000f32	CONDITIONAL_JUMP
00000e48	FUN_00000e2c	200003e5	WRITE
00000e4a	FUN_00000e2c	200003e9	READ
00000e4c	FUN_00000e2c	00000fd4	READ
00000e52	FUN_00000e2c	200003e9	WRITE
00000e56	FUN_00000e2c	00000e7a	CONDITIONAL_JUMP
00000e58	FUN_00000e2c	00000fd8	READ
00000e62	FUN_00000e2c	20003c0a	WRITE
00000e62	FUN_00000e2c	20003c0d	WRITE
00000e66	FUN_00000e2c	0000cb8d	READ
00000e66	FUN_00000e2c	0000cb8f	READ
00000e68	FUN_00000e2c	20003c0d	PARAM
00000e6c	FUN_00000e2c	20003c0b	WRITE
00000e6c	FUN_00000e2c	20003c0e	WRITE
00000e70	FUN_00000e2c	0000cb8e	READ
00000e70	FUN_00000e2c	0000cb90	READ
00000e74	FUN_00000e2c	20003c0c	WRITE
00000e74	FUN_00000e2c	20003c0f	WRITE
00000e78	FUN_00000e2c	00000e5c	CONDITIONAL_JUMP
00000e80	FUN_00000e2c	00000fd4	READ
00000e82	FUN_00000e2c	20003c0a	READ
00000e82	FUN_00000e2c	20003c0d	READ
00000e86	FUN_00000e2c	00000e94	CONDITIONAL_JUMP
00000e88	FUN_00000e2c	00000fd4	READ
00000e8c	FUN_00000e2c	00000eae	CONDITIONAL_JUMP
00000e90	FUN_00000e2c	00000ef4	CONDITIONAL_JUMP
00000e92	FUN_00000e2c	00000f60	UNCONDITIONAL_JUMP
00000e94	FUN_00000e2c	00000fd4	READ
00000e98	FUN_00000e2c	20003c0e	READ
00000e9a	FUN_00000e2c	00000fdc	READ
00000ea4	FUN_00000e2c	0000c7b9	READ
00000ea8	FUN_00000e2c	000008ec	UNCONDITIONAL_CALL
00000eac	FUN_00000e2c	00000f60	UNCONDITIONAL_JUMP
00000eae	FUN_00000e2c	00000fd4	READ
00000eb2	FUN_00000e2c	20003c0d	DATA
00000eb2	FUN_00000e2c	Stack[-0x18]	WRITE
00000eb4	FUN_00000e2c	20003c0e	READ
00000eb6	FUN_00000e2c	00000fdc	READ
00000ec0	FUN_00000e2c	0000c7b9	READ
00000ec2	FUN_00000e2c	200003e7	READ
00000ec4	FUN_00000e2c	000008ec	UNCONDITIONAL_CALL
00000ec8	FUN_00000e2c	Stack[-0x18]	READ
00000eca	FUN_00000e2c	20003c0e	READ
00000ecc	FUN_00000e2c	00000fdc	READ
00000ed2	FUN_00000e2c	0000c7b8	READ
00000ed6	FUN_00000e2c	000008ec	UNCONDITIONAL_CALL
00000eda	FUN_00000e2c	Stack[-0x18]	READ
00000ede	FUN_00000e2c	20003c0e	READ
00000ee0	FUN_00000e2c	00000fdc	READ
00000ee4	FUN_00000e2c	0000c7ba	READ
00000ee8	FUN_00000e2c	000008ec	UNCONDITIONAL_CALL
00000eec	FUN_00000e2c	00000fd4	READ
00000ef0	FUN_00000e2c	20003c0d	WRITE
00000ef2	FUN_00000e2c	00000f60	UNCONDITIONAL_JUMP
00000ef6	FUN_00000e2c	20003c0b	READ
00000efa	FUN_00000e2c	00000f0e	CONDITIONAL_JUMP
00000efc	FUN_00000e2c	00000fdc	READ
00000f06	FUN_00000e2c	0000c7ab	READ
00000f08	FUN_00000e2c	200003e7	READ
00000f0a	FUN_00000e2c	000008ec	UNCONDITIONAL_CALL
00000f0e	FUN_00000e2c	20003c0b	READ
00000f12	FUN_00000e2c	00000f26	CONDITIONAL_JUMP
00000f14	FUN_00000e2c	00000fdc	READ
00000f1e	FUN_00000e2c	0000c7aa	READ
00000f22	FUN_00000e2c	000008ec	UNCONDITIONAL_CALL
00000f26	FUN_00000e2c	20003c0c	READ
00000f2c	FUN_00000e2c	00000f46	CONDITIONAL_JUMP
00000f2e	FUN_00000e2c	00000f34	UNCONDITIONAL_JUMP
00000f30	FUN_00000e2c	00000fca	UNCONDITIONAL_JUMP
00000f32	FUN_00000e2c	00000fc8	UNCONDITIONAL_JUMP
00000f34	FUN_00000e2c	00000fdc	READ
00000f3e	FUN_00000e2c	0000c7b9	READ
00000f40	FUN_00000e2c	200003e7	READ
00000f42	FUN_00000e2c	000008ec	UNCONDITIONAL_CALL
00000f46	FUN_00000e2c	20003c0c	READ
00000f4c	FUN_00000e2c	00000f60	CONDITIONAL_JUMP
00000f4e	FUN_00000e2c	00000fdc	READ
00000f58	FUN_00000e2c	0000c7ba	READ
00000f5c	FUN_00000e2c	000008ec	UNCONDITIONAL_CALL
00000f66	FUN_00000e2c	00000e7c	CONDITIONAL_JUMP
00000f6a	FUN_00000e2c	00000fd4	READ
00000f72	FUN_00000e2c	20003c0a	READ
00000f72	FUN_00000e2c	20003c0d	READ
00000f76	FUN_00000e2c	00000f90	CONDITIONAL_JUMP
00000f7a	FUN_00000e2c	20003c0b	READ
00000f7a	FUN_00000e2c	20003c0e	READ
00000f80	FUN_00000e2c	20003c0b	WRITE
00000f80	FUN_00000e2c	20003c0e	WRITE
00000f82	FUN_00000e2c	20003c0c	READ
00000f82	FUN_00000e2c	20003c0f	READ
00000f88	FUN_00000e2c	20003c0c	WRITE
00000f88	FUN_00000e2c	20003c0f	WRITE
00000f8c	FUN_00000e2c	00000f90	CONDITIONAL_JUMP
00000f8e	FUN_00000e2c	20003c0d	WRITE
00000f96	FUN_00000e2c	00000f6e	CONDITIONAL_JUMP
00000f98	FUN_00000e2c	20003c0a	READ
00000f9c	FUN_00000e2c	00000fc8	CONDITIONAL_JUMP
00000f9e	FUN_00000e2c	20003c0d	READ
00000fa2	FUN_00000e2c	00000fc8	CONDITIONAL_JUMP
00000fa4	FUN_00000e2c	20003c10	READ
00000fa8	FUN_00000e2c	00000fc8	CONDITIONAL_JUMP
00000faa	FUN_00000e2c	20003c13	READ
00000fae	FUN_00000e2c	00000fc8	CONDITIONAL_JUMP
00000fb0	FUN_00000e2c	20003c16	READ
00000fb4	FUN_00000e2c	00000fc8	CONDITIONAL_JUMP
00000fb8	FUN_00000e2c	200003e9	WRITE
00000fba	FUN_00000e2c	200003e7	READ
00000fc0	FUN_00000e2c	200003e7	WRITE
00000fc4	FUN_00000e2c	00000fc8	CONDITIONAL_JUMP
00000fc6	FUN_00000e2c	200003e7	WRITE
00000fe0	FUN_00000fe0	0000113c	READ
00000fe2	FUN_00000fe0	200003c5	READ
00000fe6	FUN_00000fe0	000010e4	CONDITIONAL_JUMP
00000fe8	FUN_00000fe0	200003d4	READ
00000fee	FUN_00000fe0	200003d4	WRITE
00000ff0	FUN_00000fe0	200003d5	READ
00000ff4	FUN_00000fe0	000010e4	CONDITIONAL_JUMP
00000ffc	FUN_00000fe0	200003d4	WRITE
00001000	FUN_00000fe0	0000113c	READ
00001002	FUN_00000fe0	200003d6	READ
0000100a	FUN_00000fe0	00001010	CONDITIONAL_JUMP
00001010	FUN_00000fe0	200003d7	READ
00001014	FUN_00000fe0	00001072	CONDITIONAL_JUMP
00001016	FUN_00000fe0	00001140	READ
0000101a	FUN_00000fe0	0000ca27	DATA
0000101a	FUN_00000fe0	0000ca27	READ
0000101a	FUN_00000fe0	0000ca28	READ
0000101e	FUN_00000fe0	00001054	CONDITIONAL_JUMP
00001024	FUN_00000fe0	00001144	READ
00001026	FUN_00000fe0	Stack[-0x1c]	WRITE
0000102a	FUN_00000fe0	Stack[-0x20]	WRITE
0000102c	FUN_00000fe0	00001148	READ
0000102e	FUN_00000fe0	0000113c	READ
0000102e	FUN_00000fe0	200003c0	PARAM
00001030	FUN_00000fe0	0000c9e5	DATA
00001030	FUN_00000fe0	0000c9e5	READ
00001030	FUN_00000fe0	0000c9e6	READ
00001034	FUN_00000fe0	200003c3	READ
0000103a	FUN_00000fe0	000010fc	CONDITIONAL_JUMP
0000103c	FUN_00000fe0	0000114c	READ
0000103e	FUN_00000fe0	0000c8fe	DATA
00001042	FUN_00000fe0	00001130	CONDITIONAL_JUMP
00001044	FUN_00000fe0	0000099c	UNCONDITIONAL_CALL
00001048	FUN_00000fe0	00001140	READ
0000104c	FUN_00000fe0	0000ca27	DATA
0000104c	FUN_00000fe0	0000ca27	READ
00001052	FUN_00000fe0	0000102c	CONDITIONAL_JUMP
0000105a	FUN_00000fe0	00001000	CONDITIONAL_JUMP
0000105c	FUN_00000fe0	0000113c	READ
0000105e	FUN_00000fe0	200003d6	READ
00001064	FUN_00000fe0	200003d6	WRITE
00001068	FUN_00000fe0	0000106e	CONDITIONAL_JUMP
0000106c	FUN_00000fe0	200003d6	WRITE
00001076	FUN_00000fe0	00001140	READ
00001078	FUN_00000fe0	Stack[-0x18]	WRITE
0000107a	FUN_00000fe0	0000ca27	DATA
0000107a	FUN_00000fe0	0000ca2e	READ
00001080	FUN_00000fe0	00001054	CONDITIONAL_JUMP
00001086	FUN_00000fe0	00001144	READ
00001088	FUN_00000fe0	Stack[-0x1c]	WRITE
0000108c	FUN_00000fe0	Stack[-0x20]	WRITE
00001092	FUN_00000fe0	00001148	READ
00001094	FUN_00000fe0	0000113c	READ
00001094	FUN_00000fe0	200003c0	PARAM
00001096	FUN_00000fe0	0000c9e5	DATA
00001096	FUN_00000fe0	0000ca25	READ
00001096	FUN_00000fe0	0000ca24	READ
0000109a	FUN_00000fe0	200003c3	READ
000010a0	FUN_00000fe0	000010be	CONDITIONAL_JUMP
000010a2	FUN_00000fe0	0000114c	READ
000010a4	FUN_00000fe0	0000c8fe	DATA
000010a8	FUN_00000fe0	000010f4	CONDITIONAL_JUMP
000010aa	FUN_00000fe0	0000099c	UNCONDITIONAL_CALL
000010ae	FUN_00000fe0	00001140	READ
000010b0	FUN_00000fe0	Stack[-0x18]	READ
000010b4	FUN_00000fe0	0000ca27	DATA
000010b4	FUN_00000fe0	0000ca2e	READ
000010ba	FUN_00000fe0	0000108e	CONDITIONAL_JUMP
000010bc	FUN_00000fe0	00001054	UNCONDITIONAL_JUMP
000010be	FUN_00000fe0	00001144	READ
000010c0	FUN_00000fe0	Stack[-0x1c]	READ
000010c2	FUN_00000fe0	Stack[-0x20]	READ
000010c4	FUN_00000fe0	0000c88e	DATA
000010c6	FUN_00000fe0	Stack[-0x20]	READ
000010c8	FUN_00000fe0	0000c890	DATA
000010ca	FUN_00000fe0	0000c88f	DATA
000010d0	FUN_00000fe0	000010ae	CONDITIONAL_JUMP
000010d2	FUN_00000fe0	00001150	READ
000010d4	FUN_00000fe0	20000c5e	READ
000010d8	FUN_00000fe0	000010de	CONDITIONAL_JUMP
000010dc	FUN_00000fe0	000010ae	CONDITIONAL_JUMP
000010e2	FUN_00000fe0	000010e6	UNCONDITIONAL_JUMP
000010e4	FUN_00000fe0	00001138	UNCONDITIONAL_JUMP
000010e6	FUN_00000fe0	00001154	READ
000010e8	FUN_00000fe0	20003880	DATA
000010e8	FUN_00000fe0	200038e0	WRITE
000010ec	FUN_00000fe0	20003881	DATA
000010ec	FUN_00000fe0	200038e1	WRITE
000010f0	FUN_00000fe0	20003882	DATA
000010f0	FUN_00000fe0	200038e2	WRITE
000010f2	FUN_00000fe0	000010ae	UNCONDITIONAL_JUMP
000010f4	FUN_00000fe0	200003c2	READ
000010f6	FUN_00000fe0	000008ec	UNCONDITIONAL_CALL
000010fa	FUN_00000fe0	000010ae	UNCONDITIONAL_JUMP
000010fc	FUN_00000fe0	00001144	READ
000010fe	FUN_00000fe0	Stack[-0x1c]	READ
00001102	FUN_00000fe0	0000c88e	DATA
00001104	FUN_00000fe0	Stack[-0x20]	READ
00001106	FUN_00000fe0	0000c88f	DATA
0000110a	FUN_00000fe0	Stack[-0x20]	READ
0000110c	FUN_00000fe0	0000c890	DATA
0000110e	FUN_00000fe0	00001048	CONDITIONAL_JUMP
00001110	FUN_00000fe0	00001150	READ
00001112	FUN_00000fe0	20000c5e	READ
00001116	FUN_00000fe0	0000111c	CONDITIONAL_JUMP
0000111a	FUN_00000fe0	00001048	CONDITIONAL_JUMP
00001120	FUN_00000fe0	00001154	READ
00001122	FUN_00000fe0	20003880	DATA
00001122	FUN_00000fe0	20003934	WRITE
00001128	FUN_00000fe0	20003881	DATA
00001128	FUN_00000fe0	20003935	WRITE
0000112a	FUN_00000fe0	20003882	DATA
0000112a	FUN_00000fe0	20003936	WRITE
0000112c	FUN_00000fe0	00001048	UNCONDITIONAL_JUMP
00001130	FUN_00000fe0	200003c2	READ
00001132	FUN_00000fe0	000008ec	UNCONDITIONAL_CALL
00001136	FUN_00000fe0	00001048	UNCONDITIONAL_JUMP
00001158	FUN_00001158	000012b4	READ
0000115a	FUN_00001158	200003c5	READ
0000115e	FUN_00001158	0000125c	CONDITIONAL_JUMP
00001160	FUN_00001158	200003cf	READ
00001166	FUN_00001158	200003cf	WRITE
00001168	FUN_00001158	200003d0	READ
0000116c	FUN_00001158	0000125c	CONDITIONAL_JUMP
00001174	FUN_00001158	200003cf	WRITE
00001178	FUN_00001158	000012b4	READ
0000117a	FUN_00001158	200003d1	READ
00001182	FUN_00001158	00001188	CONDITIONAL_JUMP
00001188	FUN_00001158	200003d2	READ
0000118c	FUN_00001158	000011ea	CONDITIONAL_JUMP
0000118e	FUN_00001158	000012b8	READ
00001192	FUN_00001158	0000c937	READ
00001192	FUN_00001158	0000c938	READ
00001196	FUN_00001158	000011cc	CONDITIONAL_JUMP
0000119c	FUN_00001158	000012bc	READ
0000119e	FUN_00001158	Stack[-0x1c]	WRITE
000011a2	FUN_00001158	Stack[-0x20]	WRITE
000011a4	FUN_00001158	000012c0	READ
000011a6	FUN_00001158	000012b4	READ
000011a6	FUN_00001158	200003c0	PARAM
000011a8	FUN_00001158	0000c953	READ
000011a8	FUN_00001158	0000c954	READ
000011ac	FUN_00001158	200003c3	READ
000011b2	FUN_00001158	00001274	CONDITIONAL_JUMP
000011b4	FUN_00001158	000012c4	READ
000011b6	FUN_00001158	0000c8e2	DATA
000011ba	FUN_00001158	000012a8	CONDITIONAL_JUMP
000011bc	FUN_00001158	0000099c	UNCONDITIONAL_CALL
000011c0	FUN_00001158	000012b8	READ
000011c4	FUN_00001158	0000c937	READ
000011ca	FUN_00001158	000011a4	CONDITIONAL_JUMP
000011d2	FUN_00001158	00001178	CONDITIONAL_JUMP
000011d4	FUN_00001158	000012b4	READ
000011d6	FUN_00001158	200003d1	READ
000011dc	FUN_00001158	200003d1	WRITE
000011e0	FUN_00001158	000011e6	CONDITIONAL_JUMP
000011e4	FUN_00001158	200003d1	WRITE
000011ee	FUN_00001158	000012b8	READ
000011f0	FUN_00001158	Stack[-0x18]	WRITE
000011f2	FUN_00001158	0000c951	READ
000011f8	FUN_00001158	000011cc	CONDITIONAL_JUMP
00001200	FUN_00001158	Stack[-0x1c]	WRITE
00001204	FUN_00001158	Stack[-0x20]	WRITE
0000120a	FUN_00001158	000012c0	READ
0000120c	FUN_00001158	000012b4	READ
0000120c	FUN_00001158	200003c0	PARAM
0000120e	FUN_00001158	0000c992	READ
0000120e	FUN_00001158	0000c991	READ
00001212	FUN_00001158	200003c3	READ
00001218	FUN_00001158	00001236	CONDITIONAL_JUMP
0000121a	FUN_00001158	000012c4	READ
0000121c	FUN_00001158	0000c8e2	DATA
00001220	FUN_00001158	0000126c	CONDITIONAL_JUMP
00001222	FUN_00001158	0000099c	UNCONDITIONAL_CALL
00001226	FUN_00001158	000012b8	READ
00001228	FUN_00001158	Stack[-0x18]	READ
0000122c	FUN_00001158	0000c951	READ
00001232	FUN_00001158	00001206	CONDITIONAL_JUMP
00001234	FUN_00001158	000011cc	UNCONDITIONAL_JUMP
00001236	FUN_00001158	000012bc	READ
00001238	FUN_00001158	Stack[-0x1c]	READ
0000123a	FUN_00001158	Stack[-0x20]	READ
0000123c	FUN_00001158	0000c88e	DATA
0000123e	FUN_00001158	Stack[-0x20]	READ
00001240	FUN_00001158	0000c890	DATA
00001242	FUN_00001158	0000c88f	DATA
00001248	FUN_00001158	00001226	CONDITIONAL_JUMP
0000124a	FUN_00001158	000012c8	READ
0000124c	FUN_00001158	20000c5e	READ
00001250	FUN_00001158	00001256	CONDITIONAL_JUMP
00001254	FUN_00001158	00001226	CONDITIONAL_JUMP
0000125a	FUN_00001158	0000125e	UNCONDITIONAL_JUMP
0000125c	FUN_00001158	000012b0	UNCONDITIONAL_JUMP
0000125e	FUN_00001158	000012cc	READ
00001260	FUN_00001158	200038a7	WRITE
00001264	FUN_00001158	200038a8	WRITE
00001268	FUN_00001158	200038a9	WRITE
0000126a	FUN_00001158	00001226	UNCONDITIONAL_JUMP
0000126c	FUN_00001158	200003c2	READ
0000126e	FUN_00001158	000008ec	UNCONDITIONAL_CALL
00001272	FUN_00001158	00001226	UNCONDITIONAL_JUMP
00001274	FUN_00001158	000012bc	READ
00001276	FUN_00001158	Stack[-0x1c]	READ
0000127a	FUN_00001158	0000c88e	DATA
0000127c	FUN_00001158	Stack[-0x20]	READ
0000127e	FUN_00001158	0000c88f	DATA
00001282	FUN_00001158	Stack[-0x20]	READ
00001284	FUN_00001158	0000c890	DATA
00001286	FUN_00001158	000011c0	CONDITIONAL_JUMP
00001288	FUN_00001158	000012c8	READ
0000128a	FUN_00001158	20000c5e	READ
0000128e	FUN_00001158	00001294	CONDITIONAL_JUMP
00001292	FUN_00001158	000011c0	CONDITIONAL_JUMP
00001298	FUN_00001158	000012cc	READ
0000129a	FUN_00001158	20003883	WRITE
000012a0	FUN_00001158	20003884	WRITE
000012a2	FUN_00001158	20003885	WRITE
000012a4	FUN_00001158	000011c0	UNCONDITIONAL_JUMP
000012a8	FUN_00001158	200003c2	READ
000012aa	FUN_00001158	000008ec	UNCONDITIONAL_CALL
000012ae	FUN_00001158	000011c0	UNCONDITIONAL_JUMP
000012d4	FUN_000012d0	000043a4	UNCONDITIONAL_CALL
000012d8	FUN_000012d0	000015cc	READ
000012dc	FUN_000012d0	20000cbd	WRITE
000012e0	FUN_000012d0	000012e4	CONDITIONAL_JUMP
000012e2	FUN_000012d0	20000cbd	WRITE
000012e4	FUN_000012d0	20000cbe	WRITE
000012e8	FUN_000012d0	000043a4	UNCONDITIONAL_CALL
000012ec	FUN_000012d0	000015d0	READ
000012f0	FUN_000012d0	20000402	WRITE
000012f2	FUN_000012d0	000012f6	CONDITIONAL_JUMP
000012f4	FUN_000012d0	20000402	WRITE
000012f6	FUN_000012d0	000015d4	READ
000012f8	FUN_000012d0	20000402	READ
000012fa	FUN_000012d0	0000c670	READ
000012fc	FUN_000012d0	20000410	WRITE
00001300	FUN_000012d0	000043a4	UNCONDITIONAL_CALL
00001304	FUN_000012d0	20000403	WRITE
00001308	FUN_000012d0	0000130c	CONDITIONAL_JUMP
0000130a	FUN_000012d0	20000403	WRITE
0000130c	FUN_000012d0	20000403	READ
0000130e	FUN_000012d0	000015d8	READ
0000130e	FUN_000012d0	0000c884	PARAM
00001312	FUN_000012d0	0000c884	READ
00001314	FUN_000012d0	20000416	WRITE
00001314	FUN_000012d0	00003e80	DATA
00001318	FUN_000012d0	000043a4	UNCONDITIONAL_CALL
0000131c	FUN_000012d0	20000404	WRITE
00001320	FUN_000012d0	00001324	CONDITIONAL_JUMP
00001322	FUN_000012d0	20000404	WRITE
00001324	FUN_000012d0	000015dc	READ
00001326	FUN_000012d0	20000404	READ
00001328	FUN_000012d0	000015e0	READ
0000132a	FUN_000012d0	0000c675	READ
0000132c	FUN_000012d0	200003cc	WRITE
00001330	FUN_000012d0	000043a4	UNCONDITIONAL_CALL
00001334	FUN_000012d0	20000407	WRITE
00001338	FUN_000012d0	0000133e	CONDITIONAL_JUMP
0000133c	FUN_000012d0	20000407	WRITE
0000133e	FUN_000012d0	000015e4	READ
00001340	FUN_000012d0	20000407	READ
00001342	FUN_000012d0	0000c67d	READ
00001342	FUN_000012d0	0000c67a	DATA
00001344	FUN_000012d0	20000405	WRITE
00001348	FUN_000012d0	000043a4	UNCONDITIONAL_CALL
0000134c	FUN_000012d0	20000408	WRITE
00001350	FUN_000012d0	00001356	CONDITIONAL_JUMP
00001354	FUN_000012d0	20000408	WRITE
00001356	FUN_000012d0	000015e8	READ
00001358	FUN_000012d0	20000408	READ
0000135a	FUN_000012d0	0000c682	READ
0000135a	FUN_000012d0	0000c67f	DATA
0000135c	FUN_000012d0	20000406	WRITE
00001360	FUN_000012d0	000043a4	UNCONDITIONAL_CALL
00001364	FUN_000012d0	200003d3	WRITE
00001368	FUN_000012d0	0000136e	CONDITIONAL_JUMP
0000136c	FUN_000012d0	200003d3	WRITE
0000136e	FUN_000012d0	000015ec	READ
00001370	FUN_000012d0	200003d3	READ
00001372	FUN_000012d0	0000c685	READ
00001372	FUN_000012d0	0000c684	DATA
00001374	FUN_000012d0	200003d0	WRITE
00001378	FUN_000012d0	000043a4	UNCONDITIONAL_CALL
0000137c	FUN_000012d0	200003d8	WRITE
00001380	FUN_000012d0	00001386	CONDITIONAL_JUMP
00001384	FUN_000012d0	200003d8	WRITE
00001386	FUN_000012d0	000015f0	READ
00001388	FUN_000012d0	200003d8	READ
0000138a	FUN_000012d0	0000c68a	READ
0000138a	FUN_000012d0	0000c689	DATA
0000138c	FUN_000012d0	200003d5	WRITE
00001390	FUN_000012d0	000043a4	UNCONDITIONAL_CALL
00001394	FUN_000012d0	200003dc	WRITE
00001398	FUN_000012d0	0000139e	CONDITIONAL_JUMP
0000139c	FUN_000012d0	200003dc	WRITE
0000139e	FUN_000012d0	000015e0	READ
000013a0	FUN_000012d0	000015f4	READ
000013a2	FUN_000012d0	200003dc	READ
000013a4	FUN_000012d0	0000c68f	READ
000013a4	FUN_000012d0	0000c68e	DATA
000013a6	FUN_000012d0	200003da	WRITE
000013aa	FUN_000012d0	000043a4	UNCONDITIONAL_CALL
000013ae	FUN_000012d0	000015f8	READ
000013b2	FUN_000012d0	200003e3	WRITE
000013b4	FUN_000012d0	000013ba	CONDITIONAL_JUMP
000013b8	FUN_000012d0	200003e3	WRITE
000013ba	FUN_000012d0	000015fc	READ
000013bc	FUN_000012d0	200003e3	READ
000013be	FUN_000012d0	0000c694	READ
000013be	FUN_000012d0	0000c693	DATA
000013c0	FUN_000012d0	200003e0	WRITE
000013c4	FUN_000012d0	000043a4	UNCONDITIONAL_CALL
000013c8	FUN_000012d0	200003e8	WRITE
000013cc	FUN_000012d0	000013d2	CONDITIONAL_JUMP
000013d0	FUN_000012d0	200003e8	WRITE
000013d2	FUN_000012d0	00001600	READ
000013d4	FUN_000012d0	200003e8	READ
000013d6	FUN_000012d0	0000c699	READ
000013d6	FUN_000012d0	0000c698	DATA
000013d8	FUN_000012d0	200003e6	WRITE
000013dc	FUN_000012d0	000043a4	UNCONDITIONAL_CALL
000013e0	FUN_000012d0	200003ef	WRITE
000013e4	FUN_000012d0	000013ea	CONDITIONAL_JUMP
000013e8	FUN_000012d0	200003ef	WRITE
000013ea	FUN_000012d0	00001604	READ
000013ec	FUN_000012d0	200003ef	READ
000013ee	FUN_000012d0	0000c69e	READ
000013ee	FUN_000012d0	0000c69d	DATA
000013f0	FUN_000012d0	2000040d	WRITE
000013f4	FUN_000012d0	000043a4	UNCONDITIONAL_CALL
000013f8	FUN_000012d0	200003ec	WRITE
000013fc	FUN_000012d0	00001402	CONDITIONAL_JUMP
00001400	FUN_000012d0	200003ec	WRITE
00001402	FUN_000012d0	00001608	READ
00001406	FUN_000012d0	0000c6a3	READ
00001406	FUN_000012d0	0000c6a2	DATA
00001408	FUN_000012d0	2000040a	WRITE
0000140a	FUN_000012d0	0000160c	READ
0000140a	FUN_000012d0	0000c6a7	PARAM
0000140c	FUN_000012d0	0000c6a8	READ
0000140c	FUN_000012d0	0000c6a7	DATA
0000140e	FUN_000012d0	2000040c	WRITE
00001412	FUN_000012d0	000043a4	UNCONDITIONAL_CALL
00001416	FUN_000012d0	200003f1	WRITE
0000141a	FUN_000012d0	00001420	CONDITIONAL_JUMP
0000141e	FUN_000012d0	200003f1	WRITE
00001420	FUN_000012d0	00001610	READ
00001422	FUN_000012d0	200003f1	READ
00001424	FUN_000012d0	0000c6ad	READ
00001424	FUN_000012d0	0000c6ac	DATA
00001426	FUN_000012d0	2000040e	WRITE
0000142a	FUN_000012d0	000043a4	UNCONDITIONAL_CALL
0000142e	FUN_000012d0	200003f6	WRITE
00001432	FUN_000012d0	00001438	CONDITIONAL_JUMP
00001436	FUN_000012d0	200003f6	WRITE
00001438	FUN_000012d0	00001610	READ
0000143a	FUN_000012d0	200003f6	READ
0000143c	FUN_000012d0	0000c6ad	READ
0000143c	FUN_000012d0	0000c6ac	DATA
0000143e	FUN_000012d0	2000040f	WRITE
00001442	FUN_000012d0	000043a4	UNCONDITIONAL_CALL
00001446	FUN_000012d0	000015e0	READ
0000144a	FUN_000012d0	200003d2	WRITE
0000144c	FUN_000012d0	00001452	CONDITIONAL_JUMP
00001450	FUN_000012d0	200003d2	WRITE
00001454	FUN_000012d0	000043a4	UNCONDITIONAL_CALL
00001458	FUN_000012d0	200003d7	WRITE
0000145c	FUN_000012d0	00001462	CONDITIONAL_JUMP
00001460	FUN_000012d0	200003d7	WRITE
00001464	FUN_000012d0	000043a4	UNCONDITIONAL_CALL
00001468	FUN_000012d0	200003dd	WRITE
0000146c	FUN_000012d0	00001472	CONDITIONAL_JUMP
00001470	FUN_000012d0	200003dd	WRITE
00001474	FUN_000012d0	000043a4	UNCONDITIONAL_CALL
00001478	FUN_000012d0	200003de	WRITE
0000147c	FUN_000012d0	00001482	CONDITIONAL_JUMP
00001480	FUN_000012d0	200003de	WRITE
00001484	FUN_000012d0	000043a4	UNCONDITIONAL_CALL
00001488	FUN_000012d0	00001614	READ
0000148c	FUN_000012d0	20000c74	WRITE
0000148e	FUN_000012d0	00001494	CONDITIONAL_JUMP
00001492	FUN_000012d0	20000c74	WRITE
00001496	FUN_000012d0	00001618	READ
00001498	FUN_000012d0	0000c66f	READ
00001498	FUN_000012d0	0000c66b	DATA
0000149a	FUN_000012d0	0000068c	UNCONDITIONAL_CALL
000014a0	FUN_000012d0	000043a4	UNCONDITIONAL_CALL
000014a4	FUN_000012d0	200003c7	WRITE
000014a8	FUN_000012d0	000014ac	CONDITIONAL_JUMP
000014aa	FUN_000012d0	200003c7	WRITE
000014ac	FUN_000012d0	00002704	UNCONDITIONAL_CALL
000014b0	FUN_000012d0	20000c72	READ
000014b4	FUN_000012d0	000014c2	CONDITIONAL_JUMP
000014b6	FUN_000012d0	200003c7	READ
000014ba	FUN_000012d0	000014c2	CONDITIONAL_JUMP
000014be	FUN_000012d0	00000a68	UNCONDITIONAL_CALL
000014c4	FUN_000012d0	000043a4	UNCONDITIONAL_CALL
000014c8	FUN_000012d0	200003c2	WRITE
000014cc	FUN_000012d0	000014d2	CONDITIONAL_JUMP
000014ce	FUN_000012d0	200003c2	WRITE
000014d0	FUN_000012d0	000014d8	UNCONDITIONAL_JUMP
000014d4	FUN_000012d0	000014d8	CONDITIONAL_JUMP
000014d6	FUN_000012d0	200003c6	WRITE
000014da	FUN_000012d0	000043a4	UNCONDITIONAL_CALL
000014de	FUN_000012d0	200003c4	WRITE
000014e2	FUN_000012d0	000014e8	CONDITIONAL_JUMP
000014e4	FUN_000012d0	200003c4	WRITE
000014e6	FUN_000012d0	000014f0	UNCONDITIONAL_JUMP
000014ea	FUN_000012d0	000014f0	CONDITIONAL_JUMP
000014ee	FUN_000012d0	200003c4	WRITE
000014f2	FUN_000012d0	000043a4	UNCONDITIONAL_CALL
000014f6	FUN_000012d0	200003c3	WRITE
000014fa	FUN_000012d0	00001502	CONDITIONAL_JUMP
000014fe	FUN_000012d0	00001502	CONDITIONAL_JUMP
00001500	FUN_000012d0	200003c3	WRITE
00001502	FUN_000012d0	200003c3	READ
00001504	FUN_000012d0	200003c2	READ
00001508	FUN_000012d0	0000150e	CONDITIONAL_JUMP
0000150c	FUN_000012d0	200003c3	WRITE
00001510	FUN_000012d0	000043a4	UNCONDITIONAL_CALL
00001514	FUN_000012d0	20000c72	WRITE
00001518	FUN_000012d0	0000151c	CONDITIONAL_JUMP
0000151a	FUN_000012d0	20000c72	WRITE
0000151c	FUN_000012d0	000027dc	UNCONDITIONAL_CALL
00001522	FUN_000012d0	000043a4	UNCONDITIONAL_CALL
00001526	FUN_000012d0	200003c5	WRITE
0000152a	FUN_000012d0	00001530	CONDITIONAL_JUMP
0000152c	FUN_000012d0	200003c5	WRITE
0000152e	FUN_000012d0	00001546	UNCONDITIONAL_JUMP
00001532	FUN_000012d0	00001546	CONDITIONAL_JUMP
00001534	FUN_000012d0	20000c72	READ
0000153a	FUN_000012d0	0000152c	CONDITIONAL_JUMP
00001540	FUN_000012d0	0000161c	READ
00001540	FUN_000012d0	20003880	PARAM
00001542	FUN_000012d0	0000431c	UNCONDITIONAL_CALL
00001546	FUN_000012d0	00001620	READ
00001548	FUN_000012d0	00001624	READ
0000154a	FUN_000012d0	20000c5c	READ
0000154e	FUN_000012d0	0000157e	CONDITIONAL_JUMP
00001550	FUN_000012d0	00001620	READ
00001552	FUN_000012d0	20000c5d	READ
00001556	FUN_000012d0	00001568	CONDITIONAL_JUMP
0000155a	FUN_000012d0	000043a4	UNCONDITIONAL_CALL
00001560	FUN_000012d0	20000cba	WRITE
00001562	FUN_000012d0	20000cbb	WRITE
00001566	FUN_000012d0	000015c6	CONDITIONAL_JUMP
00001568	FUN_000012d0	20000cba	WRITE
0000156a	FUN_000012d0	20000cbb	WRITE
0000156c	FUN_000012d0	40010020	READ
00001570	FUN_000012d0	40000000	PARAM
00001574	FUN_000012d0	40010020	WRITE
00001576	FUN_000012d0	00001628	READ
00001578	FUN_000012d0	00003898	UNCONDITIONAL_CALL
0000157c	FUN_000012d0	000015b2	UNCONDITIONAL_JUMP
0000157e	FUN_000012d0	40010020	READ
00001586	FUN_000012d0	40010020	WRITE
00001588	FUN_000012d0	00001628	READ
0000158a	FUN_000012d0	00003898	UNCONDITIONAL_CALL
0000158e	FUN_000012d0	00001620	READ
00001590	FUN_000012d0	20000c63	READ
00001594	FUN_000012d0	000015c8	CONDITIONAL_JUMP
00001596	FUN_000012d0	20000cbd	READ
0000159a	FUN_000012d0	000015c8	CONDITIONAL_JUMP
0000159e	FUN_000012d0	000043a4	UNCONDITIONAL_CALL
000015a2	FUN_000012d0	20000cba	WRITE
000015a6	FUN_000012d0	20000cbb	WRITE
000015a8	FUN_000012d0	00001618	READ
000015aa	FUN_000012d0	20000c74	WRITE
000015ac	FUN_000012d0	0000c66b	READ
000015ae	FUN_000012d0	00000660	UNCONDITIONAL_CALL
000015b2	FUN_000012d0	20000cba	READ
000015b6	FUN_000012d0	000015c6	CONDITIONAL_JUMP
000015b8	FUN_000012d0	20000cba	WRITE
000015ba	FUN_000012d0	20000cbb	WRITE
000015bc	FUN_000012d0	00006778	UNCONDITIONAL_CALL
000015c0	FUN_000012d0	00002a0c	UNCONDITIONAL_CALL
000015c4	FUN_000012d0	20000c74	WRITE
000015c8	FUN_000012d0	20000cba	WRITE
000015ca	FUN_000012d0	000015b8	UNCONDITIONAL_JUMP
00001632	FUN_0000162c	00001698	READ
00001634	FUN_0000162c	0000169c	READ
00001636	FUN_0000162c	20003946	DATA
0000163a	FUN_0000162c	00001642	CONDITIONAL_JUMP
0000163e	FUN_0000162c	20003880	DATA
00001640	FUN_0000162c	00001644	UNCONDITIONAL_JUMP
00001642	FUN_0000162c	20003880	DATA
0000164a	FUN_0000162c	0000169c	READ
0000164c	FUN_0000162c	20003947	DATA
00001652	FUN_0000162c	0000165a	CONDITIONAL_JUMP
00001656	FUN_0000162c	20003881	DATA
00001658	FUN_0000162c	0000165c	UNCONDITIONAL_JUMP
0000165a	FUN_0000162c	20003881	DATA
0000165c	FUN_0000162c	20003948	DATA
00001660	FUN_0000162c	00001668	CONDITIONAL_JUMP
00001664	FUN_0000162c	20003882	DATA
00001666	FUN_0000162c	0000166a	UNCONDITIONAL_JUMP
00001668	FUN_0000162c	20003882	DATA
0000166c	FUN_0000162c	00001694	CONDITIONAL_JUMP
00001670	FUN_0000162c	00001694	CONDITIONAL_JUMP
00001674	FUN_0000162c	00001694	CONDITIONAL_JUMP
00001676	FUN_0000162c	20003880	DATA
0000167a	FUN_0000162c	20003881	DATA
0000167c	FUN_0000162c	20003882	DATA
00001680	FUN_0000162c	00001688	CONDITIONAL_JUMP
00001684	FUN_0000162c	0000168e	CONDITIONAL_JUMP
00001686	FUN_0000162c	00001690	UNCONDITIONAL_JUMP
0000168c	FUN_0000162c	00001690	CONDITIONAL_JUMP
00001692	FUN_0000162c	20003880	DATA
00001692	FUN_0000162c	20003882	DATA
00001692	FUN_0000162c	20003881	DATA
000016a2	FUN_000016a0	00001714	READ
000016a2	FUN_000016a0	20000400	DATA
000016a4	FUN_000016a0	20000412	READ
000016aa	FUN_000016a0	20000412	WRITE
000016ac	FUN_000016a0	20000416	READ
000016b0	FUN_000016a0	000016ea	CONDITIONAL_JUMP
000016b4	FUN_000016a0	20000412	WRITE
000016b6	FUN_000016a0	00001718	READ
000016b8	FUN_000016a0	200003c2	READ
000016bc	FUN_000016a0	000016ec	CONDITIONAL_JUMP
000016c0	FUN_000016a0	000016ea	CONDITIONAL_JUMP
000016c2	FUN_000016a0	00008c08	UNCONDITIONAL_CALL
000016c6	FUN_000016a0	0000171c	READ
000016c8	FUN_000016a0	00001720	READ
000016ca	FUN_000016a0	20000c72	READ
000016ce	FUN_000016a0	000016f2	CONDITIONAL_JUMP
000016d2	FUN_000016a0	000016ea	CONDITIONAL_JUMP
000016d6	FUN_000016a0	2000041c	READ
000016d8	FUN_000016a0	2000041b	READ
000016da	FUN_000016a0	2000041a	READ
000016de	FUN_000016a0	00000a38	UNCONDITIONAL_CALL
000016e8	FUN_000016a0	000016d6	CONDITIONAL_JUMP
000016ec	FUN_000016a0	00007b88	UNCONDITIONAL_CALL
000016f0	FUN_000016a0	000016c6	UNCONDITIONAL_JUMP
000016f2	FUN_000016a0	00001724	READ
000016f6	FUN_000016a0	20003ad2	READ
000016f6	FUN_000016a0	20003ad3	READ
000016fa	FUN_000016a0	00001708	CONDITIONAL_JUMP
000016fc	FUN_000016a0	2000041c	READ
000016fe	FUN_000016a0	2000041b	READ
00001700	FUN_000016a0	2000041a	READ
00001704	FUN_000016a0	00000a38	UNCONDITIONAL_CALL
0000170e	FUN_000016a0	000016f6	CONDITIONAL_JUMP
0000172a	FUN_00001728	000017e0	READ
0000172e	FUN_00001728	000017e4	READ
0000173c	FUN_00001728	000017e8	READ
0000173e	FUN_00001728	20001ac4	READ
0000173e	FUN_00001728	20001ac6	READ
00001740	FUN_00001728	000017ec	READ
00001744	FUN_00001728	0000c19e	READ
00001744	FUN_00001728	0000c1a0	READ
00001748	FUN_00001728	0000178a	CONDITIONAL_JUMP
0000174a	FUN_00001728	000017f0	READ
0000174c	FUN_00001728	2000386a	READ
0000174c	FUN_00001728	2000386c	READ
00001752	FUN_00001728	0000179a	CONDITIONAL_JUMP
00001756	FUN_00001728	2000386a	WRITE
00001758	FUN_00001728	20000409	READ
0000175c	FUN_00001728	0000179a	CONDITIONAL_JUMP
00001760	FUN_00001728	0000c7f7	READ
00001764	FUN_00001728	000017f4	READ
00001768	FUN_00001728	0000c728	DATA
0000176c	FUN_00001728	000017f8	READ
00001770	FUN_00001728	20003b5f	DATA
00001772	FUN_00001728	000017f4	READ
00001778	FUN_00001728	000017f8	READ
0000177a	FUN_00001728	0000c729	DATA
0000177e	FUN_00001728	20003b60	DATA
00001782	FUN_00001728	20003b61	DATA
00001786	FUN_00001728	20000409	WRITE
00001788	FUN_00001728	0000179a	UNCONDITIONAL_JUMP
0000178a	FUN_00001728	000017f0	READ
0000178c	FUN_00001728	2000386c	READ
00001790	FUN_00001728	0000179a	CONDITIONAL_JUMP
00001792	FUN_00001728	000017fc	READ
00001794	FUN_00001728	0000c1be	READ
00001798	FUN_00001728	2000386c	WRITE
000017a0	FUN_00001728	0000173c	CONDITIONAL_JUMP
000017a8	FUN_00001728	0000172e	CONDITIONAL_JUMP
000017aa	FUN_00001728	Stack[-0x18]	READ
000017ae	FUN_00001728	00001800	READ
000017ae	FUN_00001728	200003c0	PARAM
000017b2	FUN_00001728	000017c8	CONDITIONAL_JUMP
000017b4	FUN_00001728	200003cd	READ
000017ba	FUN_00001728	200003cd	WRITE
000017bc	FUN_00001728	20000405	READ
000017c0	FUN_00001728	000017de	CONDITIONAL_JUMP
000017c2	FUN_00001728	200003cd	WRITE
000017c6	FUN_00001728	000017da	UNCONDITIONAL_JUMP
000017c8	FUN_00001728	200003ce	READ
000017ce	FUN_00001728	200003ce	WRITE
000017d0	FUN_00001728	20000406	READ
000017d4	FUN_00001728	000017de	CONDITIONAL_JUMP
000017d6	FUN_00001728	200003ce	WRITE
000017da	FUN_00001728	00007bec	UNCONDITIONAL_CALL
00001804	rgb_timer_update	00001890	READ
00001806	rgb_timer_update	20000cba	READ
0000180a	rgb_timer_update	0000188e	CONDITIONAL_JUMP
0000180e	rgb_timer_update	00001894	READ
00001812	rgb_timer_update	200003c1	READ
00001814	rgb_timer_update	00001898	READ
0000181a	rgb_timer_update	200003c1	WRITE
0000181e	rgb_timer_update	200003c0	READ
00001820	rgb_timer_update	Stack[-0x18]	WRITE
00001828	rgb_timer_update	0000189c	READ
00001832	rgb_timer_update	2000041e	WRITE
00001832	rgb_timer_update	20000420	WRITE
00001836	rgb_timer_update	0000182c	CONDITIONAL_JUMP
00001842	rgb_timer_update	000018a0	READ
0000184a	rgb_timer_update	20003880	DATA
0000184a	rgb_timer_update	20003881	DATA
0000184e	rgb_timer_update	0000185c	CONDITIONAL_JUMP
00001850	rgb_timer_update	000018a4	READ
00001854	rgb_timer_update	2000041e	READ
00001854	rgb_timer_update	20000420	READ
00001856	rgb_timer_update	0000c6c6	READ
00001856	rgb_timer_update	0000c6c8	READ
0000185a	rgb_timer_update	2000041e	WRITE
0000185a	rgb_timer_update	20000420	WRITE
00001862	rgb_timer_update	0000184a	CONDITIONAL_JUMP
0000186a	rgb_timer_update	0000183a	CONDITIONAL_JUMP
0000186c	rgb_timer_update	00001894	READ
0000186e	rgb_timer_update	Stack[-0x18]	READ
00001870	rgb_timer_update	000067c0	UNCONDITIONAL_CALL
00001874	rgb_timer_update	200003c1	READ
0000187a	rgb_timer_update	0000187e	CONDITIONAL_JUMP
0000187c	rgb_timer_update	200003c1	WRITE
0000187e	rgb_timer_update	200003c0	READ
00001884	rgb_timer_update	200003c0	WRITE
00001888	rgb_timer_update	0000188c	CONDITIONAL_JUMP
0000188a	rgb_timer_update	200003c0	WRITE
000018aa	FUN_000018a8	00001930	READ
000018ae	FUN_000018a8	20000c6c	DATA
000018ae	FUN_000018a8	Stack[-0x18]	WRITE
000018b0	FUN_000018a8	00001934	READ
000018bc	FUN_000018a8	00001938	READ
000018be	FUN_000018a8	20001ac4	READ
000018be	FUN_000018a8	20001ac6	READ
000018c0	FUN_000018a8	0000193c	READ
000018c4	FUN_000018a8	0000c19e	READ
000018c4	FUN_000018a8	0000c1a0	READ
000018c8	FUN_000018a8	000018e8	CONDITIONAL_JUMP
000018ca	FUN_000018a8	00001940	READ
000018cc	FUN_000018a8	2000386a	READ
000018cc	FUN_000018a8	2000386c	READ
000018d2	FUN_000018a8	0000191c	CONDITIONAL_JUMP
000018d6	FUN_000018a8	2000386a	WRITE
000018d8	FUN_000018a8	Stack[-0x18]	READ
000018dc	FUN_000018a8	20000c72	READ
000018e2	FUN_000018a8	00008b14	UNCONDITIONAL_CALL
000018e6	FUN_000018a8	0000191c	UNCONDITIONAL_JUMP
000018e8	FUN_000018a8	00001940	READ
000018ea	FUN_000018a8	2000386c	READ
000018ee	FUN_000018a8	000018f8	CONDITIONAL_JUMP
000018f0	FUN_000018a8	00001944	READ
000018f2	FUN_000018a8	0000c1be	READ
000018f6	FUN_000018a8	2000386c	WRITE
000018f8	FUN_000018a8	20003a12	READ
000018fc	FUN_000018a8	0000191c	CONDITIONAL_JUMP
000018fe	FUN_000018a8	00001948	READ
00001900	FUN_000018a8	200003cc	READ
00001904	FUN_000018a8	0000190a	CONDITIONAL_JUMP
00001908	FUN_000018a8	0000190c	UNCONDITIONAL_JUMP
0000190c	FUN_000018a8	20003a12	WRITE
0000190e	FUN_000018a8	Stack[-0x18]	READ
00001912	FUN_000018a8	20000c72	READ
00001918	FUN_000018a8	00008b14	UNCONDITIONAL_CALL
00001922	FUN_000018a8	000018bc	CONDITIONAL_JUMP
0000192a	FUN_000018a8	000018b0	CONDITIONAL_JUMP
0000194e	FUN_0000194c	00001d4c	READ
00001952	FUN_0000194c	20000cba	READ
00001956	FUN_0000194c	0000196e	CONDITIONAL_JUMP
00001958	FUN_0000194c	00001d50	READ
0000195c	FUN_0000194c	20000cac	PARAM
00001960	FUN_0000194c	20000cc8	READ
00001964	FUN_0000194c	00001986	CONDITIONAL_JUMP
00001968	FUN_0000194c	0000199a	CONDITIONAL_JUMP
0000196c	FUN_0000194c	00001998	CONDITIONAL_JUMP
0000196e	FUN_0000194c	00001d50	READ
0000196e	FUN_0000194c	20000c4c	DATA
00001970	FUN_0000194c	20000c5d	READ
00001974	FUN_0000194c	00001998	CONDITIONAL_JUMP
00001976	FUN_0000194c	20000c63	READ
0000197a	FUN_0000194c	00001998	CONDITIONAL_JUMP
0000197c	FUN_0000194c	00001d50	READ
0000197e	FUN_0000194c	20000c5c	READ
00001982	FUN_0000194c	000019aa	CONDITIONAL_JUMP
00001984	FUN_0000194c	000019c0	UNCONDITIONAL_JUMP
00001988	FUN_0000194c	0000198e	CONDITIONAL_JUMP
0000198c	FUN_0000194c	20000cc8	WRITE
00001992	FUN_0000194c	20000cc8	PARAM
00001994	FUN_0000194c	000042c4	UNCONDITIONAL_CALL
0000199c	FUN_0000194c	000019a2	CONDITIONAL_JUMP
000019a0	FUN_0000194c	20000cc8	WRITE
000019a6	FUN_0000194c	20000cc8	PARAM
000019a8	FUN_0000194c	000020ce	UNCONDITIONAL_JUMP
000019aa	FUN_0000194c	00001d54	READ
000019ac	FUN_0000194c	20000cd2	READ
000019b0	FUN_0000194c	000019c0	CONDITIONAL_JUMP
000019b2	FUN_0000194c	20000cbd	READ
000019b6	FUN_0000194c	00001998	CONDITIONAL_JUMP
000019b8	FUN_0000194c	00001d58	READ
000019ba	FUN_0000194c	20000310	READ
000019be	FUN_0000194c	00001998	CONDITIONAL_JUMP
000019c4	FUN_0000194c	00001d5c	READ
000019c8	FUN_0000194c	000019d0	CONDITIONAL_JUMP
000019ce	FUN_0000194c	000019e2	CONDITIONAL_JUMP
000019d0	FUN_0000194c	200003c5	READ
000019d4	FUN_0000194c	000019e2	CONDITIONAL_JUMP
000019d6	FUN_0000194c	200003c5	WRITE
000019dc	FUN_0000194c	00001d60	READ
000019dc	FUN_0000194c	200003c5	PARAM
000019de	FUN_0000194c	000042c4	UNCONDITIONAL_CALL
000019e4	FUN_0000194c	00001998	CONDITIONAL_JUMP
000019ea	FUN_0000194c	000019f0	DATA
000019ee	FUN_0000194c	00001a00	COMPUTED_JUMP
000019ee	FUN_0000194c	00001a6a	COMPUTED_JUMP
000019ee	FUN_0000194c	00001ab2	COMPUTED_JUMP
000019ee	FUN_0000194c	00001ace	COMPUTED_JUMP
000019ee	FUN_0000194c	00001b04	COMPUTED_JUMP
000019ee	FUN_0000194c	00001b44	COMPUTED_JUMP
000019ee	FUN_0000194c	000019fe	COMPUTED_JUMP
000019ee	FUN_0000194c	00001b70	COMPUTED_JUMP
000019ee	FUN_0000194c	00001bd8	COMPUTED_JUMP
000019ee	FUN_0000194c	00001bd6	COMPUTED_JUMP
000019ee	FUN_0000194c	00001bd4	COMPUTED_JUMP
000019ee	FUN_0000194c	00001bd2	COMPUTED_JUMP
000019ee	FUN_0000194c	00001bd0	COMPUTED_JUMP
000019fe	FUN_0000194c	00001998	UNCONDITIONAL_JUMP
00001a00	FUN_0000194c	20000cba	READ
00001a04	FUN_0000194c	00001a32	CONDITIONAL_JUMP
00001a06	FUN_0000194c	20000cba	WRITE
00001a08	FUN_0000194c	00001d64	READ
00001a0a	FUN_0000194c	20000cbb	WRITE
00001a0c	FUN_0000194c	40010020	READ
00001a0e	FUN_0000194c	40000000	PARAM
00001a12	FUN_0000194c	40010020	WRITE
00001a14	FUN_0000194c	00001d68	READ
00001a16	FUN_0000194c	00003898	UNCONDITIONAL_CALL
00001a1a	FUN_0000194c	00006778	UNCONDITIONAL_CALL
00001a1e	FUN_0000194c	00002a0c	UNCONDITIONAL_CALL
00001a22	FUN_0000194c	00001d50	READ
00001a24	FUN_0000194c	00001d6c	READ
00001a24	FUN_0000194c	0000bd6c	PARAM
00001a26	FUN_0000194c	20000c54	READ
00001a2a	FUN_0000194c	0000bd6c	DATA
00001a2c	FUN_0000194c	000007a8	UNCONDITIONAL_CALL
00001a30	FUN_0000194c	00001a62	UNCONDITIONAL_JUMP
00001a34	FUN_0000194c	20000cba	WRITE
00001a36	FUN_0000194c	20000cbb	WRITE
00001a38	FUN_0000194c	00001d70	READ
00001a3a	FUN_0000194c	20000c74	WRITE
00001a3c	FUN_0000194c	00001d74	READ
00001a3e	FUN_0000194c	0000c66b	READ
00001a40	FUN_0000194c	0000068c	UNCONDITIONAL_CALL
00001a44	FUN_0000194c	00001d50	READ
00001a46	FUN_0000194c	00001d78	READ
00001a46	FUN_0000194c	0000bd60	PARAM
00001a48	FUN_0000194c	20000c54	READ
00001a4c	FUN_0000194c	0000bd60	DATA
00001a4e	FUN_0000194c	000007a8	UNCONDITIONAL_CALL
00001a52	FUN_0000194c	00001d68	READ
00001a54	FUN_0000194c	000038b4	UNCONDITIONAL_CALL
00001a58	FUN_0000194c	00001d64	READ
00001a5a	FUN_0000194c	40010020	READ
00001a60	FUN_0000194c	40010020	WRITE
00001a66	FUN_0000194c	00001d7c	READ
00001a66	FUN_0000194c	20000cba	PARAM
00001a68	FUN_0000194c	000020ce	UNCONDITIONAL_JUMP
00001a6a	FUN_0000194c	00001d70	READ
00001a6c	FUN_0000194c	20000c72	READ
00001a70	FUN_0000194c	00001a94	CONDITIONAL_JUMP
00001a72	FUN_0000194c	20000c72	WRITE
00001a78	FUN_0000194c	00001d80	READ
00001a78	FUN_0000194c	20000c72	PARAM
00001a7a	FUN_0000194c	000042c4	UNCONDITIONAL_CALL
00001a7e	FUN_0000194c	200003c7	READ
00001a82	FUN_0000194c	00001b6e	CONDITIONAL_JUMP
00001a86	FUN_0000194c	200003c7	WRITE
00001a8c	FUN_0000194c	00001d84	READ
00001a8c	FUN_0000194c	200003c7	PARAM
00001a8e	FUN_0000194c	000042c4	UNCONDITIONAL_CALL
00001a92	FUN_0000194c	00002192	UNCONDITIONAL_JUMP
00001a94	FUN_0000194c	200003c7	READ
00001a98	FUN_0000194c	000019fe	CONDITIONAL_JUMP
00001a9c	FUN_0000194c	200003c7	WRITE
00001aa2	FUN_0000194c	00001d84	READ
00001aa2	FUN_0000194c	200003c7	PARAM
00001aa4	FUN_0000194c	000042c4	UNCONDITIONAL_CALL
00001aa8	FUN_0000194c	00001d88	READ
00001aa8	FUN_0000194c	200003e0	DATA
00001aaa	FUN_0000194c	200003fc	WRITE
00001aac	FUN_0000194c	200003fd	WRITE
00001aae	FUN_0000194c	200003fe	WRITE
00001ab2	FUN_0000194c	00001d70	READ
00001ab2	FUN_0000194c	20000c6c	PARAM
00001ab4	FUN_0000194c	20000c72	READ
00001aba	FUN_0000194c	20000c72	WRITE
00001abe	FUN_0000194c	00001ac2	CONDITIONAL_JUMP
00001ac0	FUN_0000194c	20000c72	WRITE
00001ac2	FUN_0000194c	000027dc	UNCONDITIONAL_CALL
00001aca	FUN_0000194c	00001d80	READ
00001aca	FUN_0000194c	20000c72	PARAM
00001acc	FUN_0000194c	000020ce	UNCONDITIONAL_JUMP
00001ace	FUN_0000194c	00001d70	READ
00001ad0	FUN_0000194c	20000c72	READ
00001ad6	FUN_0000194c	00001ab0	CONDITIONAL_JUMP
00001ad8	FUN_0000194c	200003c3	READ
00001ade	FUN_0000194c	200003c3	WRITE
00001ae2	FUN_0000194c	00001af0	CONDITIONAL_JUMP
00001ae6	FUN_0000194c	00001aee	CONDITIONAL_JUMP
00001aea	FUN_0000194c	200003c3	WRITE
00001aec	FUN_0000194c	00001af0	UNCONDITIONAL_JUMP
00001aee	FUN_0000194c	200003c3	WRITE
00001af0	FUN_0000194c	200003c3	READ
00001af2	FUN_0000194c	200003c2	READ
00001af6	FUN_0000194c	00001afc	CONDITIONAL_JUMP
00001afa	FUN_0000194c	200003c3	WRITE
00001b00	FUN_0000194c	00001d8c	READ
00001b00	FUN_0000194c	200003c3	PARAM
00001b02	FUN_0000194c	000020ce	UNCONDITIONAL_JUMP
00001b04	FUN_0000194c	00001d70	READ
00001b06	FUN_0000194c	20000c72	READ
00001b0a	FUN_0000194c	00001ab0	CONDITIONAL_JUMP
00001b0e	FUN_0000194c	00001b1a	CONDITIONAL_JUMP
00001b10	FUN_0000194c	20000c74	READ
00001b12	FUN_0000194c	00001d74	READ
00001b14	FUN_0000194c	0000c66b	DATA
00001b16	FUN_0000194c	00000660	UNCONDITIONAL_CALL
00001b1a	FUN_0000194c	20000c72	WRITE
00001b1c	FUN_0000194c	200003c7	READ
00001b20	FUN_0000194c	00001b34	CONDITIONAL_JUMP
00001b22	FUN_0000194c	200003c2	READ
00001b26	FUN_0000194c	00001b34	CONDITIONAL_JUMP
00001b28	FUN_0000194c	200003c2	WRITE
00001b2e	FUN_0000194c	00001d90	READ
00001b2e	FUN_0000194c	200003c2	PARAM
00001b30	FUN_0000194c	000042c4	UNCONDITIONAL_CALL
00001b36	FUN_0000194c	00001d88	READ
00001b3a	FUN_0000194c	200003fc	WRITE
00001b3c	FUN_0000194c	200003fd	WRITE
00001b3e	FUN_0000194c	200003fe	WRITE
00001b40	FUN_0000194c	00001d80	READ
00001b40	FUN_0000194c	20000c72	PARAM
00001b42	FUN_0000194c	000020ce	UNCONDITIONAL_JUMP
00001b44	FUN_0000194c	00001d70	READ
00001b46	FUN_0000194c	20000c72	READ
00001b4c	FUN_0000194c	00001ab0	CONDITIONAL_JUMP
00001b4e	FUN_0000194c	200003c5	READ
00001b52	FUN_0000194c	00001b58	CONDITIONAL_JUMP
00001b54	FUN_0000194c	200003c5	WRITE
00001b56	FUN_0000194c	00001b66	UNCONDITIONAL_JUMP
00001b5a	FUN_0000194c	200003c5	WRITE
00001b60	FUN_0000194c	00001d94	READ
00001b60	FUN_0000194c	20003880	PARAM
00001b62	FUN_0000194c	00004210	UNCONDITIONAL_CALL
00001b6a	FUN_0000194c	00001d60	READ
00001b6a	FUN_0000194c	200003c5	PARAM
00001b6c	FUN_0000194c	000020ce	UNCONDITIONAL_JUMP
00001b6e	FUN_0000194c	0000217c	UNCONDITIONAL_JUMP
00001b70	FUN_0000194c	00001d70	READ
00001b72	FUN_0000194c	20000c72	READ
00001b76	FUN_0000194c	00001bda	CONDITIONAL_JUMP
00001b7a	FUN_0000194c	00001c02	CONDITIONAL_JUMP
00001b7e	FUN_0000194c	00001c1e	CONDITIONAL_JUMP
00001b82	FUN_0000194c	00001c3a	CONDITIONAL_JUMP
00001b86	FUN_0000194c	00001c56	CONDITIONAL_JUMP
00001b8a	FUN_0000194c	00001c82	CONDITIONAL_JUMP
00001b8e	FUN_0000194c	00001c74	CONDITIONAL_JUMP
00001b92	FUN_0000194c	00001c76	CONDITIONAL_JUMP
00001b96	FUN_0000194c	00001c76	CONDITIONAL_JUMP
00001b9a	FUN_0000194c	00001c78	CONDITIONAL_JUMP
00001b9e	FUN_0000194c	00001c7a	CONDITIONAL_JUMP
00001ba2	FUN_0000194c	00001c7c	CONDITIONAL_JUMP
00001ba6	FUN_0000194c	00001c7e	CONDITIONAL_JUMP
00001baa	FUN_0000194c	00001c80	CONDITIONAL_JUMP
00001bae	FUN_0000194c	00001bb2	CONDITIONAL_JUMP
00001bb0	FUN_0000194c	00001ab0	UNCONDITIONAL_JUMP
00001bb2	FUN_0000194c	00001d88	READ
00001bb4	FUN_0000194c	200003f6	READ
00001bb8	FUN_0000194c	00001bb0	CONDITIONAL_JUMP
00001bbe	FUN_0000194c	200003f6	WRITE
00001bc0	FUN_0000194c	00001d98	READ
00001bc4	FUN_0000194c	0000c6b1	DATA
00001bc6	FUN_0000194c	00001d9c	READ
00001bc8	FUN_0000194c	2000040f	WRITE
00001bcc	FUN_0000194c	00001da0	READ
00001bcc	FUN_0000194c	200003f6	PARAM
00001bce	FUN_0000194c	000020ce	UNCONDITIONAL_JUMP
00001bd0	FUN_0000194c	000020d4	UNCONDITIONAL_JUMP
00001bd2	FUN_0000194c	00002064	UNCONDITIONAL_JUMP
00001bd4	FUN_0000194c	0000203c	UNCONDITIONAL_JUMP
00001bd6	FUN_0000194c	00002012	UNCONDITIONAL_JUMP
00001bd8	FUN_0000194c	00001e26	UNCONDITIONAL_JUMP
00001bda	FUN_0000194c	200003c2	READ
00001bde	FUN_0000194c	00001be4	CONDITIONAL_JUMP
00001be2	FUN_0000194c	00001bb0	CONDITIONAL_JUMP
00001be4	FUN_0000194c	00001d9c	READ
00001be6	FUN_0000194c	20000403	READ
00001bea	FUN_0000194c	00001bb0	CONDITIONAL_JUMP
00001bf0	FUN_0000194c	200003e3	WRITE
00001bf0	FUN_0000194c	20000403	WRITE
00001bf2	FUN_0000194c	00001da4	READ
00001bf6	FUN_0000194c	0000c884	DATA
00001bf8	FUN_0000194c	200003f6	WRITE
00001bf8	FUN_0000194c	20000416	WRITE
00001bfe	FUN_0000194c	00001da8	READ
00001bfe	FUN_0000194c	20000403	PARAM
00001c00	FUN_0000194c	000020ce	UNCONDITIONAL_JUMP
00001c02	FUN_0000194c	00001d9c	READ
00001c04	FUN_0000194c	20000402	READ
00001c08	FUN_0000194c	00001bb0	CONDITIONAL_JUMP
00001c0e	FUN_0000194c	00001dac	READ
00001c10	FUN_0000194c	200003e2	WRITE
00001c10	FUN_0000194c	20000402	WRITE
00001c12	FUN_0000194c	0000c670	DATA
00001c14	FUN_0000194c	200003f0	WRITE
00001c14	FUN_0000194c	20000410	WRITE
00001c1a	FUN_0000194c	00001db0	READ
00001c1a	FUN_0000194c	20000402	PARAM
00001c1c	FUN_0000194c	000020ce	UNCONDITIONAL_JUMP
00001c1e	FUN_0000194c	00001d9c	READ
00001c20	FUN_0000194c	20000404	READ
00001c24	FUN_0000194c	00001bb0	CONDITIONAL_JUMP
00001c2a	FUN_0000194c	20000404	WRITE
00001c2c	FUN_0000194c	00001db4	READ
00001c30	FUN_0000194c	0000c754	READ
00001c30	FUN_0000194c	0000c675	DATA
00001c32	FUN_0000194c	200003cc	WRITE
00001c36	FUN_0000194c	00001db8	READ
00001c36	FUN_0000194c	20000404	PARAM
00001c38	FUN_0000194c	000020ce	UNCONDITIONAL_JUMP
00001c3a	FUN_0000194c	00001d9c	READ
00001c3c	FUN_0000194c	20000407	READ
00001c40	FUN_0000194c	00001bb0	CONDITIONAL_JUMP
00001c46	FUN_0000194c	00001dbc	READ
00001c48	FUN_0000194c	200003e7	WRITE
00001c48	FUN_0000194c	20000407	WRITE
00001c4a	FUN_0000194c	0000c67a	DATA
00001c4c	FUN_0000194c	200003e5	WRITE
00001c4c	FUN_0000194c	20000405	WRITE
00001c52	FUN_0000194c	00001dc0	READ
00001c52	FUN_0000194c	20000407	PARAM
00001c54	FUN_0000194c	000020ce	UNCONDITIONAL_JUMP
00001c56	FUN_0000194c	00001d9c	READ
00001c58	FUN_0000194c	20000408	READ
00001c5c	FUN_0000194c	00001bb0	CONDITIONAL_JUMP
00001c62	FUN_0000194c	00001dc4	READ
00001c64	FUN_0000194c	20000408	WRITE
00001c66	FUN_0000194c	0000c67f	DATA
00001c68	FUN_0000194c	20000406	WRITE
00001c6e	FUN_0000194c	00001dc8	READ
00001c6e	FUN_0000194c	20000408	PARAM
00001c70	FUN_0000194c	000020ce	UNCONDITIONAL_JUMP
00001c74	FUN_0000194c	00001c9c	UNCONDITIONAL_JUMP
00001c76	FUN_0000194c	00001cb6	UNCONDITIONAL_JUMP
00001c78	FUN_0000194c	00001cd0	UNCONDITIONAL_JUMP
00001c7a	FUN_0000194c	00001cec	UNCONDITIONAL_JUMP
00001c7c	FUN_0000194c	00001d08	UNCONDITIONAL_JUMP
00001c7e	FUN_0000194c	00001d26	UNCONDITIONAL_JUMP
00001c80	FUN_0000194c	00001e08	UNCONDITIONAL_JUMP
00001c82	FUN_0000194c	200003d3	READ
00001c86	FUN_0000194c	00001bb0	CONDITIONAL_JUMP
00001c8c	FUN_0000194c	00001dcc	READ
00001c8e	FUN_0000194c	200003d3	WRITE
00001c90	FUN_0000194c	0000c684	DATA
00001c92	FUN_0000194c	200003d0	WRITE
00001c98	FUN_0000194c	00001dd0	READ
00001c98	FUN_0000194c	200003d3	PARAM
00001c9a	FUN_0000194c	000020ce	UNCONDITIONAL_JUMP
00001c9c	FUN_0000194c	200003d8	READ
00001ca0	FUN_0000194c	00001bb0	CONDITIONAL_JUMP
00001ca6	FUN_0000194c	00001dd4	READ
00001ca8	FUN_0000194c	200003d8	WRITE
00001caa	FUN_0000194c	0000c689	DATA
00001cac	FUN_0000194c	200003d5	WRITE
00001cb2	FUN_0000194c	00001dd8	READ
00001cb2	FUN_0000194c	200003d8	PARAM
00001cb4	FUN_0000194c	000020ce	UNCONDITIONAL_JUMP
00001cb6	FUN_0000194c	200003dc	READ
00001cba	FUN_0000194c	00001bea	CONDITIONAL_JUMP
00001cc0	FUN_0000194c	00001ddc	READ
00001cc2	FUN_0000194c	200003dc	WRITE
00001cc4	FUN_0000194c	0000c68e	DATA
00001cc6	FUN_0000194c	200003da	WRITE
00001ccc	FUN_0000194c	00001de0	READ
00001ccc	FUN_0000194c	200003dc	PARAM
00001cce	FUN_0000194c	000020ce	UNCONDITIONAL_JUMP
00001cd0	FUN_0000194c	00001d88	READ
00001cd2	FUN_0000194c	200003e3	READ
00001cd6	FUN_0000194c	00001bea	CONDITIONAL_JUMP
00001cdc	FUN_0000194c	00001de4	READ
00001cde	FUN_0000194c	200003e3	WRITE
00001ce0	FUN_0000194c	0000c693	DATA
00001ce2	FUN_0000194c	200003e0	WRITE
00001ce8	FUN_0000194c	00001de8	READ
00001ce8	FUN_0000194c	200003e3	PARAM
00001cea	FUN_0000194c	000020ce	UNCONDITIONAL_JUMP
00001cec	FUN_0000194c	00001d88	READ
00001cee	FUN_0000194c	200003e8	READ
00001cf2	FUN_0000194c	00001c08	CONDITIONAL_JUMP
00001cf8	FUN_0000194c	00001dec	READ
00001cfa	FUN_0000194c	200003e8	WRITE
00001cfc	FUN_0000194c	0000c698	DATA
00001cfe	FUN_0000194c	200003e6	WRITE
00001d04	FUN_0000194c	00001df0	READ
00001d04	FUN_0000194c	200003e8	PARAM
00001d06	FUN_0000194c	000020ce	UNCONDITIONAL_JUMP
00001d08	FUN_0000194c	00001d88	READ
00001d0a	FUN_0000194c	200003ef	READ
00001d0e	FUN_0000194c	00001c24	CONDITIONAL_JUMP
00001d14	FUN_0000194c	200003ef	WRITE
00001d16	FUN_0000194c	00001df4	READ
00001d1a	FUN_0000194c	0000c69d	DATA
00001d1c	FUN_0000194c	00001d9c	READ
00001d1e	FUN_0000194c	2000040d	WRITE
00001d22	FUN_0000194c	00001df8	READ
00001d22	FUN_0000194c	200003ef	PARAM
00001d24	FUN_0000194c	000020ce	UNCONDITIONAL_JUMP
00001d26	FUN_0000194c	00001d88	READ
00001d28	FUN_0000194c	200003ec	READ
00001d2c	FUN_0000194c	00001c40	CONDITIONAL_JUMP
00001d32	FUN_0000194c	200003ec	WRITE
00001d34	FUN_0000194c	00001dfc	READ
00001d36	FUN_0000194c	0000c781	READ
00001d36	FUN_0000194c	0000c6a2	DATA
00001d38	FUN_0000194c	00001d9c	READ
00001d3a	FUN_0000194c	2000040a	WRITE
00001d3c	FUN_0000194c	00001e00	READ
00001d3e	FUN_0000194c	0000c786	READ
00001d3e	FUN_0000194c	0000c6a7	DATA
00001d40	FUN_0000194c	2000040c	WRITE
00001d46	FUN_0000194c	00001e04	READ
00001d46	FUN_0000194c	200003ec	PARAM
00001d48	FUN_0000194c	000020ce	UNCONDITIONAL_JUMP
00001e08	FUN_0000194c	000021a0	READ
00001e0a	FUN_0000194c	200003f1	READ
00001e0e	FUN_0000194c	00001d2c	CONDITIONAL_JUMP
00001e14	FUN_0000194c	200003f1	WRITE
00001e16	FUN_0000194c	000021a4	READ
00001e1a	FUN_0000194c	0000c6ac	DATA
00001e1c	FUN_0000194c	000021a8	READ
00001e1e	FUN_0000194c	2000040e	WRITE
00001e22	FUN_0000194c	000021ac	READ
00001e22	FUN_0000194c	200003f1	PARAM
00001e24	FUN_0000194c	000020ce	UNCONDITIONAL_JUMP
00001e26	FUN_0000194c	000021b0	READ
00001e28	FUN_0000194c	20000c72	READ
00001e2c	FUN_0000194c	00001e86	CONDITIONAL_JUMP
00001e30	FUN_0000194c	00001eae	CONDITIONAL_JUMP
00001e34	FUN_0000194c	00001eca	CONDITIONAL_JUMP
00001e38	FUN_0000194c	00001ee6	CONDITIONAL_JUMP
00001e3c	FUN_0000194c	00001f02	CONDITIONAL_JUMP
00001e40	FUN_0000194c	00001f1e	CONDITIONAL_JUMP
00001e44	FUN_0000194c	00001f46	CONDITIONAL_JUMP
00001e48	FUN_0000194c	00001f3a	CONDITIONAL_JUMP
00001e4c	FUN_0000194c	00001f3a	CONDITIONAL_JUMP
00001e50	FUN_0000194c	00001f3c	CONDITIONAL_JUMP
00001e54	FUN_0000194c	00001f3e	CONDITIONAL_JUMP
00001e58	FUN_0000194c	00001f40	CONDITIONAL_JUMP
00001e5c	FUN_0000194c	00001f42	CONDITIONAL_JUMP
00001e60	FUN_0000194c	00001f44	CONDITIONAL_JUMP
00001e64	FUN_0000194c	00001e68	CONDITIONAL_JUMP
00001e66	FUN_0000194c	00001ab0	UNCONDITIONAL_JUMP
00001e68	FUN_0000194c	000021a0	READ
00001e6a	FUN_0000194c	200003f6	READ
00001e6e	FUN_0000194c	00001e66	CONDITIONAL_JUMP
00001e74	FUN_0000194c	200003f6	WRITE
00001e76	FUN_0000194c	000021b4	READ
00001e7a	FUN_0000194c	0000c6b1	DATA
00001e7c	FUN_0000194c	000021a8	READ
00001e7e	FUN_0000194c	2000040f	WRITE
00001e82	FUN_0000194c	000021b8	READ
00001e82	FUN_0000194c	200003f6	PARAM
00001e84	FUN_0000194c	000020ce	UNCONDITIONAL_JUMP
00001e86	FUN_0000194c	200003c2	READ
00001e8a	FUN_0000194c	00001e90	CONDITIONAL_JUMP
00001e8e	FUN_0000194c	00001e66	CONDITIONAL_JUMP
00001e90	FUN_0000194c	000021a8	READ
00001e92	FUN_0000194c	20000403	READ
00001e96	FUN_0000194c	00001e66	CONDITIONAL_JUMP
00001e9c	FUN_0000194c	200003e3	WRITE
00001e9c	FUN_0000194c	20000403	WRITE
00001e9e	FUN_0000194c	000021bc	READ
00001ea2	FUN_0000194c	0000c884	DATA
00001ea4	FUN_0000194c	200003f6	WRITE
00001ea4	FUN_0000194c	20000416	WRITE
00001eaa	FUN_0000194c	000021c0	READ
00001eaa	FUN_0000194c	20000403	PARAM
00001eac	FUN_0000194c	000020ce	UNCONDITIONAL_JUMP
00001eae	FUN_0000194c	000021a8	READ
00001eb0	FUN_0000194c	20000402	READ
00001eb4	FUN_0000194c	00001e66	CONDITIONAL_JUMP
00001eba	FUN_0000194c	000021c4	READ
00001ebc	FUN_0000194c	200003e2	WRITE
00001ebc	FUN_0000194c	20000402	WRITE
00001ebe	FUN_0000194c	0000c670	DATA
00001ec0	FUN_0000194c	200003f0	WRITE
00001ec0	FUN_0000194c	20000410	WRITE
00001ec6	FUN_0000194c	000021c8	READ
00001ec6	FUN_0000194c	20000402	PARAM
00001ec8	FUN_0000194c	000020ce	UNCONDITIONAL_JUMP
00001eca	FUN_0000194c	000021a8	READ
00001ecc	FUN_0000194c	20000404	READ
00001ed0	FUN_0000194c	00001e66	CONDITIONAL_JUMP
00001ed6	FUN_0000194c	200003e4	WRITE
00001ed6	FUN_0000194c	20000404	WRITE
00001ed8	FUN_0000194c	000021cc	READ
00001edc	FUN_0000194c	0000c675	DATA
00001ede	FUN_0000194c	200003cc	WRITE
00001ee2	FUN_0000194c	000021d0	READ
00001ee2	FUN_0000194c	20000404	PARAM
00001ee4	FUN_0000194c	000020ce	UNCONDITIONAL_JUMP
00001ee6	FUN_0000194c	000021a8	READ
00001ee8	FUN_0000194c	20000407	READ
00001eec	FUN_0000194c	00001e66	CONDITIONAL_JUMP
00001ef2	FUN_0000194c	000021d4	READ
00001ef4	FUN_0000194c	20000407	WRITE
00001ef6	FUN_0000194c	0000c75b	READ
00001ef6	FUN_0000194c	0000c67a	DATA
00001ef8	FUN_0000194c	20000405	WRITE
00001efe	FUN_0000194c	000021d8	READ
00001efe	FUN_0000194c	20000407	PARAM
00001f00	FUN_0000194c	000020ce	UNCONDITIONAL_JUMP
00001f02	FUN_0000194c	000021a8	READ
00001f04	FUN_0000194c	20000408	READ
00001f08	FUN_0000194c	00001e66	CONDITIONAL_JUMP
00001f0e	FUN_0000194c	000021dc	READ
00001f10	FUN_0000194c	200003e8	WRITE
00001f10	FUN_0000194c	20000408	WRITE
00001f12	FUN_0000194c	0000c67f	DATA
00001f14	FUN_0000194c	200003e6	WRITE
00001f14	FUN_0000194c	20000406	WRITE
00001f1a	FUN_0000194c	000021e0	READ
00001f1a	FUN_0000194c	20000408	PARAM
00001f1c	FUN_0000194c	000020ce	UNCONDITIONAL_JUMP
00001f1e	FUN_0000194c	200003d3	READ
00001f22	FUN_0000194c	00001e66	CONDITIONAL_JUMP
00001f28	FUN_0000194c	000021e4	READ
00001f2a	FUN_0000194c	200003d3	WRITE
00001f2c	FUN_0000194c	0000c684	DATA
00001f2e	FUN_0000194c	200003d0	WRITE
00001f34	FUN_0000194c	000021e8	READ
00001f34	FUN_0000194c	200003d3	PARAM
00001f36	FUN_0000194c	000020ce	UNCONDITIONAL_JUMP
00001f3a	FUN_0000194c	00001f60	UNCONDITIONAL_JUMP
00001f3c	FUN_0000194c	00001f7a	UNCONDITIONAL_JUMP
00001f3e	FUN_0000194c	00001f96	UNCONDITIONAL_JUMP
00001f40	FUN_0000194c	00001fb2	UNCONDITIONAL_JUMP
00001f42	FUN_0000194c	00001fd0	UNCONDITIONAL_JUMP
00001f44	FUN_0000194c	00001ff4	UNCONDITIONAL_JUMP
00001f46	FUN_0000194c	200003d8	READ
00001f4a	FUN_0000194c	00001e66	CONDITIONAL_JUMP
00001f50	FUN_0000194c	000021ec	READ
00001f52	FUN_0000194c	200003d8	WRITE
00001f54	FUN_0000194c	0000c689	DATA
00001f56	FUN_0000194c	200003d5	WRITE
00001f5c	FUN_0000194c	000021f0	READ
00001f5c	FUN_0000194c	200003d8	PARAM
00001f5e	FUN_0000194c	000020ce	UNCONDITIONAL_JUMP
00001f60	FUN_0000194c	200003dc	READ
00001f64	FUN_0000194c	00001e96	CONDITIONAL_JUMP
00001f6a	FUN_0000194c	000021f4	READ
00001f6c	FUN_0000194c	200003dc	WRITE
00001f6e	FUN_0000194c	0000c68e	DATA
00001f70	FUN_0000194c	200003da	WRITE
00001f76	FUN_0000194c	000021f8	READ
00001f76	FUN_0000194c	200003dc	PARAM
00001f78	FUN_0000194c	000020ce	UNCONDITIONAL_JUMP
00001f7a	FUN_0000194c	000021a0	READ
00001f7c	FUN_0000194c	200003e3	READ
00001f80	FUN_0000194c	00001e96	CONDITIONAL_JUMP
00001f86	FUN_0000194c	000021fc	READ
00001f88	FUN_0000194c	200003e3	WRITE
00001f8a	FUN_0000194c	0000c693	DATA
00001f8c	FUN_0000194c	200003e0	WRITE
00001f92	FUN_0000194c	00002200	READ
00001f92	FUN_0000194c	200003e3	PARAM
00001f94	FUN_0000194c	000020ce	UNCONDITIONAL_JUMP
00001f96	FUN_0000194c	000021a0	READ
00001f98	FUN_0000194c	200003e8	READ
00001f9c	FUN_0000194c	00001eb4	CONDITIONAL_JUMP
00001fa2	FUN_0000194c	00002204	READ
00001fa4	FUN_0000194c	200003e8	WRITE
00001fa6	FUN_0000194c	0000c698	DATA
00001fa8	FUN_0000194c	200003e6	WRITE
00001fae	FUN_0000194c	00002208	READ
00001fae	FUN_0000194c	200003e8	PARAM
00001fb0	FUN_0000194c	000020ce	UNCONDITIONAL_JUMP
00001fb2	FUN_0000194c	000021a0	READ
00001fb4	FUN_0000194c	200003ef	READ
00001fb8	FUN_0000194c	00001ed0	CONDITIONAL_JUMP
00001fbe	FUN_0000194c	200003ef	WRITE
00001fc0	FUN_0000194c	0000220c	READ
00001fc4	FUN_0000194c	0000c69d	DATA
00001fc6	FUN_0000194c	000021a8	READ
00001fc8	FUN_0000194c	2000040d	WRITE
00001fcc	FUN_0000194c	00002210	READ
00001fcc	FUN_0000194c	200003ef	PARAM
00001fce	FUN_0000194c	000020ce	UNCONDITIONAL_JUMP
00001fd0	FUN_0000194c	000021a0	READ
00001fd2	FUN_0000194c	200003ec	READ
00001fd6	FUN_0000194c	00001eec	CONDITIONAL_JUMP
00001fdc	FUN_0000194c	200003ec	WRITE
00001fde	FUN_0000194c	00002214	READ
00001fe0	FUN_0000194c	0000c6a2	DATA
00001fe2	FUN_0000194c	000021a8	READ
00001fe4	FUN_0000194c	2000040a	WRITE
00001fe6	FUN_0000194c	00002218	READ
00001fe8	FUN_0000194c	0000c6a7	DATA
00001fea	FUN_0000194c	2000040c	WRITE
00001ff0	FUN_0000194c	0000221c	READ
00001ff0	FUN_0000194c	200003ec	PARAM
00001ff2	FUN_0000194c	000020ce	UNCONDITIONAL_JUMP
00001ff4	FUN_0000194c	000021a0	READ
00001ff6	FUN_0000194c	200003f1	READ
00001ffa	FUN_0000194c	00001f08	CONDITIONAL_JUMP
00002000	FUN_0000194c	200003f1	WRITE
00002002	FUN_0000194c	000021a4	READ
00002006	FUN_0000194c	0000c6ac	DATA
00002008	FUN_0000194c	000021a8	READ
0000200a	FUN_0000194c	2000040e	WRITE
0000200e	FUN_0000194c	200003f1	PARAM
00002010	FUN_0000194c	000020ce	UNCONDITIONAL_JUMP
00002012	FUN_0000194c	000021b0	READ
00002014	FUN_0000194c	20000c72	READ
00002018	FUN_0000194c	0000201c	CONDITIONAL_JUMP
0000201a	FUN_0000194c	00001ab0	UNCONDITIONAL_JUMP
0000201c	FUN_0000194c	20000c74	READ
00002020	FUN_0000194c	0000201a	CONDITIONAL_JUMP
00002024	FUN_0000194c	20000c74	WRITE
0000202a	FUN_0000194c	00002220	READ
0000202a	FUN_0000194c	20000c74	PARAM
0000202c	FUN_0000194c	000042c4	UNCONDITIONAL_CALL
00002030	FUN_0000194c	20000c74	READ
00002032	FUN_0000194c	00002224	READ
00002032	FUN_0000194c	0000c66b	PARAM
00002034	FUN_0000194c	0000c66b	DATA
00002036	FUN_0000194c	00000660	UNCONDITIONAL_CALL
0000203c	FUN_0000194c	000021b0	READ
0000203e	FUN_0000194c	20000c72	READ
00002042	FUN_0000194c	0000203a	CONDITIONAL_JUMP
00002044	FUN_0000194c	20000c74	READ
00002048	FUN_0000194c	0000203a	CONDITIONAL_JUMP
0000204c	FUN_0000194c	20000c74	WRITE
00002052	FUN_0000194c	00002220	READ
00002052	FUN_0000194c	20000c74	PARAM
00002054	FUN_0000194c	000042c4	UNCONDITIONAL_CALL
00002058	FUN_0000194c	20000c74	READ
0000205a	FUN_0000194c	00002224	READ
0000205a	FUN_0000194c	0000c66b	PARAM
0000205c	FUN_0000194c	0000c66b	DATA
0000205e	FUN_0000194c	00000660	UNCONDITIONAL_CALL
00002064	FUN_0000194c	000021b0	READ
00002066	FUN_0000194c	20000c72	READ
0000206a	FUN_0000194c	00002082	CONDITIONAL_JUMP
0000206e	FUN_0000194c	00002098	CONDITIONAL_JUMP
00002072	FUN_0000194c	000020ae	CONDITIONAL_JUMP
00002076	FUN_0000194c	00002062	CONDITIONAL_JUMP
00002078	FUN_0000194c	200003de	READ
0000207c	FUN_0000194c	000020c4	CONDITIONAL_JUMP
0000207e	FUN_0000194c	200003de	WRITE
00002080	FUN_0000194c	000020c8	UNCONDITIONAL_JUMP
00002082	FUN_0000194c	200003d2	READ
00002086	FUN_0000194c	0000208c	CONDITIONAL_JUMP
00002088	FUN_0000194c	200003d2	WRITE
0000208a	FUN_0000194c	00002090	UNCONDITIONAL_JUMP
0000208e	FUN_0000194c	200003d2	WRITE
00002094	FUN_0000194c	00002228	READ
00002094	FUN_0000194c	200003d2	PARAM
00002096	FUN_0000194c	000020ce	UNCONDITIONAL_JUMP
00002098	FUN_0000194c	200003d7	READ
0000209c	FUN_0000194c	000020a2	CONDITIONAL_JUMP
0000209e	FUN_0000194c	200003d7	WRITE
000020a0	FUN_0000194c	000020a6	UNCONDITIONAL_JUMP
000020a4	FUN_0000194c	200003d7	WRITE
000020aa	FUN_0000194c	0000222c	READ
000020aa	FUN_0000194c	200003d7	PARAM
000020ac	FUN_0000194c	000020ce	UNCONDITIONAL_JUMP
000020ae	FUN_0000194c	200003dd	READ
000020b2	FUN_0000194c	000020b8	CONDITIONAL_JUMP
000020b4	FUN_0000194c	200003dd	WRITE
000020b6	FUN_0000194c	000020bc	UNCONDITIONAL_JUMP
000020ba	FUN_0000194c	200003dd	WRITE
000020c0	FUN_0000194c	00002230	READ
000020c0	FUN_0000194c	200003dd	PARAM
000020c2	FUN_0000194c	000020ce	UNCONDITIONAL_JUMP
000020c6	FUN_0000194c	200003de	WRITE
000020cc	FUN_0000194c	00002234	READ
000020cc	FUN_0000194c	200003de	PARAM
000020ce	FUN_0000194c	000042c4	UNCONDITIONAL_CALL
000020d4	FUN_0000194c	000021b0	READ
000020d6	FUN_0000194c	20000c72	READ
000020de	FUN_0000194c	000020ee	CONDITIONAL_JUMP
000020e0	FUN_0000194c	20000c72	WRITE
000020e6	FUN_0000194c	00002238	READ
000020e6	FUN_0000194c	20000c72	PARAM
000020e8	FUN_0000194c	000042c4	UNCONDITIONAL_CALL
000020ec	FUN_0000194c	000020fc	UNCONDITIONAL_JUMP
000020f0	FUN_0000194c	000020f6	CONDITIONAL_JUMP
000020f4	FUN_0000194c	000020fc	CONDITIONAL_JUMP
000020f6	FUN_0000194c	200003c3	READ
000020fa	FUN_0000194c	000020d2	CONDITIONAL_JUMP
000020fc	FUN_0000194c	200003c7	READ
00002100	FUN_0000194c	00002132	CONDITIONAL_JUMP
00002102	FUN_0000194c	200003c7	WRITE
00002104	FUN_0000194c	200003c2	READ
00002108	FUN_0000194c	00002116	CONDITIONAL_JUMP
0000210a	FUN_0000194c	200003c2	WRITE
00002110	FUN_0000194c	0000223c	READ
00002110	FUN_0000194c	200003c2	PARAM
00002112	FUN_0000194c	000042c4	UNCONDITIONAL_CALL
0000211a	FUN_0000194c	00002240	READ
0000211a	FUN_0000194c	200003c7	PARAM
0000211c	FUN_0000194c	000042c4	UNCONDITIONAL_CALL
00002120	FUN_0000194c	20000c72	READ
00002124	FUN_0000194c	00002172	CONDITIONAL_JUMP
00002126	FUN_0000194c	200003c2	READ
0000212a	FUN_0000194c	0000217e	CONDITIONAL_JUMP
0000212e	FUN_0000194c	00002184	CONDITIONAL_JUMP
00002130	FUN_0000194c	00002188	UNCONDITIONAL_JUMP
00002132	FUN_0000194c	20000c72	READ
00002136	FUN_0000194c	00002152	CONDITIONAL_JUMP
00002138	FUN_0000194c	200003c2	READ
0000213e	FUN_0000194c	200003c2	WRITE
00002142	FUN_0000194c	00002146	CONDITIONAL_JUMP
00002144	FUN_0000194c	200003c2	WRITE
0000214a	FUN_0000194c	0000223c	READ
0000214a	FUN_0000194c	200003c2	PARAM
0000214c	FUN_0000194c	000042c4	UNCONDITIONAL_CALL
00002150	FUN_0000194c	00002120	UNCONDITIONAL_JUMP
00002152	FUN_0000194c	200003c4	READ
00002158	FUN_0000194c	200003c4	WRITE
0000215c	FUN_0000194c	00002162	CONDITIONAL_JUMP
0000215e	FUN_0000194c	200003c4	WRITE
00002160	FUN_0000194c	0000216a	UNCONDITIONAL_JUMP
00002164	FUN_0000194c	0000216a	CONDITIONAL_JUMP
00002168	FUN_0000194c	200003c4	WRITE
0000216e	FUN_0000194c	00002244	READ
0000216e	FUN_0000194c	200003c4	PARAM
00002170	FUN_0000194c	0000214c	UNCONDITIONAL_JUMP
00002172	FUN_0000194c	200003c4	READ
00002176	FUN_0000194c	0000217e	CONDITIONAL_JUMP
0000217a	FUN_0000194c	00002184	CONDITIONAL_JUMP
0000217c	FUN_0000194c	00002192	UNCONDITIONAL_JUMP
0000217e	FUN_0000194c	00004468	UNCONDITIONAL_CALL
00002182	FUN_0000194c	00002188	UNCONDITIONAL_JUMP
00002184	FUN_0000194c	000044fc	UNCONDITIONAL_CALL
00002188	FUN_0000194c	20000c72	READ
0000218c	FUN_0000194c	000020d2	CONDITIONAL_JUMP
00002190	FUN_0000194c	000020d2	CONDITIONAL_JUMP
00002192	FUN_0000194c	000021a0	READ
00002192	FUN_0000194c	200003e0	DATA
00002196	FUN_0000194c	200003fc	WRITE
00002198	FUN_0000194c	200003fd	WRITE
0000219a	FUN_0000194c	200003fe	WRITE
00002248	FUN_00002248	00002378	READ
0000224a	FUN_00002248	200003c5	READ
0000224e	FUN_00002248	0000233c	CONDITIONAL_JUMP
00002252	FUN_00002248	0000237c	READ
00002252	FUN_00002248	200003e0	DATA
00002254	FUN_00002248	200003f0	READ
0000225a	FUN_00002248	00002380	READ
0000225c	FUN_00002248	200003f0	WRITE
0000225e	FUN_00002248	2000040e	READ
00002264	FUN_00002248	000022c2	CONDITIONAL_JUMP
00002268	FUN_00002248	200003f0	WRITE
0000226a	FUN_00002248	200003f3	READ
00002270	FUN_00002248	000022b4	CONDITIONAL_JUMP
00002272	FUN_00002248	00002378	READ
00002274	FUN_00002248	200003c3	READ
00002278	FUN_00002248	00002384	READ
0000227a	FUN_00002248	200003f2	READ
0000227c	FUN_00002248	00002388	READ
0000227e	FUN_00002248	0000cb12	DATA
0000227e	FUN_00002248	0000cb12	READ
00002282	FUN_00002248	20003c9d	DATA
00002288	FUN_00002248	0000229e	CONDITIONAL_JUMP
0000228a	FUN_00002248	0000238c	READ
0000228c	FUN_00002248	200003c6	READ
0000228e	FUN_00002248	20003d42	DATA
00002294	FUN_00002248	200003c6	WRITE
00002298	FUN_00002248	0000229e	CONDITIONAL_JUMP
0000229c	FUN_00002248	200003c6	WRITE
000022a2	FUN_00002248	200003f2	WRITE
000022a6	FUN_00002248	000022ac	CONDITIONAL_JUMP
000022aa	FUN_00002248	200003f2	WRITE
000022b2	FUN_00002248	00002278	CONDITIONAL_JUMP
000022b8	FUN_00002248	200003f3	WRITE
000022bc	FUN_00002248	000022c2	CONDITIONAL_JUMP
000022c0	FUN_00002248	200003f3	WRITE
000022c2	FUN_00002248	200003f4	READ
000022cc	FUN_00002248	200003f4	WRITE
000022d0	FUN_00002248	00002372	CONDITIONAL_JUMP
000022d4	FUN_00002248	00002390	READ
000022d6	FUN_00002248	00002394	READ
000022d8	FUN_00002248	200003f4	WRITE
000022e8	FUN_00002248	20003caf	READ
000022e8	FUN_00002248	20003cae	READ
000022e8	FUN_00002248	20003cb4	READ
000022ea	FUN_00002248	20003cb0	WRITE
000022ea	FUN_00002248	20003caf	WRITE
000022ea	FUN_00002248	20003cb5	WRITE
000022f0	FUN_00002248	20003cfa	READ
000022f0	FUN_00002248	20003cf9	READ
000022f0	FUN_00002248	20003cff	READ
000022f2	FUN_00002248	20003cfb	WRITE
000022f2	FUN_00002248	20003cfa	WRITE
000022f2	FUN_00002248	20003d00	WRITE
000022fa	FUN_00002248	000022e4	CONDITIONAL_JUMP
000022fc	FUN_00002248	00002388	READ
000022fe	FUN_00002248	00002398	READ
00002300	FUN_00002248	20003c9d	READ
00002302	FUN_00002248	0000c662	DATA
00002304	FUN_00002248	20003cac	WRITE
00002306	FUN_00002248	0000238c	READ
0000230a	FUN_00002248	20003d42	READ
0000230c	FUN_00002248	20003cf7	WRITE
0000230e	FUN_00002248	00002314	CONDITIONAL_JUMP
00002312	FUN_00002248	20003c9d	WRITE
0000231a	FUN_00002248	000022da	CONDITIONAL_JUMP
0000231e	FUN_00002248	00002390	READ
00002322	FUN_00002248	00002394	READ
0000232c	FUN_00002248	20003cac	READ
0000232c	FUN_00002248	20003cad	READ
0000232c	FUN_00002248	20003cb1	READ
00002330	FUN_00002248	0000233e	CONDITIONAL_JUMP
00002332	FUN_00002248	00002378	READ
00002334	FUN_00002248	200003c3	READ
00002338	FUN_00002248	00002352	CONDITIONAL_JUMP
0000233a	FUN_00002248	00002354	UNCONDITIONAL_JUMP
0000233c	FUN_00002248	00002374	UNCONDITIONAL_JUMP
00002342	FUN_00002248	0000239c	READ
00002346	FUN_00002248	00002378	READ
00002348	FUN_00002248	0000c7bb	READ
0000234a	FUN_00002248	200003c2	READ
0000234c	FUN_00002248	000008ec	UNCONDITIONAL_CALL
00002350	FUN_00002248	00002362	UNCONDITIONAL_JUMP
00002352	FUN_00002248	20003cf8	READ
00002358	FUN_00002248	0000239c	READ
0000235c	FUN_00002248	0000c7ac	READ
0000235c	FUN_00002248	0000c7bb	READ
0000235e	FUN_00002248	0000099c	UNCONDITIONAL_CALL
00002368	FUN_00002248	0000232c	CONDITIONAL_JUMP
00002370	FUN_00002248	0000231e	CONDITIONAL_JUMP
000023a0	FUN_000023a0	00002500	READ
000023a2	FUN_000023a0	200003c5	READ
000023a6	FUN_000023a0	0000248e	CONDITIONAL_JUMP
000023aa	FUN_000023a0	00002504	READ
000023ac	FUN_000023a0	00002508	READ
000023ae	FUN_000023a0	200003ea	READ
000023b4	FUN_000023a0	200003ea	WRITE
000023b6	FUN_000023a0	2000040a	READ
000023ba	FUN_000023a0	00002410	CONDITIONAL_JUMP
000023be	FUN_000023a0	200003ea	WRITE
000023c0	FUN_000023a0	2000040b	READ
000023c6	FUN_000023a0	00002410	CONDITIONAL_JUMP
000023c8	FUN_000023a0	0000250c	READ
000023ca	FUN_000023a0	00002500	READ
000023cc	FUN_000023a0	200003c3	READ
000023ce	FUN_000023a0	200003eb	READ
000023d2	FUN_000023a0	0000ca30	READ
000023d4	FUN_000023a0	000023d6	CONDITIONAL_JUMP
000023d6	FUN_000023a0	000008ec	UNCONDITIONAL_CALL
000023da	FUN_000023a0	200003eb	READ
000023dc	FUN_000023a0	00002510	READ
000023de	FUN_000023a0	0000ca30	READ
000023e2	FUN_000023a0	20003c5b	DATA
000023e2	FUN_000023a0	20003c66	WRITE
000023e6	FUN_000023a0	00002514	READ
000023e6	FUN_000023a0	20003c19	PARAM
000023ec	FUN_000023a0	20003c19	DATA
000023ec	FUN_000023a0	20003c24	WRITE
000023ee	FUN_000023a0	200003eb	WRITE
000023f2	FUN_000023a0	000023f6	CONDITIONAL_JUMP
000023f4	FUN_000023a0	200003eb	WRITE
000023f6	FUN_000023a0	2000040a	READ
000023fc	FUN_000023a0	2000040a	WRITE
00002400	FUN_000023a0	00002406	CONDITIONAL_JUMP
00002404	FUN_000023a0	2000040a	WRITE
00002408	FUN_000023a0	2000040b	READ
0000240e	FUN_000023a0	000023ca	CONDITIONAL_JUMP
00002410	FUN_000023a0	2000040b	READ
00002416	FUN_000023a0	2000040b	WRITE
0000241a	FUN_000023a0	00002420	CONDITIONAL_JUMP
0000241e	FUN_000023a0	2000040b	WRITE
00002420	FUN_000023a0	00002510	READ
00002424	FUN_000023a0	20003c5b	READ
00002424	FUN_000023a0	20003c5c	READ
00002428	FUN_000023a0	00002430	CONDITIONAL_JUMP
0000242c	FUN_000023a0	00002490	CONDITIONAL_JUMP
0000242e	FUN_000023a0	000024c2	UNCONDITIONAL_JUMP
00002430	FUN_000023a0	00002514	READ
00002432	FUN_000023a0	2000040c	READ
00002434	FUN_000023a0	20003c1a	READ
00002436	FUN_000023a0	00002500	READ
0000243c	FUN_000023a0	20003c1a	WRITE
0000243e	FUN_000023a0	200003c3	READ
00002442	FUN_000023a0	0000245c	CONDITIONAL_JUMP
00002446	FUN_000023a0	0000099c	UNCONDITIONAL_CALL
0000244a	FUN_000023a0	2000040c	READ
0000244c	FUN_000023a0	20003c1a	READ
00002454	FUN_000023a0	000024c2	CONDITIONAL_JUMP
00002458	FUN_000023a0	20003c5c	WRITE
0000245a	FUN_000023a0	000024c2	UNCONDITIONAL_JUMP
0000245e	FUN_000023a0	0000244a	CONDITIONAL_JUMP
00002460	FUN_000023a0	00002518	READ
00002462	FUN_000023a0	20000c5e	READ
00002466	FUN_000023a0	0000246c	CONDITIONAL_JUMP
0000246a	FUN_000023a0	0000244a	CONDITIONAL_JUMP
00002470	FUN_000023a0	0000251c	READ
00002472	FUN_000023a0	20003883	READ
00002476	FUN_000023a0	0000247a	CONDITIONAL_JUMP
00002478	FUN_000023a0	20003883	WRITE
0000247c	FUN_000023a0	20003884	READ
00002480	FUN_000023a0	00002484	CONDITIONAL_JUMP
00002482	FUN_000023a0	20003884	WRITE
00002484	FUN_000023a0	20003885	READ
00002488	FUN_000023a0	0000244a	CONDITIONAL_JUMP
0000248a	FUN_000023a0	20003885	WRITE
0000248c	FUN_000023a0	0000244a	UNCONDITIONAL_JUMP
0000248e	FUN_000023a0	000024fe	UNCONDITIONAL_JUMP
00002490	FUN_000023a0	00002514	READ
00002492	FUN_000023a0	2000040c	READ
00002494	FUN_000023a0	20003c1a	READ
00002498	FUN_000023a0	000024ae	CONDITIONAL_JUMP
0000249c	FUN_000023a0	00002500	READ
0000249e	FUN_000023a0	20003c1a	WRITE
000024a0	FUN_000023a0	200003c2	READ
000024a6	FUN_000023a0	0000099c	UNCONDITIONAL_CALL
000024aa	FUN_000023a0	20003c5c	WRITE
000024ac	FUN_000023a0	000024c2	UNCONDITIONAL_JUMP
000024b2	FUN_000023a0	00002500	READ
000024b4	FUN_000023a0	20003c1a	WRITE
000024b6	FUN_000023a0	200003c3	READ
000024ba	FUN_000023a0	000024cc	CONDITIONAL_JUMP
000024be	FUN_000023a0	0000099c	UNCONDITIONAL_CALL
000024c8	FUN_000023a0	00002424	CONDITIONAL_JUMP
000024ce	FUN_000023a0	000024c2	CONDITIONAL_JUMP
000024d0	FUN_000023a0	00002518	READ
000024d2	FUN_000023a0	20000c5e	READ
000024d6	FUN_000023a0	000024dc	CONDITIONAL_JUMP
000024da	FUN_000023a0	000024c2	CONDITIONAL_JUMP
000024e0	FUN_000023a0	0000251c	READ
000024e2	FUN_000023a0	20003883	READ
000024e6	FUN_000023a0	000024ea	CONDITIONAL_JUMP
000024e8	FUN_000023a0	20003883	WRITE
000024ec	FUN_000023a0	20003884	READ
000024f0	FUN_000023a0	000024f4	CONDITIONAL_JUMP
000024f2	FUN_000023a0	20003884	WRITE
000024f4	FUN_000023a0	20003885	READ
000024f8	FUN_000023a0	000024c2	CONDITIONAL_JUMP
000024fa	FUN_000023a0	20003885	WRITE
000024fc	FUN_000023a0	000024c2	UNCONDITIONAL_JUMP
00002522	FUN_00002520	00002558	READ
00002524	FUN_00002520	200003c5	READ
00002528	FUN_00002520	0000254e	CONDITIONAL_JUMP
0000252a	FUN_00002520	0000255c	READ
0000252a	FUN_00002520	200003e0	DATA
0000252c	FUN_00002520	00002560	READ
0000252e	FUN_00002520	200003f5	READ
00002534	FUN_00002520	200003f5	WRITE
00002536	FUN_00002520	2000040f	READ
0000253a	FUN_00002520	0000254e	CONDITIONAL_JUMP
0000253e	FUN_00002520	200003f5	WRITE
00002540	FUN_00002520	200003f9	READ
00002544	FUN_00002520	00002550	CONDITIONAL_JUMP
00002548	FUN_00002520	0000254e	CONDITIONAL_JUMP
0000254a	FUN_00002520	000097d0	UNCONDITIONAL_CALL
00002550	FUN_00002520	000096bc	UNCONDITIONAL_CALL
00002566	FUN_00002564	000025c8	READ
00002568	FUN_00002564	200003c5	READ
0000256c	FUN_00002564	000025ba	CONDITIONAL_JUMP
0000256e	FUN_00002564	000025cc	READ
00002570	FUN_00002564	000025d0	READ
00002572	FUN_00002564	200003ed	READ
00002578	FUN_00002564	200003ed	WRITE
0000257a	FUN_00002564	2000040d	READ
0000257e	FUN_00002564	000025ba	CONDITIONAL_JUMP
00002582	FUN_00002564	200003ed	WRITE
00002584	FUN_00002564	200003c2	READ
00002586	FUN_00002564	00000a68	UNCONDITIONAL_CALL
0000258a	FUN_00002564	000025d4	READ
0000258e	FUN_00002564	200003c3	READ
00002590	FUN_00002564	200003ee	READ
00002594	FUN_00002564	000025bc	CONDITIONAL_JUMP
0000259c	FUN_00002564	0000ca72	DATA
0000259c	FUN_00002564	0000ca73	DATA
0000259e	FUN_00002564	000008ec	UNCONDITIONAL_CALL
000025a8	FUN_00002564	0000258e	CONDITIONAL_JUMP
000025aa	FUN_00002564	200003ee	READ
000025b0	FUN_00002564	200003ee	WRITE
000025b4	FUN_00002564	000025ba	CONDITIONAL_JUMP
000025b8	FUN_00002564	200003ee	WRITE
000025c2	FUN_00002564	0000ca73	DATA
000025c6	FUN_00002564	0000259e	UNCONDITIONAL_JUMP
000025da	FUN_000025d8	00002670	READ
000025de	FUN_000025d8	20000cbe	READ
000025e0	FUN_000025d8	20000cbf	READ
000025e4	FUN_000025d8	00002606	CONDITIONAL_JUMP
000025e8	FUN_000025d8	00002604	CONDITIONAL_JUMP
000025ee	FUN_000025d8	20000cbf	WRITE
000025f0	FUN_000025d8	00000660	UNCONDITIONAL_CALL
000025f4	FUN_000025d8	00002674	READ
000025f6	FUN_000025d8	00002678	READ
000025f8	FUN_000025d8	20000c74	READ
000025fa	FUN_000025d8	20000cbf	READ
000025fc	FUN_000025d8	0000c66b	DATA
00002600	FUN_000025d8	00002604	CONDITIONAL_JUMP
00002602	FUN_000025d8	20000cbe	WRITE
0000260a	FUN_000025d8	20000cbf	WRITE
0000260c	FUN_000025d8	00000660	UNCONDITIONAL_CALL
00002610	FUN_000025d8	20000cbf	READ
00002614	FUN_000025d8	00002604	CONDITIONAL_JUMP
00002616	FUN_000025d8	0000267c	READ
00002618	FUN_000025d8	00002680	READ
0000261a	FUN_000025d8	20000c56	WRITE
0000261c	FUN_000025d8	20000cbe	WRITE
0000261e	FUN_000025d8	40110000	READ
00002620	FUN_000025d8	40000000	PARAM
00002624	FUN_000025d8	40110000	WRITE
00002626	FUN_000025d8	00002684	READ
00002628	FUN_000025d8	40010020	READ
0000262c	FUN_000025d8	40010020	WRITE
0000262e	FUN_000025d8	00002688	READ
00002630	FUN_000025d8	40010000	READ
00002634	FUN_000025d8	40010000	WRITE
00002636	FUN_000025d8	0000268c	READ
00002638	FUN_000025d8	00003898	UNCONDITIONAL_CALL
0000263c	FUN_000025d8	00002690	READ
0000263e	FUN_000025d8	00003898	UNCONDITIONAL_CALL
00002642	FUN_000025d8	00002694	READ
00002644	FUN_000025d8	00003898	UNCONDITIONAL_CALL
00002648	FUN_000025d8	00006778	UNCONDITIONAL_CALL
0000264c	FUN_000025d8	00002a0c	UNCONDITIONAL_CALL
00002650	FUN_000025d8	20000cc7	WRITE
00002654	FUN_000025d8	00006730	UNCONDITIONAL_CALL
0000265a	FUN_000025d8	00008c80	UNCONDITIONAL_CALL
00002660	FUN_000025d8	20000cc0	WRITE
00002662	FUN_000025d8	00002698	READ
00002666	FUN_000025d8	20000313	WRITE
0000266a	FUN_000025d8	20000c56	WRITE
0000269e	FUN_0000269c	000026cc	READ
000026a0	FUN_0000269c	200003c7	READ
000026a4	FUN_0000269c	000026b2	CONDITIONAL_JUMP
000026a8	FUN_0000269c	200003c7	WRITE
000026ac	FUN_0000269c	000026d0	READ
000026ac	FUN_0000269c	200003c7	PARAM
000026ae	FUN_0000269c	000042c4	UNCONDITIONAL_CALL
000026b2	FUN_0000269c	000026d4	READ
000026b2	FUN_0000269c	20000c6c	DATA
000026b4	FUN_0000269c	20000c72	READ
000026b8	FUN_0000269c	000026c8	CONDITIONAL_JUMP
000026bc	FUN_0000269c	20000c72	WRITE
000026c2	FUN_0000269c	000026d8	READ
000026c2	FUN_0000269c	20000c72	PARAM
000026c4	FUN_0000269c	000042c4	UNCONDITIONAL_CALL
000026de	FUN_000026dc	00002704	UNCONDITIONAL_CALL
000026e2	FUN_000026dc	000026fc	READ
000026e4	FUN_000026dc	20000c72	READ
000026e8	FUN_000026dc	000026f8	CONDITIONAL_JUMP
000026ea	FUN_000026dc	00002700	READ
000026ec	FUN_000026dc	200003c7	READ
000026f0	FUN_000026dc	000026f8	CONDITIONAL_JUMP
000026f4	FUN_000026dc	00000a68	UNCONDITIONAL_CALL
0000270a	FUN_00002704	0000273c	READ
0000270a	FUN_00002704	2000047c	PARAM
0000270c	FUN_00002704	0000431c	UNCONDITIONAL_CALL
00002710	FUN_00002704	0000273c	READ
00002712	FUN_00002704	00002740	READ
00002714	FUN_00002704	00002744	READ
0000271c	FUN_00002704	0000c6e6	READ
0000271c	FUN_00002704	0000c6e7	READ
0000271e	FUN_00002704	2000047c	READ
0000271e	FUN_00002704	2000047f	READ
00002724	FUN_00002704	20003946	DATA
00002724	FUN_00002704	20003967	WRITE
0000272a	FUN_00002704	2000047d	READ
0000272a	FUN_00002704	20000480	READ
0000272c	FUN_00002704	20003947	DATA
0000272c	FUN_00002704	20003968	WRITE
00002730	FUN_00002704	2000047e	READ
00002730	FUN_00002704	20000481	READ
00002734	FUN_00002704	20003948	DATA
00002734	FUN_00002704	20003969	WRITE
00002738	FUN_00002704	00002718	CONDITIONAL_JUMP
0000274a	rgb_effect_dispatch	000027d4	READ
0000274c	rgb_effect_dispatch	20000cba	READ
00002750	rgb_effect_dispatch	00002782	CONDITIONAL_JUMP
00002752	rgb_effect_dispatch	00002988	UNCONDITIONAL_CALL
00002756	rgb_effect_dispatch	000027d8	READ
00002758	rgb_effect_dispatch	20000c72	READ
0000275c	rgb_effect_dispatch	00002782	CONDITIONAL_JUMP
00002762	rgb_effect_dispatch	00002768	DATA
00002766	rgb_effect_dispatch	00002782	COMPUTED_JUMP
00002766	rgb_effect_dispatch	00002778	COMPUTED_JUMP
00002766	rgb_effect_dispatch	00002784	COMPUTED_JUMP
00002766	rgb_effect_dispatch	0000278a	COMPUTED_JUMP
00002766	rgb_effect_dispatch	0000278e	COMPUTED_JUMP
00002766	rgb_effect_dispatch	00002796	COMPUTED_JUMP
00002766	rgb_effect_dispatch	0000279c	COMPUTED_JUMP
00002766	rgb_effect_dispatch	000027a2	COMPUTED_JUMP
00002766	rgb_effect_dispatch	000027a8	COMPUTED_JUMP
00002766	rgb_effect_dispatch	000027ba	COMPUTED_JUMP
00002766	rgb_effect_dispatch	000027c0	COMPUTED_JUMP
00002766	rgb_effect_dispatch	000027c6	COMPUTED_JUMP
00002766	rgb_effect_dispatch	000027cc	COMPUTED_JUMP
00002766	rgb_effect_dispatch	000027ae	COMPUTED_JUMP
00002766	rgb_effect_dispatch	000027b4	COMPUTED_JUMP
00002766	rgb_effect_dispatch	00002782	COMPUTED_JUMP
00002766	rgb_effect_dispatch	00002778	COMPUTED_JUMP
00002766	rgb_effect_dispatch	00002784	COMPUTED_JUMP
00002766	rgb_effect_dispatch	0000278a	COMPUTED_JUMP
00002766	rgb_effect_dispatch	0000278e	COMPUTED_JUMP
00002766	rgb_effect_dispatch	00002796	COMPUTED_JUMP
00002766	rgb_effect_dispatch	0000279c	COMPUTED_JUMP
00002766	rgb_effect_dispatch	000027a2	COMPUTED_JUMP
00002766	rgb_effect_dispatch	000027a8	COMPUTED_JUMP
00002766	rgb_effect_dispatch	000027ba	COMPUTED_JUMP
00002766	rgb_effect_dispatch	000027c0	COMPUTED_JUMP
00002766	rgb_effect_dispatch	000027c6	COMPUTED_JUMP
00002766	rgb_effect_dispatch	000027cc	COMPUTED_JUMP
00002766	rgb_effect_dispatch	000027ae	COMPUTED_JUMP
00002766	rgb_effect_dispatch	000027b4	COMPUTED_JUMP
00002778	rgb_effect_dispatch	20000cbe	READ
0000277c	rgb_effect_dispatch	00002782	CONDITIONAL_JUMP
0000277e	rgb_effect_dispatch	00000894	UNCONDITIONAL_CALL
00002784	rgb_effect_dispatch	000018a8	UNCONDITIONAL_CALL
0000278c	rgb_effect_dispatch	00002790	UNCONDITIONAL_JUMP
00002790	rgb_effect_dispatch	00001728	UNCONDITIONAL_CALL
00002796	rgb_effect_dispatch	00001158	UNCONDITIONAL_CALL
0000279c	rgb_effect_dispatch	00000fe0	UNCONDITIONAL_CALL
000027a2	rgb_effect_dispatch	00000c6c	UNCONDITIONAL_CALL
000027a8	rgb_effect_dispatch	00000d4c	UNCONDITIONAL_CALL
000027ae	rgb_effect_dispatch	00000b34	UNCONDITIONAL_CALL
000027b4	rgb_effect_dispatch	00000e2c	UNCONDITIONAL_CALL
000027ba	rgb_effect_dispatch	00002564	UNCONDITIONAL_CALL
000027c0	rgb_effect_dispatch	000023a0	UNCONDITIONAL_CALL
000027c6	rgb_effect_dispatch	00002248	UNCONDITIONAL_CALL
000027cc	rgb_effect_dispatch	00002520	UNCONDITIONAL_CALL
000027de	FUN_000027dc	00004414	UNCONDITIONAL_CALL
000027e2	FUN_000027dc	00002914	READ
000027e4	FUN_000027dc	00002918	READ
000027e6	FUN_000027dc	20000c72	READ
000027ec	FUN_000027dc	00002834	CONDITIONAL_JUMP
000027f0	FUN_000027dc	00002844	CONDITIONAL_JUMP
000027f4	FUN_000027dc	0000284a	CONDITIONAL_JUMP
000027f8	FUN_000027dc	0000284a	CONDITIONAL_JUMP
000027fc	FUN_000027dc	0000287e	CONDITIONAL_JUMP
00002800	FUN_000027dc	00002894	CONDITIONAL_JUMP
00002804	FUN_000027dc	00002898	CONDITIONAL_JUMP
00002808	FUN_000027dc	00002898	CONDITIONAL_JUMP
0000280a	FUN_000027dc	0000291c	READ
0000280e	FUN_000027dc	0000289c	CONDITIONAL_JUMP
00002812	FUN_000027dc	000028c0	CONDITIONAL_JUMP
00002816	FUN_000027dc	000028ca	CONDITIONAL_JUMP
0000281a	FUN_000027dc	000028ce	CONDITIONAL_JUMP
0000281e	FUN_000027dc	000028e4	CONDITIONAL_JUMP
00002822	FUN_000027dc	00002832	CONDITIONAL_JUMP
00002824	FUN_000027dc	200003c2	READ
00002826	FUN_000027dc	00000a68	UNCONDITIONAL_CALL
0000282a	FUN_000027dc	200003f7	WRITE
0000282e	FUN_000027dc	200003f8	WRITE
00002830	FUN_000027dc	200003f9	WRITE
00002834	FUN_000027dc	200003c2	READ
00002838	FUN_000027dc	00002832	CONDITIONAL_JUMP
0000283c	FUN_000027dc	200003c2	WRITE
0000283e	FUN_000027dc	00000a68	UNCONDITIONAL_CALL
00002844	FUN_000027dc	0000448c	UNCONDITIONAL_CALL
0000284a	FUN_000027dc	00002920	READ
00002854	FUN_000027dc	2000386a	WRITE
00002854	FUN_000027dc	2000386c	WRITE
00002858	FUN_000027dc	0000284e	CONDITIONAL_JUMP
0000285a	FUN_000027dc	00002924	READ
00002866	FUN_000027dc	20003b14	WRITE
00002866	FUN_000027dc	20003b15	WRITE
00002866	FUN_000027dc	20003b23	WRITE
0000286e	FUN_000027dc	00002866	CONDITIONAL_JUMP
00002876	FUN_000027dc	0000285e	CONDITIONAL_JUMP
00002878	FUN_000027dc	00002928	READ
00002878	FUN_000027dc	20000400	DATA
0000287a	FUN_000027dc	20000409	WRITE
0000287e	FUN_000027dc	200003c7	READ
00002882	FUN_000027dc	00002890	CONDITIONAL_JUMP
00002884	FUN_000027dc	200003c7	WRITE
0000288a	FUN_000027dc	0000292c	READ
0000288a	FUN_000027dc	200003c7	PARAM
0000288c	FUN_000027dc	000042c4	UNCONDITIONAL_CALL
00002890	FUN_000027dc	200003d1	WRITE
00002894	FUN_000027dc	200003d6	WRITE
00002898	FUN_000027dc	200003db	WRITE
0000289e	FUN_000027dc	00002930	READ
000028aa	FUN_000027dc	20003bbf	WRITE
000028aa	FUN_000027dc	20003bc0	WRITE
000028aa	FUN_000027dc	20003bce	WRITE
000028b2	FUN_000027dc	000028aa	CONDITIONAL_JUMP
000028ba	FUN_000027dc	000028a2	CONDITIONAL_JUMP
000028bc	FUN_000027dc	200003e1	WRITE
000028c2	FUN_000027dc	00000a68	UNCONDITIONAL_CALL
000028c6	FUN_000027dc	200003e9	WRITE
000028ca	FUN_000027dc	200003ee	WRITE
000028ce	FUN_000027dc	00002934	READ
000028d0	FUN_000027dc	00002938	READ
000028d4	FUN_000027dc	20003c19	WRITE
000028d4	FUN_000027dc	20003c1a	WRITE
000028d6	FUN_000027dc	20003c5b	WRITE
000028d6	FUN_000027dc	20003c5c	WRITE
000028de	FUN_000027dc	000028d4	CONDITIONAL_JUMP
000028e0	FUN_000027dc	200003eb	WRITE
000028e4	FUN_000027dc	0000293c	READ
000028e6	FUN_000027dc	00002940	READ
000028f4	FUN_000027dc	20003cac	WRITE
000028f4	FUN_000027dc	20003cad	WRITE
000028f4	FUN_000027dc	20003cb1	WRITE
000028f6	FUN_000027dc	20003cf7	WRITE
000028f6	FUN_000027dc	20003cf8	WRITE
000028f6	FUN_000027dc	20003cfc	WRITE
000028fe	FUN_000027dc	000028f4	CONDITIONAL_JUMP
00002900	FUN_000027dc	00002944	READ
00002902	FUN_000027dc	20003c9d	WRITE
00002904	FUN_000027dc	00002948	READ
00002904	FUN_000027dc	20003d42	DATA
00002906	FUN_000027dc	20003d42	WRITE
0000290e	FUN_000027dc	000028ea	CONDITIONAL_JUMP
00002910	FUN_000027dc	200003f2	WRITE
0000294e	FUN_0000294c	0000297c	READ
00002950	FUN_0000294c	20000cba	READ
00002954	FUN_0000294c	0000296c	CONDITIONAL_JUMP
00002956	FUN_0000294c	00002980	READ
00002956	FUN_0000294c	200003c0	DATA
00002958	FUN_0000294c	200003c7	READ
0000295c	FUN_0000294c	0000296c	CONDITIONAL_JUMP
0000295e	FUN_0000294c	00002984	READ
00002960	FUN_0000294c	20000c72	READ
00002964	FUN_0000294c	0000296e	CONDITIONAL_JUMP
00002966	FUN_0000294c	200003c2	READ
0000296a	FUN_0000294c	00002974	CONDITIONAL_JUMP
0000296e	FUN_0000294c	200003c4	READ
00002972	FUN_0000294c	0000296c	CONDITIONAL_JUMP
00002974	FUN_0000294c	000016a0	UNCONDITIONAL_CALL
0000298a	FUN_00002988	000029f8	READ
0000298c	FUN_00002988	200003fc	READ
00002990	FUN_00002988	000029f2	CONDITIONAL_JUMP
00002992	FUN_00002988	200003fb	READ
00002998	FUN_00002988	200003fb	WRITE
0000299c	FUN_00002988	000029f2	CONDITIONAL_JUMP
000029a0	FUN_00002988	200003fb	WRITE
000029a2	FUN_00002988	000029fc	READ
000029a4	FUN_00002988	200003fd	READ
000029a8	FUN_00002988	0000ca27	DATA
000029ac	FUN_00002988	000029e4	CONDITIONAL_JUMP
000029ae	FUN_00002988	00002a00	READ
000029b0	FUN_00002988	00002a04	READ
000029b2	FUN_00002988	200003fe	READ
000029b4	FUN_00002988	0000c9e5	DATA
000029b8	FUN_00002988	200003fe	WRITE
000029ba	FUN_00002988	00002a08	READ
000029bc	FUN_00002988	200003c7	READ
000029c0	FUN_00002988	000029ca	CONDITIONAL_JUMP
000029c4	FUN_00002988	000008ec	UNCONDITIONAL_CALL
000029c8	FUN_00002988	000029d6	UNCONDITIONAL_JUMP
000029ca	FUN_00002988	20000c72	READ
000029ce	FUN_00002988	000029f4	CONDITIONAL_JUMP
000029d0	FUN_00002988	200003c2	READ
000029d2	FUN_00002988	000008ec	UNCONDITIONAL_CALL
000029d6	FUN_00002988	000029fc	READ
000029d8	FUN_00002988	200003fd	READ
000029dc	FUN_00002988	0000ca27	DATA
000029e2	FUN_00002988	000029b0	CONDITIONAL_JUMP
000029e4	FUN_00002988	200003fd	READ
000029ea	FUN_00002988	200003fd	WRITE
000029ee	FUN_00002988	000029f2	CONDITIONAL_JUMP
000029f0	FUN_00002988	200003fc	WRITE
000029f4	FUN_00002988	200003c4	READ
000029f6	FUN_00002988	000029d2	UNCONDITIONAL_JUMP
00002a0e	FUN_00002a0c	00002a38	READ
00002a10	FUN_00002a0c	00003898	UNCONDITIONAL_CALL
00002a18	FUN_00002a0c	50000030	READ
00002a1c	FUN_00002a0c	00001000	PARAM
00002a20	FUN_00002a0c	50000030	WRITE
00002a22	FUN_00002a0c	50000030	READ
00002a24	FUN_00002a0c	50000030	WRITE
00002a28	FUN_00002a0c	00002a3c	READ
00002a28	FUN_00002a0c	50004000	PARAM
00002a2a	FUN_00002a0c	000045e8	UNCONDITIONAL_CALL
00002a2e	FUN_00002a0c	00002a40	READ
00002a32	FUN_00002a0c	50004230	WRITE
00002a46	FUN_00002a44	00002a74	READ
00002a4a	FUN_00002a44	00002a78	READ
00002a4c	FUN_00002a44	20000c56	WRITE
00002a4e	FUN_00002a44	20000c6e	READ
00002a54	FUN_00002a44	00002a5a	CONDITIONAL_JUMP
00002a56	FUN_00002a44	20000c6e	WRITE
00002a58	FUN_00002a44	00002a5c	UNCONDITIONAL_JUMP
00002a5a	FUN_00002a44	20000c6e	WRITE
00002a60	FUN_00002a44	00002a7c	READ
00002a60	FUN_00002a44	20000c6e	PARAM
00002a62	FUN_00002a44	000042c4	UNCONDITIONAL_CALL
00002a66	FUN_00002a44	20000c6e	READ
00002a6c	FUN_00002a44	000048e0	UNCONDITIONAL_CALL
00002a70	FUN_00002a44	20000c56	WRITE
00002a82	FUN_00002a80	00002b14	READ
00002a86	FUN_00002a80	00002b18	READ
00002a88	FUN_00002a80	20000c56	WRITE
00002a8a	FUN_00002a80	20000cba	READ
00002a8e	FUN_00002a80	00002a9e	CONDITIONAL_JUMP
00002a90	FUN_00002a80	20000cba	WRITE
00002a92	FUN_00002a80	00006778	UNCONDITIONAL_CALL
00002a9a	FUN_00002a80	00004054	UNCONDITIONAL_CALL
00002a9e	FUN_00002a80	20000cc7	READ
00002aa4	FUN_00002a80	20000cc7	WRITE
00002aa6	FUN_00002a80	000070e8	UNCONDITIONAL_CALL
00002aaa	FUN_00002a80	20000cc9	READ
00002aae	FUN_00002a80	00002ab4	CONDITIONAL_JUMP
00002ab8	FUN_00002a80	00002b1c	READ
00002ab8	FUN_00002a80	000005dc	PARAM
00002abc	FUN_00002a80	00002ace	CONDITIONAL_JUMP
00002abe	FUN_00002a80	20000cc7	READ
00002ac4	FUN_00002a80	20000cc7	WRITE
00002ac6	FUN_00002a80	000005dc	PARAM
00002ac8	FUN_00002a80	00004054	UNCONDITIONAL_CALL
00002acc	FUN_00002a80	00002b06	UNCONDITIONAL_JUMP
00002ace	FUN_00002a80	00002b20	READ
00002ad2	FUN_00002a80	00002ae4	CONDITIONAL_JUMP
00002ad4	FUN_00002a80	20000cc7	READ
00002ada	FUN_00002a80	20000cc7	WRITE
00002adc	FUN_00002a80	000005dc	PARAM
00002ade	FUN_00002a80	00004054	UNCONDITIONAL_CALL
00002ae2	FUN_00002a80	00002b06	UNCONDITIONAL_JUMP
00002ae4	FUN_00002a80	00002b24	READ
00002ae8	FUN_00002a80	20000cc7	READ
00002aea	FUN_00002a80	00002afa	CONDITIONAL_JUMP
00002af0	FUN_00002a80	20000cc7	WRITE
00002af2	FUN_00002a80	000005dc	PARAM
00002af4	FUN_00002a80	00004054	UNCONDITIONAL_CALL
00002af8	FUN_00002a80	00002b06	UNCONDITIONAL_JUMP
00002afe	FUN_00002a80	20000cc7	WRITE
00002b00	FUN_00002a80	000005dc	PARAM
00002b02	FUN_00002a80	00004054	UNCONDITIONAL_CALL
00002b06	FUN_00002a80	20000cc7	WRITE
00002b08	FUN_00002a80	20000cbb	READ
00002b0a	FUN_00002a80	20000cba	WRITE
00002b0e	FUN_00002a80	20000c56	WRITE
00002b28	FUN_00002b28	00002b48	READ
00002b2a	FUN_00002b28	20000ccc	READ
00002b2e	FUN_00002b28	00002b46	CONDITIONAL_JUMP
00002b32	FUN_00002b28	20000ce0	WRITE
00002b38	FUN_00002b28	Stack[-0x8]	WRITE
00002b3a	FUN_00002b28	Stack[-0x7]	WRITE
00002b40	FUN_00002b28	00006010	UNCONDITIONAL_CALL
00002b4e	FUN_00002b4c	00002c74	READ
00002b50	FUN_00002b4c	2000031a	READ
00002b56	FUN_00002b4c	2000031a	WRITE
00002b5a	FUN_00002b4c	00002c48	CONDITIONAL_JUMP
00002b5e	FUN_00002b4c	00002c78	READ
00002b5e	FUN_00002b4c	20000c4c	PARAM
00002b60	FUN_00002b4c	2000031a	WRITE
00002b62	FUN_00002b4c	20000c5c	READ
00002b66	FUN_00002b4c	00002c48	CONDITIONAL_JUMP
00002b68	FUN_00002b4c	00002c7c	READ
00002b6a	FUN_00002b4c	20000ccc	DATA
00002b6a	FUN_00002b4c	Stack[-0x18]	WRITE
00002b6c	FUN_00002b4c	20000cd2	READ
00002b70	FUN_00002b4c	00002c48	CONDITIONAL_JUMP
00002b74	FUN_00002b4c	20000c56	WRITE
00002b76	FUN_00002b4c	00007088	UNCONDITIONAL_CALL
00002b7a	FUN_00002b4c	00002c80	READ
00002b7c	FUN_00002b4c	20000354	WRITE
00002b80	FUN_00002b4c	20000c56	WRITE
00002b82	FUN_00002b4c	20000354	READ
00002b8a	FUN_00002b4c	00002c48	CONDITIONAL_JUMP
00002b8c	FUN_00002b4c	20000354	READ
00002b8e	FUN_00002b4c	00002c84	READ
00002b90	FUN_00002b4c	00002c88	READ
00002b94	FUN_00002b4c	00002bfe	CONDITIONAL_JUMP
00002b96	FUN_00002b4c	2000031c	READ
00002b9c	FUN_00002b4c	2000031c	WRITE
00002ba0	FUN_00002b4c	00002bd0	CONDITIONAL_JUMP
00002ba2	FUN_00002b4c	2000031c	WRITE
00002ba4	FUN_00002b4c	20000310	READ
00002ba8	FUN_00002b4c	00002bd0	CONDITIONAL_JUMP
00002bac	FUN_00002b4c	20000310	WRITE
00002bae	FUN_00002b4c	20000cba	READ
00002bb2	FUN_00002b4c	00002bd0	CONDITIONAL_JUMP
00002bb4	FUN_00002b4c	20000cba	WRITE
00002bb6	FUN_00002b4c	00002c8c	READ
00002bb8	FUN_00002b4c	20000cbb	WRITE
00002bba	FUN_00002b4c	40010020	READ
00002bbc	FUN_00002b4c	40000000	PARAM
00002bc0	FUN_00002b4c	40010020	WRITE
00002bc2	FUN_00002b4c	00002c90	READ
00002bc4	FUN_00002b4c	00003898	UNCONDITIONAL_CALL
00002bc8	FUN_00002b4c	00006778	UNCONDITIONAL_CALL
00002bcc	FUN_00002b4c	00002a0c	UNCONDITIONAL_CALL
00002bd0	FUN_00002b4c	20000354	READ
00002bd2	FUN_00002b4c	00002c94	READ
00002bd6	FUN_00002b4c	00002bf8	CONDITIONAL_JUMP
00002bd8	FUN_00002b4c	2000031b	READ
00002bde	FUN_00002b4c	2000031b	WRITE
00002be0	FUN_00002b4c	20000325	READ
00002be4	FUN_00002b4c	00002bfa	CONDITIONAL_JUMP
00002be6	FUN_00002b4c	00002c78	READ
00002be8	FUN_00002b4c	20000c56	WRITE
00002bea	FUN_00002b4c	00002c98	READ
00002bec	FUN_00002b4c	20000369	READ
00002bf0	FUN_00002b4c	00002bfa	CONDITIONAL_JUMP
00002bf2	FUN_00002b4c	00002c9c	READ
00002bf4	FUN_00002b4c	50004250	WRITE
00002bf6	FUN_00002b4c	00002bfa	UNCONDITIONAL_JUMP
00002bf8	FUN_00002b4c	2000031b	WRITE
00002bfa	FUN_00002b4c	2000031d	WRITE
00002bfc	FUN_00002b4c	00002c2a	UNCONDITIONAL_JUMP
00002bfe	FUN_00002b4c	20000354	READ
00002c06	FUN_00002b4c	00002c24	CONDITIONAL_JUMP
00002c08	FUN_00002b4c	20000310	READ
00002c0c	FUN_00002b4c	00002c1e	CONDITIONAL_JUMP
00002c0e	FUN_00002b4c	2000031d	READ
00002c14	FUN_00002b4c	2000031d	WRITE
00002c18	FUN_00002b4c	00002c1e	CONDITIONAL_JUMP
00002c1a	FUN_00002b4c	2000031d	WRITE
00002c1c	FUN_00002b4c	20000310	WRITE
00002c1e	FUN_00002b4c	2000031b	WRITE
00002c20	FUN_00002b4c	2000031c	WRITE
00002c22	FUN_00002b4c	00002c2a	UNCONDITIONAL_JUMP
00002c24	FUN_00002b4c	2000031d	WRITE
00002c26	FUN_00002b4c	2000031b	WRITE
00002c28	FUN_00002b4c	2000031c	WRITE
00002c2a	FUN_00002b4c	20000cc9	READ
00002c2e	FUN_00002b4c	00002c42	CONDITIONAL_JUMP
00002c30	FUN_00002b4c	20000354	READ
00002c3a	FUN_00002b4c	00002c4a	CONDITIONAL_JUMP
00002c3e	FUN_00002b4c	00002c66	UNCONDITIONAL_JUMP
00002c42	FUN_00002b4c	20000354	READ
00002c44	FUN_00002b4c	000039f0	UNCONDITIONAL_CALL
00002c4a	FUN_00002b4c	00002ca0	READ
00002c4a	FUN_00002b4c	0000c12e	PARAM
00002c52	FUN_00002b4c	0000c130	READ
00002c52	FUN_00002b4c	0000c134	READ
00002c56	FUN_00002b4c	00002c5e	CONDITIONAL_JUMP
00002c5a	FUN_00002b4c	0000c12e	READ
00002c5a	FUN_00002b4c	0000c132	READ
00002c5c	FUN_00002b4c	00002c66	UNCONDITIONAL_JUMP
00002c64	FUN_00002b4c	00002c4e	CONDITIONAL_JUMP
00002c66	FUN_00002b4c	Stack[-0x18]	READ
00002c68	FUN_00002b4c	20000ce0	READ
00002c6c	FUN_00002b4c	00002c48	CONDITIONAL_JUMP
00002c6e	FUN_00002b4c	00002b28	UNCONDITIONAL_CALL
00002ca6	FUN_00002ca4	00002ce8	READ
00002ca8	FUN_00002ca4	00003898	UNCONDITIONAL_CALL
00002cb0	FUN_00002ca4	50000038	READ
00002cb6	FUN_00002ca4	50000038	WRITE
00002cb8	FUN_00002ca4	50000038	READ
00002cba	FUN_00002ca4	50000038	WRITE
00002cbc	FUN_00002ca4	00002cec	READ
00002cbe	FUN_00002ca4	50000050	READ
00002cc4	FUN_00002ca4	50000050	WRITE
00002cc6	FUN_00002ca4	50000050	READ
00002cc8	FUN_00002ca4	50000050	WRITE
00002cca	FUN_00002ca4	00002cf0	READ
00002cd0	FUN_00002ca4	50004080	PARAM
00002cd2	FUN_00002ca4	000045e8	UNCONDITIONAL_CALL
00002cda	FUN_00002ca4	50004080	PARAM
00002cdc	FUN_00002ca4	000045e8	UNCONDITIONAL_CALL
00002ce0	FUN_00002ca4	00002cf4	READ
00002ce4	FUN_00002ca4	5000428c	WRITE
00002cfc	FUN_00002cf8	Stack[-0x8]	WRITE
00002d02	FUN_00002cf8	00006010	UNCONDITIONAL_CALL
00002d0c	FUN_00002d08	Stack[-0x8]	WRITE
00002d0e	FUN_00002d08	00002d28	READ
00002d12	FUN_00002d08	20000cd8	WRITE
00002d18	FUN_00002d08	Stack[-0x8]	WRITE
00002d1a	FUN_00002d08	20000cd5	READ
00002d1c	FUN_00002d08	Stack[-0x7]	WRITE
00002d22	FUN_00002d08	00006010	UNCONDITIONAL_CALL
00002d2e	FUN_00002d2c	00002d50	READ
00002d32	FUN_00002d2c	20000363	READ
00002d36	FUN_00002d2c	00002d40	CONDITIONAL_JUMP
00002d38	FUN_00002d2c	00002d54	READ
00002d38	FUN_00002d2c	20000e0c	PARAM
00002d3a	FUN_00002d2c	000037c4	UNCONDITIONAL_CALL
00002d3e	FUN_00002d2c	20000363	WRITE
00002d40	FUN_00002d2c	20000364	READ
00002d44	FUN_00002d2c	00002d4e	CONDITIONAL_JUMP
00002d46	FUN_00002d2c	00002d58	READ
00002d46	FUN_00002d2c	20000e15	PARAM
00002d48	FUN_00002d2c	000037c4	UNCONDITIONAL_CALL
00002d4c	FUN_00002d2c	20000364	WRITE
00002d5c	FUN_00002d5c	00002dc0	READ
00002d60	FUN_00002d5c	20000cd6	WRITE
00002d62	FUN_00002d5c	20000cd1	WRITE
00002d64	FUN_00002d5c	20000cd7	WRITE
00002d66	FUN_00002d5c	20000cd4	WRITE
00002d68	FUN_00002d5c	20000cd5	WRITE
00002d6a	FUN_00002d5c	20000cd8	WRITE
00002d6c	FUN_00002d5c	20000cda	WRITE
00002d6e	FUN_00002d5c	20000cdc	WRITE
00002d72	FUN_00002d5c	20000cdd	WRITE
00002d74	FUN_00002d5c	00002dc4	READ
00002d76	FUN_00002d5c	00002dcc	READ
00002d78	FUN_00002d5c	20000cca	WRITE
00002d7a	FUN_00002d5c	20000cde	WRITE
00002d7e	FUN_00002d5c	20000cdf	WRITE
00002d80	FUN_00002d5c	00002dc8	READ
00002d84	FUN_00002d5c	200003b1	WRITE
00002d86	FUN_00002d5c	200003b2	WRITE
00002d88	FUN_00002d5c	200003b0	WRITE
00002d8c	FUN_00002d5c	2000380a	WRITE
00002d8c	FUN_00002d5c	2000380b	WRITE
00002d92	FUN_00002d5c	00002d8c	CONDITIONAL_JUMP
00002d94	FUN_00002d5c	00002dd0	READ
00002d9a	FUN_00002d5c	200003b9	WRITE
00002d9a	FUN_00002d5c	200003ba	WRITE
00002da0	FUN_00002d5c	00002d9a	CONDITIONAL_JUMP
00002da2	FUN_00002d5c	00002dd4	READ
00002da8	FUN_00002d5c	200003b3	WRITE
00002da8	FUN_00002d5c	200003b4	WRITE
00002dae	FUN_00002d5c	00002da8	CONDITIONAL_JUMP
00002db0	FUN_00002d5c	00002dd8	READ
00002db6	FUN_00002d5c	2000382a	WRITE
00002db6	FUN_00002d5c	2000382b	WRITE
00002dbc	FUN_00002d5c	00002db6	CONDITIONAL_JUMP
00002de2	FUN_00002ddc	Stack[-0x18]	WRITE
00002de4	FUN_00002ddc	0000ae10	UNCONDITIONAL_CALL
00002dec	FUN_00002ddc	00002f2c	UNCONDITIONAL_CALL
00002df2	FUN_00002ddc	00002ed6	CONDITIONAL_JUMP
00002df6	FUN_00002ddc	Stack[-0x18]	DATA
00002df8	FUN_00002ddc	00002f1c	READ
00002dfc	FUN_00002ddc	00002e06	CONDITIONAL_JUMP
00002dfe	FUN_00002ddc	200003b5	READ
00002e00	FUN_00002ddc	200003b6	READ
00002e02	FUN_00002ddc	200003b7	READ
00002e04	FUN_00002ddc	00002e0c	UNCONDITIONAL_JUMP
00002e06	FUN_00002ddc	200003b3	READ
00002e08	FUN_00002ddc	200003b4	READ
00002e0a	FUN_00002ddc	200003b5	READ
00002e0c	FUN_00002ddc	00002f20	READ
00002e16	FUN_00002ddc	00002e4a	CONDITIONAL_JUMP
00002e1a	FUN_00002ddc	00002e50	CONDITIONAL_JUMP
00002e1e	FUN_00002ddc	20000ccb	WRITE
00002e20	FUN_00002ddc	20000cd8	WRITE
00002e24	FUN_00002ddc	00002ea6	CONDITIONAL_JUMP
00002e28	FUN_00002ddc	00006438	UNCONDITIONAL_CALL
00002e2c	FUN_00002ddc	20000cd4	READ
00002e30	FUN_00002ddc	00002ec4	CONDITIONAL_JUMP
00002e32	FUN_00002ddc	20000cd4	WRITE
00002e36	FUN_00002ddc	00002eac	CONDITIONAL_JUMP
00002e3a	FUN_00002ddc	00002eb4	CONDITIONAL_JUMP
00002e3e	FUN_00002ddc	00002eba	CONDITIONAL_JUMP
00002e42	FUN_00002ddc	00002ed0	CONDITIONAL_JUMP
00002e46	FUN_00002ddc	00002ed8	CONDITIONAL_JUMP
00002e48	FUN_00002ddc	00002ec0	UNCONDITIONAL_JUMP
00002e4c	FUN_00002ddc	20000ccb	WRITE
00002e4e	FUN_00002ddc	00002efa	UNCONDITIONAL_JUMP
00002e50	FUN_00002ddc	20000cd8	READ
00002e54	FUN_00002ddc	00002e92	CONDITIONAL_JUMP
00002e58	FUN_00002ddc	20000cd8	WRITE
00002e5a	FUN_00002ddc	20000cd5	READ
00002e5c	FUN_00002ddc	00002f20	READ
00002e5e	FUN_00002ddc	20000cd4	WRITE
00002e60	FUN_00002ddc	20000c56	WRITE
00002e62	FUN_00002ddc	0000308c	UNCONDITIONAL_CALL
00002e68	FUN_00002ddc	00004054	UNCONDITIONAL_CALL
00002e6e	FUN_00002ddc	0000308c	UNCONDITIONAL_CALL
00002e74	FUN_00002ddc	00004054	UNCONDITIONAL_CALL
00002e7a	FUN_00002ddc	0000308c	UNCONDITIONAL_CALL
00002e80	FUN_00002ddc	00004054	UNCONDITIONAL_CALL
00002e86	FUN_00002ddc	0000308c	UNCONDITIONAL_CALL
00002e8a	FUN_00002ddc	20000cd4	WRITE
00002e8e	FUN_00002ddc	20000c56	WRITE
00002e90	FUN_00002ddc	00002efa	UNCONDITIONAL_JUMP
00002e92	FUN_00002ddc	00006438	UNCONDITIONAL_CALL
00002e96	FUN_00002ddc	00002f20	READ
00002e98	FUN_00002ddc	20000c63	READ
00002e9c	FUN_00002ddc	00002efa	CONDITIONAL_JUMP
00002e9e	FUN_00002ddc	00002f24	READ
00002ea2	FUN_00002ddc	20000340	WRITE
00002ea4	FUN_00002ddc	00002efa	UNCONDITIONAL_JUMP
00002ea6	FUN_00002ddc	00006438	UNCONDITIONAL_CALL
00002eaa	FUN_00002ddc	00002e2c	UNCONDITIONAL_JUMP
00002eac	FUN_00002ddc	00002f20	READ
00002eac	FUN_00002ddc	20000c4c	PARAM
00002eae	FUN_00002ddc	20000c67	READ
00002eb0	FUN_00002ddc	20000c66	WRITE
00002eb2	FUN_00002ddc	00002ec0	UNCONDITIONAL_JUMP
00002eb4	FUN_00002ddc	00002f20	READ
00002eb4	FUN_00002ddc	20000c4c	PARAM
00002eb6	FUN_00002ddc	20000c68	READ
00002eb8	FUN_00002ddc	00002ebe	UNCONDITIONAL_JUMP
00002eba	FUN_00002ddc	00002f20	READ
00002eba	FUN_00002ddc	20000c4c	PARAM
00002ebc	FUN_00002ddc	20000c69	READ
00002ebe	FUN_00002ddc	20000c66	WRITE
00002ec0	FUN_00002ddc	0000ae9c	UNCONDITIONAL_CALL
00002ec4	FUN_00002ddc	00002f20	READ
00002ec6	FUN_00002ddc	20000cd3	WRITE
00002ec8	FUN_00002ddc	20000c63	READ
00002ecc	FUN_00002ddc	00002ede	CONDITIONAL_JUMP
00002ece	FUN_00002ddc	00002ee4	UNCONDITIONAL_JUMP
00002ed0	FUN_00002ddc	00002f20	READ
00002ed0	FUN_00002ddc	20000c4c	PARAM
00002ed2	FUN_00002ddc	20000c6a	READ
00002ed4	FUN_00002ddc	00002ebe	UNCONDITIONAL_JUMP
00002ed6	FUN_00002ddc	00002f1a	UNCONDITIONAL_JUMP
00002ed8	FUN_00002ddc	00002f20	READ
00002ed8	FUN_00002ddc	20000c4c	PARAM
00002eda	FUN_00002ddc	20000c6b	READ
00002edc	FUN_00002ddc	00002ebe	UNCONDITIONAL_JUMP
00002ede	FUN_00002ddc	00002f24	READ
00002ee2	FUN_00002ddc	20000340	WRITE
00002ee4	FUN_00002ddc	20000cd4	READ
00002ee8	FUN_00002ddc	00002ef6	CONDITIONAL_JUMP
00002eea	FUN_00002ddc	20000cc7	READ
00002ef4	FUN_00002ddc	20000cc7	WRITE
00002ef6	FUN_00002ddc	000065b4	UNCONDITIONAL_CALL
00002efc	FUN_00002ddc	00002f1c	READ
00002efc	FUN_00002ddc	200003b3	PARAM
00002efe	FUN_00002ddc	00006990	UNCONDITIONAL_CALL
00002f04	FUN_00002ddc	20000cca	WRITE
00002f06	FUN_00002ddc	20000cd2	READ
00002f0a	FUN_00002ddc	00002f1a	CONDITIONAL_JUMP
00002f0c	FUN_00002ddc	20000ccc	READ
00002f10	FUN_00002ddc	00002f1a	CONDITIONAL_JUMP
00002f14	FUN_00002ddc	00002f28	READ
00002f14	FUN_00002ddc	20000350	DATA
00002f18	FUN_00002ddc	20000352	WRITE
00002f30	FUN_00002f2c	00002fec	READ
00002f30	FUN_00002f2c	200003b3	PARAM
00002f34	FUN_00002f2c	200003b3	READ
00002f36	FUN_00002f2c	200003b7	READ
00002f38	FUN_00002f2c	200003b8	READ
00002f3a	FUN_00002f2c	200003b4	READ
00002f3c	FUN_00002f2c	200003b5	READ
00002f3e	FUN_00002f2c	200003b6	READ
00002f42	FUN_00002f2c	00002f4a	CONDITIONAL_JUMP
00002f46	FUN_00002f2c	00002f7e	CONDITIONAL_JUMP
00002f48	FUN_00002f2c	00002f5e	UNCONDITIONAL_JUMP
00002f4c	FUN_00002f2c	00002f5e	CONDITIONAL_JUMP
00002f50	FUN_00002f2c	00002f5e	CONDITIONAL_JUMP
00002f54	FUN_00002f2c	00002f5e	CONDITIONAL_JUMP
00002f58	FUN_00002f2c	00002f5e	CONDITIONAL_JUMP
00002f5c	FUN_00002f2c	00002fe6	CONDITIONAL_JUMP
00002f68	FUN_00002f2c	00002ff0	READ
00002f6c	FUN_00002f2c	00002fac	CONDITIONAL_JUMP
00002f6e	FUN_00002f2c	20000ccb	READ
00002f72	FUN_00002f2c	00002fe6	CONDITIONAL_JUMP
00002f74	FUN_00002f2c	00002ff4	READ
00002f76	FUN_00002f2c	20000ccc	READ
00002f7a	FUN_00002f2c	00002f8e	CONDITIONAL_JUMP
00002f7c	FUN_00002f2c	00002fe6	UNCONDITIONAL_JUMP
00002f8c	FUN_00002f2c	00002f66	UNCONDITIONAL_JUMP
00002f92	FUN_00002f2c	00002fe6	CONDITIONAL_JUMP
00002f94	FUN_00002f2c	00007784	UNCONDITIONAL_CALL
00002f98	FUN_00002f2c	20000cca	READ
00002f9c	FUN_00002f2c	00002fe6	CONDITIONAL_JUMP
00002fa0	FUN_00002f2c	00002cf8	UNCONDITIONAL_CALL
00002fa4	FUN_00002f2c	20000cca	READ
00002fa8	FUN_00002f2c	20000cca	WRITE
00002faa	FUN_00002f2c	00002fe6	UNCONDITIONAL_JUMP
00002fae	FUN_00002f2c	20000cca	WRITE
00002fb4	FUN_00002f2c	00002fd0	CONDITIONAL_JUMP
00002fb6	FUN_00002f2c	200003b7	READ
00002fba	FUN_00002f2c	00002fe6	CONDITIONAL_JUMP
00002fbc	FUN_00002f2c	200003b6	READ
00002fc0	FUN_00002f2c	00002fe6	CONDITIONAL_JUMP
00002fc2	FUN_00002f2c	200003b5	READ
00002fc6	FUN_00002f2c	00002fe6	CONDITIONAL_JUMP
00002fc8	FUN_00002f2c	200003b4	READ
00002fcc	FUN_00002f2c	00002fe6	CONDITIONAL_JUMP
00002fce	FUN_00002f2c	00002fe2	UNCONDITIONAL_JUMP
00002fd0	FUN_00002f2c	200003b5	READ
00002fd4	FUN_00002f2c	00002fe6	CONDITIONAL_JUMP
00002fd6	FUN_00002f2c	200003b4	READ
00002fda	FUN_00002f2c	00002fe6	CONDITIONAL_JUMP
00002fdc	FUN_00002f2c	200003b3	READ
00002fe0	FUN_00002f2c	00002fe6	CONDITIONAL_JUMP
00002ffa	FUN_00002ff8	00002ca4	UNCONDITIONAL_CALL
00003000	FUN_00002ff8	00004054	UNCONDITIONAL_CALL
00003004	FUN_00002ff8	00007784	UNCONDITIONAL_CALL
00003008	FUN_00002ff8	0000037c	UNCONDITIONAL_CALL
00003012	uart_send_staged_bytes	0000303c	READ
00003016	uart_send_staged_bytes	20000cdd	WRITE
00003018	uart_send_staged_bytes	00003040	READ
0000301a	uart_send_staged_bytes	200003b0	READ
0000301e	uart_send_staged_bytes	00003036	CONDITIONAL_JUMP
00003020	uart_send_staged_bytes	00003044	READ
00003022	uart_send_staged_bytes	00003048	READ
00003024	uart_send_staged_bytes	2000380a	READ
00003024	uart_send_staged_bytes	2000380b	READ
00003026	uart_send_staged_bytes	40050018	READ
0000302a	uart_send_staged_bytes	00003026	CONDITIONAL_JUMP
0000302c	uart_send_staged_bytes	40050000	WRITE
00003034	uart_send_staged_bytes	00003024	CONDITIONAL_JUMP
0000304e	FUN_0000304c	00003080	READ
00003050	FUN_0000304c	20000361	READ
00003054	FUN_0000304c	00003072	CONDITIONAL_JUMP
00003058	FUN_0000304c	0000329c	UNCONDITIONAL_CALL
0000305c	FUN_0000304c	00002d2c	UNCONDITIONAL_CALL
00003060	FUN_0000304c	20000361	READ
00003064	FUN_0000304c	0000329c	UNCONDITIONAL_CALL
00003068	FUN_0000304c	00002d2c	UNCONDITIONAL_CALL
0000306c	FUN_0000304c	0000ae10	UNCONDITIONAL_CALL
00003072	FUN_0000304c	00003084	READ
00003076	FUN_0000304c	20000346	WRITE
00003078	FUN_0000304c	00003088	READ
0000307a	FUN_0000304c	20000322	WRITE
0000308e	FUN_0000308c	000031d0	READ
00003090	FUN_0000308c	000031cc	READ
00003092	FUN_0000308c	20000cc7	READ
00003098	FUN_0000308c	20000cd7	READ
0000309c	FUN_0000308c	20000cd4	READ
000030a4	FUN_0000308c	000030d0	CONDITIONAL_JUMP
000030aa	FUN_0000308c	000030b0	DATA
000030ae	FUN_0000308c	000030d0	COMPUTED_JUMP
000030ae	FUN_0000308c	000030b6	COMPUTED_JUMP
000030ae	FUN_0000308c	000030ea	COMPUTED_JUMP
000030ae	FUN_0000308c	00003116	COMPUTED_JUMP
000030ae	FUN_0000308c	0000314a	COMPUTED_JUMP
000030ae	FUN_0000308c	0000318a	COMPUTED_JUMP
000030ae	FUN_0000308c	000030d0	COMPUTED_JUMP
000030ae	FUN_0000308c	000030b6	COMPUTED_JUMP
000030ae	FUN_0000308c	000030ea	COMPUTED_JUMP
000030ae	FUN_0000308c	00003116	COMPUTED_JUMP
000030ae	FUN_0000308c	0000314a	COMPUTED_JUMP
000030ae	FUN_0000308c	0000318a	COMPUTED_JUMP
000030b8	FUN_0000308c	000030d2	CONDITIONAL_JUMP
000030c2	FUN_0000308c	20000cc7	WRITE
000030c6	FUN_0000308c	000030d0	CONDITIONAL_JUMP
000030cc	FUN_0000308c	20000cc7	WRITE
000030ce	FUN_0000308c	20000cd7	WRITE
000030dc	FUN_0000308c	20000cc7	WRITE
000030e0	FUN_0000308c	000030e6	CONDITIONAL_JUMP
000030e4	FUN_0000308c	00003112	UNCONDITIONAL_JUMP
000030e8	FUN_0000308c	000031c4	UNCONDITIONAL_JUMP
000030ec	FUN_0000308c	00003106	CONDITIONAL_JUMP
000030f6	FUN_0000308c	20000cc7	WRITE
000030fa	FUN_0000308c	000030d0	CONDITIONAL_JUMP
00003100	FUN_0000308c	20000cc7	WRITE
00003102	FUN_0000308c	20000cd7	WRITE
0000310a	FUN_0000308c	20000cc7	WRITE
0000310e	FUN_0000308c	00003186	CONDITIONAL_JUMP
00003114	FUN_0000308c	000031c6	UNCONDITIONAL_JUMP
00003118	FUN_0000308c	00003132	CONDITIONAL_JUMP
00003122	FUN_0000308c	20000cc7	WRITE
00003126	FUN_0000308c	00003104	CONDITIONAL_JUMP
0000312c	FUN_0000308c	20000cc7	WRITE
0000312e	FUN_0000308c	20000cd7	WRITE
00003136	FUN_0000308c	20000cc7	WRITE
0000313a	FUN_0000308c	00003142	CONDITIONAL_JUMP
00003140	FUN_0000308c	000031c6	UNCONDITIONAL_JUMP
00003146	FUN_0000308c	20000cc7	WRITE
0000314c	FUN_0000308c	00003162	CONDITIONAL_JUMP
00003156	FUN_0000308c	20000cc7	WRITE
0000315a	FUN_0000308c	00003148	CONDITIONAL_JUMP
00003160	FUN_0000308c	000030fc	UNCONDITIONAL_JUMP
00003168	FUN_0000308c	20000cc7	WRITE
0000316c	FUN_0000308c	00003174	CONDITIONAL_JUMP
00003172	FUN_0000308c	00003178	UNCONDITIONAL_JUMP
00003178	FUN_0000308c	20000cc7	WRITE
0000317e	FUN_0000308c	00003186	CONDITIONAL_JUMP
00003184	FUN_0000308c	000031c6	UNCONDITIONAL_JUMP
00003188	FUN_0000308c	000031c4	UNCONDITIONAL_JUMP
0000318c	FUN_0000308c	000031a2	CONDITIONAL_JUMP
00003196	FUN_0000308c	20000cc7	WRITE
0000319a	FUN_0000308c	00003148	CONDITIONAL_JUMP
000031a0	FUN_0000308c	00003128	UNCONDITIONAL_JUMP
000031a2	FUN_0000308c	20000cc7	WRITE
000031a6	FUN_0000308c	000031ae	CONDITIONAL_JUMP
000031ac	FUN_0000308c	000031b2	UNCONDITIONAL_JUMP
000031b2	FUN_0000308c	20000cc7	WRITE
000031b8	FUN_0000308c	000031c2	CONDITIONAL_JUMP
000031be	FUN_0000308c	20000cc7	WRITE
000031c6	FUN_0000308c	20000cc7	WRITE
000031d6	ble_report_queue_service	0000328c	READ
000031d8	ble_report_queue_service	20000cdd	READ
000031da	ble_report_queue_service	00003290	READ
000031de	ble_report_queue_service	00003294	READ
000031e2	ble_report_queue_service	0000321a	CONDITIONAL_JUMP
000031e4	ble_report_queue_service	20000369	READ
000031e8	ble_report_queue_service	00003234	CONDITIONAL_JUMP
000031ea	ble_report_queue_service	20000cdc	READ
000031ee	ble_report_queue_service	00003234	CONDITIONAL_JUMP
000031f0	ble_report_queue_service	20000cdd	READ
000031f4	ble_report_queue_service	000031fc	CONDITIONAL_JUMP
000031f6	ble_report_queue_service	20000348	READ
000031fa	ble_report_queue_service	00003234	CONDITIONAL_JUMP
000031fc	ble_report_queue_service	2000036b	READ
000031fe	ble_report_queue_service	00003298	READ
000031fe	ble_report_queue_service	20002264	PARAM
00003204	ble_report_queue_service	00003298	READ
00003206	ble_report_queue_service	20002264	DATA
00003208	ble_report_queue_service	0000328c	READ
0000320c	ble_report_queue_service	20000cd3	READ
00003210	ble_report_queue_service	00003236	CONDITIONAL_JUMP
00003214	ble_report_queue_service	0000325c	CONDITIONAL_JUMP
00003218	ble_report_queue_service	00003262	UNCONDITIONAL_JUMP
0000321a	ble_report_queue_service	2000036c	READ
00003220	ble_report_queue_service	2000036c	WRITE
00003224	ble_report_queue_service	0000322e	CONDITIONAL_JUMP
00003226	ble_report_queue_service	00005c50	UNCONDITIONAL_CALL
0000322c	ble_report_queue_service	0000324a	UNCONDITIONAL_JUMP
0000322e	ble_report_queue_service	2000036c	WRITE
00003232	ble_report_queue_service	20000cdd	WRITE
00003236	ble_report_queue_service	20000cde	READ
0000323a	ble_report_queue_service	00003250	CONDITIONAL_JUMP
0000323c	ble_report_queue_service	2000036e	READ
00003242	ble_report_queue_service	2000036e	WRITE
00003246	ble_report_queue_service	0000324e	CONDITIONAL_JUMP
0000324a	ble_report_queue_service	20000348	WRITE
0000324e	ble_report_queue_service	2000036e	WRITE
00003252	ble_report_queue_service	00003266	CONDITIONAL_JUMP
00003256	ble_report_queue_service	00006010	UNCONDITIONAL_CALL
0000325a	ble_report_queue_service	00003266	UNCONDITIONAL_JUMP
0000325e	ble_report_queue_service	00003266	CONDITIONAL_JUMP
00003262	ble_report_queue_service	00006010	UNCONDITIONAL_CALL
00003266	ble_report_queue_service	20000369	READ
0000326a	ble_report_queue_service	20000369	WRITE
0000326c	ble_report_queue_service	2000036b	READ
00003272	ble_report_queue_service	2000036b	WRITE
00003276	ble_report_queue_service	0000327a	CONDITIONAL_JUMP
00003278	ble_report_queue_service	2000036b	WRITE
0000327a	ble_report_queue_service	20000cde	READ
0000327e	ble_report_queue_service	00003288	CONDITIONAL_JUMP
00003282	ble_report_queue_service	20000348	WRITE
00003284	ble_report_queue_service	2000036c	WRITE
0000328a	ble_report_queue_service	00003282	UNCONDITIONAL_JUMP
000032a4	ble_key_event	Stack[-0x18]	WRITE
000032a8	ble_key_event	Stack[-0x1c]	WRITE
000032aa	ble_key_event	00003698	READ
000032b2	ble_key_event	Stack[-0x20]	WRITE
000032b4	ble_key_event	0000369c	READ
000032b6	ble_key_event	20000c6c	DATA
000032b6	ble_key_event	Stack[-0x24]	WRITE
000032b8	ble_key_event	000036a0	READ
000032bc	ble_key_event	20000e0d	READ
000032be	ble_key_event	Stack[-0x28]	WRITE
000032c0	ble_key_event	000036a4	READ
000032c2	ble_key_event	000036b4	READ
000032c4	ble_key_event	20000c66	READ
000032c6	ble_key_event	Stack[-0x2c]	WRITE
000032c8	ble_key_event	000036a8	READ
000032ca	ble_key_event	20000389	READ
000032d4	ble_key_event	000036ac	READ
000032d8	ble_key_event	20000368	READ
000032da	ble_key_event	Stack[-0x30]	WRITE
000032dc	ble_key_event	000036b0	READ
000032e0	ble_key_event	000036b8	READ
000032ea	ble_key_event	20000367	READ
000032ee	ble_key_event	000033ec	CONDITIONAL_JUMP
000032f2	ble_key_event	000032fc	CONDITIONAL_JUMP
000032f6	ble_key_event	000032fc	CONDITIONAL_JUMP
000032fa	ble_key_event	000033bc	CONDITIONAL_JUMP
000032fc	ble_key_event	Stack[-0x18]	READ
00003300	ble_key_event	00003328	CONDITIONAL_JUMP
00003304	ble_key_event	00003328	CONDITIONAL_JUMP
00003308	ble_key_event	00003328	CONDITIONAL_JUMP
0000330c	ble_key_event	00003328	CONDITIONAL_JUMP
00003310	ble_key_event	00003328	CONDITIONAL_JUMP
00003312	ble_key_event	Stack[-0x1c]	READ
00003316	ble_key_event	00003342	CONDITIONAL_JUMP
0000331c	ble_key_event	Stack[-0x30]	WRITE
0000331e	ble_key_event	000036bc	READ
00003320	ble_key_event	0000c364	DATA
00003322	ble_key_event	Stack[-0x2f]	WRITE
00003326	ble_key_event	0000346c	UNCONDITIONAL_JUMP
00003328	ble_key_event	000036a0	READ
0000332c	ble_key_event	20000e0c	WRITE
0000332e	ble_key_event	000036bc	READ
00003330	ble_key_event	Stack[-0x28]	READ
00003332	ble_key_event	0000c364	DATA
00003336	ble_key_event	20000e0d	WRITE
00003338	ble_key_event	000036ac	READ
0000333c	ble_key_event	20000363	WRITE
00003344	ble_key_event	00003350	CONDITIONAL_JUMP
00003348	ble_key_event	00003354	CONDITIONAL_JUMP
0000334a	ble_key_event	Stack[-0x20]	READ
0000334c	ble_key_event	0000c2fe	DATA
0000334e	ble_key_event	00003358	UNCONDITIONAL_JUMP
00003352	ble_key_event	00003358	UNCONDITIONAL_JUMP
00003354	ble_key_event	000036bc	READ
00003356	ble_key_event	0000c364	DATA
00003358	ble_key_event	000036ac	READ
0000335c	ble_key_event	00003374	CONDITIONAL_JUMP
0000335e	ble_key_event	000036a0	READ
00003362	ble_key_event	20000e0c	WRITE
00003366	ble_key_event	20000e0f	DATA
0000336a	ble_key_event	20000367	WRITE
0000336e	ble_key_event	20000363	WRITE
00003376	ble_key_event	000033b8	CONDITIONAL_JUMP
0000337a	ble_key_event	00003370	CONDITIONAL_JUMP
0000337c	ble_key_event	000036c0	READ
0000337e	ble_key_event	0000c3dc	DATA
00003380	ble_key_event	000036c4	READ
00003384	ble_key_event	20000e15	WRITE
0000338e	ble_key_event	20000e16	DATA
0000338e	ble_key_event	20000e23	READ
00003398	ble_key_event	000033ac	CONDITIONAL_JUMP
0000339a	ble_key_event	000036c4	READ
0000339a	ble_key_event	20000e15	PARAM
0000339c	ble_key_event	000037c4	UNCONDITIONAL_CALL
000033a0	ble_key_event	20000e16	DATA
000033a4	ble_key_event	20000e16	DATA
000033a6	ble_key_event	000036c4	READ
000033a6	ble_key_event	20000e15	PARAM
000033a8	ble_key_event	000037c4	UNCONDITIONAL_CALL
000033ac	ble_key_event	20000e16	DATA
000033b0	ble_key_event	20000e16	DATA
000033b2	ble_key_event	20000364	WRITE
000033ba	ble_key_event	00003380	UNCONDITIONAL_JUMP
000033be	ble_key_event	00003428	CONDITIONAL_JUMP
000033c2	ble_key_event	00003440	CONDITIONAL_JUMP
000033c6	ble_key_event	00003440	CONDITIONAL_JUMP
000033ca	ble_key_event	00003440	CONDITIONAL_JUMP
000033ce	ble_key_event	000033b4	CONDITIONAL_JUMP
000033d2	ble_key_event	00003486	CONDITIONAL_JUMP
000033d4	ble_key_event	20000306	DATA
000033d6	ble_key_event	000036a4	READ
000033da	ble_key_event	20000306	DATA
000033dc	ble_key_event	20000c51	READ
000033de	ble_key_event	000036b8	READ
000033e2	ble_key_event	000033fa	CONDITIONAL_JUMP
000033e6	ble_key_event	00006a8c	UNCONDITIONAL_CALL
000033ea	ble_key_event	000033ee	UNCONDITIONAL_JUMP
000033ec	ble_key_event	0000356c	UNCONDITIONAL_JUMP
000033ee	ble_key_event	20000c4f	READ
000033f2	ble_key_event	00003470	CONDITIONAL_JUMP
000033f4	ble_key_event	000036c8	READ
000033f8	ble_key_event	2000034c	WRITE
000033fa	ble_key_event	000036cc	READ
000033fc	ble_key_event	20000315	READ
00003400	ble_key_event	20000315	WRITE
00003402	ble_key_event	20000384	READ
00003406	ble_key_event	000033b4	CONDITIONAL_JUMP
00003408	ble_key_event	20000385	READ
0000340c	ble_key_event	000033b4	CONDITIONAL_JUMP
0000340e	ble_key_event	20000386	READ
00003412	ble_key_event	000033b4	CONDITIONAL_JUMP
00003414	ble_key_event	20000387	READ
00003418	ble_key_event	000033b4	CONDITIONAL_JUMP
0000341e	ble_key_event	20000c9e	WRITE
00003422	ble_key_event	20000ca1	WRITE
00003428	ble_key_event	Stack[-0x2c]	READ
0000342c	ble_key_event	00003424	CONDITIONAL_JUMP
0000342e	ble_key_event	000036a0	READ
00003432	ble_key_event	20000e0c	WRITE
00003436	ble_key_event	20000e14	WRITE
00003438	ble_key_event	000036ac	READ
0000343a	ble_key_event	20000363	WRITE
0000343c	ble_key_event	Stack[-0x24]	READ
0000343e	ble_key_event	00003566	UNCONDITIONAL_JUMP
00003444	ble_key_event	Stack[-0x30]	WRITE
00003446	ble_key_event	000036d0	READ
0000344e	ble_key_event	0000345c	CONDITIONAL_JUMP
00003452	ble_key_event	0000c370	DATA
00003456	ble_key_event	Stack[-0x2f]	WRITE
00003458	ble_key_event	0000c371	DATA
0000345a	ble_key_event	00003468	UNCONDITIONAL_JUMP
00003460	ble_key_event	0000c2cc	DATA
00003464	ble_key_event	Stack[-0x2f]	WRITE
00003466	ble_key_event	0000c2cd	DATA
00003468	ble_key_event	Stack[-0x2e]	WRITE
0000346e	ble_key_event	0000370c	UNCONDITIONAL_JUMP
00003470	ble_key_event	000036cc	READ
00003472	ble_key_event	20000315	READ
00003476	ble_key_event	000033fa	CONDITIONAL_JUMP
00003478	ble_key_event	20000c51	READ
0000347a	ble_key_event	000036d4	READ
0000347e	ble_key_event	0000c470	DATA
00003480	ble_key_event	000036c8	READ
00003482	ble_key_event	2000034c	WRITE
00003484	ble_key_event	000033fa	UNCONDITIONAL_JUMP
00003488	ble_key_event	000034d8	CONDITIONAL_JUMP
0000348a	ble_key_event	000036a8	READ
0000348e	ble_key_event	20000388	WRITE
00003490	ble_key_event	Stack[-0x30]	READ
00003492	ble_key_event	000036ac	READ
00003496	ble_key_event	0000c0ff	DATA
0000349a	ble_key_event	000034c6	CONDITIONAL_JUMP
0000349e	ble_key_event	20000389	WRITE
000034a0	ble_key_event	00006a24	UNCONDITIONAL_CALL
000034a4	ble_key_event	20000389	READ
000034a6	ble_key_event	0000c0ff	DATA
000034aa	ble_key_event	20000389	WRITE
000034ac	ble_key_event	00006a24	UNCONDITIONAL_CALL
000034b0	ble_key_event	20000389	READ
000034b2	ble_key_event	0000c0ff	DATA
000034b6	ble_key_event	20000389	WRITE
000034b8	ble_key_event	00006a24	UNCONDITIONAL_CALL
000034bc	ble_key_event	20000368	READ
000034c0	ble_key_event	20000368	WRITE
000034c8	ble_key_event	20000389	WRITE
000034ca	ble_key_event	Stack[-0x30]	READ
000034ce	ble_key_event	20000368	WRITE
000034d0	ble_key_event	00006a24	UNCONDITIONAL_CALL
000034d8	ble_key_event	000036a8	READ
000034da	ble_key_event	2000038c	READ
000034de	ble_key_event	000034f8	CONDITIONAL_JUMP
000034e2	ble_key_event	000034ea	CONDITIONAL_JUMP
000034e6	ble_key_event	000034f0	CONDITIONAL_JUMP
000034e8	ble_key_event	000034f8	UNCONDITIONAL_JUMP
000034ec	ble_key_event	000034f4	CONDITIONAL_JUMP
000034ee	ble_key_event	000034f8	UNCONDITIONAL_JUMP
000034f2	ble_key_event	000034f8	CONDITIONAL_JUMP
000034f4	ble_key_event	000036d8	READ
000034f6	ble_key_event	20000c9e	WRITE
000034f6	ble_key_event	00000bb8	DATA
000034f8	ble_key_event	000036a4	READ
000034fa	ble_key_event	20000c5c	READ
000034fe	ble_key_event	00003508	CONDITIONAL_JUMP
00003500	ble_key_event	20000c65	READ
00003504	ble_key_event	0000350e	CONDITIONAL_JUMP
00003506	ble_key_event	00003534	UNCONDITIONAL_JUMP
00003508	ble_key_event	Stack[-0x2c]	READ
0000350c	ble_key_event	00003534	CONDITIONAL_JUMP
00003510	ble_key_event	20000388	WRITE
00003512	ble_key_event	0000c0ff	DATA
00003514	ble_key_event	2000038c	WRITE
00003516	ble_key_event	00006a24	UNCONDITIONAL_CALL
0000351a	ble_key_event	20000c50	READ
00003520	ble_key_event	00003530	CONDITIONAL_JUMP
00003522	ble_key_event	00006a24	UNCONDITIONAL_CALL
00003528	ble_key_event	20000c50	READ
0000352e	ble_key_event	00003522	CONDITIONAL_JUMP
00003532	ble_key_event	00003552	UNCONDITIONAL_JUMP
00003536	ble_key_event	20000388	WRITE
00003538	ble_key_event	000036a4	READ
0000353a	ble_key_event	000036dc	READ
0000353a	ble_key_event	0000c198	PARAM
0000353c	ble_key_event	20000c50	READ
00003540	ble_key_event	0000c198	DATA
00003542	ble_key_event	0000354a	CONDITIONAL_JUMP
0000354a	ble_key_event	2000038c	WRITE
0000354c	ble_key_event	00006a24	UNCONDITIONAL_CALL
00003552	ble_key_event	20000c52	WRITE
00003554	ble_key_event	0000c0ff	DATA
00003556	ble_key_event	2000038c	WRITE
0000355a	ble_key_event	000036c8	READ
0000355e	ble_key_event	2000034c	WRITE
00003560	ble_key_event	000036cc	READ
00003562	ble_key_event	20000315	READ
00003566	ble_key_event	20000315	WRITE
00003566	ble_key_event	20000c6c	WRITE
0000356e	ble_key_event	00003578	CONDITIONAL_JUMP
00003572	ble_key_event	00003578	CONDITIONAL_JUMP
00003576	ble_key_event	0000365c	CONDITIONAL_JUMP
00003578	ble_key_event	Stack[-0x18]	READ
0000357c	ble_key_event	000035a2	CONDITIONAL_JUMP
00003580	ble_key_event	000035a2	CONDITIONAL_JUMP
00003584	ble_key_event	000035a2	CONDITIONAL_JUMP
00003588	ble_key_event	000035a2	CONDITIONAL_JUMP
0000358c	ble_key_event	000035a2	CONDITIONAL_JUMP
0000358e	ble_key_event	Stack[-0x1c]	READ
00003592	ble_key_event	000035bc	CONDITIONAL_JUMP
00003598	ble_key_event	Stack[-0x30]	WRITE
0000359c	ble_key_event	Stack[-0x2f]	WRITE
000035a0	ble_key_event	0000370a	UNCONDITIONAL_JUMP
000035a2	ble_key_event	000036a0	READ
000035a6	ble_key_event	20000e0c	WRITE
000035a8	ble_key_event	000036bc	READ
000035aa	ble_key_event	Stack[-0x28]	READ
000035ac	ble_key_event	0000c364	DATA
000035b0	ble_key_event	20000e0d	WRITE
000035b2	ble_key_event	000036ac	READ
000035b6	ble_key_event	20000363	WRITE
000035c0	ble_key_event	000035cc	CONDITIONAL_JUMP
000035c4	ble_key_event	000035d0	CONDITIONAL_JUMP
000035c6	ble_key_event	Stack[-0x20]	READ
000035c8	ble_key_event	0000c2fe	DATA
000035ca	ble_key_event	000035d4	UNCONDITIONAL_JUMP
000035ce	ble_key_event	000035d4	UNCONDITIONAL_JUMP
000035d0	ble_key_event	000036bc	READ
000035d2	ble_key_event	0000c364	DATA
000035d8	ble_key_event	00003622	CONDITIONAL_JUMP
000035da	ble_key_event	000036a0	READ
000035de	ble_key_event	20000e0f	READ
000035de	ble_key_event	20000e10	READ
000035e2	ble_key_event	00003616	CONDITIONAL_JUMP
000035e6	ble_key_event	000036ac	READ
000035e8	ble_key_event	20000e0c	WRITE
000035ec	ble_key_event	0000360a	CONDITIONAL_JUMP
000035f2	ble_key_event	000035fe	CONDITIONAL_JUMP
000035f6	ble_key_event	20000e10	READ
000035f6	ble_key_event	20000e11	READ
000035f8	ble_key_event	20000e0f	WRITE
000035f8	ble_key_event	20000e10	WRITE
000035fa	ble_key_event	20000e10	WRITE
000035fa	ble_key_event	20000e11	WRITE
000035fc	ble_key_event	00003602	UNCONDITIONAL_JUMP
00003600	ble_key_event	20000e10	WRITE
00003608	ble_key_event	000035f0	CONDITIONAL_JUMP
0000360c	ble_key_event	20000367	WRITE
00003610	ble_key_event	20000363	WRITE
0000361c	ble_key_event	000035dc	CONDITIONAL_JUMP
00003620	ble_key_event	00003612	CONDITIONAL_JUMP
00003624	ble_key_event	00003658	CONDITIONAL_JUMP
00003628	ble_key_event	00003612	CONDITIONAL_JUMP
0000362a	ble_key_event	000036c0	READ
0000362c	ble_key_event	0000c3dc	DATA
0000362e	ble_key_event	000036c4	READ
00003638	ble_key_event	20000e16	DATA
00003638	ble_key_event	20000e23	READ
00003642	ble_key_event	00003612	CONDITIONAL_JUMP
00003646	ble_key_event	20000e15	WRITE
00003648	ble_key_event	20000e16	DATA
00003648	ble_key_event	20000e23	READ
0000364c	ble_key_event	000036ac	READ
0000364c	ble_key_event	20000360	DATA
0000364e	ble_key_event	20000e16	DATA
0000364e	ble_key_event	20000e23	WRITE
00003650	ble_key_event	20000364	WRITE
0000365a	ble_key_event	0000362e	UNCONDITIONAL_JUMP
0000365e	ble_key_event	000036e0	CONDITIONAL_JUMP
00003662	ble_key_event	000036fe	CONDITIONAL_JUMP
00003666	ble_key_event	000036fe	CONDITIONAL_JUMP
0000366a	ble_key_event	000036fe	CONDITIONAL_JUMP
0000366e	ble_key_event	00003652	CONDITIONAL_JUMP
00003670	ble_key_event	000036cc	READ
00003672	ble_key_event	20000315	READ
0000367a	ble_key_event	00003714	CONDITIONAL_JUMP
0000367c	ble_key_event	20000306	DATA
00003680	ble_key_event	00003686	CONDITIONAL_JUMP
00003684	ble_key_event	20000306	DATA
00003686	ble_key_event	000036cc	READ
0000368a	ble_key_event	0000368e	CONDITIONAL_JUMP
0000368c	ble_key_event	20000315	WRITE
00003690	ble_key_event	20000c9e	WRITE
000036e0	ble_key_event	Stack[-0x2c]	READ
000036e4	ble_key_event	00003692	CONDITIONAL_JUMP
000036e6	ble_key_event	00003754	READ
000036ea	ble_key_event	20000e0c	WRITE
000036ee	ble_key_event	20000e14	WRITE
000036f0	ble_key_event	00003758	READ
000036f4	ble_key_event	20000363	WRITE
000036f6	ble_key_event	20000c6c	DATA
000036f6	ble_key_event	Stack[-0x24]	READ
000036f8	ble_key_event	20000c6c	WRITE
00003700	ble_key_event	Stack[-0x30]	WRITE
00003706	ble_key_event	Stack[-0x30]	WRITE
0000370c	ble_key_event	00006010	UNCONDITIONAL_CALL
00003716	ble_key_event	0000373c	CONDITIONAL_JUMP
00003718	ble_key_event	Stack[-0x30]	READ
0000371a	ble_key_event	00003758	READ
0000371e	ble_key_event	00003710	CONDITIONAL_JUMP
00003720	ble_key_event	0000375c	READ
00003720	ble_key_event	20000388	PARAM
00003724	ble_key_event	20000388	WRITE
00003726	ble_key_event	0000c0ff	DATA
0000372c	ble_key_event	20000389	WRITE
0000372e	ble_key_event	00006a24	UNCONDITIONAL_CALL
00003732	ble_key_event	20000368	READ
00003736	ble_key_event	20000368	WRITE
0000373e	ble_key_event	00003760	READ
00003740	ble_key_event	20000c9e	WRITE
00003744	ble_key_event	00003748	CONDITIONAL_JUMP
00003746	ble_key_event	20000315	WRITE
00003748	ble_key_event	0000375c	READ
0000374a	ble_key_event	2000038c	WRITE
0000374c	ble_key_event	00003764	READ
0000374c	ble_key_event	20000c4c	DATA
0000374e	ble_key_event	20000c52	WRITE
0000376e	FUN_00003768	0000329c	UNCONDITIONAL_CALL
00003774	FUN_00003768	0000377e	CONDITIONAL_JUMP
0000377c	FUN_00003768	0000379c	CONDITIONAL_JUMP
0000377e	FUN_00003768	000037b0	READ
00003780	FUN_00003768	20000c6f	READ
00003784	FUN_00003768	0000379c	CONDITIONAL_JUMP
00003786	FUN_00003768	000037b4	READ
00003788	FUN_00003768	000037b8	READ
0000378a	FUN_00003768	000037bc	READ
0000378e	FUN_00003768	0000379e	CONDITIONAL_JUMP
00003790	FUN_00003768	000037c0	READ
00003792	FUN_00003768	20000361	WRITE
00003794	FUN_00003768	20000c5a	READ
00003796	FUN_00003768	20000346	WRITE
0000379a	FUN_00003768	20000322	WRITE
0000379e	FUN_00003768	20000361	READ
000037a2	FUN_00003768	0000379c	CONDITIONAL_JUMP
000037a6	FUN_00003768	20000346	WRITE
000037a8	FUN_00003768	20000322	WRITE
000037aa	FUN_00003768	20000361	WRITE
000037c6	FUN_000037c4	0000388c	READ
000037ca	FUN_000037c4	20000369	READ
000037ce	FUN_000037c4	00003890	READ
000037d2	FUN_000037c4	00003808	CONDITIONAL_JUMP
000037d4	FUN_000037c4	2000036b	READ
000037d6	FUN_000037c4	20002264	PARAM
000037dc	FUN_000037c4	00003894	READ
000037de	FUN_000037c4	20002264	DATA
000037e0	FUN_000037c4	20000cd3	READ
000037e6	FUN_000037c4	0000383e	CONDITIONAL_JUMP
000037ea	FUN_000037c4	0000384c	CONDITIONAL_JUMP
000037f0	FUN_000037c4	00006010	UNCONDITIONAL_CALL
000037f4	FUN_000037c4	2000036b	READ
000037fa	FUN_000037c4	2000036b	WRITE
000037fc	FUN_000037c4	20000369	READ
00003800	FUN_000037c4	20000369	WRITE
00003804	FUN_000037c4	00003808	CONDITIONAL_JUMP
00003806	FUN_000037c4	2000036b	WRITE
0000380c	FUN_000037c4	0000385a	CONDITIONAL_JUMP
00003810	FUN_000037c4	00003872	CONDITIONAL_JUMP
00003812	FUN_000037c4	2000036a	READ
0000381e	FUN_000037c4	20002264	DATA
0000381e	FUN_000037c4	20002265	DATA
00003826	FUN_000037c4	0000381c	CONDITIONAL_JUMP
00003828	FUN_000037c4	2000036a	READ
0000382e	FUN_000037c4	2000036a	WRITE
00003830	FUN_000037c4	20000369	READ
00003834	FUN_000037c4	20000369	WRITE
00003838	FUN_000037c4	0000383c	CONDITIONAL_JUMP
0000383a	FUN_000037c4	2000036a	WRITE
00003840	FUN_000037c4	000037f4	CONDITIONAL_JUMP
00003846	FUN_000037c4	00006010	UNCONDITIONAL_CALL
0000384a	FUN_000037c4	000037f4	UNCONDITIONAL_JUMP
0000384e	FUN_000037c4	000037f4	CONDITIONAL_JUMP
00003854	FUN_000037c4	00006010	UNCONDITIONAL_CALL
00003858	FUN_000037c4	000037f4	UNCONDITIONAL_JUMP
0000385a	FUN_000037c4	2000036a	READ
00003866	FUN_000037c4	20002264	DATA
00003866	FUN_000037c4	20002265	DATA
0000386e	FUN_000037c4	00003864	CONDITIONAL_JUMP
00003870	FUN_000037c4	00003828	UNCONDITIONAL_JUMP
00003872	FUN_000037c4	2000036a	READ
0000387e	FUN_000037c4	20002264	DATA
0000387e	FUN_000037c4	20002265	DATA
00003886	FUN_000037c4	0000387c	CONDITIONAL_JUMP
00003888	FUN_000037c4	00003828	UNCONDITIONAL_JUMP
0000389c	CLK_DisableModuleClock	000038b0	READ
000038a0	CLK_DisableModuleClock	50000204	DATA
000038ac	CLK_DisableModuleClock	50000204	DATA
000038b8	CLK_EnableModuleClock	000038cc	READ
000038bc	CLK_EnableModuleClock	50000204	DATA
000038c8	CLK_EnableModuleClock	50000204	DATA
000038d0	FUN_000038d0	000038dc	READ
000038d2	FUN_000038d0	50000200	READ
000038d6	FUN_000038d0	50000200	WRITE
000038e2	FUN_000038e0	00003928	READ
000038e4	FUN_000038e0	0000cbf4	READ
000038e6	FUN_000038e0	Stack[-0x8]	WRITE
000038e8	FUN_000038e0	0000392c	READ
000038ea	FUN_000038e0	50000220	READ
000038f0	FUN_000038e0	000038f6	CONDITIONAL_JUMP
000038f8	FUN_000038e0	000038fe	CONDITIONAL_JUMP
000038fa	FUN_000038e0	00003930	READ
000038fc	FUN_000038e0	00003900	UNCONDITIONAL_JUMP
000038fe	FUN_000038e0	00003934	READ
00003902	FUN_000038e0	000038f4	CONDITIONAL_JUMP
0000391e	FUN_000038e0	0000013c	UNCONDITIONAL_CALL
0000393a	CLK_SetModuleClock	000039c4	READ
0000393e	CLK_SetModuleClock	0000cb9c	READ
00003940	CLK_SetModuleClock	0000cb98	READ
00003942	CLK_SetModuleClock	0000cba0	READ
00003944	CLK_SetModuleClock	Stack[-0x14]	WRITE
00003948	CLK_SetModuleClock	Stack[-0xc]	WRITE
0000394a	CLK_SetModuleClock	Stack[-0x10]	WRITE
0000394e	CLK_SetModuleClock	0000399c	CONDITIONAL_JUMP
0000395a	CLK_SetModuleClock	000039c8	READ
00003968	CLK_SetModuleClock	50000210	DATA
0000396e	CLK_SetModuleClock	50000210	DATA
00003970	CLK_SetModuleClock	000039cc	READ
00003972	CLK_SetModuleClock	000039d0	READ
00003976	CLK_SetModuleClock	00003988	CONDITIONAL_JUMP
00003978	CLK_SetModuleClock	5000021c	READ
00003984	CLK_SetModuleClock	5000021c	WRITE
00003986	CLK_SetModuleClock	0000399c	UNCONDITIONAL_JUMP
00003988	CLK_SetModuleClock	000039d4	READ
0000398c	CLK_SetModuleClock	0000399c	CONDITIONAL_JUMP
0000398e	CLK_SetModuleClock	5000021c	READ
0000399a	CLK_SetModuleClock	5000021c	WRITE
000039a2	CLK_SetModuleClock	000039be	CONDITIONAL_JUMP
000039a8	CLK_SetModuleClock	000039d8	READ
000039b6	CLK_SetModuleClock	50000218	DATA
000039bc	CLK_SetModuleClock	50000218	DATA
000039dc	FUN_000039dc	000039ec	READ
000039de	FUN_000039dc	50000210	READ
000039e6	FUN_000039dc	50000210	WRITE
000039f2	FUN_000039f0	00003a40	READ
000039f2	FUN_000039f0	20000ccc	PARAM
000039f6	FUN_000039f0	20000ce2	READ
000039fa	FUN_000039f0	00003a02	CONDITIONAL_JUMP
00003a00	FUN_000039f0	00003a3c	CONDITIONAL_JUMP
00003a02	FUN_000039f0	00003a44	READ
00003a06	FUN_000039f0	00003a0e	CONDITIONAL_JUMP
00003a08	FUN_000039f0	20000ce2	WRITE
00003a0c	FUN_000039f0	00003a30	UNCONDITIONAL_JUMP
00003a0e	FUN_000039f0	00003a48	READ
00003a16	FUN_000039f0	0000c0e0	READ
00003a16	FUN_000039f0	0000c0e4	READ
00003a1a	FUN_000039f0	00003a28	CONDITIONAL_JUMP
00003a1e	FUN_000039f0	0000c0de	READ
00003a1e	FUN_000039f0	0000c0e2	READ
00003a22	FUN_000039f0	0000c0e0	READ
00003a22	FUN_000039f0	0000c0e4	READ
00003a24	FUN_000039f0	20000ce2	WRITE
00003a26	FUN_000039f0	00003a30	UNCONDITIONAL_JUMP
00003a2e	FUN_000039f0	00003a12	CONDITIONAL_JUMP
00003a30	FUN_000039f0	20000ce0	READ
00003a34	FUN_000039f0	00003a3c	CONDITIONAL_JUMP
00003a38	FUN_000039f0	00002b28	UNCONDITIONAL_CALL
00003a4e	FUN_00003a4c	00003a7c	READ
00003a52	FUN_00003a4c	20000c56	WRITE
00003a54	FUN_00003a4c	20000c64	READ
00003a5a	FUN_00003a4c	00003a60	CONDITIONAL_JUMP
00003a5c	FUN_00003a4c	20000c64	WRITE
00003a5e	FUN_00003a4c	00003a62	UNCONDITIONAL_JUMP
00003a60	FUN_00003a4c	20000c64	WRITE
00003a66	FUN_00003a4c	00003a80	READ
00003a66	FUN_00003a4c	20000c64	PARAM
00003a68	FUN_00003a4c	000042c4	UNCONDITIONAL_CALL
00003a6c	FUN_00003a4c	20000c64	READ
00003a72	FUN_00003a4c	000048e0	UNCONDITIONAL_CALL
00003a76	FUN_00003a4c	20000c56	WRITE
00003a86	FUN_00003a84	00003b48	READ
00003a88	FUN_00003a84	20000c5c	READ
00003a8c	FUN_00003a84	00003ab6	CONDITIONAL_JUMP
00003a8e	FUN_00003a84	00003b4c	READ
00003a90	FUN_00003a84	20000cd2	READ
00003a94	FUN_00003a84	00003ab6	CONDITIONAL_JUMP
00003a96	FUN_00003a84	20000c63	READ
00003a9a	FUN_00003a84	00003ab6	CONDITIONAL_JUMP
00003a9c	FUN_00003a84	00003b50	READ
00003a9c	FUN_00003a84	20001ac4	DATA
00003a9e	FUN_00003a84	20001ad4	READ
00003aa0	FUN_00003a84	00003b54	READ
00003aa6	FUN_00003a84	00003aae	CONDITIONAL_JUMP
00003aa8	FUN_00003a84	20001ad4	READ
00003aac	FUN_00003a84	00003ab4	CONDITIONAL_JUMP
00003aae	FUN_00003a84	20001ad6	READ
00003ab2	FUN_00003a84	00003ab8	CONDITIONAL_JUMP
00003ab4	FUN_00003a84	20000380	WRITE
00003ab8	FUN_00003a84	20000380	READ
00003abe	FUN_00003a84	20000380	WRITE
00003ac2	FUN_00003a84	00003ab6	CONDITIONAL_JUMP
00003ac4	FUN_00003a84	00003b58	READ
00003ac6	FUN_00003a84	20000380	WRITE
00003ac8	FUN_00003a84	20000cbd	READ
00003acc	FUN_00003a84	00003b5c	READ
00003acc	FUN_00003a84	20000cbd	PARAM
00003ad0	FUN_00003a84	20000c56	WRITE
00003ad2	FUN_00003a84	00003b10	CONDITIONAL_JUMP
00003ad4	FUN_00003a84	20000cbd	WRITE
00003ada	FUN_00003a84	000042c4	UNCONDITIONAL_CALL
00003ade	FUN_00003a84	20000cba	WRITE
00003ae0	FUN_00003a84	00003b60	READ
00003ae0	FUN_00003a84	40010020	PARAM
00003ae2	FUN_00003a84	20000cbb	WRITE
00003ae4	FUN_00003a84	40010020	READ
00003ae6	FUN_00003a84	40000000	PARAM
00003aea	FUN_00003a84	40010020	WRITE
00003aec	FUN_00003a84	00006778	UNCONDITIONAL_CALL
00003af0	FUN_00003a84	00002a0c	UNCONDITIONAL_CALL
00003af4	FUN_00003a84	20000c54	READ
00003af6	FUN_00003a84	00003b64	READ
00003af6	FUN_00003a84	0000bd6c	PARAM
00003afa	FUN_00003a84	0000bd6c	DATA
00003afc	FUN_00003a84	000007a8	UNCONDITIONAL_CALL
00003b00	FUN_00003a84	00003b68	READ
00003b02	FUN_00003a84	00003898	UNCONDITIONAL_CALL
00003b08	FUN_00003a84	000048e0	UNCONDITIONAL_CALL
00003b0c	FUN_00003a84	20000c56	WRITE
00003b10	FUN_00003a84	20000cbd	WRITE
00003b16	FUN_00003a84	000042c4	UNCONDITIONAL_CALL
00003b1a	FUN_00003a84	20000c54	READ
00003b1c	FUN_00003a84	00003b6c	READ
00003b1c	FUN_00003a84	0000bd60	PARAM
00003b20	FUN_00003a84	0000bd60	DATA
00003b22	FUN_00003a84	000007a8	UNCONDITIONAL_CALL
00003b26	FUN_00003a84	00003b68	READ
00003b28	FUN_00003a84	000038b4	UNCONDITIONAL_CALL
00003b2c	FUN_00003a84	00003b60	READ
00003b2e	FUN_00003a84	40010020	READ
00003b30	FUN_00003a84	40000000	PARAM
00003b34	FUN_00003a84	40010020	WRITE
00003b36	FUN_00003a84	20000cba	WRITE
00003b38	FUN_00003a84	00003b70	READ
00003b3a	FUN_00003a84	20000cbb	WRITE
00003b3c	FUN_00003a84	20000c74	WRITE
00003b3e	FUN_00003a84	00003b74	READ
00003b40	FUN_00003a84	0000c66b	READ
00003b42	FUN_00003a84	0000068c	UNCONDITIONAL_CALL
00003b46	FUN_00003a84	00003b0c	UNCONDITIONAL_JUMP
00003b7a	FUN_00003b78	00003bd4	READ
00003b7e	FUN_00003b78	20000c5c	READ
00003b82	FUN_00003b78	00003b9c	CONDITIONAL_JUMP
00003b84	FUN_00003b78	00003bd8	READ
00003b86	FUN_00003b78	20001ace	READ
00003b88	FUN_00003b78	00003bdc	READ
00003b88	FUN_00003b78	20000360	PARAM
00003b8c	FUN_00003b78	00003b9a	CONDITIONAL_JUMP
00003b8e	FUN_00003b78	20001ad4	READ
00003b92	FUN_00003b78	00003b9a	CONDITIONAL_JUMP
00003b94	FUN_00003b78	20001ad6	READ
00003b98	FUN_00003b78	00003ba0	CONDITIONAL_JUMP
00003b9a	FUN_00003b78	2000037a	WRITE
00003ba0	FUN_00003b78	2000037a	READ
00003ba6	FUN_00003b78	2000037a	WRITE
00003baa	FUN_00003b78	00003b9c	CONDITIONAL_JUMP
00003bac	FUN_00003b78	Stack[-0x10]	WRITE
00003bae	FUN_00003b78	Stack[-0xc]	WRITE
00003bb0	FUN_00003b78	Stack[-0x8]	WRITE
00003bb2	FUN_00003b78	2000037a	WRITE
00003bb8	FUN_00003b78	Stack[-0x10]	WRITE
00003bbe	FUN_00003b78	00006010	UNCONDITIONAL_CALL
00003bc4	FUN_00003b78	00004054	UNCONDITIONAL_CALL
00003bca	FUN_00003b78	00002cf8	UNCONDITIONAL_CALL
00003be2	FUN_00003be0	00008248	UNCONDITIONAL_CALL
00003be6	FUN_00003be0	00003c40	READ
00003be8	FUN_00003be0	5000c000	READ
00003bee	FUN_00003be0	5000c000	WRITE
00003bf2	FUN_00003be0	00004554	UNCONDITIONAL_CALL
00003bfc	FUN_00003be0	00003c2e	CONDITIONAL_JUMP
00003bfe	FUN_00003be0	5000c000	READ
00003c04	FUN_00003be0	5000c000	WRITE
00003c08	FUN_00003be0	00004520	UNCONDITIONAL_CALL
00003c0e	FUN_00003be0	5000c000	READ
00003c14	FUN_00003be0	5000c000	WRITE
00003c18	FUN_00003be0	00004574	UNCONDITIONAL_CALL
00003c1c	FUN_00003be0	5000c000	READ
00003c22	FUN_00003be0	5000c000	WRITE
00003c24	FUN_00003be0	00003c44	READ
00003c26	FUN_00003be0	00004574	UNCONDITIONAL_CALL
00003c2a	FUN_00003be0	00008220	UNCONDITIONAL_CALL
00003c2e	FUN_00003be0	5000c000	READ
00003c34	FUN_00003be0	5000c000	WRITE
00003c36	FUN_00003be0	00003c48	READ
00003c3a	FUN_00003be0	50000100	WRITE
00003c52	FUN_00003c4c	Stack[-0x8]	WRITE
00003c58	FUN_00003c4c	0000431c	UNCONDITIONAL_CALL
00003c5e	FUN_00003c4c	Stack[-0x8]	DATA
00003c62	FUN_00003c4c	00003c7a	CONDITIONAL_JUMP
00003c66	FUN_00003c4c	00003c78	CONDITIONAL_JUMP
00003c6a	FUN_00003c4c	Stack[-0x7]	READ
00003c6e	FUN_00003c4c	00003c78	CONDITIONAL_JUMP
00003c70	FUN_00003c4c	00006144	UNCONDITIONAL_CALL
00003c74	FUN_00003c4c	0000b0e4	UNCONDITIONAL_CALL
00003c7c	FUN_00003c4c	Stack[-0x7]	READ
00003c80	FUN_00003c4c	00003c70	CONDITIONAL_JUMP
00003c86	FUN_00003c84	00003d04	READ
00003c86	FUN_00003c84	20001ac4	DATA
00003c88	FUN_00003c84	20001ad4	READ
00003c8a	FUN_00003c84	00003d08	READ
00003c90	FUN_00003c84	00003c98	CONDITIONAL_JUMP
00003c92	FUN_00003c84	20001ad4	READ
00003c96	FUN_00003c84	00003c9e	CONDITIONAL_JUMP
00003c98	FUN_00003c84	20001ad8	READ
00003c9c	FUN_00003c84	00003ca2	CONDITIONAL_JUMP
00003c9e	FUN_00003c84	20000382	WRITE
00003ca2	FUN_00003c84	20000382	READ
00003ca8	FUN_00003c84	20000382	WRITE
00003cac	FUN_00003c84	00003ca0	CONDITIONAL_JUMP
00003cae	FUN_00003c84	00003d0c	READ
00003cb0	FUN_00003c84	00003d10	READ
00003cb2	FUN_00003c84	20000c56	READ
00003cb4	FUN_00003c84	20000c56	WRITE
00003cb6	FUN_00003c84	20000382	WRITE
00003cb8	FUN_00003c84	20000c71	READ
00003cbc	FUN_00003c84	00003cc2	CONDITIONAL_JUMP
00003cbe	FUN_00003c84	20000c71	WRITE
00003cc0	FUN_00003c84	00003cc6	UNCONDITIONAL_JUMP
00003cc4	FUN_00003c84	20000c71	WRITE
00003cc6	FUN_00003c84	00003d14	READ
00003cca	FUN_00003c84	00003d18	READ
00003cca	FUN_00003c84	20000c71	PARAM
00003ccc	FUN_00003c84	000042c4	UNCONDITIONAL_CALL
00003cd0	FUN_00003c84	20000c71	READ
00003cd6	FUN_00003c84	000048e0	UNCONDITIONAL_CALL
00003cda	FUN_00003c84	20000c71	READ
00003cde	FUN_00003c84	00003cfe	CONDITIONAL_JUMP
00003ce0	FUN_00003c84	20000c5c	READ
00003ce4	FUN_00003c84	00003cfa	CONDITIONAL_JUMP
00003ce6	FUN_00003c84	20000c5d	READ
00003cea	FUN_00003c84	00003cfa	CONDITIONAL_JUMP
00003cee	FUN_00003c84	00003cfe	CONDITIONAL_JUMP
00003cf4	FUN_00003c84	00006bcc	UNCONDITIONAL_CALL
00003cf8	FUN_00003c84	00003cfe	UNCONDITIONAL_JUMP
00003cfa	FUN_00003c84	0000629c	UNCONDITIONAL_CALL
00003cfe	FUN_00003c84	20000c56	WRITE
00003d1e	FUN_00003d1c	00003d68	READ
00003d1e	FUN_00003d1c	20001ac4	DATA
00003d20	FUN_00003d1c	20001ad4	READ
00003d22	FUN_00003d1c	00003d6c	READ
00003d28	FUN_00003d1c	00003d30	CONDITIONAL_JUMP
00003d2a	FUN_00003d1c	20001ad6	READ
00003d2e	FUN_00003d1c	00003d34	CONDITIONAL_JUMP
00003d30	FUN_00003d1c	2000037c	WRITE
00003d34	FUN_00003d1c	2000037c	READ
00003d3a	FUN_00003d1c	2000037c	WRITE
00003d3e	FUN_00003d1c	00003d32	CONDITIONAL_JUMP
00003d40	FUN_00003d1c	00003d70	READ
00003d44	FUN_00003d1c	20000c56	WRITE
00003d46	FUN_00003d1c	2000037c	WRITE
00003d48	FUN_00003d1c	00003d74	READ
00003d48	FUN_00003d1c	20000ce4	PARAM
00003d50	FUN_00003d1c	20000ce4	WRITE
00003d50	FUN_00003d1c	20000ce8	WRITE
00003d54	FUN_00003d1c	00003d4a	CONDITIONAL_JUMP
00003d56	FUN_00003d1c	00003d74	READ
00003d56	FUN_00003d1c	20000ce4	PARAM
00003d58	FUN_00003d1c	00008270	UNCONDITIONAL_CALL
00003d5e	FUN_00003d1c	000048e0	UNCONDITIONAL_CALL
00003d64	FUN_00003d1c	20000c56	WRITE
00003d7a	FUN_00003d78	00003e0c	READ
00003d7c	FUN_00003d78	20000c5c	READ
00003d80	FUN_00003d78	00003e0a	CONDITIONAL_JUMP
00003d82	FUN_00003d78	00003e10	READ
00003d82	FUN_00003d78	20001ac4	DATA
00003d84	FUN_00003d78	20001ad4	READ
00003d88	FUN_00003d78	00003e14	READ
00003d8c	FUN_00003d78	00003d94	CONDITIONAL_JUMP
00003d8e	FUN_00003d78	20001ad4	READ
00003d92	FUN_00003d78	00003d9e	CONDITIONAL_JUMP
00003d94	FUN_00003d78	20001ad8	READ
00003d9c	FUN_00003d78	00003dce	CONDITIONAL_JUMP
00003d9e	FUN_00003d78	2000037e	WRITE
00003da0	FUN_00003d78	20000366	READ
00003da4	FUN_00003d78	00003e0a	CONDITIONAL_JUMP
00003da6	FUN_00003d78	20001ad4	READ
00003daa	FUN_00003d78	00003e0a	CONDITIONAL_JUMP
00003dac	FUN_00003d78	20001ad8	READ
00003db0	FUN_00003d78	00003e0a	CONDITIONAL_JUMP
00003db2	FUN_00003d78	20000369	READ
00003db6	FUN_00003d78	00003e0a	CONDITIONAL_JUMP
00003db8	FUN_00003d78	20000366	WRITE
00003dba	FUN_00003d78	20000c56	WRITE
00003dc0	FUN_00003d78	00003e1c	READ
00003dc2	FUN_00003d78	00003e18	READ
00003dc4	FUN_00003d78	e000ed0c	WRITE
00003dcc	FUN_00003d78	00003dca	UNCONDITIONAL_JUMP
00003dce	FUN_00003d78	2000037e	READ
00003dd4	FUN_00003d78	2000037e	WRITE
00003dd8	FUN_00003d78	00003e0a	CONDITIONAL_JUMP
00003dda	FUN_00003d78	20000c56	WRITE
00003ddc	FUN_00003d78	2000037e	WRITE
00003de0	FUN_00003d78	000043a4	UNCONDITIONAL_CALL
00003dea	FUN_00003d78	00003df0	CONDITIONAL_JUMP
00003dec	FUN_00003d78	Stack[-0x18]	WRITE
00003dee	FUN_00003d78	00003df2	UNCONDITIONAL_JUMP
00003df0	FUN_00003d78	Stack[-0x18]	WRITE
00003df6	FUN_00003d78	000042c4	UNCONDITIONAL_CALL
00003dfc	FUN_00003d78	Stack[-0x18]	DATA
00003e02	FUN_00003d78	000048e0	UNCONDITIONAL_CALL
00003e06	FUN_00003d78	20000366	WRITE
00003e08	FUN_00003d78	20000c56	WRITE
00003e22	FUN_00003e20	00003ed8	READ
00003e26	FUN_00003e20	50004254	READ
00003e2a	FUN_00003e20	00003edc	READ
00003e2e	FUN_00003e20	00003ebe	CONDITIONAL_JUMP
00003e30	FUN_00003e20	00003ee0	READ
00003e32	FUN_00003e20	20000c56	WRITE
00003e36	FUN_00003e20	00004054	UNCONDITIONAL_CALL
00003e3a	FUN_00003e20	50004254	READ
00003e3e	FUN_00003e20	00003ea8	CONDITIONAL_JUMP
00003e40	FUN_00003e20	20000cc6	READ
00003e44	FUN_00003e20	00003e34	CONDITIONAL_JUMP
00003e46	FUN_00003e20	20000cc5	READ
00003e4a	FUN_00003e20	00003e34	CONDITIONAL_JUMP
00003e4c	FUN_00003e20	20000cc7	READ
00003e52	FUN_00003e20	20000cc7	WRITE
00003e56	FUN_00003e20	20000cc6	WRITE
00003e58	FUN_00003e20	00003ee4	READ
00003e5a	FUN_00003e20	20000317	READ
00003e5e	FUN_00003e20	00003e86	CONDITIONAL_JUMP
00003e60	FUN_00003e20	20000317	WRITE
00003e62	FUN_00003e20	00003ee8	READ
00003e66	FUN_00003e20	20000ce4	DATA
00003e66	FUN_00003e20	Stack[-0x128]	WRITE
00003e6c	FUN_00003e20	000001c2	UNCONDITIONAL_CALL
00003e74	FUN_00003e20	20000ce4	PARAM
00003e74	FUN_00003e20	Stack[-0x128]	READ
00003e76	FUN_00003e20	00004024	UNCONDITIONAL_CALL
00003e7c	FUN_00003e20	00003eec	READ
00003e82	FUN_00003e20	00004210	UNCONDITIONAL_CALL
00003e86	FUN_00003e20	50004250	WRITE
00003e88	FUN_00003e20	20000cc5	WRITE
00003e8a	FUN_00003e20	20000c56	WRITE
00003e8e	FUN_00003e20	00004054	UNCONDITIONAL_CALL
00003e92	FUN_00003e20	20000cc7	READ
00003e98	FUN_00003e20	20000cc7	WRITE
00003e9a	FUN_00003e20	20000cba	WRITE
00003e9c	FUN_00003e20	00006778	UNCONDITIONAL_CALL
00003ea2	FUN_00003e20	00004054	UNCONDITIONAL_CALL
00003ea6	FUN_00003e20	00003ea0	UNCONDITIONAL_JUMP
00003eaa	FUN_00003e20	00004054	UNCONDITIONAL_CALL
00003eae	FUN_00003e20	50004254	READ
00003eb2	FUN_00003e20	00003e34	CONDITIONAL_JUMP
00003eb4	FUN_00003e20	20000cc6	WRITE
00003eb8	FUN_00003e20	20000c56	WRITE
00003ebe	FUN_00003e20	20000cc6	READ
00003ec2	FUN_00003e20	00003eba	CONDITIONAL_JUMP
00003ec6	FUN_00003e20	00004054	UNCONDITIONAL_CALL
00003eca	FUN_00003e20	50004254	READ
00003ece	FUN_00003e20	00003eba	CONDITIONAL_JUMP
00003ed0	FUN_00003e20	20000cc6	WRITE
00003ef2	FUN_00003ef0	00003fbc	READ
00003ef4	FUN_00003ef0	20001ac4	READ
00003ef6	FUN_00003ef0	00003fc0	READ
00003efa	FUN_00003ef0	20000365	READ
00003efc	FUN_00003ef0	00003fc4	READ
00003f00	FUN_00003ef0	00003f18	CONDITIONAL_JUMP
00003f02	FUN_00003ef0	20001ad4	READ
00003f06	FUN_00003ef0	00003f18	CONDITIONAL_JUMP
00003f08	FUN_00003ef0	20001ad6	READ
00003f0c	FUN_00003ef0	00003f18	CONDITIONAL_JUMP
00003f0e	FUN_00003ef0	20001ad8	READ
00003f16	FUN_00003ef0	00003f24	CONDITIONAL_JUMP
00003f1a	FUN_00003ef0	00003f9e	CONDITIONAL_JUMP
00003f1c	FUN_00003ef0	20001ac4	READ
00003f20	FUN_00003ef0	00003f74	CONDITIONAL_JUMP
00003f22	FUN_00003ef0	00003f5a	UNCONDITIONAL_JUMP
00003f24	FUN_00003ef0	20000378	READ
00003f2a	FUN_00003ef0	20000378	WRITE
00003f2e	FUN_00003ef0	00003f54	CONDITIONAL_JUMP
00003f32	FUN_00003ef0	00003f5a	CONDITIONAL_JUMP
00003f34	FUN_00003ef0	00003fc8	READ
00003f34	FUN_00003ef0	20000c4c	PARAM
00003f36	FUN_00003ef0	20000c56	WRITE
00003f38	FUN_00003ef0	20000378	WRITE
00003f3a	FUN_00003ef0	00006144	UNCONDITIONAL_CALL
00003f40	FUN_00003ef0	20000365	WRITE
00003f42	FUN_00003ef0	20000cc7	READ
00003f48	FUN_00003ef0	20000cc7	WRITE
00003f4a	FUN_00003ef0	20000cba	WRITE
00003f4c	FUN_00003ef0	00006778	UNCONDITIONAL_CALL
00003f50	FUN_00003ef0	00003fc8	READ
00003f52	FUN_00003ef0	20000c56	WRITE
00003f54	FUN_00003ef0	20000365	READ
00003f58	FUN_00003ef0	00003fa0	CONDITIONAL_JUMP
00003f5a	FUN_00003ef0	20000378	READ
00003f60	FUN_00003ef0	20000378	WRITE
00003f64	FUN_00003ef0	00003fa0	CONDITIONAL_JUMP
00003f66	FUN_00003ef0	20000378	WRITE
00003f68	FUN_00003ef0	20000cc7	READ
00003f6c	FUN_00003ef0	00003fa2	CONDITIONAL_JUMP
00003f72	FUN_00003ef0	00003fa6	UNCONDITIONAL_JUMP
00003f74	FUN_00003ef0	20001ad4	READ
00003f78	FUN_00003ef0	00003f5a	CONDITIONAL_JUMP
00003f7a	FUN_00003ef0	20001ad6	READ
00003f7e	FUN_00003ef0	00003f5a	CONDITIONAL_JUMP
00003f80	FUN_00003ef0	20001ad8	READ
00003f84	FUN_00003ef0	00003f5a	CONDITIONAL_JUMP
00003f86	FUN_00003ef0	20000369	READ
00003f8a	FUN_00003ef0	00003f5a	CONDITIONAL_JUMP
00003f90	FUN_00003ef0	00003fd0	READ
00003f92	FUN_00003ef0	00003fcc	READ
00003f94	FUN_00003ef0	e000ed0c	WRITE
00003f9c	FUN_00003ef0	00003f9a	UNCONDITIONAL_JUMP
00003f9e	FUN_00003ef0	20000378	WRITE
00003fa6	FUN_00003ef0	20000cc7	WRITE
00003fac	FUN_00003ef0	00003fb4	CONDITIONAL_JUMP
00003fb2	FUN_00003ef0	00003fb8	UNCONDITIONAL_JUMP
00003fb8	FUN_00003ef0	20000cc7	WRITE
00003fd6	FUN_00003fd4	00004018	READ
00003fda	FUN_00003fd4	20000c56	READ
00003fdc	FUN_00003fd4	0000401c	READ
00003fde	FUN_00003fd4	20000c56	WRITE
00003fe0	FUN_00003fd4	20000cba	WRITE
00003fe2	FUN_00003fd4	00006778	UNCONDITIONAL_CALL
00003fe8	FUN_00003fd4	00004020	READ
00003ff2	FUN_00003fd4	20001be2	PARAM
00003ff4	FUN_00003fd4	20001be2	WRITE
00003ff4	FUN_00003fd4	20001be3	WRITE
00003ff4	FUN_00003fd4	20001be8	WRITE
00003ffc	FUN_00003fd4	00003ff4	CONDITIONAL_JUMP
00004004	FUN_00003fd4	00003fec	CONDITIONAL_JUMP
00004006	FUN_00003fd4	00004020	READ
00004006	FUN_00003fd4	20001be2	PARAM
00004008	FUN_00003fd4	0000b078	UNCONDITIONAL_CALL
0000400c	FUN_00003fd4	00005c58	UNCONDITIONAL_CALL
00004010	FUN_00003fd4	20000c56	WRITE
00004012	FUN_00003fd4	20000cbb	READ
00004014	FUN_00003fd4	20000cba	WRITE
00004028	FUN_00004024	00004050	CONDITIONAL_JUMP
0000404a	FUN_00004024	0000402c	CONDITIONAL_JUMP
0000405c	delay_ms	0000408a	CONDITIONAL_JUMP
0000405e	delay_ms	0000408c	READ
00004062	delay_ms	00004090	READ
00004066	delay_ms	20000004	READ
0000406c	delay_ms	e000e014	WRITE
0000406e	delay_ms	e000e018	WRITE
00004070	delay_ms	e000e010	READ
00004076	delay_ms	e000e010	WRITE
00004078	delay_ms	e000e010	READ
0000407c	delay_ms	00004078	CONDITIONAL_JUMP
0000407e	delay_ms	0000ae10	UNCONDITIONAL_CALL
00004088	delay_ms	00004062	CONDITIONAL_JUMP
00004094	delay_us	000040b4	READ
00004096	delay_us	20000004	READ
0000409a	delay_us	000040b8	READ
0000409c	delay_us	e000e014	WRITE
000040a0	delay_us	e000e018	WRITE
000040a2	delay_us	e000e010	READ
000040a8	delay_us	e000e010	WRITE
000040aa	delay_us	e000e010	READ
000040ae	delay_us	000040aa	CONDITIONAL_JUMP
000040c4	FUN_000040bc	000001c2	UNCONDITIONAL_CALL
000040c8	FUN_000040bc	00004134	READ
000040cc	FUN_000040bc	20000c56	READ
000040ce	FUN_000040bc	20000c56	WRITE
000040d2	FUN_000040bc	00007554	UNCONDITIONAL_CALL
000040d6	FUN_000040bc	00007710	UNCONDITIONAL_CALL
000040de	FUN_000040bc	0000b000	UNCONDITIONAL_CALL
000040e4	FUN_000040bc	Stack[-0x98]	WRITE
000040e8	FUN_000040bc	Stack[-0x97]	WRITE
000040ea	FUN_000040bc	Stack[-0x96]	WRITE
000040f0	FUN_000040bc	0000acd8	UNCONDITIONAL_CALL
00004102	FUN_000040bc	00004138	READ
00004106	FUN_000040bc	20001b1c	PARAM
00004108	FUN_000040bc	Stack[-0x58]	DATA
0000410c	FUN_000040bc	00004112	CONDITIONAL_JUMP
0000410e	FUN_000040bc	20001b1c	WRITE
0000410e	FUN_000040bc	20001b1d	WRITE
0000410e	FUN_000040bc	20001b22	WRITE
00004110	FUN_000040bc	00004114	UNCONDITIONAL_JUMP
00004112	FUN_000040bc	20001b1d	WRITE
0000411a	FUN_000040bc	00004108	CONDITIONAL_JUMP
00004122	FUN_000040bc	000040f8	CONDITIONAL_JUMP
00004124	FUN_000040bc	0000413c	READ
00004126	FUN_000040bc	20000374	READ
00004128	FUN_000040bc	0000681c	UNCONDITIONAL_CALL
0000412c	FUN_000040bc	20000c56	WRITE
00004148	FUN_00004140	000001c2	UNCONDITIONAL_CALL
0000414c	FUN_00004140	00004200	READ
00004150	FUN_00004140	20000c56	READ
00004152	FUN_00004140	Stack[-0x60]	WRITE
00004154	FUN_00004140	20000c56	WRITE
00004158	FUN_00004140	00007554	UNCONDITIONAL_CALL
0000415e	FUN_00004140	Stack[-0x68]	WRITE
00004160	FUN_00004140	Stack[-0x68]	READ
00004162	FUN_00004140	00004204	READ
00004176	FUN_00004140	20001b1c	DATA
00004176	FUN_00004140	20001b1d	DATA
0000417a	FUN_00004140	00004182	CONDITIONAL_JUMP
00004180	FUN_00004140	00004186	UNCONDITIONAL_JUMP
00004192	FUN_00004140	00004174	CONDITIONAL_JUMP
00004194	FUN_00004140	00004208	READ
0000419a	FUN_00004140	Stack[-0x64]	WRITE
000041a0	FUN_00004140	000041b2	CONDITIONAL_JUMP
000041aa	FUN_00004140	00000168	UNCONDITIONAL_CALL
000041b6	FUN_00004140	000041bc	CONDITIONAL_JUMP
000041b8	FUN_00004140	Stack[-0x64]	READ
000041ba	FUN_00004140	20001be2	DATA
000041ba	FUN_00004140	20001be3	DATA
000041c2	FUN_00004140	0000419c	CONDITIONAL_JUMP
000041c4	FUN_00004140	Stack[-0x68]	READ
000041ca	FUN_00004140	Stack[-0x68]	WRITE
000041ce	FUN_00004140	00004160	CONDITIONAL_JUMP
000041d0	FUN_00004140	00004208	READ
000041d0	FUN_00004140	20001be2	PARAM
000041d2	FUN_00004140	0000b078	UNCONDITIONAL_CALL
000041d6	FUN_00004140	00005c58	UNCONDITIONAL_CALL
000041de	FUN_00004140	Stack[-0xa8]	WRITE
000041e2	FUN_00004140	Stack[-0xa7]	WRITE
000041e4	FUN_00004140	Stack[-0xa6]	WRITE
000041ea	FUN_00004140	0000acd8	UNCONDITIONAL_CALL
000041ee	FUN_00004140	0000420c	READ
000041f0	FUN_00004140	20000374	READ
000041f2	FUN_00004140	0000681c	UNCONDITIONAL_CALL
000041f6	FUN_00004140	00004200	READ
000041f8	FUN_00004140	Stack[-0x60]	READ
000041fa	FUN_00004140	20000c56	WRITE
00004220	eeprom_write_block	Stack[-0x20]	WRITE
0000422c	eeprom_write_block	Stack[-0x1c]	WRITE
00004230	eeprom_write_block	00004242	CONDITIONAL_JUMP
00004232	eeprom_write_block	Stack[-0x20]	READ
00004236	eeprom_write_block	00004276	CONDITIONAL_JUMP
0000423c	eeprom_write_block	000042c4	UNCONDITIONAL_CALL
00004240	eeprom_write_block	000042bc	UNCONDITIONAL_JUMP
00004244	eeprom_write_block	0000426e	CONDITIONAL_JUMP
0000424c	eeprom_write_block	000042c4	UNCONDITIONAL_CALL
0000425a	eeprom_write_block	00004246	CONDITIONAL_JUMP
0000425c	eeprom_write_block	Stack[-0x1c]	READ
00004260	eeprom_write_block	000042bc	CONDITIONAL_JUMP
00004268	eeprom_write_block	000042c4	UNCONDITIONAL_CALL
0000426c	eeprom_write_block	000042bc	UNCONDITIONAL_JUMP
00004270	eeprom_write_block	000042c4	UNCONDITIONAL_CALL
00004274	eeprom_write_block	000042bc	UNCONDITIONAL_JUMP
0000427a	eeprom_write_block	000042c4	UNCONDITIONAL_CALL
0000427e	eeprom_write_block	Stack[-0x20]	READ
00004290	eeprom_write_block	000042b2	CONDITIONAL_JUMP
0000429c	eeprom_write_block	000042c4	UNCONDITIONAL_CALL
000042ac	eeprom_write_block	00004296	CONDITIONAL_JUMP
000042b0	eeprom_write_block	000042bc	CONDITIONAL_JUMP
000042b8	eeprom_write_block	000042c4	UNCONDITIONAL_CALL
000042bc	eeprom_write_block	0000ae10	UNCONDITIONAL_CALL
000042c8	eeprom_write_page	00004318	READ
000042cc	eeprom_write_page	20000cb9	READ
000042d2	eeprom_write_page	00004314	CONDITIONAL_JUMP
000042d4	eeprom_write_page	0000bcfc	UNCONDITIONAL_CALL
000042da	eeprom_write_page	0000bc70	UNCONDITIONAL_CALL
000042e2	eeprom_write_page	0000bc70	UNCONDITIONAL_CALL
000042e8	eeprom_write_page	0000bc70	UNCONDITIONAL_CALL
000042f2	eeprom_write_page	00004306	CONDITIONAL_JUMP
000042f6	eeprom_write_page	0000bc70	UNCONDITIONAL_CALL
00004304	eeprom_write_page	000042f4	CONDITIONAL_JUMP
00004306	eeprom_write_page	0000bd2c	UNCONDITIONAL_CALL
0000430c	eeprom_write_page	00004054	UNCONDITIONAL_CALL
00004310	eeprom_write_page	0000ae10	UNCONDITIONAL_CALL
00004320	eeprom_read_block	Stack[-0x1c]	READ
00004326	eeprom_read_block	0000439c	CONDITIONAL_JUMP
00004328	eeprom_read_block	000043a0	READ
0000432a	eeprom_read_block	Stack[-0x18]	READ
0000432e	eeprom_read_block	0000ae10	UNCONDITIONAL_CALL
00004332	eeprom_read_block	0000bcfc	UNCONDITIONAL_CALL
00004338	eeprom_read_block	0000bc70	UNCONDITIONAL_CALL
00004340	eeprom_read_block	0000bc70	UNCONDITIONAL_CALL
00004346	eeprom_read_block	0000bc70	UNCONDITIONAL_CALL
0000434a	eeprom_read_block	0000bcfc	UNCONDITIONAL_CALL
00004350	eeprom_read_block	0000bc70	UNCONDITIONAL_CALL
00004360	eeprom_read_block	5000422c	WRITE
0000436a	eeprom_read_block	00004364	CONDITIONAL_JUMP
0000436c	eeprom_read_block	5000422c	WRITE
00004376	eeprom_read_block	00004370	CONDITIONAL_JUMP
00004378	eeprom_read_block	50004228	READ
0000437c	eeprom_read_block	00004380	CONDITIONAL_JUMP
00004386	eeprom_read_block	0000435c	CONDITIONAL_JUMP
00004388	eeprom_read_block	5000422c	WRITE
0000438a	eeprom_read_block	0000bd2c	UNCONDITIONAL_CALL
00004392	eeprom_read_block	Stack[-0x1c]	READ
0000439a	eeprom_read_block	0000432a	CONDITIONAL_JUMP
000043a8	eeprom_read_u8	0000ae10	UNCONDITIONAL_CALL
000043ac	eeprom_read_u8	0000bcfc	UNCONDITIONAL_CALL
000043b2	eeprom_read_u8	0000bc70	UNCONDITIONAL_CALL
000043ba	eeprom_read_u8	0000bc70	UNCONDITIONAL_CALL
000043c0	eeprom_read_u8	0000bc70	UNCONDITIONAL_CALL
000043c4	eeprom_read_u8	0000bcfc	UNCONDITIONAL_CALL
000043ca	eeprom_read_u8	0000bc70	UNCONDITIONAL_CALL
000043d0	eeprom_read_u8	00004410	READ
000043d0	eeprom_read_u8	50004200	PARAM
000043dc	eeprom_read_u8	5000422c	WRITE
000043e6	eeprom_read_u8	000043e0	CONDITIONAL_JUMP
000043e8	eeprom_read_u8	5000422c	WRITE
000043f2	eeprom_read_u8	000043ec	CONDITIONAL_JUMP
000043f4	eeprom_read_u8	50004228	READ
000043f8	eeprom_read_u8	000043fc	CONDITIONAL_JUMP
00004402	eeprom_read_u8	000043d8	CONDITIONAL_JUMP
00004404	eeprom_read_u8	5000422c	WRITE
00004406	eeprom_read_u8	0000bd2c	UNCONDITIONAL_CALL
00004416	FUN_00004414	00004460	READ
00004418	FUN_00004414	00004464	READ
0000441a	FUN_00004414	200003c7	READ
0000441e	FUN_00004414	00004438	CONDITIONAL_JUMP
00004420	FUN_00004414	00002704	UNCONDITIONAL_CALL
00004424	FUN_00004414	20000c72	READ
00004428	FUN_00004414	00004436	CONDITIONAL_JUMP
0000442a	FUN_00004414	200003c7	READ
0000442e	FUN_00004414	00004436	CONDITIONAL_JUMP
00004432	FUN_00004414	00000a68	UNCONDITIONAL_CALL
00004438	FUN_00004414	200003c2	READ
0000443c	FUN_00004414	00004444	CONDITIONAL_JUMP
00004440	FUN_00004414	0000444a	CONDITIONAL_JUMP
00004442	FUN_00004414	0000444e	UNCONDITIONAL_JUMP
00004444	FUN_00004414	00004468	UNCONDITIONAL_CALL
00004448	FUN_00004414	0000444e	UNCONDITIONAL_JUMP
0000444a	FUN_00004414	000044fc	UNCONDITIONAL_CALL
0000444e	FUN_00004414	20000c72	READ
00004452	FUN_00004414	0000445c	CONDITIONAL_JUMP
00004454	FUN_00004414	200003c2	READ
00004456	FUN_00004414	00000a68	UNCONDITIONAL_CALL
0000445c	FUN_00004414	200003c4	READ
0000445e	FUN_00004414	00004456	UNCONDITIONAL_JUMP
0000446a	FUN_00004468	00004480	READ
0000446e	FUN_00004468	2000041a	WRITE
00004470	FUN_00004468	2000041b	WRITE
00004472	FUN_00004468	2000041c	WRITE
00004474	FUN_00004468	00004484	READ
00004476	FUN_00004468	20000412	WRITE
00004478	FUN_00004468	00004488	READ
0000447a	FUN_00004468	200003cb	WRITE
00004490	FUN_0000448c	000044e4	READ
0000449a	FUN_0000448c	2000386a	WRITE
0000449a	FUN_0000448c	2000386c	WRITE
0000449e	FUN_0000448c	00004494	CONDITIONAL_JUMP
000044a2	FUN_0000448c	000044e8	READ
000044a4	FUN_0000448c	000044ec	READ
000044b2	FUN_0000448c	20003a90	PARAM
000044b4	FUN_0000448c	20003a0c	WRITE
000044b4	FUN_0000448c	20003a0d	WRITE
000044b4	FUN_0000448c	20003a12	WRITE
000044b6	FUN_0000448c	20003a90	WRITE
000044b6	FUN_0000448c	20003a91	WRITE
000044b6	FUN_0000448c	20003a96	WRITE
000044be	FUN_0000448c	000044b4	CONDITIONAL_JUMP
000044c6	FUN_0000448c	000044a8	CONDITIONAL_JUMP
000044c8	FUN_0000448c	000044f0	READ
000044cc	FUN_0000448c	20003ad2	WRITE
000044cc	FUN_0000448c	20003ad3	WRITE
000044d4	FUN_0000448c	000044cc	CONDITIONAL_JUMP
000044d6	FUN_0000448c	000044f4	READ
000044d8	FUN_0000448c	000044f8	READ
000044d8	FUN_0000448c	0000c66b	PARAM
000044da	FUN_0000448c	20000c74	READ
000044dc	FUN_0000448c	0000c66b	DATA
000044de	FUN_0000448c	00000660	UNCONDITIONAL_CALL
000044fc	FUN_000044fc	00004514	READ
00004500	FUN_000044fc	2000041a	WRITE
00004504	FUN_000044fc	2000041b	WRITE
00004506	FUN_000044fc	2000041c	WRITE
00004508	FUN_000044fc	00004518	READ
0000450a	FUN_000044fc	20000412	WRITE
0000450c	FUN_000044fc	0000451c	READ
0000450e	FUN_000044fc	200003cb	WRITE
00004520	FMC_ErasePage	00004550	READ
00004524	FMC_ErasePage	5000c00c	WRITE
00004526	FMC_ErasePage	5000c004	WRITE
0000452a	FMC_ErasePage	5000c010	WRITE
00004530	FMC_ErasePage	5000c010	READ
00004534	FMC_ErasePage	00004530	CONDITIONAL_JUMP
00004536	FMC_ErasePage	5000c000	READ
0000453a	FMC_ErasePage	0000454a	CONDITIONAL_JUMP
0000453c	FMC_ErasePage	5000c000	READ
00004542	FMC_ErasePage	5000c000	WRITE
00004554	FMC_ReadWord	00004570	READ
00004558	FMC_ReadWord	5000c00c	WRITE
0000455a	FMC_ReadWord	5000c004	WRITE
0000455e	FMC_ReadWord	5000c010	WRITE
00004564	FMC_ReadWord	5000c010	READ
00004568	FMC_ReadWord	00004564	CONDITIONAL_JUMP
0000456a	FMC_ReadWord	5000c008	READ
00004574	FMC_WriteWord	00004590	READ
00004578	FMC_WriteWord	5000c00c	WRITE
0000457a	FMC_WriteWord	5000c004	WRITE
0000457c	FMC_WriteWord	5000c008	WRITE
00004580	FMC_WriteWord	5000c010	WRITE
00004586	FMC_WriteWord	5000c010	READ
0000458a	FMC_WriteWord	00004586	CONDITIONAL_JUMP
00004596	FUN_00004594	000045dc	READ
00004598	FUN_00004594	20000c5f	READ
0000459c	FUN_00004594	000045d6	CONDITIONAL_JUMP
0000459e	FUN_00004594	000045e0	READ
000045a0	FUN_00004594	20001ad6	READ
000045a4	FUN_00004594	000045d6	CONDITIONAL_JUMP
000045a8	FUN_00004594	000045e4	READ
000045aa	FUN_00004594	20000c56	WRITE
000045ae	FUN_00004594	20000c7c	READ
000045b2	FUN_00004594	000045ba	CONDITIONAL_JUMP
000045b6	FUN_00004594	000045c2	CONDITIONAL_JUMP
000045b8	FUN_00004594	000045ca	UNCONDITIONAL_JUMP
000045bc	FUN_00004594	000045d8	CONDITIONAL_JUMP
000045be	FUN_00004594	20000c7c	WRITE
000045c0	FUN_00004594	000045ca	UNCONDITIONAL_JUMP
000045c4	FUN_00004594	000045d8	CONDITIONAL_JUMP
000045c8	FUN_00004594	20000c7c	WRITE
000045ca	FUN_00004594	20000c7c	READ
000045d0	FUN_00004594	000048e0	UNCONDITIONAL_CALL
000045d4	FUN_00004594	20000c56	WRITE
000045d8	FUN_00004594	20000c7c	WRITE
000045da	FUN_00004594	000045ca	UNCONDITIONAL_JUMP
000045f4	GPIO_SetMode	00004608	CONDITIONAL_JUMP
0000460c	GPIO_SetMode	000045ee	CONDITIONAL_JUMP
0000461a	FUN_00004614	00009cc4	UNCONDITIONAL_CALL
00004620	FUN_00004614	Stack[-0x20]	DATA
00004622	FUN_00004614	00004734	READ
00004622	FUN_00004614	4006050c	PARAM
00004628	FUN_00004614	40060508	PARAM
0000462e	FUN_00004614	0000472c	READ
00004630	FUN_00004614	00004730	READ
00004632	FUN_00004614	Stack[-0x1f]	READ
00004634	FUN_00004614	000046a8	CONDITIONAL_JUMP
00004638	FUN_00004614	00004668	CONDITIONAL_JUMP
0000463c	FUN_00004614	00004738	READ
00004640	FUN_00004614	0000467a	CONDITIONAL_JUMP
00004644	FUN_00004614	0000468c	CONDITIONAL_JUMP
0000464e	FUN_00004614	40060508	READ
0000464e	FUN_00004614	40060518	READ
00004656	FUN_00004614	0000469e	CONDITIONAL_JUMP
0000465a	FUN_00004614	4006050c	DATA
0000465a	FUN_00004614	4006051c	DATA
0000465c	FUN_00004614	4006050c	READ
0000465c	FUN_00004614	4006051c	READ
00004662	FUN_00004614	4006050c	WRITE
00004662	FUN_00004614	4006051c	WRITE
00004668	FUN_00004614	40060518	READ
0000466c	FUN_00004614	40060518	WRITE
00004672	FUN_00004614	00009eb8	UNCONDITIONAL_CALL
0000467a	FUN_00004614	2000030c	READ
0000467c	FUN_00004614	40060500	READ
00004680	FUN_00004614	40060100	DATA
00004682	FUN_00004614	40060508	READ
00004686	FUN_00004614	40060508	WRITE
00004688	FUN_00004614	40060504	WRITE
0000468a	FUN_00004614	00004668	UNCONDITIONAL_JUMP
0000468c	FUN_00004614	20000308	READ
0000468e	FUN_00004614	40060500	READ
00004692	FUN_00004614	40060100	DATA
00004694	FUN_00004614	40060508	READ
00004698	FUN_00004614	40060508	WRITE
0000469a	FUN_00004614	40060504	WRITE
0000469c	FUN_00004614	00004668	UNCONDITIONAL_JUMP
000046a2	FUN_00004614	0000464a	CONDITIONAL_JUMP
000046ac	FUN_00004614	000046d2	CONDITIONAL_JUMP
000046b0	FUN_00004614	00004708	CONDITIONAL_JUMP
000046b4	FUN_00004614	0000471a	CONDITIONAL_JUMP
000046be	FUN_00004614	40060508	READ
000046be	FUN_00004614	40060518	READ
000046c6	FUN_00004614	00004658	CONDITIONAL_JUMP
000046cc	FUN_00004614	000046ba	CONDITIONAL_JUMP
000046d4	FUN_00004614	Stack[-0x1d]	READ
000046d8	FUN_00004614	000046fc	CONDITIONAL_JUMP
000046dc	FUN_00004614	000046ce	CONDITIONAL_JUMP
000046de	FUN_00004614	40060518	READ
000046e2	FUN_00004614	40060518	WRITE
000046e6	FUN_00004614	Stack[-0x1a]	READ
000046e8	FUN_00004614	40060514	WRITE
000046ea	FUN_00004614	20000304	READ
000046ee	FUN_00004614	20000304	WRITE
000046f4	FUN_00004614	00009e44	UNCONDITIONAL_CALL
000046fc	FUN_00004614	40060518	READ
00004700	FUN_00004614	40060518	WRITE
00004702	FUN_00004614	40060514	WRITE
0000470a	FUN_00004614	Stack[-0x1e]	READ
0000470c	FUN_00004614	2000030c	WRITE
0000470e	FUN_00004614	40060508	READ
00004712	FUN_00004614	40060508	WRITE
00004714	FUN_00004614	40060504	WRITE
0000471c	FUN_00004614	Stack[-0x1e]	READ
0000471e	FUN_00004614	20000308	WRITE
00004720	FUN_00004614	40060508	READ
00004724	FUN_00004614	40060508	WRITE
00004726	FUN_00004614	40060504	WRITE
0000473c	usb_endpoint_init	0000478c	READ
00004740	usb_endpoint_init	40060018	WRITE
00004744	usb_endpoint_init	00004790	READ
00004748	usb_endpoint_init	40060508	WRITE
0000474c	usb_endpoint_init	40060500	WRITE
00004752	usb_endpoint_init	40060518	WRITE
00004754	usb_endpoint_init	40060510	WRITE
00004758	usb_endpoint_init	40060528	WRITE
0000475c	usb_endpoint_init	40060520	WRITE
00004760	usb_endpoint_init	40060524	WRITE
00004764	usb_endpoint_init	40060538	WRITE
00004768	usb_endpoint_init	40060530	WRITE
0000476a	usb_endpoint_init	00004794	READ
0000476e	usb_endpoint_init	40060548	WRITE
00004772	usb_endpoint_init	40060540	WRITE
00004776	usb_endpoint_init	40060558	WRITE
0000477a	usb_endpoint_init	40060550	WRITE
0000477c	usb_endpoint_init	00004798	READ
0000477c	usb_endpoint_init	20000304	DATA
00004780	usb_endpoint_init	20000305	WRITE
00004782	usb_endpoint_init	20000306	WRITE
00004784	usb_endpoint_init	20000307	WRITE
00004786	usb_endpoint_init	20000304	WRITE
0000479e		000047e8	PARAM
000047a0		0000b154	UNCONDITIONAL_CALL
000047a4		00004800	PARAM
000047a8		0000b154	UNCONDITIONAL_CALL
000047ac		0000480c	PARAM
000047b0		0000b154	UNCONDITIONAL_CALL
000047b4		00004818	PARAM
000047b8		0000b154	UNCONDITIONAL_CALL
000047bc		00004824	PARAM
000047c0		0000b154	UNCONDITIONAL_CALL
000047c4		00004830	PARAM
000047c8		0000b154	UNCONDITIONAL_CALL
000047cc		0000483c	PARAM
000047d0		0000b154	UNCONDITIONAL_CALL
000047d4		00004848	PARAM
000047d8		0000b154	UNCONDITIONAL_CALL
000047dc		00004854	PARAM
000047e0		0000b154	UNCONDITIONAL_CALL
000047e4		000047e4	UNCONDITIONAL_JUMP
00004864	FUN_00004860	000048cc	CONDITIONAL_JUMP
0000486a	FUN_00004860	000048d0	READ
0000486c	FUN_00004860	000048d4	READ
0000486c	FUN_00004860	20000c6c	PARAM
0000486e	FUN_00004860	20000c56	WRITE
00004872	FUN_00004860	0000487a	CONDITIONAL_JUMP
00004876	FUN_00004860	000048a6	CONDITIONAL_JUMP
00004878	FUN_00004860	000048be	UNCONDITIONAL_JUMP
0000487a	FUN_00004860	20000c6f	READ
00004880	FUN_00004860	20000c6f	WRITE
00004884	FUN_00004860	00004888	CONDITIONAL_JUMP
00004886	FUN_00004860	20000c6f	WRITE
00004888	FUN_00004860	20000c5c	READ
0000488c	FUN_00004860	0000489c	CONDITIONAL_JUMP
0000488e	FUN_00004860	20000c53	READ
00004892	FUN_00004860	0000489c	CONDITIONAL_JUMP
00004894	FUN_00004860	20000c6f	READ
00004898	FUN_00004860	0000489c	CONDITIONAL_JUMP
0000489a	FUN_00004860	20000c6f	WRITE
0000489c	FUN_00004860	20000c6f	READ
0000489e	FUN_00004860	000048d8	READ
000048a0	FUN_00004860	0000c0c0	READ
000048a2	FUN_00004860	20000c58	WRITE
000048a4	FUN_00004860	000048be	UNCONDITIONAL_JUMP
000048a6	FUN_00004860	20000c70	READ
000048ac	FUN_00004860	20000c70	WRITE
000048b0	FUN_00004860	000048b4	CONDITIONAL_JUMP
000048b2	FUN_00004860	20000c70	WRITE
000048b4	FUN_00004860	20000c70	READ
000048b6	FUN_00004860	000048dc	READ
000048b6	FUN_00004860	0000c0ca	PARAM
000048ba	FUN_00004860	0000c0ca	READ
000048bc	FUN_00004860	20000c5a	WRITE
000048c2	FUN_00004860	000048e0	UNCONDITIONAL_CALL
000048c8	FUN_00004860	20000c56	WRITE
000048e8	FUN_000048e0	00004946	CONDITIONAL_JUMP
000048ea	FUN_000048e0	00004948	READ
000048ee	FUN_000048e0	20000cc7	READ
000048f2	FUN_000048e0	000048f8	CONDITIONAL_JUMP
000048f6	FUN_000048e0	000048fc	UNCONDITIONAL_JUMP
000048fc	FUN_000048e0	20000cc7	WRITE
00004902	FUN_000048e0	0000490a	CONDITIONAL_JUMP
00004908	FUN_000048e0	0000490e	UNCONDITIONAL_JUMP
0000490e	FUN_000048e0	20000cc7	WRITE
00004912	FUN_000048e0	00004054	UNCONDITIONAL_CALL
00004916	FUN_000048e0	20000cc7	READ
0000491a	FUN_000048e0	00004920	CONDITIONAL_JUMP
0000491e	FUN_000048e0	00004924	UNCONDITIONAL_JUMP
00004924	FUN_000048e0	20000cc7	WRITE
0000492a	FUN_000048e0	00004932	CONDITIONAL_JUMP
00004930	FUN_000048e0	00004936	UNCONDITIONAL_JUMP
00004936	FUN_000048e0	20000cc7	WRITE
0000493a	FUN_000048e0	00004054	UNCONDITIONAL_CALL
00004944	FUN_000048e0	000048ee	CONDITIONAL_JUMP
0000494e	FUN_0000494c	0000499c	READ
00004950	FUN_0000494c	000049a4	READ
00004952	FUN_0000494c	20000cc7	READ
00004956	FUN_0000494c	20000cc8	READ
0000495a	FUN_0000494c	000049a0	READ
0000495c	FUN_0000494c	20000318	READ
00004960	FUN_0000494c	0000496c	CONDITIONAL_JUMP
00004962	FUN_0000494c	0000c0c4	DATA
00004966	FUN_0000494c	0000496c	CONDITIONAL_JUMP
0000496e	FUN_0000494c	0000497a	CONDITIONAL_JUMP
00004970	FUN_0000494c	0000c0c4	DATA
00004974	FUN_0000494c	0000497a	CONDITIONAL_JUMP
0000497c	FUN_0000494c	00004988	CONDITIONAL_JUMP
0000497e	FUN_0000494c	0000c0c4	DATA
00004982	FUN_0000494c	00004988	CONDITIONAL_JUMP
0000498c	FUN_0000494c	20000318	WRITE
00004990	FUN_0000494c	00004996	CONDITIONAL_JUMP
00004994	FUN_0000494c	20000318	WRITE
00004996	FUN_0000494c	00006730	UNCONDITIONAL_CALL
000049aa	ec_timer_sample	000049c0	READ
000049ac	ec_timer_sample	20000cba	READ
000049b0	ec_timer_sample	000049b8	CONDITIONAL_JUMP
000049b2	ec_timer_sample	000049c4	UNCONDITIONAL_CALL
000049b8	ec_timer_sample	00004a34	UNCONDITIONAL_CALL
000049c6	ec_sample_row_rgb	00004a28	READ
000049c8	ec_sample_row_rgb	00004a2c	READ
000049ca	ec_sample_row_rgb	00004a30	READ
000049d0	ec_sample_row_rgb	00004094	UNCONDITIONAL_CALL
000049d6	ec_sample_row_rgb	000074cc	UNCONDITIONAL_CALL
000049dc	ec_sample_row_rgb	20000ca4	READ
000049e0	ec_sample_row_rgb	000049ea	CONDITIONAL_JUMP
000049e8	ec_sample_row_rgb	000049ec	CONDITIONAL_JUMP
000049ec	ec_sample_row_rgb	20000376	READ
000049f6	ec_sample_row_rgb	2000310b	DATA
000049fe	ec_sample_row_rgb	000049ce	CONDITIONAL_JUMP
00004a00	ec_sample_row_rgb	20000374	READ
00004a02	ec_sample_row_rgb	20000376	READ
00004a08	ec_sample_row_rgb	2000310a	DATA
00004a0a	ec_sample_row_rgb	20000376	READ
00004a0e	ec_sample_row_rgb	20000376	WRITE
00004a14	ec_sample_row_rgb	20000374	WRITE
00004a18	ec_sample_row_rgb	00004a1e	CONDITIONAL_JUMP
00004a1c	ec_sample_row_rgb	20000374	WRITE
00004a20	ec_sample_row_rgb	0000681c	UNCONDITIONAL_CALL
00004a36	ec_sample_column	00004aa4	READ
00004a38	ec_sample_column	20000375	READ
00004a3a	ec_sample_column	000074cc	UNCONDITIONAL_CALL
00004a3e	ec_sample_column	00004aa8	READ
00004a40	ec_sample_column	20000ca4	READ
00004a44	ec_sample_column	00004a4e	CONDITIONAL_JUMP
00004a4c	ec_sample_column	00004a50	CONDITIONAL_JUMP
00004a50	ec_sample_column	00004aac	READ
00004a52	ec_sample_column	20000375	READ
00004a54	ec_sample_column	2000038d	DATA
00004a5a	ec_sample_column	20000375	WRITE
00004a5e	ec_sample_column	00004aa0	CONDITIONAL_JUMP
00004a62	ec_sample_column	00004ab0	READ
00004a62	ec_sample_column	2000310a	PARAM
00004a64	ec_sample_column	20000375	WRITE
00004a68	ec_sample_column	2000038d	READ
00004a68	ec_sample_column	2000038e	READ
00004a6a	ec_sample_column	20000376	READ
00004a74	ec_sample_column	2000310b	DATA
00004a74	ec_sample_column	2000310c	DATA
00004a7c	ec_sample_column	00004a68	CONDITIONAL_JUMP
00004a7e	ec_sample_column	20000374	READ
00004a80	ec_sample_column	20000376	READ
00004a86	ec_sample_column	2000310a	DATA
00004a88	ec_sample_column	20000376	READ
00004a8c	ec_sample_column	20000376	WRITE
00004a92	ec_sample_column	20000374	WRITE
00004a96	ec_sample_column	00004a9a	CONDITIONAL_JUMP
00004a98	ec_sample_column	20000374	WRITE
00004a9a	ec_sample_column	20000374	READ
00004a9c	ec_sample_column	0000681c	UNCONDITIONAL_CALL
00004aba	key_events_dispatch	Stack[-0x2c]	WRITE
00004abc	key_events_dispatch	Stack[-0x28]	WRITE
00004abe	key_events_dispatch	00004eac	READ
00004ac0	key_events_dispatch	00004eb0	READ
00004ac2	key_events_dispatch	20000360	READ
00004ac6	key_events_dispatch	00004aca	CONDITIONAL_JUMP
00004ac8	key_events_dispatch	000052ba	UNCONDITIONAL_JUMP
00004aca	key_events_dispatch	00004eb4	READ
00004acc	key_events_dispatch	20000c55	DATA
00004acc	key_events_dispatch	Stack[-0x1c]	WRITE
00004ace	key_events_dispatch	00004eb8	READ
00004ad0	key_events_dispatch	20000cb8	DATA
00004ad0	key_events_dispatch	Stack[-0x20]	WRITE
00004ad2	key_events_dispatch	00004ebc	READ
00004ad4	key_events_dispatch	20000c63	DATA
00004ad4	key_events_dispatch	Stack[-0x24]	WRITE
00004ad6	key_events_dispatch	00004ec0	READ
00004ad8	key_events_dispatch	00004ec4	READ
00004ada	key_events_dispatch	00004ec8	READ
00004adc	key_events_dispatch	20000c6c	DATA
00004adc	key_events_dispatch	Stack[-0x30]	WRITE
00004ade	key_events_dispatch	00004ecc	READ
00004ae2	key_events_dispatch	20000ee7	DATA
00004aee	key_events_dispatch	20000c71	READ
00004af2	key_events_dispatch	00004afa	CONDITIONAL_JUMP
00004af6	key_events_dispatch	00004afa	CONDITIONAL_JUMP
00004af8	key_events_dispatch	00004fa6	UNCONDITIONAL_JUMP
00004afe	key_events_dispatch	00004ed0	READ
00004b00	key_events_dispatch	20000c5f	READ
00004b02	key_events_dispatch	00004b2e	CONDITIONAL_JUMP
00004b0a	key_events_dispatch	00004eac	READ
00004b0c	key_events_dispatch	00004ed4	READ
00004b0e	key_events_dispatch	20000370	READ
00004b10	key_events_dispatch	20000e63	DATA
00004b12	key_events_dispatch	00004eac	READ
00004b16	key_events_dispatch	20000370	WRITE
00004b18	key_events_dispatch	00004ed8	READ
00004b20	key_events_dispatch	20000ce0	DATA
00004b24	key_events_dispatch	20000ce0	DATA
00004b26	key_events_dispatch	00004edc	READ
00004b2a	key_events_dispatch	20000317	WRITE
00004b2c	key_events_dispatch	00004bf6	UNCONDITIONAL_JUMP
00004b32	key_events_dispatch	00004eac	READ
00004b36	key_events_dispatch	20000370	READ
00004b40	key_events_dispatch	00004b86	CONDITIONAL_JUMP
00004b42	key_events_dispatch	00004ed4	READ
00004b44	key_events_dispatch	20000e63	READ
00004b44	key_events_dispatch	20000e64	READ
00004b48	key_events_dispatch	00004b74	CONDITIONAL_JUMP
00004b4e	key_events_dispatch	00004b66	CONDITIONAL_JUMP
00004b50	key_events_dispatch	00004ed4	READ
00004b54	key_events_dispatch	20000e64	READ
00004b54	key_events_dispatch	20000e65	READ
00004b56	key_events_dispatch	20000e63	WRITE
00004b56	key_events_dispatch	20000e64	WRITE
00004b5c	key_events_dispatch	20000e64	WRITE
00004b5c	key_events_dispatch	20000e65	WRITE
00004b64	key_events_dispatch	00004b50	CONDITIONAL_JUMP
00004b66	key_events_dispatch	00004eac	READ
00004b6a	key_events_dispatch	20000370	WRITE
00004b70	key_events_dispatch	20000c7a	WRITE
00004b72	key_events_dispatch	00004bf6	UNCONDITIONAL_JUMP
00004b78	key_events_dispatch	00004b80	CONDITIONAL_JUMP
00004b7e	key_events_dispatch	20000c7a	WRITE
00004b84	key_events_dispatch	00004b42	CONDITIONAL_JUMP
00004b88	key_events_dispatch	20000c7a	READ
00004b8c	key_events_dispatch	00004bf6	CONDITIONAL_JUMP
00004b92	key_events_dispatch	20000c7b	WRITE
00004b9e	key_events_dispatch	00004eac	READ
00004ba4	key_events_dispatch	20000370	READ
00004baa	key_events_dispatch	00004bea	CONDITIONAL_JUMP
00004bac	key_events_dispatch	00004ed4	READ
00004bae	key_events_dispatch	20000e63	READ
00004bae	key_events_dispatch	20000e64	READ
00004bb2	key_events_dispatch	00004be2	CONDITIONAL_JUMP
00004bb6	key_events_dispatch	00004bd0	CONDITIONAL_JUMP
00004bb8	key_events_dispatch	00004ed4	READ
00004bbe	key_events_dispatch	20000e64	READ
00004bbe	key_events_dispatch	20000e65	READ
00004bc0	key_events_dispatch	20000e63	WRITE
00004bc0	key_events_dispatch	20000e64	WRITE
00004bca	key_events_dispatch	20000e64	WRITE
00004bca	key_events_dispatch	20000e65	WRITE
00004bce	key_events_dispatch	00004bb8	CONDITIONAL_JUMP
00004bd0	key_events_dispatch	00004eac	READ
00004bd4	key_events_dispatch	20000370	WRITE
00004bda	key_events_dispatch	20000c7b	WRITE
00004be0	key_events_dispatch	00004bea	UNCONDITIONAL_JUMP
00004be8	key_events_dispatch	00004bac	CONDITIONAL_JUMP
00004bf4	key_events_dispatch	00004b96	CONDITIONAL_JUMP
00004bf6	key_events_dispatch	20000cb8	READ
00004bfc	key_events_dispatch	00004c18	CONDITIONAL_JUMP
00004c02	key_events_dispatch	00004d00	CONDITIONAL_JUMP
00004c06	key_events_dispatch	20000c7a	READ
00004c0a	key_events_dispatch	00004d0a	CONDITIONAL_JUMP
00004c10	key_events_dispatch	20000c7b	READ
00004c14	key_events_dispatch	20000c7a	WRITE
00004c16	key_events_dispatch	00004d0e	UNCONDITIONAL_JUMP
00004c1a	key_events_dispatch	20000c7a	READ
00004c1e	key_events_dispatch	00004c52	CONDITIONAL_JUMP
00004c22	key_events_dispatch	20000c7b	READ
00004c24	key_events_dispatch	00004ee0	READ
00004c30	key_events_dispatch	00004ee4	READ
00004c34	key_events_dispatch	2000047c	WRITE
00004c36	key_events_dispatch	00004c46	CONDITIONAL_JUMP
00004c38	key_events_dispatch	00004ee0	READ
00004c3e	key_events_dispatch	0000c4b9	DATA
00004c40	key_events_dispatch	2000047c	WRITE
00004c44	key_events_dispatch	00004c4a	CONDITIONAL_JUMP
00004c4e	key_events_dispatch	20000c7a	WRITE
00004c50	key_events_dispatch	00004c88	UNCONDITIONAL_JUMP
00004c52	key_events_dispatch	00004ed0	READ
00004c54	key_events_dispatch	20000c5f	READ
00004c56	key_events_dispatch	00004ee0	READ
00004c62	key_events_dispatch	00004ee4	READ
00004c66	key_events_dispatch	2000047c	WRITE
00004c68	key_events_dispatch	00004c70	CONDITIONAL_JUMP
00004c6e	key_events_dispatch	00004c88	UNCONDITIONAL_JUMP
00004c72	key_events_dispatch	00004ca0	CONDITIONAL_JUMP
00004c74	key_events_dispatch	00004ee0	READ
00004c7a	key_events_dispatch	0000c4b9	DATA
00004c7c	key_events_dispatch	00004ee4	READ
00004c80	key_events_dispatch	2000047c	WRITE
00004c82	key_events_dispatch	00004c88	CONDITIONAL_JUMP
00004c88	key_events_dispatch	00004ed0	READ
00004c8a	key_events_dispatch	20000c5c	READ
00004c8e	key_events_dispatch	00004cb4	CONDITIONAL_JUMP
00004c90	key_events_dispatch	20000c65	READ
00004c94	key_events_dispatch	00004d00	CONDITIONAL_JUMP
00004c96	key_events_dispatch	00004ee4	READ
00004c98	key_events_dispatch	2000047c	READ
00004c9c	key_events_dispatch	00004ca4	CONDITIONAL_JUMP
00004c9e	key_events_dispatch	00004cd0	UNCONDITIONAL_JUMP
00004ca2	key_events_dispatch	00004c86	UNCONDITIONAL_JUMP
00004ca6	key_events_dispatch	00004ee0	READ
00004cae	key_events_dispatch	0000c4b9	DATA
00004cb0	key_events_dispatch	2000047c	WRITE
00004cb2	key_events_dispatch	00004cd0	UNCONDITIONAL_JUMP
00004cb4	key_events_dispatch	20000c66	READ
00004cb8	key_events_dispatch	00004d00	CONDITIONAL_JUMP
00004cba	key_events_dispatch	00004ee4	READ
00004cbc	key_events_dispatch	2000047c	READ
00004cc0	key_events_dispatch	00004cd0	CONDITIONAL_JUMP
00004cc4	key_events_dispatch	00004ee0	READ
00004ccc	key_events_dispatch	0000c4b9	DATA
00004cce	key_events_dispatch	2000047c	WRITE
00004cd4	key_events_dispatch	00004d00	CONDITIONAL_JUMP
00004cda	key_events_dispatch	00004ee0	READ
00004cdc	key_events_dispatch	00004ee4	READ
00004ce2	key_events_dispatch	0000c4bb	DATA
00004ce6	key_events_dispatch	0000c4ba	DATA
00004ce8	key_events_dispatch	0000c4b9	DATA
00004cea	key_events_dispatch	2000047c	READ
00004cee	key_events_dispatch	000087c0	UNCONDITIONAL_CALL
00004cf4	key_events_dispatch	2000047d	WRITE
00004cf6	key_events_dispatch	00004cfa	CONDITIONAL_JUMP
00004cf8	key_events_dispatch	2000047c	WRITE
00004cfa	key_events_dispatch	00004eac	READ
00004cfc	key_events_dispatch	20000370	READ
00004cfe	key_events_dispatch	00004d04	UNCONDITIONAL_JUMP
00004d00	key_events_dispatch	00004fe2	UNCONDITIONAL_JUMP
00004d06	key_events_dispatch	00004df4	CONDITIONAL_JUMP
00004d08	key_events_dispatch	00004fe2	UNCONDITIONAL_JUMP
00004d0a	key_events_dispatch	00004ed0	READ
00004d0c	key_events_dispatch	20000c5f	READ
00004d10	key_events_dispatch	20000c7c	READ
00004d14	key_events_dispatch	00004d1c	CONDITIONAL_JUMP
00004d18	key_events_dispatch	00004d2a	CONDITIONAL_JUMP
00004d1a	key_events_dispatch	00004d3a	UNCONDITIONAL_JUMP
00004d1e	key_events_dispatch	00004d26	CONDITIONAL_JUMP
00004d22	key_events_dispatch	00004d38	CONDITIONAL_JUMP
00004d24	key_events_dispatch	00004d3a	UNCONDITIONAL_JUMP
00004d28	key_events_dispatch	00004d3a	UNCONDITIONAL_JUMP
00004d2c	key_events_dispatch	00004d34	CONDITIONAL_JUMP
00004d30	key_events_dispatch	00004d38	CONDITIONAL_JUMP
00004d32	key_events_dispatch	00004d3a	UNCONDITIONAL_JUMP
00004d36	key_events_dispatch	00004d3a	UNCONDITIONAL_JUMP
00004d3e	key_events_dispatch	00004d4a	CONDITIONAL_JUMP
00004d50	key_events_dispatch	00004ee8	READ
00004d64	key_events_dispatch	00004d68	CONDITIONAL_JUMP
00004d66	key_events_dispatch	00004fa6	UNCONDITIONAL_JUMP
00004d6a	key_events_dispatch	00004eec	READ
00004d80	key_events_dispatch	00004db0	CONDITIONAL_JUMP
00004d86	key_events_dispatch	00004e70	CONDITIONAL_JUMP
00004d88	key_events_dispatch	00004ed0	READ
00004d8a	key_events_dispatch	20000c5e	READ
00004d8e	key_events_dispatch	00004d92	CONDITIONAL_JUMP
00004d90	key_events_dispatch	00004fa6	UNCONDITIONAL_JUMP
00004d96	key_events_dispatch	00004e72	CONDITIONAL_JUMP
00004d9e	key_events_dispatch	00004eac	READ
00004da2	key_events_dispatch	20000362	READ
00004da6	key_events_dispatch	00004e30	CONDITIONAL_JUMP
00004dac	key_events_dispatch	00004e2a	CONDITIONAL_JUMP
00004dae	key_events_dispatch	00004e30	UNCONDITIONAL_JUMP
00004db0	key_events_dispatch	00004ed0	READ
00004db2	key_events_dispatch	20000c5e	READ
00004db6	key_events_dispatch	00004dba	CONDITIONAL_JUMP
00004db8	key_events_dispatch	00004fa6	UNCONDITIONAL_JUMP
00004dbe	key_events_dispatch	00004e26	CONDITIONAL_JUMP
00004dc4	key_events_dispatch	000043a4	UNCONDITIONAL_CALL
00004dce	key_events_dispatch	000043a4	UNCONDITIONAL_CALL
00004dd6	key_events_dispatch	00004ef0	READ
00004dd8	key_events_dispatch	20000ca8	WRITE
00004ddc	key_events_dispatch	00004de0	CONDITIONAL_JUMP
00004dde	key_events_dispatch	20000ca8	WRITE
00004de0	key_events_dispatch	00004ed0	READ
00004de2	key_events_dispatch	20000c5c	READ
00004de6	key_events_dispatch	00004df6	CONDITIONAL_JUMP
00004de8	key_events_dispatch	20000ca8	READ
00004dec	key_events_dispatch	00004e0e	CONDITIONAL_JUMP
00004df0	key_events_dispatch	20000ca8	WRITE
00004df2	key_events_dispatch	00004e0e	UNCONDITIONAL_JUMP
00004df4	key_events_dispatch	000050cc	UNCONDITIONAL_JUMP
00004df6	key_events_dispatch	20000cde	READ
00004dfa	key_events_dispatch	20000ca8	READ
00004dfc	key_events_dispatch	00004e06	CONDITIONAL_JUMP
00004e00	key_events_dispatch	00004e0e	CONDITIONAL_JUMP
00004e04	key_events_dispatch	00004e0c	UNCONDITIONAL_JUMP
00004e08	key_events_dispatch	00004e0e	CONDITIONAL_JUMP
00004e0c	key_events_dispatch	20000ca8	WRITE
00004e12	key_events_dispatch	000043a4	UNCONDITIONAL_CALL
00004e16	key_events_dispatch	20000ca7	WRITE
00004e1e	key_events_dispatch	00004ef4	READ
00004e1e	key_events_dispatch	20000393	PARAM
00004e20	key_events_dispatch	0000431c	UNCONDITIONAL_CALL
00004e26	key_events_dispatch	20000ca6	WRITE
00004e28	key_events_dispatch	00004fa6	UNCONDITIONAL_JUMP
00004e2a	key_events_dispatch	20000cab	READ
00004e2e	key_events_dispatch	00004eaa	CONDITIONAL_JUMP
00004e30	key_events_dispatch	20000caa	READ
00004e34	key_events_dispatch	00004f00	CONDITIONAL_JUMP
00004e36	key_events_dispatch	00004eac	READ
00004e38	key_events_dispatch	2000036f	READ
00004e3c	key_events_dispatch	00004f00	CONDITIONAL_JUMP
00004e42	key_events_dispatch	00004e90	CONDITIONAL_JUMP
00004e44	key_events_dispatch	00004ed0	READ
00004e46	key_events_dispatch	20000c5c	READ
00004e4a	key_events_dispatch	00004e74	CONDITIONAL_JUMP
00004e4c	key_events_dispatch	20000c5d	READ
00004e50	key_events_dispatch	00004e58	CONDITIONAL_JUMP
00004e54	key_events_dispatch	00004e64	CONDITIONAL_JUMP
00004e56	key_events_dispatch	00004e7e	UNCONDITIONAL_JUMP
00004e58	key_events_dispatch	00004ef8	READ
00004e5a	key_events_dispatch	20000e34	READ
00004e5e	key_events_dispatch	0000a258	UNCONDITIONAL_CALL
00004e62	key_events_dispatch	00004e7e	UNCONDITIONAL_JUMP
00004e64	key_events_dispatch	00004ef8	READ
00004e68	key_events_dispatch	20000e34	READ
00004e6a	key_events_dispatch	00006bcc	UNCONDITIONAL_CALL
00004e6e	key_events_dispatch	00004e7e	UNCONDITIONAL_JUMP
00004e70	key_events_dispatch	00004fca	UNCONDITIONAL_JUMP
00004e72	key_events_dispatch	00004fa8	UNCONDITIONAL_JUMP
00004e74	key_events_dispatch	00004ef8	READ
00004e76	key_events_dispatch	20000e34	READ
00004e7a	key_events_dispatch	0000329c	UNCONDITIONAL_CALL
00004e7e	key_events_dispatch	00004ef8	READ
00004e82	key_events_dispatch	20000e33	WRITE
00004e82	key_events_dispatch	20000e34	WRITE
00004e84	key_events_dispatch	00004eac	READ
00004e88	key_events_dispatch	2000036f	READ
00004e8e	key_events_dispatch	00004e44	CONDITIONAL_JUMP
00004e90	key_events_dispatch	00004eac	READ
00004e94	key_events_dispatch	2000036f	WRITE
00004e96	key_events_dispatch	00004ed0	READ
00004e96	key_events_dispatch	20000c4c	PARAM
00004e98	key_events_dispatch	20000c5c	READ
00004e9c	key_events_dispatch	00004efc	CONDITIONAL_JUMP
00004e9e	key_events_dispatch	20000c5d	READ
00004ea2	key_events_dispatch	00004f00	CONDITIONAL_JUMP
00004ea4	key_events_dispatch	0000a1b4	UNCONDITIONAL_CALL
00004ea8	key_events_dispatch	00004f00	UNCONDITIONAL_JUMP
00004eaa	key_events_dispatch	00004fc4	UNCONDITIONAL_JUMP
00004efc	key_events_dispatch	00002d2c	UNCONDITIONAL_CALL
00004f00	key_events_dispatch	000052f0	READ
00004f00	key_events_dispatch	20000360	PARAM
00004f04	key_events_dispatch	20000362	WRITE
00004f08	key_events_dispatch	20000caa	WRITE
00004f0a	key_events_dispatch	20000cab	WRITE
00004f0e	key_events_dispatch	20000cac	WRITE
00004f14	key_events_dispatch	000043a4	UNCONDITIONAL_CALL
00004f18	key_events_dispatch	20000cad	WRITE
00004f1e	key_events_dispatch	000043a4	UNCONDITIONAL_CALL
00004f22	key_events_dispatch	20000cae	WRITE
00004f28	key_events_dispatch	000043a4	UNCONDITIONAL_CALL
00004f32	key_events_dispatch	000043a4	UNCONDITIONAL_CALL
00004f3a	key_events_dispatch	000052f4	READ
00004f3c	key_events_dispatch	20000cb4	WRITE
00004f40	key_events_dispatch	00004f44	CONDITIONAL_JUMP
00004f42	key_events_dispatch	20000cb4	WRITE
00004f44	key_events_dispatch	000052f8	READ
00004f46	key_events_dispatch	20000c5c	READ
00004f4a	key_events_dispatch	00004f58	CONDITIONAL_JUMP
00004f4c	key_events_dispatch	20000cb4	READ
00004f50	key_events_dispatch	00004f70	CONDITIONAL_JUMP
00004f54	key_events_dispatch	20000cb4	WRITE
00004f56	key_events_dispatch	00004f70	UNCONDITIONAL_JUMP
00004f58	key_events_dispatch	20000cde	READ
00004f5c	key_events_dispatch	20000cb4	READ
00004f5e	key_events_dispatch	00004f68	CONDITIONAL_JUMP
00004f62	key_events_dispatch	00004f70	CONDITIONAL_JUMP
00004f66	key_events_dispatch	00004f6e	UNCONDITIONAL_JUMP
00004f6a	key_events_dispatch	00004f70	CONDITIONAL_JUMP
00004f6e	key_events_dispatch	20000cb4	WRITE
00004f74	key_events_dispatch	000043a4	UNCONDITIONAL_CALL
00004f7e	key_events_dispatch	000043a4	UNCONDITIONAL_CALL
00004f8a	key_events_dispatch	20000cb6	WRITE
00004f8e	key_events_dispatch	00004f92	CONDITIONAL_JUMP
00004f90	key_events_dispatch	20000cb6	WRITE
00004f90	key_events_dispatch	00000640	DATA
00004f94	key_events_dispatch	20000cb6	READ
00004f94	key_events_dispatch	00000640	PARAM
00004f98	key_events_dispatch	000052fc	READ
00004f98	key_events_dispatch	20001c24	PARAM
00004f9a	key_events_dispatch	0000431c	UNCONDITIONAL_CALL
00004fa0	key_events_dispatch	000052f0	READ
00004fa2	key_events_dispatch	20000cb0	WRITE
00004fa4	key_events_dispatch	2000036f	WRITE
00004fa6	key_events_dispatch	00005224	UNCONDITIONAL_JUMP
00004fae	key_events_dispatch	000052f0	READ
00004fb0	key_events_dispatch	20000362	READ
00004fb4	key_events_dispatch	00004fbc	CONDITIONAL_JUMP
00004fb8	key_events_dispatch	00004fbc	CONDITIONAL_JUMP
00004fba	key_events_dispatch	00005224	UNCONDITIONAL_JUMP
00004fc0	key_events_dispatch	00004fc4	CONDITIONAL_JUMP
00004fc2	key_events_dispatch	00005224	UNCONDITIONAL_JUMP
00004fc6	key_events_dispatch	20000cab	WRITE
00004fc8	key_events_dispatch	00005224	UNCONDITIONAL_JUMP
00004fcc	key_events_dispatch	20000ca6	WRITE
00004fd0	key_events_dispatch	00005300	READ
00004fd6	key_events_dispatch	0000500e	CONDITIONAL_JUMP
00004fda	key_events_dispatch	00005304	READ
00004fda	key_events_dispatch	2000047c	PARAM
00004fde	key_events_dispatch	0000431c	UNCONDITIONAL_CALL
00004fe2	key_events_dispatch	00005304	READ
00004fe2	key_events_dispatch	2000047c	PARAM
00004fe4	key_events_dispatch	2000047c	READ
00004fe8	key_events_dispatch	000050d8	CONDITIONAL_JUMP
00004fec	key_events_dispatch	000050d4	CONDITIONAL_JUMP
00004ff0	key_events_dispatch	000050d6	CONDITIONAL_JUMP
00004ff2	key_events_dispatch	000052f8	READ
00004ff2	key_events_dispatch	20000c4c	PARAM
00004ff4	key_events_dispatch	20000c5e	READ
00004ff8	key_events_dispatch	00004ffc	CONDITIONAL_JUMP
00004ffa	key_events_dispatch	00005224	UNCONDITIONAL_JUMP
00005002	key_events_dispatch	00005006	CONDITIONAL_JUMP
00005004	key_events_dispatch	000057f0	UNCONDITIONAL_JUMP
0000500a	key_events_dispatch	000050f4	CONDITIONAL_JUMP
0000500c	key_events_dispatch	0000525a	UNCONDITIONAL_JUMP
0000500e	key_events_dispatch	00005304	READ
00005012	key_events_dispatch	2000047c	WRITE
00005016	key_events_dispatch	000052f8	READ
00005018	key_events_dispatch	20000c5c	READ
0000501c	key_events_dispatch	00005026	CONDITIONAL_JUMP
0000501e	key_events_dispatch	20000c65	READ
00005022	key_events_dispatch	0000502c	CONDITIONAL_JUMP
00005024	key_events_dispatch	00004fe2	UNCONDITIONAL_JUMP
00005026	key_events_dispatch	20000c66	READ
0000502a	key_events_dispatch	00004fe2	CONDITIONAL_JUMP
00005030	key_events_dispatch	00005042	CONDITIONAL_JUMP
00005034	key_events_dispatch	00005064	CONDITIONAL_JUMP
00005038	key_events_dispatch	00005090	CONDITIONAL_JUMP
0000503a	key_events_dispatch	00005304	READ
0000503e	key_events_dispatch	2000047d	WRITE
00005040	key_events_dispatch	000050c4	UNCONDITIONAL_JUMP
0000504a	key_events_dispatch	20001558	DATA
00005050	key_events_dispatch	20001492	DATA
00005054	key_events_dispatch	200013cc	DATA
0000505a	key_events_dispatch	000087c0	UNCONDITIONAL_CALL
0000505e	key_events_dispatch	00005304	READ
00005060	key_events_dispatch	2000047d	WRITE
00005062	key_events_dispatch	000050ba	UNCONDITIONAL_JUMP
0000506e	key_events_dispatch	200017aa	DATA
00005078	key_events_dispatch	200016e4	DATA
00005080	key_events_dispatch	2000161e	DATA
00005086	key_events_dispatch	000087c0	UNCONDITIONAL_CALL
0000508a	key_events_dispatch	00005304	READ
0000508c	key_events_dispatch	2000047d	WRITE
0000508e	key_events_dispatch	000050ba	UNCONDITIONAL_JUMP
0000509a	key_events_dispatch	200019fc	DATA
000050a4	key_events_dispatch	20001936	DATA
000050ac	key_events_dispatch	20001870	DATA
000050b2	key_events_dispatch	000087c0	UNCONDITIONAL_CALL
000050b6	key_events_dispatch	00005304	READ
000050b8	key_events_dispatch	2000047d	WRITE
000050ba	key_events_dispatch	00005304	READ
000050bc	key_events_dispatch	2000047d	READ
000050c0	key_events_dispatch	000050c4	CONDITIONAL_JUMP
000050c2	key_events_dispatch	2000047c	WRITE
000050c4	key_events_dispatch	000052f0	READ
000050c6	key_events_dispatch	20000370	READ
000050ca	key_events_dispatch	00004fe2	CONDITIONAL_JUMP
000050ce	key_events_dispatch	20000371	WRITE
000050d0	key_events_dispatch	00004fe2	UNCONDITIONAL_JUMP
000050d4	key_events_dispatch	0000510a	UNCONDITIONAL_JUMP
000050d6	key_events_dispatch	00005134	UNCONDITIONAL_JUMP
000050d8	key_events_dispatch	20000cb8	READ
000050dc	key_events_dispatch	000050e6	CONDITIONAL_JUMP
000050de	key_events_dispatch	000052f8	READ
000050e0	key_events_dispatch	20000c5f	READ
000050e4	key_events_dispatch	000050f6	CONDITIONAL_JUMP
000050ea	key_events_dispatch	00005102	CONDITIONAL_JUMP
000050ec	key_events_dispatch	000052f8	READ
000050f0	key_events_dispatch	20000c5f	WRITE
000050f2	key_events_dispatch	00005224	UNCONDITIONAL_JUMP
000050f4	key_events_dispatch	00005162	UNCONDITIONAL_JUMP
000050fa	key_events_dispatch	0000512c	CONDITIONAL_JUMP
000050fc	key_events_dispatch	00005130	UNCONDITIONAL_JUMP
000050fe	key_events_dispatch	20000c8e	WRITE
000050fe	key_events_dispatch	00000bb8	DATA
00005100	key_events_dispatch	00005224	UNCONDITIONAL_JUMP
00005102	key_events_dispatch	000052f8	READ
00005106	key_events_dispatch	20000c5f	WRITE
00005108	key_events_dispatch	000050fe	UNCONDITIONAL_JUMP
0000510a	key_events_dispatch	20000cb8	READ
0000510e	key_events_dispatch	00005118	CONDITIONAL_JUMP
00005110	key_events_dispatch	000052f8	READ
00005112	key_events_dispatch	20000c5f	READ
00005116	key_events_dispatch	00005126	CONDITIONAL_JUMP
0000511c	key_events_dispatch	00005102	CONDITIONAL_JUMP
0000511e	key_events_dispatch	000052f8	READ
00005122	key_events_dispatch	20000c5f	WRITE
00005124	key_events_dispatch	00005224	UNCONDITIONAL_JUMP
0000512a	key_events_dispatch	00005130	CONDITIONAL_JUMP
0000512c	key_events_dispatch	00005308	READ
0000512e	key_events_dispatch	000050fe	UNCONDITIONAL_JUMP
00005132	key_events_dispatch	000050fe	UNCONDITIONAL_JUMP
00005134	key_events_dispatch	20000caa	READ
00005138	key_events_dispatch	00005224	CONDITIONAL_JUMP
0000513e	key_events_dispatch	00005224	CONDITIONAL_JUMP
00005140	key_events_dispatch	000052f8	READ
00005142	key_events_dispatch	20000c5e	READ
00005146	key_events_dispatch	00005152	CONDITIONAL_JUMP
0000514a	key_events_dispatch	20000c5e	WRITE
0000514e	key_events_dispatch	00005156	CONDITIONAL_JUMP
00005150	key_events_dispatch	0000515a	UNCONDITIONAL_JUMP
00005154	key_events_dispatch	0000514a	UNCONDITIONAL_JUMP
00005156	key_events_dispatch	0000629c	UNCONDITIONAL_CALL
0000515a	key_events_dispatch	20000c5e	READ
0000515c	key_events_dispatch	000064a8	UNCONDITIONAL_CALL
00005160	key_events_dispatch	00005224	UNCONDITIONAL_JUMP
00005162	key_events_dispatch	000052f8	READ
00005164	key_events_dispatch	20000c64	READ
00005168	key_events_dispatch	00005180	CONDITIONAL_JUMP
0000516a	key_events_dispatch	00005304	READ
0000516c	key_events_dispatch	2000047c	READ
0000516c	key_events_dispatch	2000047d	READ
00005170	key_events_dispatch	00005178	CONDITIONAL_JUMP
00005174	key_events_dispatch	0000517c	CONDITIONAL_JUMP
00005176	key_events_dispatch	00005180	UNCONDITIONAL_JUMP
0000517a	key_events_dispatch	0000517e	UNCONDITIONAL_JUMP
0000517e	key_events_dispatch	2000047c	WRITE
0000517e	key_events_dispatch	2000047d	WRITE
00005182	key_events_dispatch	20000c6e	READ
00005186	key_events_dispatch	0000519e	CONDITIONAL_JUMP
00005188	key_events_dispatch	00005304	READ
0000518a	key_events_dispatch	2000047c	READ
0000518a	key_events_dispatch	2000047d	READ
0000518e	key_events_dispatch	00005196	CONDITIONAL_JUMP
00005192	key_events_dispatch	0000519a	CONDITIONAL_JUMP
00005194	key_events_dispatch	0000519e	UNCONDITIONAL_JUMP
00005198	key_events_dispatch	0000519c	UNCONDITIONAL_JUMP
0000519c	key_events_dispatch	2000047c	WRITE
0000519c	key_events_dispatch	2000047d	WRITE
0000519e	key_events_dispatch	000052f8	READ
000051a0	key_events_dispatch	20000c5c	READ
000051a2	key_events_dispatch	000052f8	READ
000051a6	key_events_dispatch	000051b0	CONDITIONAL_JUMP
000051a8	key_events_dispatch	20000c65	READ
000051ac	key_events_dispatch	000051b6	CONDITIONAL_JUMP
000051ae	key_events_dispatch	000051d4	UNCONDITIONAL_JUMP
000051b0	key_events_dispatch	20000c66	READ
000051b4	key_events_dispatch	00005206	CONDITIONAL_JUMP
000051b8	key_events_dispatch	20000c6d	READ
000051bc	key_events_dispatch	000051ce	CONDITIONAL_JUMP
000051be	key_events_dispatch	00005304	READ
000051c0	key_events_dispatch	2000047c	READ
000051c0	key_events_dispatch	2000047d	READ
000051c4	key_events_dispatch	000052b8	CONDITIONAL_JUMP
000051c8	key_events_dispatch	000052b8	CONDITIONAL_JUMP
000051cc	key_events_dispatch	000052b8	CONDITIONAL_JUMP
000051ce	key_events_dispatch	000052f8	READ
000051d2	key_events_dispatch	00005200	CONDITIONAL_JUMP
000051d4	key_events_dispatch	000052f8	READ
000051d6	key_events_dispatch	20000c5d	READ
000051da	key_events_dispatch	0000521a	CONDITIONAL_JUMP
000051dc	key_events_dispatch	20000c65	READ
000051e0	key_events_dispatch	0000521a	CONDITIONAL_JUMP
000051e2	key_events_dispatch	00005304	READ
000051e2	key_events_dispatch	2000047c	PARAM
000051e4	key_events_dispatch	2000047c	READ
000051e4	key_events_dispatch	2000047d	READ
000051e8	key_events_dispatch	00005226	CONDITIONAL_JUMP
000051ec	key_events_dispatch	0000522a	CONDITIONAL_JUMP
000051f0	key_events_dispatch	000051f8	CONDITIONAL_JUMP
000051f4	key_events_dispatch	000051fc	CONDITIONAL_JUMP
000051f6	key_events_dispatch	0000521a	UNCONDITIONAL_JUMP
000051fa	key_events_dispatch	0000522c	UNCONDITIONAL_JUMP
000051fe	key_events_dispatch	0000522c	UNCONDITIONAL_JUMP
00005200	key_events_dispatch	20000c66	READ
00005204	key_events_dispatch	0000521a	CONDITIONAL_JUMP
00005206	key_events_dispatch	00005304	READ
00005208	key_events_dispatch	2000047c	READ
00005208	key_events_dispatch	2000047d	READ
0000520c	key_events_dispatch	00005226	CONDITIONAL_JUMP
00005210	key_events_dispatch	0000522a	CONDITIONAL_JUMP
00005214	key_events_dispatch	000051f8	CONDITIONAL_JUMP
00005218	key_events_dispatch	000051fc	CONDITIONAL_JUMP
0000521a	key_events_dispatch	00005304	READ
0000521c	key_events_dispatch	2000047c	READ
0000521c	key_events_dispatch	2000047d	READ
00005220	key_events_dispatch	00005230	CONDITIONAL_JUMP
00005222	key_events_dispatch	0000525a	UNCONDITIONAL_JUMP
00005224	key_events_dispatch	000059fe	UNCONDITIONAL_JUMP
00005228	key_events_dispatch	0000522c	UNCONDITIONAL_JUMP
0000522c	key_events_dispatch	2000047c	WRITE
0000522c	key_events_dispatch	2000047d	WRITE
0000522e	key_events_dispatch	0000525a	UNCONDITIONAL_JUMP
00005230	key_events_dispatch	000052f0	READ
00005230	key_events_dispatch	20000360	PARAM
00005232	key_events_dispatch	20000372	READ
00005236	key_events_dispatch	0000524c	CONDITIONAL_JUMP
0000523a	key_events_dispatch	00005254	CONDITIONAL_JUMP
00005240	key_events_dispatch	000052ca	CONDITIONAL_JUMP
00005242	key_events_dispatch	0000530c	READ
00005242	key_events_dispatch	20000316	PARAM
00005244	key_events_dispatch	20000316	READ
00005248	key_events_dispatch	000052bc	CONDITIONAL_JUMP
0000524a	key_events_dispatch	000059fa	UNCONDITIONAL_JUMP
0000524c	key_events_dispatch	00005304	READ
00005250	key_events_dispatch	2000047c	WRITE
00005250	key_events_dispatch	2000047d	WRITE
00005252	key_events_dispatch	0000525a	UNCONDITIONAL_JUMP
00005254	key_events_dispatch	00005304	READ
00005258	key_events_dispatch	2000047c	WRITE
00005258	key_events_dispatch	2000047d	WRITE
0000525e	key_events_dispatch	00005304	READ
00005260	key_events_dispatch	2000047c	READ
00005260	key_events_dispatch	2000047d	READ
00005262	key_events_dispatch	00005360	CONDITIONAL_JUMP
00005266	key_events_dispatch	00005270	CONDITIONAL_JUMP
0000526e	key_events_dispatch	00005362	CONDITIONAL_JUMP
00005270	key_events_dispatch	000052f0	READ
00005270	key_events_dispatch	20000360	PARAM
00005272	key_events_dispatch	20000372	READ
00005276	key_events_dispatch	00005364	CONDITIONAL_JUMP
0000527c	key_events_dispatch	0000528e	CONDITIONAL_JUMP
00005282	key_events_dispatch	0000528e	CONDITIONAL_JUMP
00005286	key_events_dispatch	0000528e	CONDITIONAL_JUMP
0000528c	key_events_dispatch	00005364	CONDITIONAL_JUMP
0000528e	key_events_dispatch	0000530c	READ
00005290	key_events_dispatch	20000316	READ
00005294	key_events_dispatch	00005364	CONDITIONAL_JUMP
00005298	key_events_dispatch	20000316	WRITE
0000529a	key_events_dispatch	00005310	READ
0000529c	key_events_dispatch	20000342	WRITE
0000529e	key_events_dispatch	000052f0	READ
000052a2	key_events_dispatch	20000373	WRITE
000052a4	key_events_dispatch	000052f8	READ
000052a6	key_events_dispatch	20000c5c	READ
000052aa	key_events_dispatch	000053a8	CONDITIONAL_JUMP
000052ac	key_events_dispatch	20000c5d	READ
000052b0	key_events_dispatch	000053ae	CONDITIONAL_JUMP
000052b4	key_events_dispatch	000053ac	CONDITIONAL_JUMP
000052b6	key_events_dispatch	00005860	UNCONDITIONAL_JUMP
000052b8	key_events_dispatch	000058e6	UNCONDITIONAL_JUMP
000052ba	key_events_dispatch	00005a12	UNCONDITIONAL_JUMP
000052be	key_events_dispatch	20000316	WRITE
000052c2	key_events_dispatch	00005310	READ
000052c2	key_events_dispatch	20000342	PARAM
000052c6	key_events_dispatch	20000342	WRITE
000052c8	key_events_dispatch	000059fa	UNCONDITIONAL_JUMP
000052ca	key_events_dispatch	0000530c	READ
000052ce	key_events_dispatch	20000316	WRITE
000052d0	key_events_dispatch	00005310	READ
000052d0	key_events_dispatch	20000342	PARAM
000052d2	key_events_dispatch	20000342	WRITE
000052d4	key_events_dispatch	20000373	READ
000052d8	key_events_dispatch	00005314	CONDITIONAL_JUMP
000052dc	key_events_dispatch	00005320	CONDITIONAL_JUMP
000052de	key_events_dispatch	000052f8	READ
000052e2	key_events_dispatch	00005370	CONDITIONAL_JUMP
000052e4	key_events_dispatch	20000c5d	READ
000052e8	key_events_dispatch	0000532e	CONDITIONAL_JUMP
000052ec	key_events_dispatch	00005366	CONDITIONAL_JUMP
000052ee	key_events_dispatch	000053a0	UNCONDITIONAL_JUMP
00005314	key_events_dispatch	00005700	READ
00005318	key_events_dispatch	2000047c	WRITE
00005318	key_events_dispatch	2000047d	WRITE
0000531c	key_events_dispatch	20000373	WRITE
0000531e	key_events_dispatch	000058d4	UNCONDITIONAL_JUMP
00005320	key_events_dispatch	00005700	READ
00005324	key_events_dispatch	2000047c	WRITE
00005324	key_events_dispatch	2000047d	WRITE
00005326	key_events_dispatch	00005704	READ
0000532a	key_events_dispatch	20000373	WRITE
0000532c	key_events_dispatch	000058d4	UNCONDITIONAL_JUMP
00005332	key_events_dispatch	0000a7d0	UNCONDITIONAL_CALL
00005336	key_events_dispatch	00005704	READ
00005338	key_events_dispatch	20000363	READ
0000533c	key_events_dispatch	0000534a	CONDITIONAL_JUMP
0000533e	key_events_dispatch	00005708	READ
0000533e	key_events_dispatch	20000e0c	PARAM
00005340	key_events_dispatch	0000aafc	UNCONDITIONAL_CALL
00005344	key_events_dispatch	00005704	READ
00005344	key_events_dispatch	20000360	PARAM
00005348	key_events_dispatch	20000363	WRITE
0000534a	key_events_dispatch	00005704	READ
0000534c	key_events_dispatch	20000364	READ
00005350	key_events_dispatch	000053a0	CONDITIONAL_JUMP
00005352	key_events_dispatch	0000570c	READ
00005352	key_events_dispatch	20000e15	PARAM
00005354	key_events_dispatch	0000aafc	UNCONDITIONAL_CALL
00005358	key_events_dispatch	00005704	READ
0000535c	key_events_dispatch	20000364	WRITE
0000535e	key_events_dispatch	000053a0	UNCONDITIONAL_JUMP
00005360	key_events_dispatch	000058c8	UNCONDITIONAL_JUMP
00005362	key_events_dispatch	00005452	UNCONDITIONAL_JUMP
00005364	key_events_dispatch	0000541a	UNCONDITIONAL_JUMP
0000536a	key_events_dispatch	00006bcc	UNCONDITIONAL_CALL
0000536e	key_events_dispatch	000053a0	UNCONDITIONAL_JUMP
00005374	key_events_dispatch	00003768	UNCONDITIONAL_CALL
00005378	key_events_dispatch	00005704	READ
0000537a	key_events_dispatch	20000363	READ
0000537e	key_events_dispatch	0000538c	CONDITIONAL_JUMP
00005380	key_events_dispatch	00005708	READ
00005380	key_events_dispatch	20000e0c	PARAM
00005382	key_events_dispatch	000037c4	UNCONDITIONAL_CALL
00005386	key_events_dispatch	00005704	READ
0000538a	key_events_dispatch	20000363	WRITE
0000538c	key_events_dispatch	00005704	READ
0000538e	key_events_dispatch	20000364	READ
00005392	key_events_dispatch	000053a0	CONDITIONAL_JUMP
00005394	key_events_dispatch	0000570c	READ
00005394	key_events_dispatch	20000e15	PARAM
00005396	key_events_dispatch	000037c4	UNCONDITIONAL_CALL
0000539a	key_events_dispatch	00005704	READ
0000539e	key_events_dispatch	20000364	WRITE
000053a0	key_events_dispatch	00005700	READ
000053a4	key_events_dispatch	2000047c	WRITE
000053a4	key_events_dispatch	2000047d	WRITE
000053a6	key_events_dispatch	000058d4	UNCONDITIONAL_JUMP
000053a8	key_events_dispatch	000053ea	UNCONDITIONAL_JUMP
000053ac	key_events_dispatch	000053e0	UNCONDITIONAL_JUMP
000053b2	key_events_dispatch	0000a7d0	UNCONDITIONAL_CALL
000053b6	key_events_dispatch	00005704	READ
000053b8	key_events_dispatch	20000363	READ
000053bc	key_events_dispatch	000053ca	CONDITIONAL_JUMP
000053be	key_events_dispatch	00005708	READ
000053be	key_events_dispatch	20000e0c	PARAM
000053c0	key_events_dispatch	0000aafc	UNCONDITIONAL_CALL
000053c4	key_events_dispatch	00005704	READ
000053c4	key_events_dispatch	20000360	PARAM
000053c8	key_events_dispatch	20000363	WRITE
000053ca	key_events_dispatch	00005704	READ
000053cc	key_events_dispatch	20000364	READ
000053d0	key_events_dispatch	0000541a	CONDITIONAL_JUMP
000053d2	key_events_dispatch	0000570c	READ
000053d2	key_events_dispatch	20000e15	PARAM
000053d4	key_events_dispatch	0000aafc	UNCONDITIONAL_CALL
000053d8	key_events_dispatch	00005704	READ
000053dc	key_events_dispatch	20000364	WRITE
000053de	key_events_dispatch	0000541a	UNCONDITIONAL_JUMP
000053e4	key_events_dispatch	00006bcc	UNCONDITIONAL_CALL
000053e8	key_events_dispatch	0000541a	UNCONDITIONAL_JUMP
000053ee	key_events_dispatch	00003768	UNCONDITIONAL_CALL
000053f2	key_events_dispatch	00005704	READ
000053f4	key_events_dispatch	20000363	READ
000053f8	key_events_dispatch	00005406	CONDITIONAL_JUMP
000053fa	key_events_dispatch	00005708	READ
000053fa	key_events_dispatch	20000e0c	PARAM
000053fc	key_events_dispatch	000037c4	UNCONDITIONAL_CALL
00005400	key_events_dispatch	00005704	READ
00005400	key_events_dispatch	20000360	PARAM
00005404	key_events_dispatch	20000363	WRITE
00005406	key_events_dispatch	00005704	READ
00005408	key_events_dispatch	20000364	READ
0000540c	key_events_dispatch	0000541a	CONDITIONAL_JUMP
0000540e	key_events_dispatch	0000570c	READ
0000540e	key_events_dispatch	20000e15	PARAM
00005410	key_events_dispatch	000037c4	UNCONDITIONAL_CALL
00005414	key_events_dispatch	00005704	READ
00005418	key_events_dispatch	20000364	WRITE
0000541a	key_events_dispatch	00005710	READ
0000541c	key_events_dispatch	20000c5c	READ
00005420	key_events_dispatch	00005446	CONDITIONAL_JUMP
00005422	key_events_dispatch	20000c5d	READ
00005426	key_events_dispatch	0000542e	CONDITIONAL_JUMP
0000542a	key_events_dispatch	0000543a	CONDITIONAL_JUMP
0000542c	key_events_dispatch	00005860	UNCONDITIONAL_JUMP
0000542e	key_events_dispatch	00005700	READ
00005430	key_events_dispatch	2000047c	READ
00005430	key_events_dispatch	2000047d	READ
00005434	key_events_dispatch	0000a7d0	UNCONDITIONAL_CALL
00005438	key_events_dispatch	00005860	UNCONDITIONAL_JUMP
0000543a	key_events_dispatch	00005700	READ
0000543e	key_events_dispatch	2000047c	READ
0000543e	key_events_dispatch	2000047d	READ
00005440	key_events_dispatch	00006bcc	UNCONDITIONAL_CALL
00005444	key_events_dispatch	00005860	UNCONDITIONAL_JUMP
00005446	key_events_dispatch	00005700	READ
00005448	key_events_dispatch	2000047c	READ
00005448	key_events_dispatch	2000047d	READ
0000544c	key_events_dispatch	00003768	UNCONDITIONAL_CALL
00005450	key_events_dispatch	00005860	UNCONDITIONAL_JUMP
00005454	key_events_dispatch	0000546c	CONDITIONAL_JUMP
00005456	key_events_dispatch	00005710	READ
00005456	key_events_dispatch	20000c4c	PARAM
0000545c	key_events_dispatch	20000c56	WRITE
00005460	key_events_dispatch	0000194c	UNCONDITIONAL_CALL
00005464	key_events_dispatch	00005710	READ
00005468	key_events_dispatch	20000c56	WRITE
0000546a	key_events_dispatch	00005860	UNCONDITIONAL_JUMP
0000546e	key_events_dispatch	0000548e	CONDITIONAL_JUMP
00005472	key_events_dispatch	000054cc	CONDITIONAL_JUMP
00005476	key_events_dispatch	000054d4	CONDITIONAL_JUMP
0000547a	key_events_dispatch	000054dc	CONDITIONAL_JUMP
0000547e	key_events_dispatch	000054e4	CONDITIONAL_JUMP
00005482	key_events_dispatch	000054ec	CONDITIONAL_JUMP
00005488	key_events_dispatch	20000c9e	WRITE
0000548c	key_events_dispatch	00005794	UNCONDITIONAL_JUMP
0000548e	key_events_dispatch	00005710	READ
00005492	key_events_dispatch	20000c56	WRITE
00005494	key_events_dispatch	20000c55	READ
0000549a	key_events_dispatch	20000c55	WRITE
0000549e	key_events_dispatch	000054a4	CONDITIONAL_JUMP
000054a2	key_events_dispatch	20000c55	WRITE
000054a8	key_events_dispatch	20000c55	PARAM
000054aa	key_events_dispatch	000042c4	UNCONDITIONAL_CALL
000054ae	key_events_dispatch	00005c58	UNCONDITIONAL_CALL
000054b2	key_events_dispatch	00005710	READ
000054b4	key_events_dispatch	20000c55	READ
000054ba	key_events_dispatch	000048e0	UNCONDITIONAL_CALL
000054be	key_events_dispatch	00005704	READ
000054c2	key_events_dispatch	20000376	WRITE
000054c4	key_events_dispatch	00005710	READ
000054c8	key_events_dispatch	20000c56	WRITE
000054ca	key_events_dispatch	00005860	UNCONDITIONAL_JUMP
000054cc	key_events_dispatch	00005710	READ
000054ce	key_events_dispatch	00005714	READ
000054d0	key_events_dispatch	20000c8a	WRITE
000054d0	key_events_dispatch	00000bb8	DATA
000054d2	key_events_dispatch	00005860	UNCONDITIONAL_JUMP
000054d4	key_events_dispatch	00005710	READ
000054d6	key_events_dispatch	00005714	READ
000054d8	key_events_dispatch	20000c82	WRITE
000054d8	key_events_dispatch	00000bb8	DATA
000054da	key_events_dispatch	00005860	UNCONDITIONAL_JUMP
000054dc	key_events_dispatch	00005710	READ
000054de	key_events_dispatch	00005714	READ
000054e0	key_events_dispatch	20000c86	WRITE
000054e0	key_events_dispatch	00000bb8	DATA
000054e2	key_events_dispatch	00005860	UNCONDITIONAL_JUMP
000054e4	key_events_dispatch	00005710	READ
000054e6	key_events_dispatch	00005714	READ
000054e8	key_events_dispatch	20000c7e	WRITE
000054e8	key_events_dispatch	00000bb8	DATA
000054ea	key_events_dispatch	00005860	UNCONDITIONAL_JUMP
000054ee	key_events_dispatch	00005532	CONDITIONAL_JUMP
000054f2	key_events_dispatch	00005554	CONDITIONAL_JUMP
000054fa	key_events_dispatch	000055f8	CONDITIONAL_JUMP
000054fe	key_events_dispatch	000055f8	CONDITIONAL_JUMP
00005502	key_events_dispatch	000055f8	CONDITIONAL_JUMP
00005506	key_events_dispatch	000055fa	CONDITIONAL_JUMP
0000550a	key_events_dispatch	000055fc	CONDITIONAL_JUMP
0000550e	key_events_dispatch	000055fe	CONDITIONAL_JUMP
00005512	key_events_dispatch	00005600	CONDITIONAL_JUMP
00005516	key_events_dispatch	00005600	CONDITIONAL_JUMP
0000551a	key_events_dispatch	00005602	CONDITIONAL_JUMP
0000551e	key_events_dispatch	00005604	CONDITIONAL_JUMP
00005522	key_events_dispatch	00005606	CONDITIONAL_JUMP
00005526	key_events_dispatch	00005608	CONDITIONAL_JUMP
0000552a	key_events_dispatch	0000560a	CONDITIONAL_JUMP
0000552e	key_events_dispatch	0000560c	CONDITIONAL_JUMP
00005530	key_events_dispatch	00005860	UNCONDITIONAL_JUMP
00005532	key_events_dispatch	20000cb8	READ
00005538	key_events_dispatch	20000cb8	WRITE
0000553c	key_events_dispatch	00005542	CONDITIONAL_JUMP
00005540	key_events_dispatch	20000cb8	WRITE
00005544	key_events_dispatch	00006ff4	UNCONDITIONAL_CALL
0000554c	key_events_dispatch	20000cb8	PARAM
0000554e	key_events_dispatch	000042c4	UNCONDITIONAL_CALL
00005552	key_events_dispatch	00005860	UNCONDITIONAL_JUMP
00005554	key_events_dispatch	00005710	READ
00005558	key_events_dispatch	20000c56	WRITE
0000555a	key_events_dispatch	20000c5c	READ
0000555e	key_events_dispatch	000055b2	CONDITIONAL_JUMP
00005562	key_events_dispatch	20000cd2	WRITE
00005564	key_events_dispatch	00005710	READ
00005564	key_events_dispatch	20000c4c	PARAM
00005566	key_events_dispatch	00005718	READ
00005566	key_events_dispatch	50004240	PARAM
00005568	key_events_dispatch	20000c5c	WRITE
0000556a	key_events_dispatch	20000c5f	WRITE
0000556e	key_events_dispatch	50004250	WRITE
00005570	key_events_dispatch	20000cc5	WRITE
00005572	key_events_dispatch	20000c61	READ
00005574	key_events_dispatch	20000c62	WRITE
00005576	key_events_dispatch	00002d5c	UNCONDITIONAL_CALL
0000557a	key_events_dispatch	0000a984	UNCONDITIONAL_CALL
0000557e	key_events_dispatch	0000037c	UNCONDITIONAL_CALL
00005582	key_events_dispatch	20000cc7	READ
00005588	key_events_dispatch	20000cc7	WRITE
0000558e	key_events_dispatch	00004054	UNCONDITIONAL_CALL
00005592	key_events_dispatch	20000cc7	READ
0000559c	key_events_dispatch	20000cc7	WRITE
0000559e	key_events_dispatch	0000571c	READ
000055a0	key_events_dispatch	20000310	READ
000055a4	key_events_dispatch	000055ae	CONDITIONAL_JUMP
000055a8	key_events_dispatch	00002b28	UNCONDITIONAL_CALL
000055ac	key_events_dispatch	00005622	UNCONDITIONAL_JUMP
000055b0	key_events_dispatch	000055a8	UNCONDITIONAL_JUMP
000055b2	key_events_dispatch	00005718	READ
000055b2	key_events_dispatch	50004240	PARAM
000055b4	key_events_dispatch	50004258	READ
000055b8	key_events_dispatch	00005622	CONDITIONAL_JUMP
000055ba	key_events_dispatch	20000cd2	READ
000055be	key_events_dispatch	00005622	CONDITIONAL_JUMP
000055c0	key_events_dispatch	00005710	READ
000055c0	key_events_dispatch	20000c4c	PARAM
000055c2	key_events_dispatch	20000cd2	WRITE
000055c6	key_events_dispatch	20000c5c	WRITE
000055c8	key_events_dispatch	20000c5f	WRITE
000055ca	key_events_dispatch	50004250	WRITE
000055cc	key_events_dispatch	20000cc5	WRITE
000055ce	key_events_dispatch	0000037c	UNCONDITIONAL_CALL
000055d2	key_events_dispatch	00002d5c	UNCONDITIONAL_CALL
000055d6	key_events_dispatch	0000a984	UNCONDITIONAL_CALL
000055da	key_events_dispatch	0000ae9c	UNCONDITIONAL_CALL
000055de	key_events_dispatch	20000cc7	READ
000055e8	key_events_dispatch	20000cc7	WRITE
000055ea	key_events_dispatch	00005710	READ
000055ec	key_events_dispatch	20000c5d	READ
000055f0	key_events_dispatch	00005612	CONDITIONAL_JUMP
000055f2	key_events_dispatch	00005710	READ
000055f2	key_events_dispatch	20000c4c	PARAM
000055f6	key_events_dispatch	0000560e	UNCONDITIONAL_JUMP
000055f8	key_events_dispatch	0000562a	UNCONDITIONAL_JUMP
000055fa	key_events_dispatch	00005644	UNCONDITIONAL_JUMP
000055fc	key_events_dispatch	0000572c	UNCONDITIONAL_JUMP
000055fe	key_events_dispatch	0000578c	UNCONDITIONAL_JUMP
00005600	key_events_dispatch	00005798	UNCONDITIONAL_JUMP
00005602	key_events_dispatch	000057a2	UNCONDITIONAL_JUMP
00005604	key_events_dispatch	000057f2	UNCONDITIONAL_JUMP
00005606	key_events_dispatch	00005828	UNCONDITIONAL_JUMP
00005608	key_events_dispatch	0000583c	UNCONDITIONAL_JUMP
0000560a	key_events_dispatch	00005842	UNCONDITIONAL_JUMP
0000560c	key_events_dispatch	00005856	UNCONDITIONAL_JUMP
0000560e	key_events_dispatch	0000561c	CONDITIONAL_JUMP
00005610	key_events_dispatch	00005622	UNCONDITIONAL_JUMP
00005612	key_events_dispatch	00005710	READ
00005614	key_events_dispatch	20000c62	READ
00005616	key_events_dispatch	00006438	UNCONDITIONAL_CALL
0000561a	key_events_dispatch	00005622	UNCONDITIONAL_JUMP
0000561c	key_events_dispatch	20000c62	READ
0000561e	key_events_dispatch	00006470	UNCONDITIONAL_CALL
00005622	key_events_dispatch	00005710	READ
00005626	key_events_dispatch	20000c56	WRITE
00005628	key_events_dispatch	00005860	UNCONDITIONAL_JUMP
0000562a	key_events_dispatch	00005710	READ
0000562c	key_events_dispatch	20000c5c	READ
00005630	key_events_dispatch	000056fe	CONDITIONAL_JUMP
00005634	key_events_dispatch	0000563a	CONDITIONAL_JUMP
00005638	key_events_dispatch	0000563c	UNCONDITIONAL_JUMP
0000563c	key_events_dispatch	20000cd5	WRITE
0000563e	key_events_dispatch	00005714	READ
00005640	key_events_dispatch	20000cce	WRITE
00005640	key_events_dispatch	00000bb8	DATA
00005642	key_events_dispatch	00005860	UNCONDITIONAL_JUMP
00005644	key_events_dispatch	00005710	READ
00005646	key_events_dispatch	20000c5c	READ
0000564a	key_events_dispatch	000056fe	CONDITIONAL_JUMP
0000564c	key_events_dispatch	20000cd2	READ
00005650	key_events_dispatch	000056fe	CONDITIONAL_JUMP
00005652	key_events_dispatch	20000c63	READ
00005656	key_events_dispatch	000056fe	CONDITIONAL_JUMP
0000565a	key_events_dispatch	20000c63	WRITE
0000565e	key_events_dispatch	20000c56	WRITE
00005662	key_events_dispatch	00008c80	UNCONDITIONAL_CALL
0000566c	key_events_dispatch	00005720	READ
0000566e	key_events_dispatch	50000100	WRITE
00005670	key_events_dispatch	50000100	WRITE
00005672	key_events_dispatch	50000100	WRITE
00005674	key_events_dispatch	50000100	READ
00005678	key_events_dispatch	0000566c	CONDITIONAL_JUMP
0000567a	key_events_dispatch	00005724	READ
0000567c	key_events_dispatch	50000220	READ
00005684	key_events_dispatch	50000220	WRITE
00005686	key_events_dispatch	50000220	READ
0000568e	key_events_dispatch	50000220	WRITE
00005690	key_events_dispatch	50000220	READ
0000569a	key_events_dispatch	50000220	WRITE
0000569c	key_events_dispatch	50000220	READ
000056a2	key_events_dispatch	50000220	WRITE
000056a4	key_events_dispatch	50000220	READ
000056aa	key_events_dispatch	50000220	WRITE
000056ac	key_events_dispatch	5000020c	READ
000056b2	key_events_dispatch	000056c2	CONDITIONAL_JUMP
000056b4	key_events_dispatch	0000ae10	UNCONDITIONAL_CALL
000056b8	key_events_dispatch	00005724	READ
000056bc	key_events_dispatch	5000020c	READ
000056c0	key_events_dispatch	000056b4	CONDITIONAL_JUMP
000056c2	key_events_dispatch	00005724	READ
000056c2	key_events_dispatch	50000200	PARAM
000056c6	key_events_dispatch	50000210	READ
000056ce	key_events_dispatch	50000210	WRITE
000056d0	key_events_dispatch	00008db8	UNCONDITIONAL_CALL
000056d4	key_events_dispatch	00005720	READ
000056d8	key_events_dispatch	50000100	WRITE
000056da	key_events_dispatch	00005710	READ
000056dc	key_events_dispatch	00005728	READ
000056dc	key_events_dispatch	0000bd6c	PARAM
000056de	key_events_dispatch	20000c54	READ
000056e2	key_events_dispatch	0000bd6c	DATA
000056e4	key_events_dispatch	000007a8	UNCONDITIONAL_CALL
000056ec	key_events_dispatch	20000c63	PARAM
000056ee	key_events_dispatch	000042c4	UNCONDITIONAL_CALL
000056f4	key_events_dispatch	000048e0	UNCONDITIONAL_CALL
000056f8	key_events_dispatch	00005710	READ
000056fc	key_events_dispatch	20000c56	WRITE
000056fe	key_events_dispatch	00005860	UNCONDITIONAL_JUMP
0000572c	key_events_dispatch	00005a48	READ
0000572e	key_events_dispatch	20000c5c	READ
00005732	key_events_dispatch	00005826	CONDITIONAL_JUMP
00005734	key_events_dispatch	20000cd2	READ
00005738	key_events_dispatch	00005826	CONDITIONAL_JUMP
0000573a	key_events_dispatch	20000c63	READ
0000573e	key_events_dispatch	00005826	CONDITIONAL_JUMP
00005742	key_events_dispatch	20000c63	WRITE
00005744	key_events_dispatch	20000c56	WRITE
00005746	key_events_dispatch	20000cba	READ
0000574a	key_events_dispatch	00005768	CONDITIONAL_JUMP
0000574c	key_events_dispatch	20000cba	WRITE
0000574e	key_events_dispatch	20000cbb	WRITE
00005750	key_events_dispatch	00005a4c	READ
00005752	key_events_dispatch	40010020	READ
00005754	key_events_dispatch	40000000	PARAM
00005758	key_events_dispatch	40010020	WRITE
0000575a	key_events_dispatch	00005a50	READ
0000575c	key_events_dispatch	00003898	UNCONDITIONAL_CALL
00005760	key_events_dispatch	00006778	UNCONDITIONAL_CALL
00005764	key_events_dispatch	00002a0c	UNCONDITIONAL_CALL
0000576a	key_events_dispatch	00008c80	UNCONDITIONAL_CALL
0000576e	key_events_dispatch	00005a54	READ
00005770	key_events_dispatch	000007a8	UNCONDITIONAL_CALL
00005778	key_events_dispatch	20000c63	PARAM
0000577a	key_events_dispatch	000042c4	UNCONDITIONAL_CALL
00005780	key_events_dispatch	000048e0	UNCONDITIONAL_CALL
00005784	key_events_dispatch	00005a48	READ
00005788	key_events_dispatch	20000c56	WRITE
0000578a	key_events_dispatch	00005860	UNCONDITIONAL_JUMP
00005790	key_events_dispatch	20000c9e	WRITE
00005794	key_events_dispatch	20000ca1	WRITE
00005796	key_events_dispatch	00005860	UNCONDITIONAL_JUMP
0000579c	key_events_dispatch	00004860	UNCONDITIONAL_CALL
000057a0	key_events_dispatch	00005860	UNCONDITIONAL_JUMP
000057a2	key_events_dispatch	00005a48	READ
000057a4	key_events_dispatch	20000c5c	READ
000057a8	key_events_dispatch	00005860	CONDITIONAL_JUMP
000057aa	key_events_dispatch	20000c5d	READ
000057ae	key_events_dispatch	00005860	CONDITIONAL_JUMP
000057b0	key_events_dispatch	00005a48	READ
000057b4	key_events_dispatch	20000c56	WRITE
000057b6	key_events_dispatch	20000cba	WRITE
000057b8	key_events_dispatch	00006778	UNCONDITIONAL_CALL
000057bc	key_events_dispatch	20000c53	READ
000057c2	key_events_dispatch	20000c53	WRITE
000057c6	key_events_dispatch	000057ca	CONDITIONAL_JUMP
000057c8	key_events_dispatch	20000c53	WRITE
000057ce	key_events_dispatch	20000c53	PARAM
000057d0	key_events_dispatch	000042c4	UNCONDITIONAL_CALL
000057d4	key_events_dispatch	20000c53	READ
000057da	key_events_dispatch	000048e0	UNCONDITIONAL_CALL
000057e2	key_events_dispatch	00005a5c	READ
000057e4	key_events_dispatch	00005a58	READ
000057e6	key_events_dispatch	e000ed0c	WRITE
000057ee	key_events_dispatch	000057ec	UNCONDITIONAL_JUMP
000057f0	key_events_dispatch	000059fa	UNCONDITIONAL_JUMP
000057f2	key_events_dispatch	00005a48	READ
000057f6	key_events_dispatch	20000c56	WRITE
000057f8	key_events_dispatch	20000c54	READ
000057fe	key_events_dispatch	20000c54	WRITE
00005802	key_events_dispatch	00005806	CONDITIONAL_JUMP
00005804	key_events_dispatch	20000c54	WRITE
00005806	key_events_dispatch	00005a48	READ
00005808	key_events_dispatch	20000c54	READ
0000580c	key_events_dispatch	00005a60	READ
0000580e	key_events_dispatch	0000bd60	READ
0000580e	key_events_dispatch	000008ac	PARAM
00005810	key_events_dispatch	000007a8	UNCONDITIONAL_CALL
00005814	key_events_dispatch	00005a48	READ
00005816	key_events_dispatch	20000c54	READ
0000581c	key_events_dispatch	000048e0	UNCONDITIONAL_CALL
00005820	key_events_dispatch	00005a48	READ
00005824	key_events_dispatch	20000c56	WRITE
00005826	key_events_dispatch	00005860	UNCONDITIONAL_JUMP
00005828	key_events_dispatch	00005a48	READ
0000582a	key_events_dispatch	20000c5c	READ
0000582e	key_events_dispatch	00005860	CONDITIONAL_JUMP
00005830	key_events_dispatch	20000cd2	READ
00005834	key_events_dispatch	00005860	CONDITIONAL_JUMP
00005836	key_events_dispatch	00005a64	READ
00005838	key_events_dispatch	20000c92	WRITE
00005838	key_events_dispatch	00000bb8	DATA
0000583a	key_events_dispatch	00005860	UNCONDITIONAL_JUMP
0000583c	key_events_dispatch	00005a64	READ
0000583e	key_events_dispatch	20000c96	WRITE
0000583e	key_events_dispatch	00000bb8	DATA
00005840	key_events_dispatch	00005860	UNCONDITIONAL_JUMP
00005842	key_events_dispatch	00005a48	READ
00005844	key_events_dispatch	20000c5c	READ
00005848	key_events_dispatch	00005860	CONDITIONAL_JUMP
0000584a	key_events_dispatch	20000cd2	READ
0000584e	key_events_dispatch	00005860	CONDITIONAL_JUMP
00005850	key_events_dispatch	00005a68	READ
00005852	key_events_dispatch	20000c9a	WRITE
00005852	key_events_dispatch	00001388	DATA
00005854	key_events_dispatch	00005860	UNCONDITIONAL_JUMP
00005856	key_events_dispatch	00005a48	READ
0000585a	key_events_dispatch	20000c4f	READ
0000585e	key_events_dispatch	20000c4f	WRITE
00005864	key_events_dispatch	000058e6	CONDITIONAL_JUMP
00005866	key_events_dispatch	00005a48	READ
00005868	key_events_dispatch	20000c5c	READ
0000586c	key_events_dispatch	0000589e	CONDITIONAL_JUMP
0000586e	key_events_dispatch	20000c5d	READ
00005872	key_events_dispatch	000058e6	CONDITIONAL_JUMP
00005874	key_events_dispatch	00005a6c	READ
00005876	key_events_dispatch	20000363	READ
0000587a	key_events_dispatch	00005888	CONDITIONAL_JUMP
0000587c	key_events_dispatch	00005a70	READ
0000587c	key_events_dispatch	20000e0c	PARAM
0000587e	key_events_dispatch	0000aafc	UNCONDITIONAL_CALL
00005882	key_events_dispatch	00005a6c	READ
00005882	key_events_dispatch	20000360	PARAM
00005886	key_events_dispatch	20000363	WRITE
00005888	key_events_dispatch	00005a6c	READ
0000588a	key_events_dispatch	20000364	READ
0000588e	key_events_dispatch	000058e6	CONDITIONAL_JUMP
00005890	key_events_dispatch	00005a74	READ
00005890	key_events_dispatch	20000e15	PARAM
00005892	key_events_dispatch	0000aafc	UNCONDITIONAL_CALL
00005896	key_events_dispatch	00005a6c	READ
00005896	key_events_dispatch	20000360	PARAM
0000589a	key_events_dispatch	20000364	WRITE
0000589c	key_events_dispatch	000059ec	UNCONDITIONAL_JUMP
0000589e	key_events_dispatch	00005a6c	READ
000058a0	key_events_dispatch	20000363	READ
000058a4	key_events_dispatch	000058b2	CONDITIONAL_JUMP
000058a6	key_events_dispatch	00005a70	READ
000058a6	key_events_dispatch	20000e0c	PARAM
000058a8	key_events_dispatch	000037c4	UNCONDITIONAL_CALL
000058ac	key_events_dispatch	00005a6c	READ
000058ac	key_events_dispatch	20000360	PARAM
000058b0	key_events_dispatch	20000363	WRITE
000058b2	key_events_dispatch	00005a6c	READ
000058b4	key_events_dispatch	20000364	READ
000058b8	key_events_dispatch	000058e6	CONDITIONAL_JUMP
000058ba	key_events_dispatch	00005a74	READ
000058ba	key_events_dispatch	20000e15	PARAM
000058bc	key_events_dispatch	000037c4	UNCONDITIONAL_CALL
000058c0	key_events_dispatch	00005a6c	READ
000058c0	key_events_dispatch	20000360	PARAM
000058c4	key_events_dispatch	20000364	WRITE
000058c6	key_events_dispatch	000059ec	UNCONDITIONAL_JUMP
000058ca	key_events_dispatch	000058d4	CONDITIONAL_JUMP
000058d2	key_events_dispatch	0000590c	CONDITIONAL_JUMP
000058d4	key_events_dispatch	00005a48	READ
000058d6	key_events_dispatch	20000c5c	READ
000058da	key_events_dispatch	00005900	CONDITIONAL_JUMP
000058dc	key_events_dispatch	20000c5d	READ
000058e0	key_events_dispatch	000058e8	CONDITIONAL_JUMP
000058e4	key_events_dispatch	000058f4	CONDITIONAL_JUMP
000058e6	key_events_dispatch	000059ec	UNCONDITIONAL_JUMP
000058e8	key_events_dispatch	00005a78	READ
000058ea	key_events_dispatch	2000047c	READ
000058ea	key_events_dispatch	2000047d	READ
000058ee	key_events_dispatch	0000a7d0	UNCONDITIONAL_CALL
000058f2	key_events_dispatch	000059ec	UNCONDITIONAL_JUMP
000058f4	key_events_dispatch	00005a78	READ
000058f8	key_events_dispatch	2000047c	READ
000058f8	key_events_dispatch	2000047d	READ
000058fa	key_events_dispatch	00006bcc	UNCONDITIONAL_CALL
000058fe	key_events_dispatch	000059ec	UNCONDITIONAL_JUMP
00005900	key_events_dispatch	00005a78	READ
00005902	key_events_dispatch	2000047c	READ
00005902	key_events_dispatch	2000047d	READ
00005906	key_events_dispatch	00003768	UNCONDITIONAL_CALL
0000590a	key_events_dispatch	000059ec	UNCONDITIONAL_JUMP
0000590e	key_events_dispatch	0000594a	CONDITIONAL_JUMP
00005912	key_events_dispatch	00005952	CONDITIONAL_JUMP
00005916	key_events_dispatch	0000595a	CONDITIONAL_JUMP
0000591a	key_events_dispatch	00005962	CONDITIONAL_JUMP
0000591e	key_events_dispatch	0000596a	CONDITIONAL_JUMP
00005922	key_events_dispatch	0000596a	CONDITIONAL_JUMP
00005926	key_events_dispatch	0000596a	CONDITIONAL_JUMP
0000592e	key_events_dispatch	00005972	CONDITIONAL_JUMP
00005932	key_events_dispatch	00005972	CONDITIONAL_JUMP
00005936	key_events_dispatch	00005972	CONDITIONAL_JUMP
0000593a	key_events_dispatch	000059d0	CONDITIONAL_JUMP
0000593e	key_events_dispatch	000059d6	CONDITIONAL_JUMP
00005942	key_events_dispatch	000059dc	CONDITIONAL_JUMP
00005946	key_events_dispatch	000059e2	CONDITIONAL_JUMP
00005948	key_events_dispatch	000059ec	UNCONDITIONAL_JUMP
0000594a	key_events_dispatch	00005a48	READ
0000594a	key_events_dispatch	20000c4c	PARAM
0000594e	key_events_dispatch	20000c8a	WRITE
00005950	key_events_dispatch	000059ec	UNCONDITIONAL_JUMP
00005952	key_events_dispatch	00005a48	READ
00005952	key_events_dispatch	20000c4c	PARAM
00005956	key_events_dispatch	20000c82	WRITE
00005958	key_events_dispatch	000059ec	UNCONDITIONAL_JUMP
0000595a	key_events_dispatch	00005a48	READ
0000595a	key_events_dispatch	20000c4c	PARAM
0000595e	key_events_dispatch	20000c86	WRITE
00005960	key_events_dispatch	000059ec	UNCONDITIONAL_JUMP
00005962	key_events_dispatch	00005a48	READ
00005962	key_events_dispatch	20000c4c	PARAM
00005966	key_events_dispatch	20000c7e	WRITE
00005968	key_events_dispatch	000059ec	UNCONDITIONAL_JUMP
0000596c	key_events_dispatch	20000c9e	WRITE
0000596e	key_events_dispatch	20000ca1	WRITE
00005970	key_events_dispatch	000059ec	UNCONDITIONAL_JUMP
00005972	key_events_dispatch	00005a48	READ
00005974	key_events_dispatch	20000c5c	READ
00005978	key_events_dispatch	000059ec	CONDITIONAL_JUMP
0000597a	key_events_dispatch	20000cce	READ
0000597e	key_events_dispatch	000059ec	CONDITIONAL_JUMP
00005982	key_events_dispatch	20000cce	WRITE
00005986	key_events_dispatch	0000599c	CONDITIONAL_JUMP
0000598c	key_events_dispatch	20000cd3	READ
00005992	key_events_dispatch	000059b6	CONDITIONAL_JUMP
00005994	key_events_dispatch	20000cd4	READ
00005998	key_events_dispatch	000059b0	CONDITIONAL_JUMP
0000599a	key_events_dispatch	000059b6	UNCONDITIONAL_JUMP
000059a2	key_events_dispatch	20000cd3	READ
000059a8	key_events_dispatch	000059b6	CONDITIONAL_JUMP
000059aa	key_events_dispatch	20000cd4	READ
000059ae	key_events_dispatch	000059b6	CONDITIONAL_JUMP
000059b2	key_events_dispatch	20000cd7	WRITE
000059b4	key_events_dispatch	000059ec	UNCONDITIONAL_JUMP
000059b8	key_events_dispatch	20000cd8	WRITE
000059c6	key_events_dispatch	00006010	UNCONDITIONAL_CALL
000059cc	key_events_dispatch	20000cd7	WRITE
000059ce	key_events_dispatch	000059ec	UNCONDITIONAL_JUMP
000059d2	key_events_dispatch	20000c92	WRITE
000059d4	key_events_dispatch	000059ec	UNCONDITIONAL_JUMP
000059d8	key_events_dispatch	20000c96	WRITE
000059da	key_events_dispatch	000059ec	UNCONDITIONAL_JUMP
000059de	key_events_dispatch	20000c9a	WRITE
000059e0	key_events_dispatch	000059ec	UNCONDITIONAL_JUMP
000059e2	key_events_dispatch	00005a48	READ
000059e4	key_events_dispatch	20000c4f	READ
000059ea	key_events_dispatch	20000c4f	WRITE
000059f4	key_events_dispatch	000059fa	CONDITIONAL_JUMP
000059f6	key_events_dispatch	00005006	UNCONDITIONAL_JUMP
000059fa	key_events_dispatch	0000ae10	UNCONDITIONAL_CALL
00005a00	key_events_dispatch	00005a6c	READ
00005a08	key_events_dispatch	20000360	READ
00005a0c	key_events_dispatch	00005a12	CONDITIONAL_JUMP
00005a0e	key_events_dispatch	00004ade	UNCONDITIONAL_JUMP
00005a12	key_events_dispatch	00005a48	READ
00005a12	key_events_dispatch	20000c4c	PARAM
00005a14	key_events_dispatch	20000c5c	READ
00005a18	key_events_dispatch	00005a26	CONDITIONAL_JUMP
00005a1a	key_events_dispatch	20000c5d	READ
00005a1e	key_events_dispatch	00005a36	CONDITIONAL_JUMP
00005a20	key_events_dispatch	0000a1b4	UNCONDITIONAL_CALL
00005a24	key_events_dispatch	00005a36	UNCONDITIONAL_JUMP
00005a26	key_events_dispatch	00002d2c	UNCONDITIONAL_CALL
00005a2a	key_events_dispatch	20000cde	READ
00005a2c	key_events_dispatch	00005a7c	READ
00005a30	key_events_dispatch	00005a44	CONDITIONAL_JUMP
00005a34	key_events_dispatch	2000034e	WRITE
00005a36	key_events_dispatch	00005a6c	READ
00005a3a	key_events_dispatch	20000360	WRITE
00005a3c	key_events_dispatch	00005a80	READ
00005a3e	key_events_dispatch	20000321	WRITE
00005a46	key_events_dispatch	00005a34	UNCONDITIONAL_JUMP
00005a8c	FUN_00005a84	00005b18	READ
00005a90	FUN_00005a84	00005b1c	READ
00005a90	FUN_00005a84	2000047c	PARAM
00005a92	FUN_00005a84	0000431c	UNCONDITIONAL_CALL
00005a96	FUN_00005a84	00005b1c	READ
00005a9e	FUN_00005a84	2000047c	READ
00005a9e	FUN_00005a84	20000480	READ
00005aa0	FUN_00005a84	2000047d	READ
00005aa0	FUN_00005a84	20000481	READ
00005aa8	FUN_00005a84	2000047e	READ
00005aa8	FUN_00005a84	20000482	READ
00005aaa	FUN_00005a84	2000047f	READ
00005aaa	FUN_00005a84	20000483	READ
00005ab8	FUN_00005a84	00005a9c	CONDITIONAL_JUMP
00005ac2	FUN_00005a84	00005b10	CONDITIONAL_JUMP
00005ac8	FUN_00005a84	00005b10	CONDITIONAL_JUMP
00005ace	FUN_00005a84	00005b10	CONDITIONAL_JUMP
00005ad4	FUN_00005a84	00005b10	CONDITIONAL_JUMP
00005ad6	FUN_00005a84	00005b1c	READ
00005adc	FUN_00005a84	2000047d	DATA
00005adc	FUN_00005a84	2000047c	DATA
00005ae4	FUN_00005a84	00005adc	CONDITIONAL_JUMP
00005ae6	FUN_00005a84	00005b1c	READ
00005ae6	FUN_00005a84	2000047c	PARAM
00005aec	FUN_00005a84	2000047c	READ
00005aec	FUN_00005a84	20000480	READ
00005aee	FUN_00005a84	2000047d	READ
00005aee	FUN_00005a84	20000481	READ
00005af6	FUN_00005a84	2000047e	READ
00005af6	FUN_00005a84	20000482	READ
00005af8	FUN_00005a84	2000047f	READ
00005af8	FUN_00005a84	20000483	READ
00005b06	FUN_00005a84	00005aea	CONDITIONAL_JUMP
00005b08	FUN_00005a84	00005b18	READ
00005b0a	FUN_00005a84	00005b1c	READ
00005b0a	FUN_00005a84	2000047c	PARAM
00005b0c	FUN_00005a84	00004210	UNCONDITIONAL_CALL
00005b10	FUN_00005a84	00005b20	READ
00005b10	FUN_00005a84	20000310	DATA
00005b12	FUN_00005a84	20000358	WRITE
00005b2e	FUN_00005b24	00005b70	CONDITIONAL_JUMP
00005b32	FUN_00005b24	00005b94	CONDITIONAL_JUMP
00005b36	FUN_00005b24	00005c48	READ
00005b3e	FUN_00005b24	00005bb2	CONDITIONAL_JUMP
00005b46	FUN_00005b24	00005bb2	CONDITIONAL_JUMP
00005b4c	FUN_00005b24	00005bb2	CONDITIONAL_JUMP
00005b50	FUN_00005b24	00005bb2	CONDITIONAL_JUMP
00005b54	FUN_00005b24	00005bb2	CONDITIONAL_JUMP
00005b58	FUN_00005b24	00005bb2	CONDITIONAL_JUMP
00005b5c	FUN_00005b24	00005c04	CONDITIONAL_JUMP
00005b5e	FUN_00005b24	00005c48	READ
00005b62	FUN_00005b24	0000c1de	DATA
00005b64	FUN_00005b24	00005be2	CONDITIONAL_JUMP
00005b68	FUN_00005b24	00005bce	CONDITIONAL_JUMP
00005b6c	FUN_00005b24	00005bd6	CONDITIONAL_JUMP
00005b6e	FUN_00005b24	00005c3e	UNCONDITIONAL_JUMP
00005b7a	FUN_00005b24	00005b86	CONDITIONAL_JUMP
00005b84	FUN_00005b24	00005c3e	UNCONDITIONAL_JUMP
00005b92	FUN_00005b24	00005c3e	UNCONDITIONAL_JUMP
00005b96	FUN_00005b24	00005c3e	CONDITIONAL_JUMP
00005bb0	FUN_00005b24	00005c3e	UNCONDITIONAL_JUMP
00005bb2	FUN_00005b24	00005c48	READ
00005bb6	FUN_00005b24	0000c1de	DATA
00005bb8	FUN_00005b24	00005bc4	CONDITIONAL_JUMP
00005bbc	FUN_00005b24	00005bce	CONDITIONAL_JUMP
00005bc0	FUN_00005b24	00005bd6	CONDITIONAL_JUMP
00005bc2	FUN_00005b24	00005c3e	UNCONDITIONAL_JUMP
00005bc6	FUN_00005b24	00005bec	CONDITIONAL_JUMP
00005bca	FUN_00005b24	00005bf6	CONDITIONAL_JUMP
00005bcc	FUN_00005b24	00005c3e	UNCONDITIONAL_JUMP
00005bce	FUN_00005b24	0000c1df	DATA
00005bd4	FUN_00005b24	00005c3e	UNCONDITIONAL_JUMP
00005bd6	FUN_00005b24	0000c1df	DATA
00005bda	FUN_00005b24	0000c1e0	DATA
00005be0	FUN_00005b24	00005c3e	UNCONDITIONAL_JUMP
00005be4	FUN_00005b24	00005bec	CONDITIONAL_JUMP
00005be8	FUN_00005b24	00005bf6	CONDITIONAL_JUMP
00005bea	FUN_00005b24	00005c3e	UNCONDITIONAL_JUMP
00005bee	FUN_00005b24	0000c1df	DATA
00005bf4	FUN_00005b24	00005c3e	UNCONDITIONAL_JUMP
00005bf6	FUN_00005b24	0000c1df	DATA
00005bfc	FUN_00005b24	0000c1e0	DATA
00005c02	FUN_00005b24	00005c3e	UNCONDITIONAL_JUMP
00005c06	FUN_00005b24	00005c22	CONDITIONAL_JUMP
00005c0e	FUN_00005b24	00005c3e	CONDITIONAL_JUMP
00005c10	FUN_00005b24	00005c4c	READ
00005c18	FUN_00005b24	00005c36	CONDITIONAL_JUMP
00005c1a	FUN_00005b24	0000c286	DATA
00005c20	FUN_00005b24	00005c3e	UNCONDITIONAL_JUMP
00005c26	FUN_00005b24	00005c2e	CONDITIONAL_JUMP
00005c2c	FUN_00005b24	00005c3e	UNCONDITIONAL_JUMP
00005c34	FUN_00005b24	00005c3e	UNCONDITIONAL_JUMP
00005c38	FUN_00005b24	0000c286	DATA
00005c52	FUN_00005c50	00003010	UNCONDITIONAL_CALL
00005c5a	FUN_00005c58	00005c80	READ
00005c5c	FUN_00005c58	20000c55	READ
00005c60	FUN_00005c58	00005c72	CONDITIONAL_JUMP
00005c64	FUN_00005c58	00005c76	CONDITIONAL_JUMP
00005c68	FUN_00005c58	00005c70	CONDITIONAL_JUMP
00005c6c	FUN_00005c58	00009648	UNCONDITIONAL_CALL
00005c74	FUN_00005c58	00005c78	UNCONDITIONAL_JUMP
00005c78	FUN_00005c58	00009648	UNCONDITIONAL_CALL
00005c86	ec_keyboard_init	0000ae10	UNCONDITIONAL_CALL
00005c8e	ec_keyboard_init	00005df4	READ
00005c8e	ec_keyboard_init	000004a4	PARAM
00005c90	ec_keyboard_init	00005df8	READ
00005c90	ec_keyboard_init	20000f29	PARAM
00005c92	ec_keyboard_init	0000431c	UNCONDITIONAL_CALL
00005c96	ec_keyboard_init	0000ad4c	UNCONDITIONAL_CALL
00005c9a	ec_keyboard_init	00005dfc	READ
00005c9a	ec_keyboard_init	20000360	PARAM
00005c9e	ec_keyboard_init	20000376	WRITE
00005ca0	ec_keyboard_init	00005e00	READ
00005cac	ec_keyboard_init	2000310a	WRITE
00005cac	ec_keyboard_init	2000310b	WRITE
00005cac	ec_keyboard_init	20003111	WRITE
00005cb4	ec_keyboard_init	00005cac	CONDITIONAL_JUMP
00005cbc	ec_keyboard_init	00005ca4	CONDITIONAL_JUMP
00005cbe	ec_keyboard_init	00005e04	READ
00005cc0	ec_keyboard_init	00005e08	READ
00005cc6	ec_keyboard_init	20001ac4	WRITE
00005cc6	ec_keyboard_init	20001ac6	WRITE
00005cce	ec_keyboard_init	20001ada	PARAM
00005cd0	ec_keyboard_init	20001ada	WRITE
00005cd0	ec_keyboard_init	20001adb	WRITE
00005cd0	ec_keyboard_init	20001ae0	WRITE
00005cd8	ec_keyboard_init	00005cd0	CONDITIONAL_JUMP
00005ce0	ec_keyboard_init	00005cc4	CONDITIONAL_JUMP
00005ce2	ec_keyboard_init	20000360	WRITE
00005ce4	ec_keyboard_init	20000374	WRITE
00005ce6	ec_keyboard_init	20000375	WRITE
00005ce8	ec_keyboard_init	0000a984	UNCONDITIONAL_CALL
00005cec	ec_keyboard_init	00005e0c	READ
00005cee	ec_keyboard_init	20000315	WRITE
00005cf2	ec_keyboard_init	0000681c	UNCONDITIONAL_CALL
00005cf6	ec_keyboard_init	00005e10	READ
00005cfa	ec_keyboard_init	500042b0	WRITE
00005cfc	ec_keyboard_init	500042ac	WRITE
00005cfe	ec_keyboard_init	500042a8	WRITE
00005d00	ec_keyboard_init	500042a4	WRITE
00005d02	ec_keyboard_init	500042a0	WRITE
00005d04	ec_keyboard_init	00005e14	READ
00005d04	ec_keyboard_init	50004200	PARAM
00005d06	ec_keyboard_init	5000423c	WRITE
00005d08	ec_keyboard_init	0000ae10	UNCONDITIONAL_CALL
00005d0c	ec_keyboard_init	00005e18	READ
00005d0c	ec_keyboard_init	20000ca2	PARAM
00005d0e	ec_keyboard_init	00005e1c	READ
00005d0e	ec_keyboard_init	20001b1c	PARAM
00005d10	ec_keyboard_init	00007170	UNCONDITIONAL_CALL
00005d14	ec_keyboard_init	00005e20	READ
00005d14	ec_keyboard_init	20001be2	PARAM
00005d16	ec_keyboard_init	000071dc	UNCONDITIONAL_CALL
00005d1c	ec_keyboard_init	00005e20	READ
00005d2a	ec_keyboard_init	00005e24	READ
00005d30	ec_keyboard_init	20001b5e	DATA
00005d30	ec_keyboard_init	20001b64	DATA
00005d30	ec_keyboard_init	Stack[-0x18]	WRITE
00005d32	ec_keyboard_init	20001b1c	READ
00005d32	ec_keyboard_init	20001b1d	READ
00005d32	ec_keyboard_init	20001b22	READ
00005d36	ec_keyboard_init	00005d3c	CONDITIONAL_JUMP
00005d3a	ec_keyboard_init	20001b1c	WRITE
00005d3a	ec_keyboard_init	20001b1d	WRITE
00005d3a	ec_keyboard_init	20001b22	WRITE
00005d3c	ec_keyboard_init	20001be2	READ
00005d3c	ec_keyboard_init	20001be3	READ
00005d3c	ec_keyboard_init	20001be8	READ
00005d40	ec_keyboard_init	00005d46	CONDITIONAL_JUMP
00005d44	ec_keyboard_init	20001be2	WRITE
00005d44	ec_keyboard_init	20001be3	WRITE
00005d46	ec_keyboard_init	20001b1c	READ
00005d46	ec_keyboard_init	20001b1d	READ
00005d4e	ec_keyboard_init	0000013c	UNCONDITIONAL_CALL
00005d52	ec_keyboard_init	20001b5e	PARAM
00005d52	ec_keyboard_init	Stack[-0x18]	READ
00005d54	ec_keyboard_init	20001b5e	WRITE
00005d5c	ec_keyboard_init	00005d32	CONDITIONAL_JUMP
00005d64	ec_keyboard_init	00005d1c	CONDITIONAL_JUMP
00005d66	ec_keyboard_init	00005e28	READ
00005d68	ec_keyboard_init	00005e2c	READ
00005d6a	ec_keyboard_init	20000ca2	READ
00005d6e	ec_keyboard_init	00005d76	CONDITIONAL_JUMP
00005d70	ec_keyboard_init	20000ca2	WRITE
00005d72	ec_keyboard_init	20000ca4	WRITE
00005d74	ec_keyboard_init	00005d8c	UNCONDITIONAL_JUMP
00005d76	ec_keyboard_init	00007710	UNCONDITIONAL_CALL
00005d7a	ec_keyboard_init	00005e30	READ
00005d7e	ec_keyboard_init	00005d84	CONDITIONAL_JUMP
00005d80	ec_keyboard_init	20000ca4	WRITE
00005d82	ec_keyboard_init	00005d8c	UNCONDITIONAL_JUMP
00005d84	ec_keyboard_init	20000ca2	READ
00005d8a	ec_keyboard_init	20000ca4	WRITE
00005d8e	ec_keyboard_init	000043a4	UNCONDITIONAL_CALL
00005d92	ec_keyboard_init	00005e34	READ
00005d96	ec_keyboard_init	20000c55	WRITE
00005d98	ec_keyboard_init	00005d9e	CONDITIONAL_JUMP
00005d9c	ec_keyboard_init	20000c55	WRITE
00005d9e	ec_keyboard_init	00005c58	UNCONDITIONAL_CALL
00005da2	ec_keyboard_init	00005e38	READ
00005da4	ec_keyboard_init	00005e3c	READ
00005da6	ec_keyboard_init	20000cba	READ
00005daa	ec_keyboard_init	00005dbe	CONDITIONAL_JUMP
00005dac	ec_keyboard_init	20000c54	READ
00005dae	ec_keyboard_init	00005e40	READ
00005dae	ec_keyboard_init	0000bd6c	PARAM
00005db2	ec_keyboard_init	0000bd6c	DATA
00005db4	ec_keyboard_init	000007a8	UNCONDITIONAL_CALL
00005dba	ec_keyboard_init	00003898	UNCONDITIONAL_CALL
00005dbe	ec_keyboard_init	20000c5c	READ
00005dc2	ec_keyboard_init	00005dec	CONDITIONAL_JUMP
00005dc4	ec_keyboard_init	00005e44	READ
00005dc6	ec_keyboard_init	20000cd2	READ
00005dca	ec_keyboard_init	00005dec	CONDITIONAL_JUMP
00005dcc	ec_keyboard_init	20000c63	READ
00005dd0	ec_keyboard_init	00005dec	CONDITIONAL_JUMP
00005dd2	ec_keyboard_init	0000ae10	UNCONDITIONAL_CALL
00005dd6	ec_keyboard_init	00002a0c	UNCONDITIONAL_CALL
00005ddc	ec_keyboard_init	00008c80	UNCONDITIONAL_CALL
00005de0	ec_keyboard_init	00005e48	READ
00005de2	ec_keyboard_init	000007a8	UNCONDITIONAL_CALL
00005de8	ec_keyboard_init	00003898	UNCONDITIONAL_CALL
00005dee	ec_keyboard_init	20000c56	WRITE
00005e4c	ec_process_scan_records	00005fe0	READ
00005e4e	ec_process_scan_records	20000376	READ
00005e52	ec_process_scan_records	00005f50	CONDITIONAL_JUMP
00005e5a	ec_process_scan_records	00005fe0	READ
00005e5c	ec_process_scan_records	Stack[-0x30]	WRITE
00005e5e	ec_process_scan_records	20000376	READ
00005e62	ec_process_scan_records	00005f52	CONDITIONAL_JUMP
00005e64	ec_process_scan_records	00005fe4	READ
00005e66	ec_process_scan_records	20000cba	READ
00005e68	ec_process_scan_records	Stack[-0x1c]	WRITE
00005e6a	ec_process_scan_records	Stack[-0x30]	READ
00005e70	ec_process_scan_records	00005fe8	READ
00005e74	ec_process_scan_records	Stack[-0x20]	WRITE
00005e76	ec_process_scan_records	2000310a	DATA
00005e7c	ec_process_scan_records	00005fec	READ
00005e86	ec_process_scan_records	2000310b	DATA
00005e86	ec_process_scan_records	2000310c	DATA
00005e88	ec_process_scan_records	20001b1c	DATA
00005e88	ec_process_scan_records	20001b1d	DATA
00005e8c	ec_process_scan_records	00005e94	CONDITIONAL_JUMP
00005e92	ec_process_scan_records	00005e96	UNCONDITIONAL_JUMP
00005ea0	ec_process_scan_records	00005e84	CONDITIONAL_JUMP
00005ea2	ec_process_scan_records	Stack[-0x18]	WRITE
00005ea4	ec_process_scan_records	00005fe8	READ
00005ea6	ec_process_scan_records	2000310a	DATA
00005eaa	ec_process_scan_records	2000310a	DATA
00005eb0	ec_process_scan_records	Stack[-0x2c]	WRITE
00005eb4	ec_process_scan_records	Stack[-0x24]	WRITE
00005eb6	ec_process_scan_records	00005ff0	READ
00005eb6	ec_process_scan_records	20001ba0	PARAM
00005eb8	ec_process_scan_records	Stack[-0x2c]	READ
00005ebe	ec_process_scan_records	Stack[-0x28]	WRITE
00005ec0	ec_process_scan_records	00005ff4	READ
00005ec2	ec_process_scan_records	Stack[-0x2c]	READ
00005ec8	ec_process_scan_records	Stack[-0x20]	READ
00005ecc	ec_process_scan_records	2000310b	DATA
00005ecc	ec_process_scan_records	2000310c	DATA
00005ed0	ec_process_scan_records	2000310b	DATA
00005ed0	ec_process_scan_records	2000310c	DATA
00005ed2	ec_process_scan_records	Stack[-0x24]	READ
00005ed4	ec_process_scan_records	20001b1c	DATA
00005ed4	ec_process_scan_records	20001b1d	DATA
00005ed8	ec_process_scan_records	00005ee0	CONDITIONAL_JUMP
00005ede	ec_process_scan_records	00005ee2	UNCONDITIONAL_JUMP
00005ee2	ec_process_scan_records	Stack[-0x1c]	READ
00005ee4	ec_process_scan_records	Stack[-0x18]	READ
00005ee8	ec_process_scan_records	00005efa	CONDITIONAL_JUMP
00005ef2	ec_process_scan_records	00000168	UNCONDITIONAL_CALL
00005ef8	ec_process_scan_records	00005f08	UNCONDITIONAL_JUMP
00005f02	ec_process_scan_records	00000168	UNCONDITIONAL_CALL
00005f0a	ec_process_scan_records	00005f10	CONDITIONAL_JUMP
00005f10	ec_process_scan_records	Stack[-0x28]	READ
00005f12	ec_process_scan_records	20001ba0	DATA
00005f12	ec_process_scan_records	20001ba1	DATA
00005f1a	ec_process_scan_records	00005f68	CONDITIONAL_JUMP
00005f1c	ec_process_scan_records	00005ff8	READ
00005f1e	ec_process_scan_records	20001ac4	DATA
00005f20	ec_process_scan_records	00005ffc	READ
00005f24	ec_process_scan_records	0000c19e	READ
00005f24	ec_process_scan_records	0000c1a0	READ
00005f28	ec_process_scan_records	00005fb6	CONDITIONAL_JUMP
00005f2a	ec_process_scan_records	20001ada	DATA
00005f2a	ec_process_scan_records	20001adb	DATA
00005f30	ec_process_scan_records	20001ada	DATA
00005f30	ec_process_scan_records	20001adb	DATA
00005f34	ec_process_scan_records	00005fba	CONDITIONAL_JUMP
00005f36	ec_process_scan_records	Stack[-0x2c]	READ
00005f38	ec_process_scan_records	00005fe0	READ
00005f3c	ec_process_scan_records	00006000	READ
00005f3e	ec_process_scan_records	00006004	READ
00005f3e	ec_process_scan_records	20000ee7	PARAM
00005f40	ec_process_scan_records	0000c47a	DATA
00005f46	ec_process_scan_records	20000360	READ
00005f48	ec_process_scan_records	20000ee7	DATA
00005f4c	ec_process_scan_records	20000360	WRITE
00005f4e	ec_process_scan_records	00005f54	UNCONDITIONAL_JUMP
00005f50	ec_process_scan_records	00005fde	UNCONDITIONAL_JUMP
00005f52	ec_process_scan_records	00005fd4	UNCONDITIONAL_JUMP
00005f54	ec_process_scan_records	00005ff8	READ
00005f56	ec_process_scan_records	20001ac4	DATA
00005f5a	ec_process_scan_records	20001ac4	DATA
00005f5e	ec_process_scan_records	20001ada	DATA
00005f60	ec_process_scan_records	00006008	READ
00005f64	ec_process_scan_records	20000321	WRITE
00005f66	ec_process_scan_records	00005fba	UNCONDITIONAL_JUMP
00005f6a	ec_process_scan_records	00005fba	CONDITIONAL_JUMP
00005f6c	ec_process_scan_records	00005ff8	READ
00005f6e	ec_process_scan_records	20001ac4	DATA
00005f70	ec_process_scan_records	00005ffc	READ
00005f74	ec_process_scan_records	0000c1a0	READ
00005f78	ec_process_scan_records	00005fb6	CONDITIONAL_JUMP
00005f7a	ec_process_scan_records	20001adb	DATA
00005f80	ec_process_scan_records	20001adb	DATA
00005f84	ec_process_scan_records	00005fba	CONDITIONAL_JUMP
00005f86	ec_process_scan_records	Stack[-0x2c]	READ
00005f88	ec_process_scan_records	00005fe0	READ
00005f8c	ec_process_scan_records	00006000	READ
00005f8e	ec_process_scan_records	0000c47b	DATA
00005f90	ec_process_scan_records	00006004	READ
00005f94	ec_process_scan_records	20000360	READ
00005f98	ec_process_scan_records	20000ee7	DATA
00005f9c	ec_process_scan_records	00005ff8	READ
00005f9e	ec_process_scan_records	20000360	WRITE
00005fa0	ec_process_scan_records	20001ac4	DATA
00005fa2	ec_process_scan_records	0000600c	READ
00005fa4	ec_process_scan_records	0000c1c0	READ
00005fa8	ec_process_scan_records	20001ac4	DATA
00005fac	ec_process_scan_records	20001adb	DATA
00005fae	ec_process_scan_records	00006008	READ
00005fb2	ec_process_scan_records	20000321	WRITE
00005fb4	ec_process_scan_records	00005fba	UNCONDITIONAL_JUMP
00005fb8	ec_process_scan_records	20001adb	DATA
00005fc0	ec_process_scan_records	00005ec8	CONDITIONAL_JUMP
00005fc2	ec_process_scan_records	Stack[-0x30]	READ
00005fc4	ec_process_scan_records	00005fe0	READ
00005fca	ec_process_scan_records	Stack[-0x30]	WRITE
00005fcc	ec_process_scan_records	20000376	READ
00005fd0	ec_process_scan_records	00005fd4	CONDITIONAL_JUMP
00005fd2	ec_process_scan_records	00005e6a	UNCONDITIONAL_JUMP
00005fd4	ec_process_scan_records	00005fe0	READ
00005fd4	ec_process_scan_records	20000360	DATA
00005fd8	ec_process_scan_records	20000376	WRITE
00006014	ble_send_frame	00006058	READ
0000601c	ble_send_frame	2000380a	WRITE
0000601c	ble_send_frame	2000380b	WRITE
00006022	ble_send_frame	0000601c	CONDITIONAL_JUMP
00006026	ble_send_frame	00006058	READ
0000602a	ble_send_frame	0000603e	CONDITIONAL_JUMP
0000602e	ble_send_frame	2000380a	WRITE
0000602e	ble_send_frame	2000380b	WRITE
0000603c	ble_send_frame	0000602c	CONDITIONAL_JUMP
0000603e	ble_send_frame	0000605c	READ
0000603e	ble_send_frame	200003b0	PARAM
00006042	ble_send_frame	0000604a	CONDITIONAL_JUMP
00006044	ble_send_frame	20003813	WRITE
00006048	ble_send_frame	0000604e	UNCONDITIONAL_JUMP
0000604a	ble_send_frame	2000380a	DATA
0000604e	ble_send_frame	200003b0	WRITE
00006050	ble_send_frame	00003010	UNCONDITIONAL_CALL
00006060	FUN_00006060	00006100	READ
00006062	FUN_00006060	20000cba	READ
00006066	FUN_00006060	000060fc	CONDITIONAL_JUMP
00006068	FUN_00006060	00006104	READ
0000606a	FUN_00006060	20000c5e	READ
0000606e	FUN_00006060	000060fc	CONDITIONAL_JUMP
00006070	FUN_00006060	00006108	READ
00006070	FUN_00006060	20000400	DATA
00006072	FUN_00006060	20000414	READ
00006078	FUN_00006060	20000414	WRITE
0000607c	FUN_00006060	000060fc	CONDITIONAL_JUMP
00006082	FUN_00006060	20000414	WRITE
00006084	FUN_00006060	00006110	READ
00006088	FUN_00006060	20000400	READ
0000608a	FUN_00006060	20000401	READ
0000608e	FUN_00006060	0000610c	READ
00006094	FUN_00006060	000060a2	CONDITIONAL_JUMP
0000609c	FUN_00006060	20000400	WRITE
0000609e	FUN_00006060	000060b2	CONDITIONAL_JUMP
000060a0	FUN_00006060	000060c8	UNCONDITIONAL_JUMP
000060a6	FUN_00006060	20000400	WRITE
000060aa	FUN_00006060	000060c8	CONDITIONAL_JUMP
000060ae	FUN_00006060	20000401	WRITE
000060b0	FUN_00006060	000060c8	UNCONDITIONAL_JUMP
000060b2	FUN_00006060	20000401	WRITE
000060b4	FUN_00006060	200003ff	READ
000060ba	FUN_00006060	200003ff	WRITE
000060be	FUN_00006060	000060c2	CONDITIONAL_JUMP
000060c0	FUN_00006060	200003ff	WRITE
000060c2	FUN_00006060	20003880	WRITE
000060c4	FUN_00006060	20003881	WRITE
000060c6	FUN_00006060	20003882	WRITE
000060c8	FUN_00006060	200003ff	READ
000060ca	FUN_00006060	00006118	READ
000060d0	FUN_00006060	00006114	READ
000060d2	FUN_00006060	0000c86b	READ
000060d6	FUN_00006060	000060de	CONDITIONAL_JUMP
000060d8	FUN_00006060	20000400	READ
000060da	FUN_00006060	0000c839	DATA
000060dc	FUN_00006060	20003880	WRITE
000060e0	FUN_00006060	0000c86c	READ
000060e4	FUN_00006060	000060ec	CONDITIONAL_JUMP
000060e6	FUN_00006060	20000400	READ
000060e8	FUN_00006060	0000c839	DATA
000060ea	FUN_00006060	20003881	WRITE
000060ec	FUN_00006060	0000c86d	DATA
000060f0	FUN_00006060	000060f8	CONDITIONAL_JUMP
000060f2	FUN_00006060	20000400	READ
000060f4	FUN_00006060	0000c839	DATA
000060f6	FUN_00006060	20003882	WRITE
0000611e	FUN_0000611c	0000613c	READ
0000611e	FUN_0000611c	20000c4c	PARAM
00006120	FUN_0000611c	20000c5c	READ
00006124	FUN_0000611c	00006138	CONDITIONAL_JUMP
00006126	FUN_0000611c	00006438	UNCONDITIONAL_CALL
0000612a	FUN_0000611c	00006140	READ
0000612a	FUN_0000611c	20000cac	DATA
0000612c	FUN_0000611c	20000cbb	READ
00006130	FUN_0000611c	00006136	CONDITIONAL_JUMP
00006134	FUN_0000611c	20000cba	WRITE
00006138	FUN_0000611c	20000c62	WRITE
0000614c	configuration_factory_reset	000001c2	UNCONDITIONAL_CALL
00006156	configuration_factory_reset	00004210	UNCONDITIONAL_CALL
0000615e	configuration_factory_reset	Stack[-0x60]	WRITE
00006162	configuration_factory_reset	Stack[-0x5f]	WRITE
00006164	configuration_factory_reset	Stack[-0x5e]	WRITE
00006166	configuration_factory_reset	Stack[-0x5d]	WRITE
00006168	configuration_factory_reset	Stack[-0x5c]	WRITE
0000616c	configuration_factory_reset	Stack[-0x5b]	WRITE
0000616e	configuration_factory_reset	Stack[-0x5a]	WRITE
00006170	configuration_factory_reset	Stack[-0x59]	WRITE
00006174	configuration_factory_reset	Stack[-0x58]	WRITE
00006176	configuration_factory_reset	Stack[-0x57]	WRITE
0000617a	configuration_factory_reset	Stack[-0x56]	WRITE
0000617e	configuration_factory_reset	Stack[-0x55]	WRITE
00006180	configuration_factory_reset	Stack[-0x54]	WRITE
00006182	configuration_factory_reset	Stack[-0x53]	WRITE
00006184	configuration_factory_reset	Stack[-0x52]	WRITE
00006186	configuration_factory_reset	Stack[-0x51]	WRITE
00006188	configuration_factory_reset	Stack[-0x50]	WRITE
0000618a	configuration_factory_reset	Stack[-0x4f]	WRITE
0000618c	configuration_factory_reset	Stack[-0x4e]	WRITE
0000618e	configuration_factory_reset	Stack[-0x4d]	WRITE
00006190	configuration_factory_reset	Stack[-0x4c]	WRITE
00006192	configuration_factory_reset	Stack[-0x4b]	WRITE
00006194	configuration_factory_reset	Stack[-0x4a]	WRITE
00006196	configuration_factory_reset	Stack[-0x49]	WRITE
00006198	configuration_factory_reset	Stack[-0x48]	WRITE
0000619a	configuration_factory_reset	Stack[-0x47]	WRITE
0000619c	configuration_factory_reset	Stack[-0x46]	WRITE
0000619e	configuration_factory_reset	Stack[-0x45]	WRITE
000061a0	configuration_factory_reset	Stack[-0x44]	WRITE
000061a2	configuration_factory_reset	Stack[-0x43]	WRITE
000061a4	configuration_factory_reset	Stack[-0x42]	WRITE
000061a6	configuration_factory_reset	Stack[-0x41]	WRITE
000061f2	configuration_factory_reset	00004210	UNCONDITIONAL_CALL
000061fa	configuration_factory_reset	00006288	READ
000061fa	configuration_factory_reset	0000c582	PARAM
000061fc	configuration_factory_reset	00004210	UNCONDITIONAL_CALL
00006200	configuration_factory_reset	0000628c	READ
00006206	configuration_factory_reset	Stack[-0x20]	WRITE
0000620a	configuration_factory_reset	Stack[-0x18]	WRITE
00006212	configuration_factory_reset	0000013c	UNCONDITIONAL_CALL
00006216	configuration_factory_reset	Stack[-0x1c]	WRITE
00006218	configuration_factory_reset	00006290	READ
00006222	configuration_factory_reset	Stack[-0x18]	READ
00006224	configuration_factory_reset	Stack[-0x60]	WRITE
0000622a	configuration_factory_reset	Stack[-0x5f]	WRITE
00006230	configuration_factory_reset	Stack[-0x5e]	WRITE
00006232	configuration_factory_reset	00006294	READ
00006234	configuration_factory_reset	Stack[-0x1c]	READ
00006238	configuration_factory_reset	0000c4bc	DATA
00006238	configuration_factory_reset	0000c4bf	DATA
0000623c	configuration_factory_reset	Stack[-0x5c]	WRITE
00006240	configuration_factory_reset	0000625e	CONDITIONAL_JUMP
00006244	configuration_factory_reset	Stack[-0x5d]	WRITE
00006246	configuration_factory_reset	00000665	PARAM
0000624c	configuration_factory_reset	00004210	UNCONDITIONAL_CALL
00006254	configuration_factory_reset	20000f29	WRITE
00006258	configuration_factory_reset	20000f2a	WRITE
0000625c	configuration_factory_reset	00006268	UNCONDITIONAL_JUMP
0000625e	configuration_factory_reset	Stack[-0x5d]	WRITE
00006262	configuration_factory_reset	20000f2b	WRITE
00006266	configuration_factory_reset	20000f2c	WRITE
0000626c	configuration_factory_reset	00006220	CONDITIONAL_JUMP
0000626e	configuration_factory_reset	Stack[-0x20]	READ
00006274	configuration_factory_reset	00006204	CONDITIONAL_JUMP
0000627a	configuration_factory_reset	00006298	READ
0000627a	configuration_factory_reset	000004a4	PARAM
0000627c	configuration_factory_reset	00006290	READ
0000627c	configuration_factory_reset	20000f29	PARAM
0000627e	configuration_factory_reset	00004210	UNCONDITIONAL_CALL
000062a0	FUN_0000629c	000062f0	READ
000062a0	FUN_0000629c	20000360	PARAM
000062a2	FUN_0000629c	000062f4	READ
000062a2	FUN_0000629c	20000e0c	PARAM
000062a4	FUN_0000629c	20000367	WRITE
000062a8	FUN_0000629c	20000e0c	WRITE
000062a8	FUN_0000629c	20000e0d	WRITE
000062b0	FUN_0000629c	000062a8	CONDITIONAL_JUMP
000062b4	FUN_0000629c	20000e0c	WRITE
000062b6	FUN_0000629c	000062f8	READ
000062b8	FUN_0000629c	20000363	WRITE
000062bc	FUN_0000629c	20000e15	WRITE
000062bc	FUN_0000629c	20000e16	WRITE
000062c4	FUN_0000629c	000062bc	CONDITIONAL_JUMP
000062c8	FUN_0000629c	20000e15	WRITE
000062ca	FUN_0000629c	000062fc	READ
000062cc	FUN_0000629c	20000364	WRITE
000062ce	FUN_0000629c	20000c5c	READ
000062d2	FUN_0000629c	000062e0	CONDITIONAL_JUMP
000062d4	FUN_0000629c	20000c5d	READ
000062d8	FUN_0000629c	000062de	CONDITIONAL_JUMP
000062da	FUN_0000629c	0000a1b4	UNCONDITIONAL_CALL
000062e2	FUN_0000629c	20000e0c	WRITE
000062e6	FUN_0000629c	20000e15	WRITE
000062e8	FUN_0000629c	00002d2c	UNCONDITIONAL_CALL
00006302	FUN_00006300	00006400	READ
00006308	FUN_00006300	20000cc2	WRITE
0000630a	FUN_00006300	20000cc0	READ
0000630c	FUN_00006300	00006404	READ
00006310	FUN_00006300	00006408	READ
00006314	FUN_00006300	00006336	CONDITIONAL_JUMP
00006318	FUN_00006300	20000cd3	READ
0000631c	FUN_00006300	000063ac	CONDITIONAL_JUMP
00006320	FUN_00006300	000063aa	CONDITIONAL_JUMP
00006322	FUN_00006300	20000312	READ
00006328	FUN_00006300	20000312	WRITE
0000632c	FUN_00006300	000063ac	CONDITIONAL_JUMP
0000632e	FUN_00006300	00002ca4	UNCONDITIONAL_CALL
00006332	FUN_00006300	20000cd3	WRITE
00006334	FUN_00006300	000063ac	UNCONDITIONAL_JUMP
00006336	FUN_00006300	20000c56	WRITE
00006338	FUN_00006300	20000c63	READ
0000633c	FUN_00006300	00006368	CONDITIONAL_JUMP
0000633e	FUN_00006300	20000cba	READ
00006342	FUN_00006300	00006368	CONDITIONAL_JUMP
00006346	FUN_00006300	0000640c	READ
00006348	FUN_00006300	20000cbe	WRITE
0000634a	FUN_00006300	20000c72	READ
0000634e	FUN_00006300	00006362	CONDITIONAL_JUMP
00006350	FUN_00006300	20000c74	READ
00006352	FUN_00006300	00006410	READ
00006354	FUN_00006300	0000c66b	DATA
00006356	FUN_00006300	20000cbf	WRITE
00006358	FUN_00006300	2000032c	WRITE
0000635a	FUN_00006300	2000033a	WRITE
0000635c	FUN_00006300	20000c56	WRITE
00006362	FUN_00006300	00006414	READ
00006364	FUN_00006300	200003ca	READ
00006366	FUN_00006300	00006356	UNCONDITIONAL_JUMP
00006368	FUN_00006300	00006418	READ
0000636a	FUN_00006300	40010000	READ
00006370	FUN_00006300	40010000	WRITE
00006372	FUN_00006300	0000641c	READ
00006372	FUN_00006300	40110000	PARAM
00006374	FUN_00006300	40110000	READ
00006378	FUN_00006300	40110000	WRITE
0000637a	FUN_00006300	00006420	READ
0000637c	FUN_00006300	00003898	UNCONDITIONAL_CALL
00006380	FUN_00006300	00006424	READ
00006382	FUN_00006300	00003898	UNCONDITIONAL_CALL
00006388	FUN_00006300	20000cc0	WRITE
0000638a	FUN_00006300	2000032c	WRITE
0000638c	FUN_00006300	20000312	WRITE
0000638e	FUN_00006300	2000033a	WRITE
00006392	FUN_00006300	20000cc7	WRITE
00006394	FUN_00006300	00006730	UNCONDITIONAL_CALL
0000639a	FUN_00006300	00008c80	UNCONDITIONAL_CALL
000063a0	FUN_00006300	20000c56	WRITE
000063a4	FUN_00006300	20000313	WRITE
000063aa	FUN_00006300	20000312	WRITE
000063ac	FUN_00006300	20000cc4	READ
000063b0	FUN_00006300	000063a6	CONDITIONAL_JUMP
000063b2	FUN_00006300	2000032c	READ
000063b4	FUN_00006300	00006428	READ
000063b4	FUN_00006300	0000c0d0	PARAM
000063ba	FUN_00006300	2000032c	WRITE
000063be	FUN_00006300	0000c0d0	DATA
000063c2	FUN_00006300	000063a6	CONDITIONAL_JUMP
000063c4	FUN_00006300	00006408	READ
000063c6	FUN_00006300	20000c56	WRITE
000063c8	FUN_00006300	20000317	READ
000063cc	FUN_00006300	000063f8	CONDITIONAL_JUMP
000063d0	FUN_00006300	20000317	WRITE
000063d4	FUN_00006300	0000642c	READ
000063da	FUN_00006300	000001c2	UNCONDITIONAL_CALL
000063e0	FUN_00006300	20000ce4	PARAM
000063e4	FUN_00006300	00004024	UNCONDITIONAL_CALL
000063e8	FUN_00006300	00006430	READ
000063ee	FUN_00006300	00004210	UNCONDITIONAL_CALL
000063f4	FUN_00006300	00004054	UNCONDITIONAL_CALL
000063f8	FUN_00006300	00006434	READ
000063fa	FUN_00006300	50004250	WRITE
000063fc	FUN_00006300	20000cc5	WRITE
000063fe	FUN_00006300	000063fe	UNCONDITIONAL_JUMP
00006438	FUN_00006438	00006468	READ
0000643c	FUN_00006438	20000c61	WRITE
0000643e	FUN_00006438	0000646c	READ
00006440	FUN_00006438	20000cc7	READ
00006442	FUN_00006438	0000644a	CONDITIONAL_JUMP
00006448	FUN_00006438	0000644e	UNCONDITIONAL_JUMP
0000644e	FUN_00006438	20000cc7	WRITE
00006452	FUN_00006438	0000645c	CONDITIONAL_JUMP
0000645a	FUN_00006438	00006462	UNCONDITIONAL_JUMP
00006462	FUN_00006438	20000cc7	WRITE
00006470	FUN_00006470	000064a0	READ
00006474	FUN_00006470	20000c61	WRITE
00006476	FUN_00006470	000064a4	READ
00006478	FUN_00006470	20000cc7	READ
0000647a	FUN_00006470	00006482	CONDITIONAL_JUMP
00006480	FUN_00006470	00006486	UNCONDITIONAL_JUMP
00006486	FUN_00006470	20000cc7	WRITE
0000648a	FUN_00006470	00006494	CONDITIONAL_JUMP
00006492	FUN_00006470	0000649a	UNCONDITIONAL_JUMP
0000649a	FUN_00006470	20000cc7	WRITE
000064aa	FUN_000064a8	0000658c	READ
000064ac	FUN_000064a8	20000c63	READ
000064b0	FUN_000064a8	00006588	CONDITIONAL_JUMP
000064bc	FUN_000064a8	20000c56	WRITE
000064c0	FUN_000064a8	00006536	CONDITIONAL_JUMP
000064c2	FUN_000064a8	20000cbc	READ
000064c6	FUN_000064a8	00006516	CONDITIONAL_JUMP
000064c8	FUN_000064a8	20000cba	WRITE
000064ca	FUN_000064a8	00006590	READ
000064cc	FUN_000064a8	20000cbb	WRITE
000064ce	FUN_000064a8	40010020	READ
000064d0	FUN_000064a8	40000000	PARAM
000064d4	FUN_000064a8	40010020	WRITE
000064d6	FUN_000064a8	00006594	READ
000064d8	FUN_000064a8	00003898	UNCONDITIONAL_CALL
000064dc	FUN_000064a8	00006778	UNCONDITIONAL_CALL
000064e0	FUN_000064a8	00002a0c	UNCONDITIONAL_CALL
000064e4	FUN_000064a8	20000c74	READ
000064e6	FUN_000064a8	00006598	READ
000064e8	FUN_000064a8	0000c66b	DATA
000064ea	FUN_000064a8	00000660	UNCONDITIONAL_CALL
000064f0	FUN_000064a8	000043a4	UNCONDITIONAL_CALL
000064f4	FUN_000064a8	20000c72	WRITE
000064f8	FUN_000064a8	000064fc	CONDITIONAL_JUMP
000064fa	FUN_000064a8	20000c72	WRITE
000064fc	FUN_000064a8	0000659c	READ
000064fe	FUN_000064a8	200003c7	READ
00006502	FUN_000064a8	00006528	CONDITIONAL_JUMP
00006506	FUN_000064a8	00000a68	UNCONDITIONAL_CALL
0000650a	FUN_000064a8	20000c54	READ
0000650c	FUN_000064a8	000065a0	READ
0000650c	FUN_000064a8	0000bd6c	PARAM
00006510	FUN_000064a8	0000bd6c	DATA
00006512	FUN_000064a8	000007a8	UNCONDITIONAL_CALL
00006516	FUN_000064a8	0000659c	READ
00006518	FUN_000064a8	200003c7	READ
0000651c	FUN_000064a8	0000652c	CONDITIONAL_JUMP
00006522	FUN_000064a8	000008ec	UNCONDITIONAL_CALL
00006526	FUN_000064a8	00006584	UNCONDITIONAL_JUMP
00006528	FUN_000064a8	200003c2	READ
0000652a	FUN_000064a8	00006506	UNCONDITIONAL_JUMP
0000652c	FUN_000064a8	200003c2	READ
00006530	FUN_000064a8	000008ec	UNCONDITIONAL_CALL
00006534	FUN_000064a8	00006584	UNCONDITIONAL_JUMP
00006536	FUN_000064a8	20000cba	READ
00006538	FUN_000064a8	20000cbc	WRITE
0000653c	FUN_000064a8	00006572	CONDITIONAL_JUMP
0000653e	FUN_000064a8	20000c54	READ
00006540	FUN_000064a8	000065a4	READ
00006540	FUN_000064a8	0000bd60	PARAM
00006544	FUN_000064a8	0000bd60	DATA
00006546	FUN_000064a8	000007a8	UNCONDITIONAL_CALL
0000654a	FUN_000064a8	00006594	READ
0000654c	FUN_000064a8	000038b4	UNCONDITIONAL_CALL
00006550	FUN_000064a8	00006590	READ
00006552	FUN_000064a8	40010020	READ
00006554	FUN_000064a8	40000000	PARAM
00006558	FUN_000064a8	40010020	WRITE
0000655c	FUN_000064a8	20000cba	WRITE
0000655e	FUN_000064a8	20000cbb	WRITE
00006560	FUN_000064a8	20000c72	WRITE
00006564	FUN_000064a8	00000a68	UNCONDITIONAL_CALL
00006568	FUN_000064a8	20000c74	READ
0000656a	FUN_000064a8	00006598	READ
0000656c	FUN_000064a8	0000c66b	DATA
0000656e	FUN_000064a8	0000068c	UNCONDITIONAL_CALL
00006572	FUN_000064a8	000065a8	READ
00006574	FUN_000064a8	200003ff	WRITE
00006576	FUN_000064a8	000065ac	READ
00006578	FUN_000064a8	20000401	WRITE
0000657a	FUN_000064a8	20000400	WRITE
0000657c	FUN_000064a8	000065b0	READ
0000657e	FUN_000064a8	20003880	WRITE
00006580	FUN_000064a8	20003881	WRITE
00006582	FUN_000064a8	20003882	WRITE
00006586	FUN_000064a8	20000c56	WRITE
000065b6	FUN_000065b4	00006674	READ
000065b8	FUN_000065b4	00006678	READ
000065ba	FUN_000065b4	20000cd3	READ
000065be	FUN_000065b4	000065da	CONDITIONAL_JUMP
000065c2	FUN_000065b4	20000cc2	WRITE
000065c4	FUN_000065b4	20000cc0	READ
000065c8	FUN_000065b4	00006664	CONDITIONAL_JUMP
000065ca	FUN_000065b4	0000667c	READ
000065ce	FUN_000065b4	20000c56	WRITE
000065d0	FUN_000065b4	20000c63	READ
000065d4	FUN_000065b4	000065de	CONDITIONAL_JUMP
000065d8	FUN_000065b4	000065e0	UNCONDITIONAL_JUMP
000065dc	FUN_000065b4	000065c2	UNCONDITIONAL_JUMP
000065e0	FUN_000065b4	00008c80	UNCONDITIONAL_CALL
000065e4	FUN_000065b4	20000cd3	READ
000065e8	FUN_000065b4	000065f2	CONDITIONAL_JUMP
000065ec	FUN_000065b4	20000cd3	WRITE
000065ee	FUN_000065b4	0000037c	UNCONDITIONAL_CALL
000065f4	FUN_000065b4	20000cc0	WRITE
000065f6	FUN_000065b4	00006680	READ
000065f8	FUN_000065b4	000038b4	UNCONDITIONAL_CALL
000065fc	FUN_000065b4	00006684	READ
000065fe	FUN_000065b4	000038b4	UNCONDITIONAL_CALL
00006602	FUN_000065b4	00006688	READ
00006604	FUN_000065b4	40110000	READ
0000660a	FUN_000065b4	40110000	WRITE
0000660c	FUN_000065b4	0000668c	READ
0000660e	FUN_000065b4	40010000	READ
00006612	FUN_000065b4	40010000	WRITE
00006614	FUN_000065b4	20000c63	READ
00006618	FUN_000065b4	0000665c	CONDITIONAL_JUMP
0000661a	FUN_000065b4	20000c61	READ
0000661e	FUN_000065b4	00006628	CONDITIONAL_JUMP
00006620	FUN_000065b4	20000cc7	READ
00006626	FUN_000065b4	20000cc7	WRITE
0000662a	FUN_000065b4	00006634	CONDITIONAL_JUMP
0000662c	FUN_000065b4	20000cc7	READ
00006632	FUN_000065b4	20000cc7	WRITE
00006634	FUN_000065b4	20000cba	READ
00006638	FUN_000065b4	0000665c	CONDITIONAL_JUMP
0000663a	FUN_000065b4	00006690	READ
0000663c	FUN_000065b4	000038b4	UNCONDITIONAL_CALL
00006640	FUN_000065b4	00006694	READ
00006642	FUN_000065b4	40010020	READ
00006646	FUN_000065b4	40010020	WRITE
00006648	FUN_000065b4	00006698	READ
0000664a	FUN_000065b4	20000c72	READ
0000664e	FUN_000065b4	00006666	CONDITIONAL_JUMP
00006652	FUN_000065b4	20000cbe	WRITE
00006656	FUN_000065b4	20000cbf	WRITE
00006658	FUN_000065b4	0000068c	UNCONDITIONAL_CALL
0000665c	FUN_000065b4	0000669c	READ
0000665e	FUN_000065b4	20000313	WRITE
00006662	FUN_000065b4	20000c56	WRITE
00006666	FUN_000065b4	000066a0	READ
0000666a	FUN_000065b4	200003c8	WRITE
0000666c	FUN_000065b4	000066a4	READ
0000666c	FUN_000065b4	200003ca	PARAM
0000666e	FUN_000065b4	200003ca	WRITE
00006670	FUN_000065b4	00006658	UNCONDITIONAL_JUMP
000066aa	FUN_000066a8	00006724	READ
000066aa	FUN_000066a8	50000100	DATA
000066ac	FUN_000066a8	50000100	READ
000066b0	FUN_000066a8	000066c4	CONDITIONAL_JUMP
000066b8	FUN_000066a8	50000100	WRITE
000066ba	FUN_000066a8	50000100	WRITE
000066bc	FUN_000066a8	50000100	WRITE
000066be	FUN_000066a8	50000100	READ
000066c2	FUN_000066a8	000066b8	CONDITIONAL_JUMP
000066c4	FUN_000066a8	00006728	READ
000066c6	FUN_000066a8	5000c000	READ
000066cc	FUN_000066a8	5000c000	WRITE
000066ce	FUN_000066a8	5000c000	READ
000066d4	FUN_000066a8	5000c000	WRITE
000066da	FUN_000066a8	5000c00c	WRITE
000066dc	FUN_000066a8	5000c004	WRITE
000066de	FUN_000066a8	5000c010	WRITE
000066e4	FUN_000066a8	5000c010	READ
000066e8	FUN_000066a8	000066e4	CONDITIONAL_JUMP
000066ea	FUN_000066a8	5000c000	READ
000066ee	FUN_000066a8	000066f8	CONDITIONAL_JUMP
000066f0	FUN_000066a8	5000c000	READ
000066f6	FUN_000066a8	5000c000	WRITE
000066f8	FUN_000066a8	5000c000	READ
000066fc	FUN_000066a8	5000c000	WRITE
000066fe	FUN_000066a8	0000672c	READ
00006702	FUN_000066a8	5000c00c	WRITE
00006704	FUN_000066a8	5000c004	WRITE
00006706	FUN_000066a8	5000c008	WRITE
00006708	FUN_000066a8	5000c010	WRITE
0000670e	FUN_000066a8	5000c010	READ
00006712	FUN_000066a8	0000670e	CONDITIONAL_JUMP
00006714	FUN_000066a8	5000c000	READ
0000671a	FUN_000066a8	5000c000	WRITE
0000671e	FUN_000066a8	50000100	WRITE
00006732	FUN_00006730	0000676c	READ
00006734	FUN_00006730	20000cc9	READ
00006738	FUN_00006730	0000673e	CONDITIONAL_JUMP
0000673e	FUN_00006730	00006770	READ
00006742	FUN_00006730	50004264	WRITE
00006744	FUN_00006730	00006774	READ
0000674a	FUN_00006730	50004268	WRITE
00006752	FUN_00006730	00006758	CONDITIONAL_JUMP
00006754	FUN_00006730	500042b4	WRITE
00006756	FUN_00006730	0000675a	UNCONDITIONAL_JUMP
00006758	FUN_00006730	500042b4	WRITE
0000675a	FUN_00006730	50004268	WRITE
00006762	FUN_00006730	0000674a	CONDITIONAL_JUMP
00006764	FUN_00006730	50004264	WRITE
0000677a	FUN_00006778	000067b8	READ
0000677e	FUN_00006778	50004284	WRITE
00006780	FUN_00006778	000067bc	READ
0000678a	FUN_00006778	50004280	WRITE
00006792	FUN_00006778	00006798	CONDITIONAL_JUMP
00006794	FUN_00006778	50004288	WRITE
00006796	FUN_00006778	0000679a	UNCONDITIONAL_JUMP
00006798	FUN_00006778	50004288	WRITE
0000679a	FUN_00006778	50004280	WRITE
000067a2	FUN_00006778	0000678a	CONDITIONAL_JUMP
000067aa	FUN_00006778	00006786	CONDITIONAL_JUMP
000067b0	FUN_00006778	0000afcc	UNCONDITIONAL_CALL
000067b4	FUN_00006778	50004284	WRITE
000067c2	FUN_000067c0	00006810	READ
000067c8	FUN_000067c0	50004284	WRITE
000067d2	FUN_000067c0	00006814	READ
000067d6	FUN_000067c0	20000422	READ
000067d6	FUN_000067c0	20000420	READ
000067dc	FUN_000067c0	50004280	WRITE
000067e4	FUN_000067c0	000067ea	CONDITIONAL_JUMP
000067e6	FUN_000067c0	50004288	WRITE
000067e8	FUN_000067c0	000067ec	UNCONDITIONAL_JUMP
000067ea	FUN_000067c0	50004288	WRITE
000067ec	FUN_000067c0	50004280	WRITE
000067f4	FUN_000067c0	000067dc	CONDITIONAL_JUMP
000067fc	FUN_000067c0	000067cc	CONDITIONAL_JUMP
000067fe	FUN_000067c0	00006818	READ
00006802	FUN_000067c0	0000c6b6	DATA
00006806	FUN_000067c0	0000afcc	UNCONDITIONAL_CALL
0000680c	FUN_000067c0	50004284	WRITE
0000681e	ec_select_row	000068e0	READ
00006822	ec_select_row	000068dc	CONDITIONAL_JUMP
00006828	ec_select_row	0000682e	DATA
0000682c	ec_select_row	0000683a	COMPUTED_JUMP
0000682c	ec_select_row	00006848	COMPUTED_JUMP
0000682c	ec_select_row	00006858	COMPUTED_JUMP
0000682c	ec_select_row	00006864	COMPUTED_JUMP
0000682c	ec_select_row	00006872	COMPUTED_JUMP
0000682c	ec_select_row	00006882	COMPUTED_JUMP
0000682c	ec_select_row	00006890	COMPUTED_JUMP
0000682c	ec_select_row	0000689e	COMPUTED_JUMP
0000682c	ec_select_row	000068ac	COMPUTED_JUMP
0000682c	ec_select_row	000068bc	COMPUTED_JUMP
0000682c	ec_select_row	000068cc	COMPUTED_JUMP
0000683a	ec_select_row	000068e4	READ
0000683e	ec_select_row	500042c0	WRITE
00006840	ec_select_row	500042c4	WRITE
00006842	ec_select_row	500042c8	WRITE
00006844	ec_select_row	50004234	WRITE
00006846	ec_select_row	0000687e	UNCONDITIONAL_JUMP
00006848	ec_select_row	000068e4	READ
00006848	ec_select_row	500042c0	DATA
0000684a	ec_select_row	500042c0	WRITE
0000684e	ec_select_row	500042c4	WRITE
00006850	ec_select_row	500042c8	WRITE
00006852	ec_select_row	50004234	WRITE
00006854	ec_select_row	50004238	WRITE
00006858	ec_select_row	000068e4	READ
0000685c	ec_select_row	500042c0	WRITE
0000685e	ec_select_row	500042c4	WRITE
00006860	ec_select_row	500042c8	WRITE
00006862	ec_select_row	000068a8	UNCONDITIONAL_JUMP
00006864	ec_select_row	000068e4	READ
00006866	ec_select_row	500042c0	WRITE
00006868	ec_select_row	500042c4	WRITE
0000686c	ec_select_row	500042c8	WRITE
0000686e	ec_select_row	50004234	WRITE
00006870	ec_select_row	0000687e	UNCONDITIONAL_JUMP
00006872	ec_select_row	000068e4	READ
00006872	ec_select_row	500042c0	DATA
00006876	ec_select_row	500042c0	WRITE
00006878	ec_select_row	500042c4	WRITE
0000687a	ec_select_row	500042c8	WRITE
0000687c	ec_select_row	50004234	WRITE
0000687e	ec_select_row	50004238	WRITE
00006882	ec_select_row	000068e4	READ
00006882	ec_select_row	500042c0	DATA
00006884	ec_select_row	500042c0	WRITE
00006888	ec_select_row	500042c4	WRITE
0000688a	ec_select_row	500042c8	WRITE
0000688c	ec_select_row	50004234	WRITE
0000688e	ec_select_row	0000687e	UNCONDITIONAL_JUMP
00006890	ec_select_row	000068e4	READ
00006890	ec_select_row	500042c0	DATA
00006894	ec_select_row	500042c0	WRITE
00006896	ec_select_row	500042c4	WRITE
00006898	ec_select_row	500042c8	WRITE
0000689a	ec_select_row	50004234	WRITE
0000689c	ec_select_row	0000687e	UNCONDITIONAL_JUMP
0000689e	ec_select_row	000068e4	READ
000068a0	ec_select_row	500042c0	WRITE
000068a2	ec_select_row	500042c4	WRITE
000068a4	ec_select_row	500042c8	WRITE
000068a8	ec_select_row	50004234	WRITE
000068aa	ec_select_row	0000687e	UNCONDITIONAL_JUMP
000068ac	ec_select_row	000068e4	READ
000068b0	ec_select_row	500042c0	WRITE
000068b2	ec_select_row	500042c4	WRITE
000068b4	ec_select_row	500042c8	WRITE
000068b6	ec_select_row	50004234	WRITE
000068b8	ec_select_row	50004238	WRITE
000068bc	ec_select_row	000068e4	READ
000068bc	ec_select_row	500042c0	DATA
000068be	ec_select_row	500042c0	WRITE
000068c2	ec_select_row	500042c4	WRITE
000068c4	ec_select_row	500042c8	WRITE
000068c6	ec_select_row	50004234	WRITE
000068c8	ec_select_row	50004238	WRITE
000068cc	ec_select_row	000068e4	READ
000068cc	ec_select_row	500042c0	DATA
000068d0	ec_select_row	500042c0	WRITE
000068d2	ec_select_row	500042c4	WRITE
000068d4	ec_select_row	500042c8	WRITE
000068d6	ec_select_row	50004234	WRITE
000068d8	ec_select_row	50004238	WRITE
000068dc	ec_select_row	50004234	WRITE
000068de	ec_select_row	0000687e	UNCONDITIONAL_JUMP
000068e8	FUN_000068e8	00006914	READ
000068ec	FUN_000068e8	20000163	WRITE
000068f0	FUN_000068e8	20000164	WRITE
000068f4	FUN_000068e8	20000165	WRITE
000068f8	FUN_000068e8	20000166	WRITE
000068fa	FUN_000068e8	0000691c	READ
000068fc	FUN_000068e8	00006918	READ
000068fe	FUN_000068e8	20000204	WRITE
000068fe	FUN_000068e8	20000110	DATA
00006900	FUN_000068e8	00006920	READ
00006904	FUN_000068e8	20000210	WRITE
00006906	FUN_000068e8	00006928	READ
00006908	FUN_000068e8	00006924	READ
0000690a	FUN_000068e8	2000022c	WRITE
0000690a	FUN_000068e8	200001c8	DATA
0000690c	FUN_000068e8	0000692c	READ
00006910	FUN_000068e8	20000224	WRITE
00006932	FUN_00006930	0000698c	READ
00006934	FUN_00006930	00006988	READ
00006936	FUN_00006930	20000371	READ
0000693a	FUN_00006930	00006944	CONDITIONAL_JUMP
0000693c	FUN_00006930	20000ea5	DATA
00006940	FUN_00006930	20000371	WRITE
00006942	FUN_00006930	00006982	UNCONDITIONAL_JUMP
00006948	FUN_00006930	00006982	CONDITIONAL_JUMP
0000694a	FUN_00006930	20000ea5	READ
0000694a	FUN_00006930	20000ea6	READ
0000694e	FUN_00006930	00006970	CONDITIONAL_JUMP
00006952	FUN_00006930	00006966	CONDITIONAL_JUMP
00006958	FUN_00006930	20000ea6	READ
00006958	FUN_00006930	20000ea7	READ
0000695a	FUN_00006930	20000ea5	WRITE
0000695a	FUN_00006930	20000ea6	WRITE
00006960	FUN_00006930	20000ea6	WRITE
00006960	FUN_00006930	20000ea7	WRITE
00006964	FUN_00006930	00006956	CONDITIONAL_JUMP
00006968	FUN_00006930	20000371	WRITE
00006974	FUN_00006930	0000697c	CONDITIONAL_JUMP
00006980	FUN_00006930	0000694a	CONDITIONAL_JUMP
00006994	FUN_00006990	000069a0	CONDITIONAL_JUMP
0000699e	FUN_00006990	00006998	CONDITIONAL_JUMP
000069aa	FUN_000069a4	00006a1e	CONDITIONAL_JUMP
000069ae	FUN_000069a4	00006a20	READ
000069b2	FUN_000069a4	20000c56	WRITE
000069b4	FUN_000069a4	000069c0	CONDITIONAL_JUMP
000069b8	FUN_000069a4	000069de	CONDITIONAL_JUMP
000069bc	FUN_000069a4	000069f6	CONDITIONAL_JUMP
000069be	FUN_000069a4	00006a12	UNCONDITIONAL_JUMP
000069c0	FUN_000069a4	20000c4d	READ
000069c8	FUN_000069a4	20000c4d	WRITE
000069cc	FUN_000069a4	000069d0	CONDITIONAL_JUMP
000069ce	FUN_000069a4	20000c4d	WRITE
000069d0	FUN_000069a4	20000c4d	READ
000069d6	FUN_000069a4	20000c4d	PARAM
000069d8	FUN_000069a4	000042c4	UNCONDITIONAL_CALL
000069dc	FUN_000069a4	00006a12	UNCONDITIONAL_JUMP
000069de	FUN_000069a4	20000c4c	READ
000069e4	FUN_000069a4	20000c4c	WRITE
000069e8	FUN_000069a4	000069ec	CONDITIONAL_JUMP
000069ea	FUN_000069a4	20000c4c	WRITE
000069ee	FUN_000069a4	20000c4c	READ
000069f2	FUN_000069a4	00006a20	READ
000069f2	FUN_000069a4	20000c4c	PARAM
000069f4	FUN_000069a4	00006a0e	UNCONDITIONAL_JUMP
000069f6	FUN_000069a4	20000c4e	READ
000069fe	FUN_000069a4	20000c4e	WRITE
00006a02	FUN_000069a4	00006a06	CONDITIONAL_JUMP
00006a04	FUN_000069a4	20000c4e	WRITE
00006a06	FUN_000069a4	20000c4e	READ
00006a0c	FUN_000069a4	20000c4e	PARAM
00006a0e	FUN_000069a4	000042c4	UNCONDITIONAL_CALL
00006a16	FUN_000069a4	000048e0	UNCONDITIONAL_CALL
00006a1c	FUN_000069a4	20000c56	WRITE
00006a26	FUN_00006a24	00006a50	READ
00006a28	FUN_00006a24	00006a54	READ
00006a28	FUN_00006a24	20000388	PARAM
00006a2a	FUN_00006a24	20000c5c	READ
00006a2e	FUN_00006a24	00006a42	CONDITIONAL_JUMP
00006a30	FUN_00006a24	20000c5d	READ
00006a34	FUN_00006a24	00006a40	CONDITIONAL_JUMP
00006a38	FUN_00006a24	20000388	WRITE
00006a3a	FUN_00006a24	20000388	PARAM
00006a3c	FUN_00006a24	0000aafc	UNCONDITIONAL_CALL
00006a44	FUN_00006a24	20000388	WRITE
00006a46	FUN_00006a24	00006a54	READ
00006a46	FUN_00006a24	20000388	PARAM
00006a48	FUN_00006a24	000037c4	UNCONDITIONAL_CALL
00006a5a	FUN_00006a58	00006a88	READ
00006a5e	FUN_00006a58	20000c56	WRITE
00006a60	FUN_00006a58	20000c51	READ
00006a66	FUN_00006a58	20000c51	WRITE
00006a6a	FUN_00006a58	00006a6e	CONDITIONAL_JUMP
00006a6c	FUN_00006a58	20000c51	WRITE
00006a72	FUN_00006a58	20000c51	PARAM
00006a74	FUN_00006a58	000042c4	UNCONDITIONAL_CALL
00006a78	FUN_00006a58	20000c51	READ
00006a7e	FUN_00006a58	000048e0	UNCONDITIONAL_CALL
00006a84	FUN_00006a58	20000c56	WRITE
00006a8e	FUN_00006a8c	00006b00	READ
00006a92	FUN_00006a8c	00006aa8	CONDITIONAL_JUMP
00006a94	FUN_00006a8c	20000c4f	READ
00006a98	FUN_00006a8c	00006aa0	CONDITIONAL_JUMP
00006a9a	FUN_00006a8c	20000c4e	READ
00006a9c	FUN_00006a8c	00006b04	READ
00006a9e	FUN_00006a8c	00006aa4	UNCONDITIONAL_JUMP
00006aa0	FUN_00006a8c	20000c4d	READ
00006aa2	FUN_00006a8c	00006b08	READ
00006aa4	FUN_00006a8c	0000c192	DATA
00006aa4	FUN_00006a8c	0000c18c	DATA
00006aa6	FUN_00006a8c	00006aae	UNCONDITIONAL_JUMP
00006aa8	FUN_00006a8c	20000c4c	READ
00006aaa	FUN_00006a8c	00006b0c	READ
00006aac	FUN_00006a8c	0000c186	DATA
00006aae	FUN_00006a8c	00006b10	READ
00006ab2	FUN_00006a8c	00006b14	READ
00006ab2	FUN_00006a8c	20000384	PARAM
00006ab4	FUN_00006a8c	20000388	WRITE
00006ab6	FUN_00006a8c	20000384	READ
00006aba	FUN_00006a8c	00006ac6	CONDITIONAL_JUMP
00006abe	FUN_00006a8c	2000038a	READ
00006ac4	FUN_00006a8c	2000038a	WRITE
00006ac6	FUN_00006a8c	20000385	READ
00006aca	FUN_00006a8c	00006ad4	CONDITIONAL_JUMP
00006acc	FUN_00006a8c	2000038a	READ
00006ad2	FUN_00006a8c	2000038a	WRITE
00006ad4	FUN_00006a8c	20000386	READ
00006ad8	FUN_00006a8c	00006ae4	CONDITIONAL_JUMP
00006adc	FUN_00006a8c	2000038b	READ
00006ae2	FUN_00006a8c	2000038b	WRITE
00006ae4	FUN_00006a8c	20000387	READ
00006ae8	FUN_00006a8c	00006af2	CONDITIONAL_JUMP
00006aec	FUN_00006a8c	2000038b	READ
00006af0	FUN_00006a8c	2000038b	WRITE
00006af2	FUN_00006a8c	00006a24	UNCONDITIONAL_CALL
00006af8	FUN_00006a8c	2000038a	WRITE
00006afa	FUN_00006a8c	2000038b	WRITE
00006b1a	FUN_00006b18	00006b48	READ
00006b1e	FUN_00006b18	20000c56	WRITE
00006b20	FUN_00006b18	20000c50	READ
00006b26	FUN_00006b18	20000c50	WRITE
00006b2a	FUN_00006b18	00006b2e	CONDITIONAL_JUMP
00006b2c	FUN_00006b18	20000c50	WRITE
00006b32	FUN_00006b18	20000c50	PARAM
00006b34	FUN_00006b18	000042c4	UNCONDITIONAL_CALL
00006b38	FUN_00006b18	20000c50	READ
00006b3e	FUN_00006b18	000048e0	UNCONDITIONAL_CALL
00006b44	FUN_00006b18	20000c56	WRITE
00006b4e	FUN_00006b4c	00006b78	READ
00006b50	FUN_00006b4c	20000361	READ
00006b54	FUN_00006b4c	00006b6a	CONDITIONAL_JUMP
00006b58	FUN_00006b4c	00006b64	CONDITIONAL_JUMP
00006b5c	FUN_00006b4c	00006b64	CONDITIONAL_JUMP
00006b60	FUN_00006b4c	00006c10	UNCONDITIONAL_CALL
00006b64	FUN_00006b4c	0000ae10	UNCONDITIONAL_CALL
00006b6a	FUN_00006b4c	00006b7c	READ
00006b6e	FUN_00006b4c	20000346	WRITE
00006b70	FUN_00006b4c	00006b80	READ
00006b72	FUN_00006b4c	20000322	WRITE
00006b84	FUN_00006b84	00006b90	READ
00006b84	FUN_00006b84	40100000	DATA
00006b86	FUN_00006b84	40100000	READ
00006b8c	FUN_00006b84	40100000	WRITE
00006b94	FUN_00006b94	00006ba0	READ
00006b96	FUN_00006b94	40100000	READ
00006b9a	FUN_00006b94	40100000	WRITE
00006ba6	PS2_IRQHandler	00006bc8	READ
00006ba8	PS2_IRQHandler	4010001c	READ
00006bac	PS2_IRQHandler	00006bba	CONDITIONAL_JUMP
00006bb0	PS2_IRQHandler	4010001c	WRITE
00006bb2	PS2_IRQHandler	00006c78	UNCONDITIONAL_CALL
00006bb6	PS2_IRQHandler	00006ec0	UNCONDITIONAL_CALL
00006bba	PS2_IRQHandler	4010001c	READ
00006bbc	PS2_IRQHandler	40000000	DATA
00006bbe	PS2_IRQHandler	00006bc4	CONDITIONAL_JUMP
00006bc2	PS2_IRQHandler	4010001c	WRITE
00006bd2	ps2_key_event	00006c10	UNCONDITIONAL_CALL
00006bd6	ps2_key_event	00006c00	READ
00006bd8	ps2_key_event	00006c04	READ
00006bda	ps2_key_event	00006c08	READ
00006bda	ps2_key_event	20000360	DATA
00006bde	ps2_key_event	00006bee	CONDITIONAL_JUMP
00006be0	ps2_key_event	20000361	WRITE
00006be2	ps2_key_event	00006c0c	READ
00006be4	ps2_key_event	20000c5a	READ
00006be6	ps2_key_event	20000346	WRITE
00006bea	ps2_key_event	20000322	WRITE
00006bee	ps2_key_event	20000361	READ
00006bf2	ps2_key_event	00006bec	CONDITIONAL_JUMP
00006bf6	ps2_key_event	20000346	WRITE
00006bf8	ps2_key_event	20000322	WRITE
00006bfa	ps2_key_event	20000361	WRITE
00006c18	FUN_00006c10	Stack[-0x20]	WRITE
00006c1a	FUN_00006c10	Stack[-0x18]	WRITE
00006c1c	FUN_00006c10	Stack[-0x14]	WRITE
00006c1e	FUN_00006c10	Stack[-0x10]	WRITE
00006c20	FUN_00006c10	Stack[-0xc]	WRITE
00006c24	FUN_00006c10	00005b24	UNCONDITIONAL_CALL
00006c2a	FUN_00006c10	Stack[-0x20]	READ
00006c2e	FUN_00006c10	00006c36	CONDITIONAL_JUMP
00006c32	FUN_00006c10	00006c84	UNCONDITIONAL_CALL
00006c40	FUN_00006c3c	5000000c	READ
00006c48	FUN_00006c3c	5000000c	WRITE
00006c4a	FUN_00006c3c	5000000c	READ
00006c4e	FUN_00006c3c	5000000c	WRITE
00006c50	FUN_00006c3c	00006c74	READ
00006c50	FUN_00006c3c	40100000	DATA
00006c52	FUN_00006c3c	40100000	READ
00006c58	FUN_00006c3c	40100000	WRITE
00006c5a	FUN_00006c3c	40100000	READ
00006c60	FUN_00006c3c	40100000	WRITE
00006c62	FUN_00006c3c	40100000	READ
00006c68	FUN_00006c3c	40100000	WRITE
00006c6a	FUN_00006c3c	40100000	READ
00006c6e	FUN_00006c3c	40100000	WRITE
00006c78	FUN_00006c78	00006c80	READ
00006c7a	FUN_00006c78	40100014	READ
00006c90	FUN_00006c84	Stack[-0x18]	WRITE
00006c96	FUN_00006c84	0000013c	UNCONDITIONAL_CALL
00006c9e	FUN_00006c84	00006ca2	CONDITIONAL_JUMP
00006ca2	FUN_00006c84	00006d3c	READ
00006ca6	FUN_00006c84	40100018	READ
00006caa	FUN_00006c84	00006cbc	CONDITIONAL_JUMP
00006cb4	FUN_00006c84	00006d2c	CONDITIONAL_JUMP
00006cb6	FUN_00006c84	40100018	READ
00006cba	FUN_00006c84	00006cb0	CONDITIONAL_JUMP
00006cbc	FUN_00006c84	Stack[-0x18]	READ
00006cc2	FUN_00006c84	00006cd2	CONDITIONAL_JUMP
00006cc4	FUN_00006c84	40100000	READ
00006cc6	FUN_00006c84	Stack[-0x18]	READ
00006cd0	FUN_00006c84	40100000	WRITE
00006cda	FUN_00006c84	40100018	READ
00006ce0	FUN_00006c84	00006cee	CONDITIONAL_JUMP
00006ce6	FUN_00006c84	00006d2c	CONDITIONAL_JUMP
00006ce8	FUN_00006c84	40100018	READ
00006cec	FUN_00006c84	00006ce2	CONDITIONAL_JUMP
00006cf0	FUN_00006c84	00006d02	CONDITIONAL_JUMP
00006cf6	FUN_00006c84	00006d02	CONDITIONAL_JUMP
00006cf8	FUN_00006c84	40100000	READ
00006d00	FUN_00006c84	40100000	WRITE
00006d06	FUN_00006c84	40100004	WRITE
00006d0c	FUN_00006c84	40100008	WRITE
00006d10	FUN_00006c84	4010000c	WRITE
00006d14	FUN_00006c84	40100010	WRITE
00006d1c	FUN_00006c84	00006cda	CONDITIONAL_JUMP
00006d1e	FUN_00006c84	40100018	READ
00006d24	FUN_00006c84	00006d36	CONDITIONAL_JUMP
00006d2a	FUN_00006c84	00006d30	CONDITIONAL_JUMP
00006d30	FUN_00006c84	40100018	READ
00006d34	FUN_00006c84	00006d26	CONDITIONAL_JUMP
00006d44	FUN_00006d40	00006e7c	READ
00006d4c	FUN_00006d40	0000cc5c	READ
00006d4c	FUN_00006d40	0000cc60	READ
00006d4c	FUN_00006d40	0000cc64	READ
00006d4c	FUN_00006d40	0000cc68	READ
00006d4e	FUN_00006d40	Stack[-0x44]	WRITE
00006d50	FUN_00006d40	Stack[-0x48]	WRITE
00006d54	FUN_00006d40	Stack[-0x4c]	WRITE
00006d56	FUN_00006d40	Stack[-0x50]	WRITE
00006d5c	FUN_00006d40	0000cc70	READ
00006d5e	FUN_00006d40	0000cc6c	READ
00006d60	FUN_00006d40	0000cc74	READ
00006d62	FUN_00006d40	0000cc78	READ
00006d64	FUN_00006d40	Stack[-0x40]	WRITE
00006d66	FUN_00006d40	Stack[-0x34]	WRITE
00006d68	FUN_00006d40	Stack[-0x38]	WRITE
00006d6e	FUN_00006d40	Stack[-0x3c]	WRITE
00006d72	FUN_00006d40	00006e80	READ
00006d72	FUN_00006d40	0000cc7c	PARAM
00006d76	FUN_00006d40	00000190	UNCONDITIONAL_CALL
00006d7a	FUN_00006d40	00006e84	READ
00006d7c	FUN_00006d40	00006e88	READ
00006d7e	FUN_00006d40	Stack[-0x54]	WRITE
00006d82	FUN_00006d40	5000021c	READ
00006d86	FUN_00006d40	00006d94	CONDITIONAL_JUMP
00006d8a	FUN_00006d40	50000214	READ
00006d92	FUN_00006d40	00006d9c	UNCONDITIONAL_JUMP
00006d96	FUN_00006d40	50000214	READ
00006da0	FUN_00006d40	00006de6	CONDITIONAL_JUMP
00006da8	FUN_00006d40	Stack[-0x30]	WRITE
00006daa	FUN_00006d40	Stack[-0x1c]	READ
00006dac	FUN_00006d40	0000013c	UNCONDITIONAL_CALL
00006db0	FUN_00006d40	Stack[-0x2c]	WRITE
00006db4	FUN_00006d40	0000013c	UNCONDITIONAL_CALL
00006dbe	FUN_00006d40	00006df0	CONDITIONAL_JUMP
00006dc0	FUN_00006d40	00006e84	READ
00006dca	FUN_00006d40	00006dce	CONDITIONAL_JUMP
00006dd0	FUN_00006d40	0000013c	UNCONDITIONAL_CALL
00006dda	FUN_00006d40	00006df0	CONDITIONAL_JUMP
00006dde	FUN_00006d40	00006de2	CONDITIONAL_JUMP
00006de2	FUN_00006d40	Stack[-0x54]	WRITE
00006de4	FUN_00006d40	00006dfc	UNCONDITIONAL_JUMP
00006de6	FUN_00006d40	00008db8	UNCONDITIONAL_CALL
00006dea	FUN_00006d40	00006e8c	READ
00006dec	FUN_00006d40	20000000	READ
00006dee	FUN_00006d40	00006da8	UNCONDITIONAL_JUMP
00006df6	FUN_00006d40	00006dfc	CONDITIONAL_JUMP
00006df8	FUN_00006d40	Stack[-0x2c]	READ
00006dfa	FUN_00006d40	00006db2	UNCONDITIONAL_JUMP
00006dfe	FUN_00006d40	Stack[-0x54]	READ
00006e04	FUN_00006d40	Stack[-0x30]	READ
00006e06	FUN_00006d40	0000013c	UNCONDITIONAL_CALL
00006e0a	FUN_00006d40	Stack[-0x30]	WRITE
00006e0e	FUN_00006d40	Stack[-0x54]	READ
00006e5e	FUN_00006d40	Stack[-0x18]	READ
00006e64	FUN_00006d40	00006e72	CONDITIONAL_JUMP
00006e6c	FUN_00006d40	0000013c	UNCONDITIONAL_CALL
00006e76	FUN_00006d40	Stack[-0x30]	READ
00006ea8	FUN_00006e98	00006eb0	CONDITIONAL_JUMP
00006eb4	FUN_00006e98	00006ea0	CONDITIONAL_JUMP
00006ec2	FUN_00006ec0	00006f90	READ
00006ec6	FUN_00006ec0	2000031e	READ
00006eca	FUN_00006ec0	00006f94	READ
00006ece	FUN_00006ec0	00006efa	CONDITIONAL_JUMP
00006ed2	FUN_00006ec0	00006f12	CONDITIONAL_JUMP
00006eda	FUN_00006ec0	00006f24	CONDITIONAL_JUMP
00006ee0	FUN_00006ec0	00006dfa	DATA
00006ee4	FUN_00006ec0	00006f32	COMPUTED_JUMP
00006ee4	FUN_00006ec0	00006f24	COMPUTED_JUMP
00006ee4	FUN_00006ec0	00006f40	COMPUTED_JUMP
00006ee4	FUN_00006ec0	00006f6c	COMPUTED_JUMP
00006ee4	FUN_00006ec0	00006f2e	COMPUTED_JUMP
00006ee4	FUN_00006ec0	00006f4e	COMPUTED_JUMP
00006efe	FUN_00006ec0	Stack[-0x18]	WRITE
00006f00	FUN_00006ec0	00006c84	UNCONDITIONAL_CALL
00006f08	FUN_00006ec0	00006f98	READ
00006f0c	FUN_00006ec0	0000c0d6	DATA
00006f0e	FUN_00006ec0	20000c5a	WRITE
00006f10	FUN_00006ec0	00006f2e	UNCONDITIONAL_JUMP
00006f12	FUN_00006ec0	20000c5c	READ
00006f16	FUN_00006ec0	00006f22	CONDITIONAL_JUMP
00006f18	FUN_00006ec0	20000c61	WRITE
00006f1c	FUN_00006ec0	00006470	UNCONDITIONAL_CALL
00006f20	FUN_00006ec0	00006f24	UNCONDITIONAL_JUMP
00006f22	FUN_00006ec0	20000c62	WRITE
00006f28	FUN_00006ec0	Stack[-0x18]	WRITE
00006f2a	FUN_00006ec0	00006c84	UNCONDITIONAL_CALL
00006f2e	FUN_00006ec0	2000031e	WRITE
00006f3a	FUN_00006ec0	00006c84	UNCONDITIONAL_CALL
00006f3e	FUN_00006ec0	00006f2e	UNCONDITIONAL_JUMP
00006f48	FUN_00006ec0	00006c84	UNCONDITIONAL_CALL
00006f4c	FUN_00006ec0	00006f2e	UNCONDITIONAL_JUMP
00006f54	FUN_00006ec0	00006c84	UNCONDITIONAL_CALL
00006f5a	FUN_00006ec0	00004054	UNCONDITIONAL_CALL
00006f66	FUN_00006ec0	00006c84	UNCONDITIONAL_CALL
00006f6a	FUN_00006ec0	00006f2e	UNCONDITIONAL_JUMP
00006f72	FUN_00006ec0	00006c84	UNCONDITIONAL_CALL
00006f7e	FUN_00006ec0	00006c84	UNCONDITIONAL_CALL
00006f8a	FUN_00006ec0	00006c84	UNCONDITIONAL_CALL
00006f8e	FUN_00006ec0	00006f2e	UNCONDITIONAL_JUMP
00006f9e	FUN_00006f9c	00006fec	READ
00006fa0	FUN_00006f9c	20000328	READ
00006fa4	FUN_00006f9c	00006fd6	CONDITIONAL_JUMP
00006fa6	FUN_00006f9c	20000326	READ
00006fac	FUN_00006f9c	20000326	WRITE
00006fb0	FUN_00006f9c	00006fd6	CONDITIONAL_JUMP
00006fb4	FUN_00006f9c	20000326	WRITE
00006fb6	FUN_00006f9c	20000327	READ
00006fbc	FUN_00006f9c	00006ff0	READ
00006fbc	FUN_00006f9c	20000cac	DATA
00006fbe	FUN_00006f9c	20000327	WRITE
00006fc0	FUN_00006f9c	20000cb8	READ
00006fc2	FUN_00006f9c	20000cc7	READ
00006fce	FUN_00006f9c	00006fe4	CONDITIONAL_JUMP
00006fd2	FUN_00006f9c	00006fda	CONDITIONAL_JUMP
00006fd4	FUN_00006f9c	20000cc7	WRITE
00006fde	FUN_00006f9c	20000cc7	WRITE
00006fe4	FUN_00006f9c	20000328	WRITE
00006fe6	FUN_00006f9c	20000cc7	WRITE
00006ff8	FUN_00006ff4	00007020	READ
00006ffc	FUN_00006ff4	0000700c	CONDITIONAL_JUMP
00007000	FUN_00006ff4	20000328	WRITE
00007002	FUN_00006ff4	20000327	WRITE
00007004	FUN_00006ff4	20000326	WRITE
00007006	FUN_00006ff4	2000033e	WRITE
0000700c	FUN_00006ff4	00007024	READ
00007010	FUN_00006ff4	20000cc7	READ
00007014	FUN_00006ff4	20000cc7	WRITE
00007018	FUN_00006ff4	2000033e	WRITE
0000701a	FUN_00006ff4	20000328	WRITE
0000702e	firmware_verify_staging_sum	Stack[-0x1c]	READ
00007034	firmware_verify_staging_sum	0000706e	CONDITIONAL_JUMP
00007036	firmware_verify_staging_sum	00007080	READ
0000703a	firmware_verify_staging_sum	000043a4	UNCONDITIONAL_CALL
00007040	firmware_verify_staging_sum	00007084	READ
00007040	firmware_verify_staging_sum	00001388	PARAM
00007046	firmware_verify_staging_sum	00007062	CONDITIONAL_JUMP
00007048	firmware_verify_staging_sum	20000cc7	READ
0000704e	firmware_verify_staging_sum	00007056	CONDITIONAL_JUMP
00007054	firmware_verify_staging_sum	0000705a	UNCONDITIONAL_JUMP
0000705a	firmware_verify_staging_sum	20000cc7	WRITE
0000705e	firmware_verify_staging_sum	00006730	UNCONDITIONAL_CALL
00007062	firmware_verify_staging_sum	0000ae10	UNCONDITIONAL_CALL
00007066	firmware_verify_staging_sum	Stack[-0x1c]	READ
0000706c	firmware_verify_staging_sum	00007038	CONDITIONAL_JUMP
0000706e	firmware_verify_staging_sum	Stack[-0x18]	READ
00007072	firmware_verify_staging_sum	0000707a	CONDITIONAL_JUMP
0000708a	FUN_00007088	000070e0	READ
0000708e	FUN_00007088	400e0024	READ
00007096	FUN_00007088	400e0024	WRITE
00007098	FUN_00007088	400e0020	READ
000070a0	FUN_00007088	400e0020	WRITE
000070a2	FUN_00007088	400e0030	READ
000070a6	FUN_00007088	000070a2	CONDITIONAL_JUMP
000070aa	FUN_00007088	400e0030	WRITE
000070ac	FUN_00007088	400e0014	READ
000070ae	FUN_00007088	000070e4	READ
000070ba	FUN_00007088	20000472	READ
000070ba	FUN_00007088	20000474	READ
000070c2	FUN_00007088	20000470	WRITE
000070c2	FUN_00007088	20000472	WRITE
000070c6	FUN_00007088	000070b6	CONDITIONAL_JUMP
000070ca	FUN_00007088	20000478	WRITE
000070ce	FUN_00007088	0000013c	UNCONDITIONAL_CALL
000070d2	FUN_00007088	400e0024	READ
000070dc	FUN_00007088	400e0024	WRITE
000070ea	FUN_000070e8	00007164	READ
000070ec	FUN_000070e8	400e0024	READ
000070f4	FUN_000070e8	400e0024	WRITE
000070f8	FUN_000070e8	00007168	READ
000070fe	FUN_000070e8	400e0020	READ
00007106	FUN_000070e8	400e0020	WRITE
00007108	FUN_000070e8	400e0030	READ
0000710c	FUN_000070e8	0000713c	CONDITIONAL_JUMP
0000710e	FUN_000070e8	50000100	READ
00007112	FUN_000070e8	00007124	CONDITIONAL_JUMP
00007118	FUN_000070e8	50000100	WRITE
0000711a	FUN_000070e8	50000100	WRITE
0000711c	FUN_000070e8	50000100	WRITE
0000711e	FUN_000070e8	50000100	READ
00007122	FUN_000070e8	00007118	CONDITIONAL_JUMP
00007124	FUN_000070e8	0000716c	READ
00007126	FUN_000070e8	40004000	READ
00007130	FUN_000070e8	40004000	WRITE
00007134	FUN_000070e8	50000100	WRITE
00007136	FUN_000070e8	400e0030	READ
0000713a	FUN_000070e8	0000710e	CONDITIONAL_JUMP
0000713e	FUN_000070e8	400e0030	WRITE
00007140	FUN_000070e8	400e0014	READ
0000714e	FUN_000070e8	000070fe	CONDITIONAL_JUMP
00007152	FUN_000070e8	0000013c	UNCONDITIONAL_CALL
00007156	FUN_000070e8	400e0024	READ
00007160	FUN_000070e8	400e0024	WRITE
00007176	FUN_00007170	00008248	UNCONDITIONAL_CALL
0000717a	FUN_00007170	000071d4	READ
0000717c	FUN_00007170	5000c000	READ
00007182	FUN_00007170	5000c000	WRITE
0000718e	FUN_00007170	5000c00c	WRITE
00007190	FUN_00007170	5000c004	WRITE
00007194	FUN_00007170	5000c010	WRITE
0000719a	FUN_00007170	5000c010	READ
0000719e	FUN_00007170	0000719a	CONDITIONAL_JUMP
000071a0	FUN_00007170	5000c008	READ
000071b8	FUN_00007170	0000718c	CONDITIONAL_JUMP
000071bc	FUN_00007170	00004554	UNCONDITIONAL_CALL
000071c0	FUN_00007170	Stack[-0x18]	READ
000071c4	FUN_00007170	5000c000	READ
000071ca	FUN_00007170	5000c000	WRITE
000071cc	FUN_00007170	000071d8	READ
000071cc	FUN_00007170	50000100	DATA
000071ce	FUN_00007170	50000100	WRITE
000071e0	FUN_000071dc	00008248	UNCONDITIONAL_CALL
000071e4	FUN_000071dc	00007230	READ
000071e6	FUN_000071dc	5000c000	READ
000071ec	FUN_000071dc	5000c000	WRITE
000071f8	FUN_000071dc	5000c00c	WRITE
000071fa	FUN_000071dc	5000c004	WRITE
000071fc	FUN_000071dc	5000c010	WRITE
00007202	FUN_000071dc	5000c010	READ
00007206	FUN_000071dc	00007202	CONDITIONAL_JUMP
00007208	FUN_000071dc	5000c008	READ
00007220	FUN_000071dc	000071f2	CONDITIONAL_JUMP
00007222	FUN_000071dc	5000c000	READ
00007228	FUN_000071dc	5000c000	WRITE
0000722a	FUN_000071dc	00007234	READ
0000722a	FUN_000071dc	50000100	DATA
0000722c	FUN_000071dc	50000100	WRITE
0000723c	host_send_press_counters	000072e0	READ
00007240	host_send_press_counters	2000047c	WRITE
00007240	host_send_press_counters	2000047d	WRITE
00007248	host_send_press_counters	00007240	CONDITIONAL_JUMP
0000724a	host_send_press_counters	2000047c	WRITE
0000724e	host_send_press_counters	2000047d	WRITE
00007252	host_send_press_counters	2000047e	WRITE
00007256	host_send_press_counters	000072e4	READ
00007256	host_send_press_counters	20000ce4	PARAM
00007258	host_send_press_counters	2000047f	PARAM
0000725a	host_send_press_counters	00004024	UNCONDITIONAL_CALL
0000725e	host_send_press_counters	000072e0	READ
0000725e	host_send_press_counters	2000047c	PARAM
00007262	host_send_press_counters	0000acd8	UNCONDITIONAL_CALL
00007268	host_send_press_counters	000072e8	READ
00007268	host_send_press_counters	20000d20	PARAM
0000726a	host_send_press_counters	2000047f	PARAM
0000726c	host_send_press_counters	00004024	UNCONDITIONAL_CALL
00007270	host_send_press_counters	000072e0	READ
00007270	host_send_press_counters	2000047c	PARAM
00007274	host_send_press_counters	0000acd8	UNCONDITIONAL_CALL
0000727a	host_send_press_counters	000072ec	READ
0000727a	host_send_press_counters	20000d5c	PARAM
0000727c	host_send_press_counters	2000047f	PARAM
0000727e	host_send_press_counters	00004024	UNCONDITIONAL_CALL
00007282	host_send_press_counters	000072e0	READ
00007282	host_send_press_counters	2000047c	PARAM
00007286	host_send_press_counters	0000acd8	UNCONDITIONAL_CALL
0000728c	host_send_press_counters	000072f0	READ
0000728c	host_send_press_counters	20000d98	PARAM
0000728e	host_send_press_counters	2000047f	PARAM
00007290	host_send_press_counters	00004024	UNCONDITIONAL_CALL
00007294	host_send_press_counters	000072e0	READ
00007294	host_send_press_counters	2000047c	PARAM
00007298	host_send_press_counters	0000acd8	UNCONDITIONAL_CALL
0000729e	host_send_press_counters	2000047f	WRITE
0000729e	host_send_press_counters	20000480	WRITE
000072a6	host_send_press_counters	0000729e	CONDITIONAL_JUMP
000072aa	host_send_press_counters	2000047e	WRITE
000072ae	host_send_press_counters	000072f4	READ
000072ae	host_send_press_counters	20000dd4	PARAM
000072b0	host_send_press_counters	2000047f	PARAM
000072b2	host_send_press_counters	00004024	UNCONDITIONAL_CALL
000072b6	host_send_press_counters	000072e0	READ
000072b6	host_send_press_counters	2000047c	PARAM
000072ba	host_send_press_counters	0000acd8	UNCONDITIONAL_CALL
000072c2	host_send_press_counters	2000047c	WRITE
000072c2	host_send_press_counters	2000047d	WRITE
000072ca	host_send_press_counters	000072c2	CONDITIONAL_JUMP
000072cc	host_send_press_counters	000072e0	READ
000072cc	host_send_press_counters	2000047c	PARAM
000072d0	host_send_press_counters	0000acd8	UNCONDITIONAL_CALL
000072d4	host_send_press_counters	000072f8	READ
000072d6	host_send_press_counters	000072fc	READ
000072d8	host_send_press_counters	20000313	WRITE
000072dc	host_send_press_counters	20000c56	WRITE
00007302	host_send_key_configuration	000074b0	READ
00007308	host_send_key_configuration	20000314	WRITE
0000730a	host_send_key_configuration	000074b4	READ
00007312	host_send_key_configuration	2000047c	WRITE
00007312	host_send_key_configuration	2000047d	WRITE
0000731a	host_send_key_configuration	00007312	CONDITIONAL_JUMP
0000731c	host_send_key_configuration	000074b8	READ
0000731e	host_send_key_configuration	20000cb8	READ
00007320	host_send_key_configuration	000074b0	READ
00007322	host_send_key_configuration	20000323	READ
00007324	host_send_key_configuration	20000324	READ
00007330	host_send_key_configuration	00007416	CONDITIONAL_JUMP
00007336	host_send_key_configuration	000074bc	READ
00007346	host_send_key_configuration	00007418	CONDITIONAL_JUMP
00007348	host_send_key_configuration	000074c0	READ
0000734c	host_send_key_configuration	00007418	CONDITIONAL_JUMP
00007350	host_send_key_configuration	000043a4	UNCONDITIONAL_CALL
00007356	host_send_key_configuration	000073a4	CONDITIONAL_JUMP
0000735a	host_send_key_configuration	000073ae	CONDITIONAL_JUMP
00007360	host_send_key_configuration	00007378	CONDITIONAL_JUMP
00007364	host_send_key_configuration	000043a4	UNCONDITIONAL_CALL
0000736e	host_send_key_configuration	000043a4	UNCONDITIONAL_CALL
00007378	host_send_key_configuration	000074b4	READ
0000737c	host_send_key_configuration	2000047c	WRITE
00007380	host_send_key_configuration	2000047d	WRITE
00007386	host_send_key_configuration	2000047e	PARAM
00007388	host_send_key_configuration	0000431c	UNCONDITIONAL_CALL
0000738e	host_send_key_configuration	000073b8	CONDITIONAL_JUMP
00007392	host_send_key_configuration	000073b8	CONDITIONAL_JUMP
00007398	host_send_key_configuration	00007426	CONDITIONAL_JUMP
000073a0	host_send_key_configuration	000073c2	CONDITIONAL_JUMP
000073a2	host_send_key_configuration	000073b8	UNCONDITIONAL_JUMP
000073a6	host_send_key_configuration	000043a4	UNCONDITIONAL_CALL
000073ac	host_send_key_configuration	00007378	UNCONDITIONAL_JUMP
000073b0	host_send_key_configuration	000043a4	UNCONDITIONAL_CALL
000073b6	host_send_key_configuration	00007378	UNCONDITIONAL_JUMP
000073b8	host_send_key_configuration	000074b4	READ
000073b8	host_send_key_configuration	2000047c	PARAM
000073bc	host_send_key_configuration	0000acd8	UNCONDITIONAL_CALL
000073c0	host_send_key_configuration	00007426	UNCONDITIONAL_JUMP
000073c6	host_send_key_configuration	000001c2	UNCONDITIONAL_CALL
000073ca	host_send_key_configuration	000074b4	READ
000073d0	host_send_key_configuration	2000047c	READ
000073d0	host_send_key_configuration	2000047d	READ
000073d2	host_send_key_configuration	Stack[-0x58]	DATA
000073da	host_send_key_configuration	000073d0	CONDITIONAL_JUMP
000073e0	host_send_key_configuration	000074b4	READ
000073ea	host_send_key_configuration	20000487	READ
000073ea	host_send_key_configuration	20000488	READ
000073ea	host_send_key_configuration	20000489	READ
000073ee	host_send_key_configuration	Stack[-0x4d]	WRITE
000073f4	host_send_key_configuration	0000741a	CONDITIONAL_JUMP
000073fa	host_send_key_configuration	0000acd8	UNCONDITIONAL_CALL
00007408	host_send_key_configuration	Stack[-0x4d]	WRITE
0000740c	host_send_key_configuration	00007402	CONDITIONAL_JUMP
00007412	host_send_key_configuration	000073e0	CONDITIONAL_JUMP
00007414	host_send_key_configuration	00007426	UNCONDITIONAL_JUMP
00007416	host_send_key_configuration	0000747e	UNCONDITIONAL_JUMP
00007418	host_send_key_configuration	0000746c	UNCONDITIONAL_JUMP
0000741c	host_send_key_configuration	000073e0	CONDITIONAL_JUMP
00007422	host_send_key_configuration	0000acd8	UNCONDITIONAL_CALL
00007426	host_send_key_configuration	000074b0	READ
00007428	host_send_key_configuration	20000324	READ
0000742e	host_send_key_configuration	20000324	WRITE
00007432	host_send_key_configuration	0000743e	CONDITIONAL_JUMP
00007436	host_send_key_configuration	20000324	WRITE
00007438	host_send_key_configuration	20000323	READ
0000743c	host_send_key_configuration	20000323	WRITE
0000743e	host_send_key_configuration	20000323	READ
00007442	host_send_key_configuration	00007468	CONDITIONAL_JUMP
00007448	host_send_key_configuration	20000323	WRITE
0000744e	host_send_key_configuration	2000047c	WRITE
0000744e	host_send_key_configuration	2000047d	WRITE
00007456	host_send_key_configuration	0000744e	CONDITIONAL_JUMP
00007458	host_send_key_configuration	000074b4	READ
00007458	host_send_key_configuration	2000047c	PARAM
0000745c	host_send_key_configuration	0000acd8	UNCONDITIONAL_CALL
00007460	host_send_key_configuration	000074c4	READ
00007462	host_send_key_configuration	20000313	WRITE
00007466	host_send_key_configuration	20000c56	WRITE
0000746e	host_send_key_configuration	2000047c	WRITE
00007472	host_send_key_configuration	2000047d	WRITE
00007474	host_send_key_configuration	2000047e	WRITE
00007476	host_send_key_configuration	2000047f	WRITE
00007478	host_send_key_configuration	20000480	WRITE
0000747a	host_send_key_configuration	20000481	WRITE
0000747c	host_send_key_configuration	000073b8	UNCONDITIONAL_JUMP
00007480	host_send_key_configuration	2000047c	WRITE
00007484	host_send_key_configuration	2000047d	WRITE
00007486	host_send_key_configuration	2000047e	WRITE
00007488	host_send_key_configuration	2000047f	WRITE
0000748c	host_send_key_configuration	20000480	WRITE
00007492	host_send_key_configuration	0000013c	UNCONDITIONAL_CALL
00007498	host_send_key_configuration	000074c8	READ
00007498	host_send_key_configuration	0000c4bc	PARAM
000074a0	host_send_key_configuration	20000482	WRITE
000074a4	host_send_key_configuration	000074ac	CONDITIONAL_JUMP
000074a8	host_send_key_configuration	20000481	WRITE
000074aa	host_send_key_configuration	000073b8	UNCONDITIONAL_JUMP
000074ac	host_send_key_configuration	20000481	WRITE
000074ae	host_send_key_configuration	000073b8	UNCONDITIONAL_JUMP
000074d4	ec_read_column_adc	00007548	READ
000074d6	ec_read_column_adc	0000754c	READ
000074d8	ec_read_column_adc	00007550	READ
000074dc	ec_read_column_adc	00007528	CONDITIONAL_JUMP
000074e2	ec_read_column_adc	000074e8	DATA
000074e6	ec_read_column_adc	000074ee	COMPUTED_JUMP
000074e6	ec_read_column_adc	000074f8	COMPUTED_JUMP
000074e6	ec_read_column_adc	00007502	COMPUTED_JUMP
000074e6	ec_read_column_adc	0000750c	COMPUTED_JUMP
000074e6	ec_read_column_adc	00007516	COMPUTED_JUMP
000074e6	ec_read_column_adc	00007520	COMPUTED_JUMP
000074ee	ec_read_column_adc	500042b0	WRITE
000074f0	ec_read_column_adc	400e0020	READ
000074f4	ec_read_column_adc	400e0020	WRITE
000074f6	ec_read_column_adc	00007528	UNCONDITIONAL_JUMP
000074f8	ec_read_column_adc	500042ac	WRITE
000074fa	ec_read_column_adc	400e0020	READ
000074fe	ec_read_column_adc	400e0020	WRITE
00007500	ec_read_column_adc	00007528	UNCONDITIONAL_JUMP
00007502	ec_read_column_adc	500042a8	WRITE
00007504	ec_read_column_adc	400e0020	READ
00007508	ec_read_column_adc	400e0020	WRITE
0000750a	ec_read_column_adc	00007528	UNCONDITIONAL_JUMP
0000750c	ec_read_column_adc	500042a4	WRITE
0000750e	ec_read_column_adc	400e0020	READ
00007512	ec_read_column_adc	400e0020	WRITE
00007514	ec_read_column_adc	00007528	UNCONDITIONAL_JUMP
00007516	ec_read_column_adc	500042a0	WRITE
00007518	ec_read_column_adc	400e0020	READ
0000751c	ec_read_column_adc	400e0020	WRITE
0000751e	ec_read_column_adc	00007528	UNCONDITIONAL_JUMP
00007520	ec_read_column_adc	5000423c	WRITE
00007522	ec_read_column_adc	400e0020	READ
00007526	ec_read_column_adc	400e0020	WRITE
00007528	ec_read_column_adc	400e0030	READ
0000752c	ec_read_column_adc	00007528	CONDITIONAL_JUMP
00007530	ec_read_column_adc	400e0030	WRITE
00007532	ec_read_column_adc	400e000c	READ
00007534	ec_read_column_adc	500042b0	WRITE
0000753a	ec_read_column_adc	500042ac	WRITE
0000753c	ec_read_column_adc	500042a8	WRITE
0000753e	ec_read_column_adc	500042a4	WRITE
00007540	ec_read_column_adc	500042a0	WRITE
00007542	ec_read_column_adc	5000423c	WRITE
00007556	FUN_00007554	00007618	READ
0000755a	FUN_00007554	40110000	READ
00007560	FUN_00007554	40110000	WRITE
00007562	FUN_00007554	0000761c	READ
00007562	FUN_00007554	40010020	PARAM
00007564	FUN_00007554	40010020	READ
00007568	FUN_00007554	40010020	WRITE
0000756a	FUN_00007554	00006778	UNCONDITIONAL_CALL
0000756e	FUN_00007554	00007620	READ
00007570	FUN_00007554	40010000	READ
00007574	FUN_00007554	40010000	WRITE
0000757c	FUN_00007554	0000681c	UNCONDITIONAL_CALL
00007582	FUN_00007554	00004054	UNCONDITIONAL_CALL
00007590	FUN_00007554	Stack[-0x30]	DATA
00007594	FUN_00007554	0000758a	CONDITIONAL_JUMP
0000759a	FUN_00007554	00004054	UNCONDITIONAL_CALL
000075a2	FUN_00007554	00004094	UNCONDITIONAL_CALL
000075a8	FUN_00007554	000074cc	UNCONDITIONAL_CALL
000075ac	FUN_00007554	00007624	READ
000075b0	FUN_00007554	000075b8	CONDITIONAL_JUMP
000075b6	FUN_00007554	000075ba	UNCONDITIONAL_JUMP
000075bc	FUN_00007554	Stack[-0x30]	DATA
000075c4	FUN_00007554	Stack[-0x30]	DATA
000075c8	FUN_00007554	000075a0	CONDITIONAL_JUMP
000075d0	FUN_00007554	00007598	CONDITIONAL_JUMP
000075d8	FUN_00007554	Stack[-0x18]	READ
000075e0	FUN_00007554	Stack[-0x30]	DATA
000075e4	FUN_00007554	0000013c	UNCONDITIONAL_CALL
000075f0	FUN_00007554	000075de	CONDITIONAL_JUMP
000075f8	FUN_00007554	0000757a	CONDITIONAL_JUMP
000075fa	FUN_00007554	00007620	READ
000075fc	FUN_00007554	40010000	READ
00007602	FUN_00007554	40010000	WRITE
00007604	FUN_00007554	0000761c	READ
00007606	FUN_00007554	40010020	READ
0000760a	FUN_00007554	40010020	WRITE
0000760c	FUN_00007554	00007618	READ
0000760c	FUN_00007554	40110000	DATA
0000760e	FUN_00007554	40110000	READ
00007612	FUN_00007554	40110000	WRITE
0000762a	FUN_00007628	00008248	UNCONDITIONAL_CALL
0000762e	FUN_00007628	0000766c	READ
00007630	FUN_00007628	5000c000	READ
00007636	FUN_00007628	5000c000	WRITE
0000763c	FUN_00007628	00004554	UNCONDITIONAL_CALL
00007640	FUN_00007628	5000c000	READ
00007646	FUN_00007628	5000c000	WRITE
00007648	FUN_00007628	00007670	READ
0000764c	FUN_00007628	50000100	WRITE
0000764e	FUN_00007628	00007674	READ
00007654	FUN_00007628	00007664	CONDITIONAL_JUMP
00007658	FUN_00007628	00007664	CONDITIONAL_JUMP
0000765e	FUN_00007628	00007668	CONDITIONAL_JUMP
0000767a	host_send_rgb_configuration	00007704	READ
0000767e	host_send_rgb_configuration	2000047c	WRITE
00007682	host_send_rgb_configuration	2000047d	WRITE
00007686	host_send_rgb_configuration	2000047e	WRITE
0000768c	host_send_rgb_configuration	2000047f	PARAM
0000768e	host_send_rgb_configuration	0000431c	UNCONDITIONAL_CALL
00007692	host_send_rgb_configuration	2000047c	PARAM
00007696	host_send_rgb_configuration	0000acd8	UNCONDITIONAL_CALL
0000769e	host_send_rgb_configuration	2000047f	PARAM
000076a0	host_send_rgb_configuration	0000431c	UNCONDITIONAL_CALL
000076a4	host_send_rgb_configuration	2000047c	PARAM
000076a8	host_send_rgb_configuration	0000acd8	UNCONDITIONAL_CALL
000076b0	host_send_rgb_configuration	2000047f	PARAM
000076b2	host_send_rgb_configuration	0000431c	UNCONDITIONAL_CALL
000076b6	host_send_rgb_configuration	2000047c	PARAM
000076ba	host_send_rgb_configuration	0000acd8	UNCONDITIONAL_CALL
000076c0	host_send_rgb_configuration	2000047f	WRITE
000076c0	host_send_rgb_configuration	20000480	WRITE
000076c8	host_send_rgb_configuration	000076c0	CONDITIONAL_JUMP
000076cc	host_send_rgb_configuration	2000047e	WRITE
000076d0	host_send_rgb_configuration	2000047f	PARAM
000076d2	host_send_rgb_configuration	0000431c	UNCONDITIONAL_CALL
000076d6	host_send_rgb_configuration	00007704	READ
000076d6	host_send_rgb_configuration	2000047c	PARAM
000076da	host_send_rgb_configuration	0000acd8	UNCONDITIONAL_CALL
000076e4	host_send_rgb_configuration	2000047c	WRITE
000076e4	host_send_rgb_configuration	2000047d	WRITE
000076ec	host_send_rgb_configuration	000076e4	CONDITIONAL_JUMP
000076ee	host_send_rgb_configuration	00007704	READ
000076ee	host_send_rgb_configuration	2000047c	PARAM
000076f2	host_send_rgb_configuration	0000acd8	UNCONDITIONAL_CALL
000076f6	host_send_rgb_configuration	00007708	READ
000076f8	host_send_rgb_configuration	0000770c	READ
000076fa	host_send_rgb_configuration	20000313	WRITE
000076fe	host_send_rgb_configuration	20000c56	WRITE
00007716	ec_measure_idle_level	0000681c	UNCONDITIONAL_CALL
0000771a	ec_measure_idle_level	00007774	READ
0000771e	ec_measure_idle_level	500042b0	WRITE
00007720	ec_measure_idle_level	500042ac	WRITE
00007722	ec_measure_idle_level	500042a8	WRITE
00007724	ec_measure_idle_level	500042a4	WRITE
00007726	ec_measure_idle_level	500042a0	WRITE
00007728	ec_measure_idle_level	00007778	READ
0000772a	ec_measure_idle_level	5000423c	WRITE
0000772e	ec_measure_idle_level	00004054	UNCONDITIONAL_CALL
00007734	ec_measure_idle_level	0000777c	READ
00007736	ec_measure_idle_level	0000ae10	UNCONDITIONAL_CALL
0000773a	ec_measure_idle_level	400e0020	READ
0000773e	ec_measure_idle_level	00000800	PARAM
00007742	ec_measure_idle_level	400e0020	WRITE
00007744	ec_measure_idle_level	400e0030	READ
00007748	ec_measure_idle_level	00007744	CONDITIONAL_JUMP
0000774a	ec_measure_idle_level	400e0030	WRITE
0000774c	ec_measure_idle_level	400e000c	READ
0000775a	ec_measure_idle_level	00007736	CONDITIONAL_JUMP
00007760	ec_measure_idle_level	0000013c	UNCONDITIONAL_CALL
00007764	ec_measure_idle_level	00007780	READ
00007764	ec_measure_idle_level	20000360	PARAM
00007768	ec_measure_idle_level	20000374	READ
0000776a	ec_measure_idle_level	0000681c	UNCONDITIONAL_CALL
00007784	FUN_00007784	000077a0	READ
00007788	FUN_00007784	200003b1	WRITE
0000778a	FUN_00007784	200003b2	WRITE
0000778c	FUN_00007784	000077a4	READ
0000778e	FUN_00007784	000077a8	READ
00007790	FUN_00007784	20000cda	WRITE
00007796	FUN_00007784	200003b9	WRITE
00007796	FUN_00007784	200003ba	WRITE
0000779c	FUN_00007784	00007796	CONDITIONAL_JUMP
000077ae	host_command_dispatch	00007b60	READ
000077ba	host_command_dispatch	00007b64	READ
000077c0	host_command_dispatch	000078c0	CONDITIONAL_JUMP
000077c2	host_command_dispatch	00007806	CONDITIONAL_JUMP
000077c6	host_command_dispatch	000078c2	CONDITIONAL_JUMP
000077c8	host_command_dispatch	000077ec	CONDITIONAL_JUMP
000077d0	host_command_dispatch	000078c4	CONDITIONAL_JUMP
000077d2	host_command_dispatch	000077e2	CONDITIONAL_JUMP
000077d6	host_command_dispatch	000078c6	CONDITIONAL_JUMP
000077da	host_command_dispatch	000078c8	CONDITIONAL_JUMP
000077de	host_command_dispatch	000078ca	CONDITIONAL_JUMP
000077e0	host_command_dispatch	000079f8	UNCONDITIONAL_JUMP
000077e4	host_command_dispatch	000078cc	CONDITIONAL_JUMP
000077e8	host_command_dispatch	000078ca	CONDITIONAL_JUMP
000077ea	host_command_dispatch	0000798a	UNCONDITIONAL_JUMP
000077f0	host_command_dispatch	000078ca	CONDITIONAL_JUMP
000077fa	host_command_dispatch	00007990	COMPUTED_JUMP
000077fa	host_command_dispatch	000078ca	COMPUTED_JUMP
000077fa	host_command_dispatch	00007956	COMPUTED_JUMP
000077fa	host_command_dispatch	000079e2	COMPUTED_JUMP
000077fa	host_command_dispatch	000079e0	COMPUTED_JUMP
000077fa	host_command_dispatch	000079de	COMPUTED_JUMP
000077fa	host_command_dispatch	000079dc	COMPUTED_JUMP
0000780a	host_command_dispatch	000078ca	CONDITIONAL_JUMP
00007814	host_command_dispatch	00007826	COMPUTED_JUMP
00007814	host_command_dispatch	000079f6	COMPUTED_JUMP
00007814	host_command_dispatch	000079f4	COMPUTED_JUMP
00007814	host_command_dispatch	000078ca	COMPUTED_JUMP
00007814	host_command_dispatch	000079dc	COMPUTED_JUMP
00007814	host_command_dispatch	000079f2	COMPUTED_JUMP
00007814	host_command_dispatch	000079f0	COMPUTED_JUMP
00007814	host_command_dispatch	000079ee	COMPUTED_JUMP
00007814	host_command_dispatch	000079ec	COMPUTED_JUMP
00007814	host_command_dispatch	000079ea	COMPUTED_JUMP
00007814	host_command_dispatch	000079e8	COMPUTED_JUMP
00007814	host_command_dispatch	000079e6	COMPUTED_JUMP
00007814	host_command_dispatch	000079e4	COMPUTED_JUMP
0000782e	host_command_dispatch	00007884	CONDITIONAL_JUMP
00007832	host_command_dispatch	00007888	CONDITIONAL_JUMP
00007838	host_command_dispatch	000078ca	CONDITIONAL_JUMP
00007846	host_command_dispatch	000078ca	CONDITIONAL_JUMP
0000784a	host_command_dispatch	000078ca	CONDITIONAL_JUMP
0000784e	host_command_dispatch	000078ca	CONDITIONAL_JUMP
00007852	host_command_dispatch	000078ca	CONDITIONAL_JUMP
00007858	host_command_dispatch	0000790e	CONDITIONAL_JUMP
0000785a	host_command_dispatch	00007b64	READ
0000785c	host_command_dispatch	20000330	READ
00007862	host_command_dispatch	0000788c	CONDITIONAL_JUMP
0000786a	host_command_dispatch	00007b64	READ
0000786c	host_command_dispatch	00007b68	READ
0000786e	host_command_dispatch	20000330	READ
00007874	host_command_dispatch	20000485	DATA
00007878	host_command_dispatch	00007b64	READ
0000787c	host_command_dispatch	20000330	WRITE
00007880	host_command_dispatch	00007866	CONDITIONAL_JUMP
00007882	host_command_dispatch	000078b2	UNCONDITIONAL_JUMP
00007886	host_command_dispatch	00007844	UNCONDITIONAL_JUMP
0000788a	host_command_dispatch	00007844	UNCONDITIONAL_JUMP
00007894	host_command_dispatch	000078b2	CONDITIONAL_JUMP
0000789a	host_command_dispatch	00007b64	READ
0000789c	host_command_dispatch	00007b68	READ
0000789e	host_command_dispatch	20000330	READ
000078a4	host_command_dispatch	20000485	DATA
000078a8	host_command_dispatch	00007b64	READ
000078ac	host_command_dispatch	20000330	WRITE
000078b0	host_command_dispatch	00007896	CONDITIONAL_JUMP
000078b2	host_command_dispatch	00007b64	READ
000078b4	host_command_dispatch	20000330	READ
000078b8	host_command_dispatch	000078ca	CONDITIONAL_JUMP
000078be	host_command_dispatch	000078ce	UNCONDITIONAL_JUMP
000078c0	host_command_dispatch	00007b2c	UNCONDITIONAL_JUMP
000078c2	host_command_dispatch	00007996	UNCONDITIONAL_JUMP
000078c4	host_command_dispatch	000079a6	UNCONDITIONAL_JUMP
000078c6	host_command_dispatch	00007b52	UNCONDITIONAL_JUMP
000078c8	host_command_dispatch	00007a1e	UNCONDITIONAL_JUMP
000078ca	host_command_dispatch	000079a0	UNCONDITIONAL_JUMP
000078cc	host_command_dispatch	000079a2	UNCONDITIONAL_JUMP
000078d2	host_command_dispatch	00007b6c	READ
000078d6	host_command_dispatch	2000035c	READ
000078e4	host_command_dispatch	00007b68	READ
000078e4	host_command_dispatch	2000047c	PARAM
000078ec	host_command_dispatch	2000047c	WRITE
000078ec	host_command_dispatch	2000047d	WRITE
000078f4	host_command_dispatch	000078e8	CONDITIONAL_JUMP
000078fc	host_command_dispatch	00007b68	READ
000078fc	host_command_dispatch	2000047c	PARAM
000078fe	host_command_dispatch	00004210	UNCONDITIONAL_CALL
00007902	host_command_dispatch	2000035c	READ
00007906	host_command_dispatch	2000035c	WRITE
0000790a	host_command_dispatch	20000330	WRITE
0000790c	host_command_dispatch	00007b58	UNCONDITIONAL_JUMP
00007910	host_command_dispatch	00007916	CONDITIONAL_JUMP
00007914	host_command_dispatch	000079a0	CONDITIONAL_JUMP
00007920	host_command_dispatch	00007b64	READ
00007922	host_command_dispatch	00007b6c	READ
00007924	host_command_dispatch	2000035c	READ
00007934	host_command_dispatch	0000793c	CONDITIONAL_JUMP
00007938	host_command_dispatch	00007940	CONDITIONAL_JUMP
0000793a	host_command_dispatch	00007944	UNCONDITIONAL_JUMP
0000793e	host_command_dispatch	00007942	UNCONDITIONAL_JUMP
00007944	host_command_dispatch	00007b64	READ
0000794a	host_command_dispatch	00004210	UNCONDITIONAL_CALL
0000794e	host_command_dispatch	2000035c	READ
00007952	host_command_dispatch	2000035c	WRITE
00007954	host_command_dispatch	00007b58	UNCONDITIONAL_JUMP
0000795c	host_command_dispatch	00007974	CONDITIONAL_JUMP
0000795e	host_command_dispatch	00007b68	READ
00007964	host_command_dispatch	2000032e	READ
00007968	host_command_dispatch	2000047c	DATA
0000796e	host_command_dispatch	2000032e	WRITE
00007972	host_command_dispatch	00007960	CONDITIONAL_JUMP
00007974	host_command_dispatch	2000032e	READ
00007978	host_command_dispatch	000079a0	CONDITIONAL_JUMP
0000797e	host_command_dispatch	00007b68	READ
0000797e	host_command_dispatch	2000047c	PARAM
00007980	host_command_dispatch	00004210	UNCONDITIONAL_CALL
00007986	host_command_dispatch	2000032e	WRITE
00007988	host_command_dispatch	00007b58	UNCONDITIONAL_JUMP
0000798a	host_command_dispatch	000040bc	UNCONDITIONAL_CALL
0000798e	host_command_dispatch	00007b58	UNCONDITIONAL_JUMP
00007990	host_command_dispatch	00004140	UNCONDITIONAL_CALL
00007994	host_command_dispatch	00007b58	UNCONDITIONAL_JUMP
0000799a	host_command_dispatch	000079a0	CONDITIONAL_JUMP
0000799c	host_command_dispatch	00008528	UNCONDITIONAL_CALL
000079a0	host_command_dispatch	00007b58	UNCONDITIONAL_JUMP
000079a4	host_command_dispatch	00007ae2	UNCONDITIONAL_JUMP
000079a8	host_command_dispatch	00009648	UNCONDITIONAL_CALL
000079ac	host_command_dispatch	20000cc7	READ
000079b0	host_command_dispatch	000079b6	CONDITIONAL_JUMP
000079b4	host_command_dispatch	000079b8	UNCONDITIONAL_JUMP
000079b8	host_command_dispatch	20000cc7	WRITE
000079bc	host_command_dispatch	00006730	UNCONDITIONAL_CALL
000079c2	host_command_dispatch	00004054	UNCONDITIONAL_CALL
000079c6	host_command_dispatch	20000cc7	READ
000079ca	host_command_dispatch	000079d0	CONDITIONAL_JUMP
000079ce	host_command_dispatch	000079d2	UNCONDITIONAL_JUMP
000079d2	host_command_dispatch	20000cc7	WRITE
000079d6	host_command_dispatch	00006730	UNCONDITIONAL_CALL
000079da	host_command_dispatch	00007b58	UNCONDITIONAL_JUMP
000079dc	host_command_dispatch	00007b4c	UNCONDITIONAL_JUMP
000079de	host_command_dispatch	00007b44	UNCONDITIONAL_JUMP
000079e0	host_command_dispatch	00007b3c	UNCONDITIONAL_JUMP
000079e2	host_command_dispatch	00007b36	UNCONDITIONAL_JUMP
000079e4	host_command_dispatch	00007ac0	UNCONDITIONAL_JUMP
000079e6	host_command_dispatch	00007aa4	UNCONDITIONAL_JUMP
000079e8	host_command_dispatch	00007a88	UNCONDITIONAL_JUMP
000079ea	host_command_dispatch	00007a4e	UNCONDITIONAL_JUMP
000079ec	host_command_dispatch	00007a48	UNCONDITIONAL_JUMP
000079ee	host_command_dispatch	00007a40	UNCONDITIONAL_JUMP
000079f0	host_command_dispatch	00007a3a	UNCONDITIONAL_JUMP
000079f2	host_command_dispatch	00007ac8	UNCONDITIONAL_JUMP
000079f4	host_command_dispatch	00007b1e	UNCONDITIONAL_JUMP
000079f6	host_command_dispatch	00007ae6	UNCONDITIONAL_JUMP
000079f8	host_command_dispatch	00003fd4	UNCONDITIONAL_CALL
000079fc	host_command_dispatch	20000cc7	READ
00007a00	host_command_dispatch	00007a06	CONDITIONAL_JUMP
00007a04	host_command_dispatch	00007a08	UNCONDITIONAL_JUMP
00007a08	host_command_dispatch	20000cc7	WRITE
00007a0c	host_command_dispatch	00006730	UNCONDITIONAL_CALL
00007a12	host_command_dispatch	00004054	UNCONDITIONAL_CALL
00007a16	host_command_dispatch	20000cc7	READ
00007a1a	host_command_dispatch	000079d0	CONDITIONAL_JUMP
00007a1c	host_command_dispatch	000079cc	UNCONDITIONAL_JUMP
00007a1e	host_command_dispatch	00006144	UNCONDITIONAL_CALL
00007a24	host_command_dispatch	00004054	UNCONDITIONAL_CALL
00007a2c	host_command_dispatch	00007b74	READ
00007a2e	host_command_dispatch	00007b70	READ
00007a30	host_command_dispatch	e000ed0c	WRITE
00007a38	host_command_dispatch	00007a36	UNCONDITIONAL_JUMP
00007a3a	host_command_dispatch	00008740	UNCONDITIONAL_CALL
00007a3e	host_command_dispatch	00007b58	UNCONDITIONAL_JUMP
00007a40	host_command_dispatch	00007b78	READ
00007a40	host_command_dispatch	20000ccc	PARAM
00007a44	host_command_dispatch	20000ccc	WRITE
00007a46	host_command_dispatch	00007b58	UNCONDITIONAL_JUMP
00007a48	host_command_dispatch	00007b78	READ
00007a48	host_command_dispatch	20000ccc	PARAM
00007a4a	host_command_dispatch	20000ccc	WRITE
00007a4c	host_command_dispatch	00007b58	UNCONDITIONAL_JUMP
00007a52	host_command_dispatch	00007a56	CONDITIONAL_JUMP
00007a56	host_command_dispatch	00007b7c	READ
00007a56	host_command_dispatch	20000dec	PARAM
00007a5a	host_command_dispatch	20000ded	WRITE
00007a5e	host_command_dispatch	00007a70	CONDITIONAL_JUMP
00007a6a	host_command_dispatch	20000dee	WRITE
00007a6a	host_command_dispatch	20000def	WRITE
00007a6e	host_command_dispatch	00007a60	CONDITIONAL_JUMP
00007a72	host_command_dispatch	00007a82	CONDITIONAL_JUMP
00007a7c	host_command_dispatch	20000e02	WRITE
00007a7c	host_command_dispatch	20000e03	WRITE
00007a80	host_command_dispatch	00007a76	CONDITIONAL_JUMP
00007a82	host_command_dispatch	00007b78	READ
00007a82	host_command_dispatch	20000ccc	PARAM
00007a84	host_command_dispatch	20000ccc	WRITE
00007a86	host_command_dispatch	00007b58	UNCONDITIONAL_JUMP
00007a88	host_command_dispatch	00007b7c	READ
00007a88	host_command_dispatch	20000dec	PARAM
00007a96	host_command_dispatch	20000ded	WRITE
00007a96	host_command_dispatch	20000dee	WRITE
00007a9a	host_command_dispatch	00007a8c	CONDITIONAL_JUMP
00007a9c	host_command_dispatch	00007b78	READ
00007a9c	host_command_dispatch	20000ccc	PARAM
00007aa0	host_command_dispatch	20000ccc	WRITE
00007aa2	host_command_dispatch	00007b58	UNCONDITIONAL_JUMP
00007aa4	host_command_dispatch	00007b7c	READ
00007aa4	host_command_dispatch	20000dec	PARAM
00007ab2	host_command_dispatch	20000ded	WRITE
00007ab2	host_command_dispatch	20000dee	WRITE
00007ab6	host_command_dispatch	00007aa8	CONDITIONAL_JUMP
00007ab8	host_command_dispatch	00007b78	READ
00007ab8	host_command_dispatch	20000ccc	PARAM
00007abc	host_command_dispatch	20000ccc	WRITE
00007abe	host_command_dispatch	00007b58	UNCONDITIONAL_JUMP
00007ac0	host_command_dispatch	00007b78	READ
00007ac0	host_command_dispatch	20000ccc	PARAM
00007ac4	host_command_dispatch	20000ccc	WRITE
00007ac6	host_command_dispatch	00007b58	UNCONDITIONAL_JUMP
00007acc	host_command_dispatch	00007b80	READ
00007ace	host_command_dispatch	00007b6c	READ
00007ace	host_command_dispatch	20000f29	PARAM
00007ad0	host_command_dispatch	00004210	UNCONDITIONAL_CALL
00007ad4	host_command_dispatch	0000ad4c	UNCONDITIONAL_CALL
00007ad8	host_command_dispatch	20000cbb	READ
00007adc	host_command_dispatch	00007ae0	CONDITIONAL_JUMP
00007ade	host_command_dispatch	20000cba	WRITE
00007ae2	host_command_dispatch	20000c56	WRITE
00007ae4	host_command_dispatch	00007b58	UNCONDITIONAL_JUMP
00007ae8	host_command_dispatch	20000c56	WRITE
00007aea	host_command_dispatch	00007b84	READ
00007aec	host_command_dispatch	2000035c	WRITE
00007aee	host_command_dispatch	00007b6c	READ
00007af0	host_command_dispatch	20000330	WRITE
00007afc	host_command_dispatch	20000f29	PARAM
00007afe	host_command_dispatch	20000f29	WRITE
00007afe	host_command_dispatch	20000f2a	WRITE
00007afe	host_command_dispatch	20000fad	WRITE
00007b06	host_command_dispatch	00007afe	CONDITIONAL_JUMP
00007b0e	host_command_dispatch	00007af4	CONDITIONAL_JUMP
00007b10	host_command_dispatch	20000cba	READ
00007b14	host_command_dispatch	00007b58	CONDITIONAL_JUMP
00007b16	host_command_dispatch	20000cba	WRITE
00007b18	host_command_dispatch	00006778	UNCONDITIONAL_CALL
00007b1c	host_command_dispatch	00007b58	UNCONDITIONAL_JUMP
00007b20	host_command_dispatch	20000323	WRITE
00007b22	host_command_dispatch	20000324	WRITE
00007b24	host_command_dispatch	20000c56	WRITE
00007b28	host_command_dispatch	20000313	WRITE
00007b2a	host_command_dispatch	00007b58	UNCONDITIONAL_JUMP
00007b2c	host_command_dispatch	0000269c	UNCONDITIONAL_CALL
00007b30	host_command_dispatch	000026dc	UNCONDITIONAL_CALL
00007b34	host_command_dispatch	00007b58	UNCONDITIONAL_JUMP
00007b38	host_command_dispatch	2000032e	WRITE
00007b3a	host_command_dispatch	00007b58	UNCONDITIONAL_JUMP
00007b3e	host_command_dispatch	20000c56	WRITE
00007b40	host_command_dispatch	20000313	WRITE
00007b42	host_command_dispatch	00007b58	UNCONDITIONAL_JUMP
00007b46	host_command_dispatch	20000c56	WRITE
00007b48	host_command_dispatch	20000313	WRITE
00007b4a	host_command_dispatch	00007b58	UNCONDITIONAL_JUMP
00007b4e	host_command_dispatch	20000314	WRITE
00007b50	host_command_dispatch	00007b58	UNCONDITIONAL_JUMP
00007b54	host_command_dispatch	0000918c	UNCONDITIONAL_CALL
00007b58	host_command_dispatch	0000ae10	UNCONDITIONAL_CALL
00007b8a	FUN_00007b88	00007be4	READ
00007b8c	FUN_00007b88	00007be8	READ
00007b8e	FUN_00007b88	200003cb	READ
00007b90	FUN_00007b88	2000041a	READ
00007b94	FUN_00007b88	00007bb8	CONDITIONAL_JUMP
00007b98	FUN_00007b88	2000041c	READ
00007b9c	FUN_00007b88	00007bc6	CONDITIONAL_JUMP
00007ba0	FUN_00007b88	00007bd4	CONDITIONAL_JUMP
00007ba4	FUN_00007b88	00007bb4	CONDITIONAL_JUMP
00007baa	FUN_00007b88	2000041a	WRITE
00007bae	FUN_00007b88	00007bb4	CONDITIONAL_JUMP
00007bb2	FUN_00007b88	200003cb	WRITE
00007bbc	FUN_00007b88	2000041a	WRITE
00007bc0	FUN_00007b88	00007bb4	CONDITIONAL_JUMP
00007bc4	FUN_00007b88	00007bb2	UNCONDITIONAL_JUMP
00007bca	FUN_00007b88	2000041c	WRITE
00007bce	FUN_00007b88	00007bb4	CONDITIONAL_JUMP
00007bd2	FUN_00007b88	00007bb2	UNCONDITIONAL_JUMP
00007bd8	FUN_00007b88	2000041c	WRITE
00007bdc	FUN_00007b88	00007bb4	CONDITIONAL_JUMP
00007be0	FUN_00007b88	00007bb2	UNCONDITIONAL_JUMP
00007bf0	FUN_00007bec	00007dac	READ
00007bf0	FUN_00007bec	20000400	DATA
00007bf2	FUN_00007bec	20000400	DATA
00007bf2	FUN_00007bec	Stack[-0x24]	WRITE
00007bf4	FUN_00007bec	20000409	READ
00007bf8	FUN_00007bec	00007cf8	CONDITIONAL_JUMP
00007bfa	FUN_00007bec	00007db0	READ
00007c08	FUN_00007bec	20003b14	WRITE
00007c08	FUN_00007bec	20003b15	WRITE
00007c08	FUN_00007bec	20003b23	WRITE
00007c10	FUN_00007bec	00007c06	CONDITIONAL_JUMP
00007c18	FUN_00007bec	00007bfe	CONDITIONAL_JUMP
00007c1c	FUN_00007bec	Stack[-0x28]	WRITE
00007c20	FUN_00007bec	00007d1c	CONDITIONAL_JUMP
00007c26	FUN_00007bec	00007db4	READ
00007c28	FUN_00007bec	Stack[-0x20]	WRITE
00007c2c	FUN_00007bec	20003b61	READ
00007c32	FUN_00007bec	00007c3a	CONDITIONAL_JUMP
00007c34	FUN_00007bec	00007ccc	UNCONDITIONAL_JUMP
00007c38	FUN_00007bec	00007cb0	CONDITIONAL_JUMP
00007c3a	FUN_00007bec	Stack[-0x18]	READ
00007c3e	FUN_00007bec	00007c58	CONDITIONAL_JUMP
00007c4a	FUN_00007bec	00007db4	READ
00007c4c	FUN_00007bec	Stack[-0x20]	READ
00007c4e	FUN_00007bec	20003b60	DATA
00007c50	FUN_00007bec	20003b5f	DATA
00007c52	FUN_00007bec	00007dc4	UNCONDITIONAL_CALL
00007c56	FUN_00007bec	00007cb0	UNCONDITIONAL_JUMP
00007c58	FUN_00007bec	00007db4	READ
00007c5a	FUN_00007bec	Stack[-0x20]	READ
00007c5c	FUN_00007bec	20003b5f	DATA
00007c5e	FUN_00007bec	20003b60	DATA
00007c70	FUN_00007bec	00007c94	CONDITIONAL_JUMP
00007c7e	FUN_00007bec	00007db0	READ
00007c84	FUN_00007bec	Stack[-0x1c]	WRITE
00007c8a	FUN_00007bec	00007c92	CONDITIONAL_JUMP
00007c8c	FUN_00007bec	Stack[-0x1c]	READ
00007c98	FUN_00007bec	00007cb0	CONDITIONAL_JUMP
00007ca2	FUN_00007bec	00007db0	READ
00007caa	FUN_00007bec	00007cae	CONDITIONAL_JUMP
00007cb6	FUN_00007bec	00007c36	CONDITIONAL_JUMP
00007cba	FUN_00007bec	00007ccc	CONDITIONAL_JUMP
00007cbc	FUN_00007bec	20003b61	DATA
00007cc0	FUN_00007bec	20003b61	DATA
00007cc2	FUN_00007bec	Stack[-0x28]	READ
00007cc8	FUN_00007bec	Stack[-0x28]	WRITE
00007cca	FUN_00007bec	00007d14	UNCONDITIONAL_JUMP
00007ccc	FUN_00007bec	Stack[-0x24]	READ
00007cce	FUN_00007bec	Stack[-0x28]	READ
00007cd0	FUN_00007bec	20000409	READ
00007cd8	FUN_00007bec	00007cf6	CONDITIONAL_JUMP
00007cda	FUN_00007bec	00007db4	READ
00007ce2	FUN_00007bec	20003b62	DATA
00007ce4	FUN_00007bec	20003b5f	DATA
00007ce6	FUN_00007bec	20003b63	DATA
00007ce8	FUN_00007bec	20003b60	DATA
00007cec	FUN_00007bec	20003b64	DATA
00007cf0	FUN_00007bec	20003b61	DATA
00007cf4	FUN_00007bec	00007cdc	CONDITIONAL_JUMP
00007cf6	FUN_00007bec	00007cfc	UNCONDITIONAL_JUMP
00007cf8	FUN_00007bec	00007da6	UNCONDITIONAL_JUMP
00007d00	FUN_00007bec	00007db4	READ
00007d08	FUN_00007bec	20003b5c	DATA
00007d0a	FUN_00007bec	20003b5d	DATA
00007d0c	FUN_00007bec	20003b5e	DATA
00007d0e	FUN_00007bec	Stack[-0x24]	READ
00007d10	FUN_00007bec	20000409	WRITE
00007d12	FUN_00007bec	Stack[-0x28]	READ
00007d14	FUN_00007bec	Stack[-0x24]	READ
00007d16	FUN_00007bec	20000409	READ
00007d1a	FUN_00007bec	00007c22	CONDITIONAL_JUMP
00007d1c	FUN_00007bec	00007db8	READ
00007d20	FUN_00007bec	200003c3	READ
00007d22	FUN_00007bec	00007db8	READ
00007d24	FUN_00007bec	200003c3	READ
00007d28	FUN_00007bec	00007d30	CONDITIONAL_JUMP
00007d2a	FUN_00007bec	200003c6	READ
00007d2e	FUN_00007bec	200003c6	WRITE
00007d30	FUN_00007bec	00007db0	READ
00007d38	FUN_00007bec	20003b14	DATA
00007d38	FUN_00007bec	20003b23	DATA
00007d38	FUN_00007bec	Stack[-0x28]	WRITE
00007d3a	FUN_00007bec	00007dbc	READ
00007d40	FUN_00007bec	Stack[-0x28]	READ
00007d42	FUN_00007bec	20003b14	READ
00007d42	FUN_00007bec	20003b15	READ
00007d42	FUN_00007bec	20003b23	READ
00007d46	FUN_00007bec	00007d4a	CONDITIONAL_JUMP
00007d4a	FUN_00007bec	00007db8	READ
00007d4a	FUN_00007bec	200003c0	PARAM
00007d4c	FUN_00007bec	200003c3	READ
00007d50	FUN_00007bec	00007d62	CONDITIONAL_JUMP
00007d52	FUN_00007bec	200003c6	READ
00007d58	FUN_00007bec	200003c6	WRITE
00007d5c	FUN_00007bec	00007d62	CONDITIONAL_JUMP
00007d60	FUN_00007bec	200003c6	WRITE
00007d64	FUN_00007bec	00007d84	CONDITIONAL_JUMP
00007d66	FUN_00007bec	00007dc0	READ
00007d68	FUN_00007bec	0000c66a	READ
00007d68	FUN_00007bec	0000c666	READ
00007d6a	FUN_00007bec	0000c7ad	READ
00007d6a	FUN_00007bec	0000c7ac	READ
00007d6e	FUN_00007bec	0000099c	UNCONDITIONAL_CALL
00007d78	FUN_00007bec	00007d40	CONDITIONAL_JUMP
00007d7a	FUN_00007bec	00007db8	READ
00007d7a	FUN_00007bec	200003c0	DATA
00007d7c	FUN_00007bec	200003c3	READ
00007d80	FUN_00007bec	00007d98	CONDITIONAL_JUMP
00007d82	FUN_00007bec	00007d9e	UNCONDITIONAL_JUMP
00007d84	FUN_00007bec	200003c7	READ
00007d88	FUN_00007bec	0000c7ac	READ
00007d8a	FUN_00007bec	00007d94	CONDITIONAL_JUMP
00007d8e	FUN_00007bec	000008ec	UNCONDITIONAL_CALL
00007d92	FUN_00007bec	00007d72	UNCONDITIONAL_JUMP
00007d94	FUN_00007bec	200003c2	READ
00007d96	FUN_00007bec	00007d8e	UNCONDITIONAL_JUMP
00007d98	FUN_00007bec	200003c6	READ
00007d9c	FUN_00007bec	200003c6	WRITE
00007da4	FUN_00007bec	00007d22	CONDITIONAL_JUMP
00007dce	FUN_00007dc4	00007e72	CONDITIONAL_JUMP
00007dd6	FUN_00007dc4	Stack[-0x18]	WRITE
00007dda	FUN_00007dc4	00007e20	CONDITIONAL_JUMP
00007de6	FUN_00007dc4	00007e02	CONDITIONAL_JUMP
00007df0	FUN_00007dc4	00007e78	READ
00007dfc	FUN_00007dc4	00007e00	CONDITIONAL_JUMP
00007e08	FUN_00007dc4	00007e20	CONDITIONAL_JUMP
00007e12	FUN_00007dc4	00007e78	READ
00007e1a	FUN_00007dc4	00007e1e	CONDITIONAL_JUMP
00007e24	FUN_00007dc4	00007e68	CONDITIONAL_JUMP
00007e2e	FUN_00007dc4	00007e4a	CONDITIONAL_JUMP
00007e38	FUN_00007dc4	00007e78	READ
00007e44	FUN_00007dc4	00007e48	CONDITIONAL_JUMP
00007e50	FUN_00007dc4	00007e68	CONDITIONAL_JUMP
00007e5a	FUN_00007dc4	00007e78	READ
00007e62	FUN_00007dc4	00007e66	CONDITIONAL_JUMP
00007e6a	FUN_00007dc4	Stack[-0x18]	READ
00007e70	FUN_00007dc4	00007dd8	CONDITIONAL_JUMP
00007e86	des_rotate_bit_buffer	00007e94	CONDITIONAL_JUMP
00007e8a	des_rotate_bit_buffer	Stack[-0x48]	DATA
00007e92	des_rotate_bit_buffer	00007e88	CONDITIONAL_JUMP
00007ea0	des_rotate_bit_buffer	00007eae	CONDITIONAL_JUMP
00007eac	des_rotate_bit_buffer	00007ea2	CONDITIONAL_JUMP
00007eb8	des_rotate_bit_buffer	00007ec6	CONDITIONAL_JUMP
00007eba	des_rotate_bit_buffer	Stack[-0x48]	DATA
00007ec4	des_rotate_bit_buffer	00007eba	CONDITIONAL_JUMP
00007edc	des_ecb_decrypt	000001c2	UNCONDITIONAL_CALL
00007ee2	des_ecb_decrypt	Stack[-0x488]	WRITE
00007ee6	des_ecb_decrypt	Stack[-0x484]	WRITE
00007ee8	des_ecb_decrypt	Stack[-0x24]	READ
00007eec	des_ecb_decrypt	00007fec	CONDITIONAL_JUMP
00007eee	des_ecb_decrypt	Stack[-0x20]	READ
00007ef2	des_ecb_decrypt	00007fec	CONDITIONAL_JUMP
00007ef6	des_ecb_decrypt	00007fec	CONDITIONAL_JUMP
00007ef8	des_ecb_decrypt	Stack[-0x1c]	READ
00007efc	des_ecb_decrypt	00007fec	CONDITIONAL_JUMP
00007f06	des_ecb_decrypt	Stack[-0x488]	DATA
00007f0e	des_ecb_decrypt	00007f04	CONDITIONAL_JUMP
00007f12	des_ecb_decrypt	Stack[-0x470]	WRITE
00007f1a	des_ecb_decrypt	Stack[-0x478]	WRITE
00007f1c	des_ecb_decrypt	Stack[-0x474]	WRITE
00007f24	des_ecb_decrypt	Stack[-0x488]	DATA
00007f30	des_ecb_decrypt	Stack[-0x158]	DATA
00007f3a	des_ecb_decrypt	00007f20	CONDITIONAL_JUMP
00007f3e	des_ecb_decrypt	00008200	READ
00007f3e	des_ecb_decrypt	0000be48	PARAM
00007f44	des_ecb_decrypt	000098a4	UNCONDITIONAL_CALL
00007f4e	des_ecb_decrypt	00008204	READ
00007f50	des_ecb_decrypt	Stack[-0x474]	READ
00007f52	des_ecb_decrypt	0000beb0	READ
00007f52	des_ecb_decrypt	0000beb1	READ
00007f5a	des_ecb_decrypt	00007f68	CONDITIONAL_JUMP
00007f5c	des_ecb_decrypt	Stack[-0x158]	DATA
00007f5c	des_ecb_decrypt	Stack[-0x158]	DATA
00007f5e	des_ecb_decrypt	Stack[-0x98]	DATA
00007f66	des_ecb_decrypt	00007f5c	CONDITIONAL_JUMP
00007f76	des_ecb_decrypt	00007f84	CONDITIONAL_JUMP
00007f78	des_ecb_decrypt	Stack[-0x157]	DATA
00007f7a	des_ecb_decrypt	Stack[-0x158]	DATA
00007f82	des_ecb_decrypt	00007f78	CONDITIONAL_JUMP
00007f90	des_ecb_decrypt	00007f9e	CONDITIONAL_JUMP
00007f92	des_ecb_decrypt	Stack[-0x98]	DATA
00007f94	des_ecb_decrypt	Stack[-0x13d]	DATA
00007f9c	des_ecb_decrypt	00007f92	CONDITIONAL_JUMP
00007fa2	des_ecb_decrypt	00008204	READ
00007fa6	des_ecb_decrypt	0000beb0	READ
00007fac	des_ecb_decrypt	Stack[-0x478]	READ
00007fb0	des_ecb_decrypt	00007fbe	CONDITIONAL_JUMP
00007fb2	des_ecb_decrypt	Stack[-0x13c]	DATA
00007fb4	des_ecb_decrypt	Stack[-0x60]	DATA
00007fbc	des_ecb_decrypt	00007fb2	CONDITIONAL_JUMP
00007fcc	des_ecb_decrypt	00007fda	CONDITIONAL_JUMP
00007fce	des_ecb_decrypt	Stack[-0x13b]	DATA
00007fd0	des_ecb_decrypt	Stack[-0x13c]	DATA
00007fd8	des_ecb_decrypt	00007fce	CONDITIONAL_JUMP
00007fe8	des_ecb_decrypt	00007ffa	CONDITIONAL_JUMP
00007fea	des_ecb_decrypt	00007fee	UNCONDITIONAL_JUMP
00007fec	des_ecb_decrypt	000081f6	UNCONDITIONAL_JUMP
00007fee	des_ecb_decrypt	Stack[-0x60]	DATA
00007ff0	des_ecb_decrypt	Stack[-0x121]	DATA
00007ff8	des_ecb_decrypt	00007fea	CONDITIONAL_JUMP
00007ffc	des_ecb_decrypt	Stack[-0x470]	READ
00008002	des_ecb_decrypt	Stack[-0x47c]	WRITE
00008004	des_ecb_decrypt	00008208	READ
00008008	des_ecb_decrypt	0000be80	DATA
00008008	des_ecb_decrypt	Stack[-0x480]	WRITE
00008012	des_ecb_decrypt	000001c2	UNCONDITIONAL_CALL
0000801a	des_ecb_decrypt	Stack[-0x480]	READ
0000801c	des_ecb_decrypt	0000be80	READ
0000801c	des_ecb_decrypt	0000be81	READ
00008020	des_ecb_decrypt	Stack[-0x118]	DATA
00008028	des_ecb_decrypt	0000801a	CONDITIONAL_JUMP
0000802c	des_ecb_decrypt	Stack[-0x47c]	READ
00008030	des_ecb_decrypt	0000803e	CONDITIONAL_JUMP
00008032	des_ecb_decrypt	Stack[-0x118]	DATA
00008034	des_ecb_decrypt	Stack[-0x458]	DATA
0000803c	des_ecb_decrypt	00008032	CONDITIONAL_JUMP
00008042	des_ecb_decrypt	00007f4a	CONDITIONAL_JUMP
00008048	des_ecb_decrypt	Stack[-0x474]	WRITE
0000804a	des_ecb_decrypt	Stack[-0x1c]	READ
0000804e	des_ecb_decrypt	Stack[-0x46c]	WRITE
00008052	des_ecb_decrypt	00008150	CONDITIONAL_JUMP
00008056	des_ecb_decrypt	Stack[-0x460]	WRITE
0000805a	des_ecb_decrypt	Stack[-0x20]	READ
0000805c	des_ecb_decrypt	Stack[-0x464]	WRITE
0000805e	des_ecb_decrypt	Stack[-0x24]	READ
00008062	des_ecb_decrypt	Stack[-0x468]	WRITE
00008066	des_ecb_decrypt	Stack[-0x460]	READ
0000806a	des_ecb_decrypt	Stack[-0x478]	WRITE
0000806e	des_ecb_decrypt	Stack[-0x470]	WRITE
00008084	des_ecb_decrypt	Stack[-0x158]	DATA
0000808c	des_ecb_decrypt	00008072	CONDITIONAL_JUMP
00008092	des_ecb_decrypt	0000820c	READ
00008092	des_ecb_decrypt	0000bd78	PARAM
00008096	des_ecb_decrypt	000098a4	UNCONDITIONAL_CALL
0000809c	des_ecb_decrypt	Stack[-0x47c]	WRITE
000080a0	des_ecb_decrypt	Stack[-0x478]	READ
000080a6	des_ecb_decrypt	Stack[-0x138]	DATA
000080a8	des_ecb_decrypt	Stack[-0x118]	DATA
000080b0	des_ecb_decrypt	000080a6	CONDITIONAL_JUMP
000080b2	des_ecb_decrypt	Stack[-0x478]	READ
000080b4	des_ecb_decrypt	Stack[-0x480]	WRITE
000080b6	des_ecb_decrypt	Stack[-0x47c]	READ
000080bc	des_ecb_decrypt	Stack[-0x468]	READ
000080c6	des_ecb_decrypt	00008210	READ
000080c6	des_ecb_decrypt	0000bdf8	PARAM
000080ca	des_ecb_decrypt	Stack[-0x480]	READ
000080cc	des_ecb_decrypt	000098a4	UNCONDITIONAL_CALL
000080d4	des_ecb_decrypt	Stack[-0xf8]	DATA
000080d6	des_ecb_decrypt	Stack[-0x188]	DATA
000080da	des_ecb_decrypt	Stack[-0xf8]	DATA
000080e2	des_ecb_decrypt	000080d4	CONDITIONAL_JUMP
000080e4	des_ecb_decrypt	Stack[-0x480]	READ
000080e8	des_ecb_decrypt	Stack[-0xf8]	READ
000080ea	des_ecb_decrypt	Stack[-0xf3]	READ
000080f2	des_ecb_decrypt	Stack[-0xf7]	READ
000080f4	des_ecb_decrypt	Stack[-0xf4]	READ
000080fa	des_ecb_decrypt	Stack[-0xf6]	READ
000080fc	des_ecb_decrypt	Stack[-0xf5]	READ
00008106	des_ecb_decrypt	00008214	READ
00008120	des_ecb_decrypt	Stack[-0x138]	DATA
00008128	des_ecb_decrypt	00008114	CONDITIONAL_JUMP
00008134	des_ecb_decrypt	000080e8	CONDITIONAL_JUMP
00008136	des_ecb_decrypt	Stack[-0x480]	READ
0000813a	des_ecb_decrypt	00008218	READ
0000813a	des_ecb_decrypt	0000be28	PARAM
0000813e	des_ecb_decrypt	000098a4	UNCONDITIONAL_CALL
00008144	des_ecb_decrypt	Stack[-0x470]	READ
00008146	des_ecb_decrypt	Stack[-0x478]	READ
0000814a	des_ecb_decrypt	Stack[-0x138]	DATA
0000814c	des_ecb_decrypt	Stack[-0x158]	DATA
0000814e	des_ecb_decrypt	00008152	UNCONDITIONAL_JUMP
00008150	des_ecb_decrypt	000081ec	UNCONDITIONAL_JUMP
00008154	des_ecb_decrypt	Stack[-0x138]	DATA
0000815c	des_ecb_decrypt	0000814a	CONDITIONAL_JUMP
00008160	des_ecb_decrypt	Stack[-0x470]	READ
00008166	des_ecb_decrypt	Stack[-0x118]	DATA
00008168	des_ecb_decrypt	Stack[-0x158]	DATA
00008170	des_ecb_decrypt	00008166	CONDITIONAL_JUMP
00008172	des_ecb_decrypt	Stack[-0x47c]	READ
0000817a	des_ecb_decrypt	Stack[-0x47c]	WRITE
0000817c	des_ecb_decrypt	0000809e	CONDITIONAL_JUMP
00008186	des_ecb_decrypt	00007e7c	UNCONDITIONAL_CALL
0000818e	des_ecb_decrypt	0000821c	READ
0000818e	des_ecb_decrypt	0000bdb8	PARAM
00008192	des_ecb_decrypt	000098a4	UNCONDITIONAL_CALL
00008196	des_ecb_decrypt	Stack[-0x464]	READ
000081a8	des_ecb_decrypt	000081a2	CONDITIONAL_JUMP
000081ae	des_ecb_decrypt	000081cc	CONDITIONAL_JUMP
000081b4	des_ecb_decrypt	Stack[-0x158]	DATA
000081ca	des_ecb_decrypt	000081b2	CONDITIONAL_JUMP
000081cc	des_ecb_decrypt	Stack[-0x474]	READ
000081d4	des_ecb_decrypt	Stack[-0x474]	WRITE
000081d6	des_ecb_decrypt	Stack[-0x20]	READ
000081da	des_ecb_decrypt	Stack[-0x20]	WRITE
000081dc	des_ecb_decrypt	Stack[-0x24]	READ
000081e0	des_ecb_decrypt	Stack[-0x24]	WRITE
000081e2	des_ecb_decrypt	Stack[-0x46c]	READ
000081e4	des_ecb_decrypt	Stack[-0x474]	READ
000081e8	des_ecb_decrypt	000081ec	CONDITIONAL_JUMP
000081ea	des_ecb_decrypt	00008058	UNCONDITIONAL_JUMP
00008222	FUN_00008220	50000000	DATA
00008224	FUN_00008220	50000008	READ
0000822a	FUN_00008220	50000008	WRITE
00008236	FUN_0000822e	50000008	DATA
0000823e	FUN_0000822e	50000008	DATA
00008240	FUN_0000822e	50000008	DATA
00008244	FUN_0000822e	50000008	DATA
00008248	SYS_UnlockReg	0000826c	READ
00008248	SYS_UnlockReg	50000100	DATA
0000824a	SYS_UnlockReg	50000100	READ
0000824e	SYS_UnlockReg	00008268	CONDITIONAL_JUMP
00008258	SYS_UnlockReg	50000100	WRITE
0000825a	SYS_UnlockReg	50000100	WRITE
0000825c	SYS_UnlockReg	50000100	WRITE
0000825e	SYS_UnlockReg	50000100	READ
00008262	SYS_UnlockReg	00008258	CONDITIONAL_JUMP
0000827e	FUN_00008270	000001c2	UNCONDITIONAL_CALL
00008288	FUN_00008270	00004024	UNCONDITIONAL_CALL
0000828c	FUN_00008270	0000829c	READ
00008292	FUN_00008270	00004210	UNCONDITIONAL_CALL
000082a2	FUN_000082a0	000082e8	READ
000082a4	FUN_000082a0	20000c5c	READ
000082a8	FUN_000082a0	000082ce	CONDITIONAL_JUMP
000082aa	FUN_000082a0	20000c5d	READ
000082ae	FUN_000082a0	000082b6	CONDITIONAL_JUMP
000082b2	FUN_000082a0	000082c4	CONDITIONAL_JUMP
000082b4	FUN_000082a0	000082da	UNCONDITIONAL_JUMP
000082ba	FUN_000082a0	0000a258	UNCONDITIONAL_CALL
000082be	FUN_000082a0	0000a1b4	UNCONDITIONAL_CALL
000082c2	FUN_000082a0	000082da	UNCONDITIONAL_JUMP
000082c8	FUN_000082a0	00006bcc	UNCONDITIONAL_CALL
000082cc	FUN_000082a0	000082da	UNCONDITIONAL_JUMP
000082d2	FUN_000082a0	0000329c	UNCONDITIONAL_CALL
000082d6	FUN_000082a0	00002d2c	UNCONDITIONAL_CALL
000082da	FUN_000082a0	000082ec	READ
000082de	FUN_000082a0	20000373	WRITE
000082e0	FUN_000082a0	000082f0	READ
000082e4	FUN_000082a0	20000316	WRITE
000082f6	FUN_000082f4	00008500	READ
000082fa	FUN_000082f4	20000cb2	READ
000082fe	FUN_000082f4	0000831e	CONDITIONAL_JUMP
00008300	FUN_000082f4	00008504	READ
00008302	FUN_000082f4	00008508	READ
00008304	FUN_000082f4	20000c5c	READ
00008306	FUN_000082f4	0000850c	READ
00008308	FUN_000082f4	20000ccc	DATA
00008308	FUN_000082f4	Stack[-0x20]	WRITE
0000830c	FUN_000082f4	00008322	CONDITIONAL_JUMP
0000830e	FUN_000082f4	20000cde	READ
00008312	FUN_000082f4	00008322	CONDITIONAL_JUMP
00008314	FUN_000082f4	20000369	READ
00008318	FUN_000082f4	00008322	CONDITIONAL_JUMP
0000831c	FUN_000082f4	20000cb2	WRITE
00008322	FUN_000082f4	00008510	READ
00008324	FUN_000082f4	20001c25	DATA
00008324	FUN_000082f4	Stack[-0x1c]	WRITE
00008326	FUN_000082f4	20000cb0	READ
00008328	FUN_000082f4	00008514	READ
00008328	FUN_000082f4	20001c24	PARAM
0000832a	FUN_000082f4	20001c24	DATA
00008334	FUN_000082f4	20000cb0	WRITE
00008338	FUN_000082f4	0000838c	CONDITIONAL_JUMP
0000833c	FUN_000082f4	0000834c	CONDITIONAL_JUMP
00008340	FUN_000082f4	0000835a	CONDITIONAL_JUMP
00008344	FUN_000082f4	00008366	CONDITIONAL_JUMP
00008348	FUN_000082f4	00008374	CONDITIONAL_JUMP
0000834a	FUN_000082f4	0000837e	UNCONDITIONAL_JUMP
0000834c	FUN_000082f4	20000c4c	READ
0000834e	FUN_000082f4	00008518	READ
00008350	FUN_000082f4	0000c186	DATA
00008352	FUN_000082f4	0000851c	READ
00008352	FUN_000082f4	20000388	PARAM
00008356	FUN_000082f4	2000038a	WRITE
00008358	FUN_000082f4	0000837e	UNCONDITIONAL_JUMP
0000835a	FUN_000082f4	20000c4c	READ
0000835c	FUN_000082f4	00008518	READ
0000835e	FUN_000082f4	0000c186	DATA
00008360	FUN_000082f4	0000851c	READ
00008360	FUN_000082f4	20000388	PARAM
00008362	FUN_000082f4	2000038a	WRITE
00008364	FUN_000082f4	0000837e	UNCONDITIONAL_JUMP
00008366	FUN_000082f4	20000c4c	READ
00008368	FUN_000082f4	00008518	READ
0000836a	FUN_000082f4	0000c186	DATA
0000836c	FUN_000082f4	0000851c	READ
0000836c	FUN_000082f4	20000388	PARAM
00008370	FUN_000082f4	2000038b	WRITE
00008372	FUN_000082f4	0000837e	UNCONDITIONAL_JUMP
00008374	FUN_000082f4	20000c4c	READ
00008376	FUN_000082f4	00008518	READ
00008378	FUN_000082f4	0000c186	DATA
0000837a	FUN_000082f4	0000851c	READ
0000837a	FUN_000082f4	20000388	PARAM
0000837c	FUN_000082f4	2000038b	WRITE
0000837e	FUN_000082f4	00006a24	UNCONDITIONAL_CALL
00008382	FUN_000082f4	0000851c	READ
00008386	FUN_000082f4	2000038a	WRITE
00008388	FUN_000082f4	2000038b	WRITE
0000838a	FUN_000082f4	00008440	UNCONDITIONAL_JUMP
0000838e	FUN_000082f4	0000840c	CONDITIONAL_JUMP
00008390	FUN_000082f4	0000850c	READ
00008394	FUN_000082f4	2000036f	READ
0000839a	FUN_000082f4	000083cc	CONDITIONAL_JUMP
0000839c	FUN_000082f4	00008520	READ
0000839c	FUN_000082f4	20000e33	PARAM
0000839e	FUN_000082f4	20000e33	READ
0000839e	FUN_000082f4	20000e34	READ
000083a2	FUN_000082f4	000083c4	CONDITIONAL_JUMP
000083a6	FUN_000082f4	000083ba	CONDITIONAL_JUMP
000083a8	FUN_000082f4	20000e33	PARAM
000083aa	FUN_000082f4	20000e34	READ
000083aa	FUN_000082f4	20000e35	READ
000083ac	FUN_000082f4	20000e33	WRITE
000083ac	FUN_000082f4	20000e34	WRITE
000083b4	FUN_000082f4	20000e34	WRITE
000083b4	FUN_000082f4	20000e35	WRITE
000083b8	FUN_000082f4	000083a8	CONDITIONAL_JUMP
000083ba	FUN_000082f4	0000850c	READ
000083be	FUN_000082f4	2000036f	WRITE
000083c2	FUN_000082f4	000083cc	UNCONDITIONAL_JUMP
000083ca	FUN_000082f4	0000839e	CONDITIONAL_JUMP
000083cc	FUN_000082f4	20000c5c	READ
000083d0	FUN_000082f4	000083f2	CONDITIONAL_JUMP
000083d2	FUN_000082f4	20000c5d	READ
000083d6	FUN_000082f4	000083de	CONDITIONAL_JUMP
000083da	FUN_000082f4	000083e8	CONDITIONAL_JUMP
000083dc	FUN_000082f4	000083fa	UNCONDITIONAL_JUMP
000083e2	FUN_000082f4	0000a258	UNCONDITIONAL_CALL
000083e6	FUN_000082f4	000083fa	UNCONDITIONAL_JUMP
000083ec	FUN_000082f4	00006bcc	UNCONDITIONAL_CALL
000083f0	FUN_000082f4	000083fa	UNCONDITIONAL_JUMP
000083f6	FUN_000082f4	0000329c	UNCONDITIONAL_CALL
000083fc	FUN_000082f4	00008440	CONDITIONAL_JUMP
000083fe	FUN_000082f4	0000850c	READ
00008400	FUN_000082f4	00008520	READ
00008402	FUN_000082f4	2000036f	READ
00008404	FUN_000082f4	20000e33	DATA
00008408	FUN_000082f4	2000036f	WRITE
0000840a	FUN_000082f4	00008440	UNCONDITIONAL_JUMP
0000840e	FUN_000082f4	00008440	CONDITIONAL_JUMP
00008410	FUN_000082f4	20001c24	DATA
00008414	FUN_000082f4	Stack[-0x1c]	READ
00008416	FUN_000082f4	20001c25	DATA
0000841e	FUN_000082f4	20000cb2	WRITE
00008420	FUN_000082f4	20000cb0	WRITE
00008422	FUN_000082f4	20000c5c	READ
00008426	FUN_000082f4	00008440	CONDITIONAL_JUMP
00008428	FUN_000082f4	Stack[-0x20]	READ
0000842a	FUN_000082f4	20000cde	READ
0000842e	FUN_000082f4	00008438	CONDITIONAL_JUMP
00008432	FUN_000082f4	00008440	CONDITIONAL_JUMP
00008436	FUN_000082f4	0000843e	UNCONDITIONAL_JUMP
0000843a	FUN_000082f4	00008440	CONDITIONAL_JUMP
0000843e	FUN_000082f4	20000cb2	WRITE
00008440	FUN_000082f4	20000cb0	READ
00008442	FUN_000082f4	20000cb6	READ
00008446	FUN_000082f4	000084d2	CONDITIONAL_JUMP
0000844a	FUN_000082f4	0000850c	READ
0000844c	FUN_000082f4	20000cb0	WRITE
0000844e	FUN_000082f4	2000036f	READ
00008452	FUN_000082f4	000084a0	CONDITIONAL_JUMP
00008458	FUN_000082f4	0000849a	CONDITIONAL_JUMP
0000845a	FUN_000082f4	00008520	READ
0000845c	FUN_000082f4	20000c5c	READ
00008460	FUN_000082f4	00008482	CONDITIONAL_JUMP
00008462	FUN_000082f4	20000c5d	READ
00008466	FUN_000082f4	0000846e	CONDITIONAL_JUMP
0000846a	FUN_000082f4	00008478	CONDITIONAL_JUMP
0000846c	FUN_000082f4	0000848a	UNCONDITIONAL_JUMP
0000846e	FUN_000082f4	20000e34	READ
00008472	FUN_000082f4	0000a258	UNCONDITIONAL_CALL
00008476	FUN_000082f4	0000848a	UNCONDITIONAL_JUMP
00008478	FUN_000082f4	20000e34	READ
0000847c	FUN_000082f4	00006bcc	UNCONDITIONAL_CALL
00008480	FUN_000082f4	0000848a	UNCONDITIONAL_JUMP
00008482	FUN_000082f4	20000e34	READ
00008486	FUN_000082f4	0000329c	UNCONDITIONAL_CALL
0000848c	FUN_000082f4	20000e33	WRITE
0000848c	FUN_000082f4	20000e34	WRITE
0000848e	FUN_000082f4	0000850c	READ
00008492	FUN_000082f4	2000036f	READ
00008498	FUN_000082f4	0000845c	CONDITIONAL_JUMP
0000849a	FUN_000082f4	0000850c	READ
0000849e	FUN_000082f4	2000036f	WRITE
000084a0	FUN_000082f4	20000cac	READ
000084a2	FUN_000082f4	00008524	READ
000084a6	FUN_000082f4	000084b4	CONDITIONAL_JUMP
000084a8	FUN_000082f4	20000cad	READ
000084b0	FUN_000082f4	20000cad	WRITE
000084b2	FUN_000082f4	000084bc	CONDITIONAL_JUMP
000084b4	FUN_000082f4	20000cab	READ
000084b8	FUN_000082f4	000084c0	CONDITIONAL_JUMP
000084ba	FUN_000082f4	000084c6	UNCONDITIONAL_JUMP
000084be	FUN_000082f4	20000cab	WRITE
000084c2	FUN_000082f4	20000cb6	WRITE
000084c4	FUN_000082f4	20000caa	WRITE
000084c6	FUN_000082f4	20000cae	READ
000084ca	FUN_000082f4	000084e0	CONDITIONAL_JUMP
000084cc	FUN_000082f4	20000cb4	READ
000084ce	FUN_000082f4	20000cb2	WRITE
000084d0	FUN_000082f4	000084e0	UNCONDITIONAL_JUMP
000084d2	FUN_000082f4	20000cae	READ
000084d6	FUN_000082f4	000084cc	CONDITIONAL_JUMP
000084d8	FUN_000082f4	20000cb2	READ
000084dc	FUN_000082f4	000084e0	CONDITIONAL_JUMP
000084de	FUN_000082f4	00008326	UNCONDITIONAL_JUMP
000084e0	FUN_000082f4	20000c5c	READ
000084e4	FUN_000082f4	000084f6	CONDITIONAL_JUMP
000084e6	FUN_000082f4	20000c5d	READ
000084ea	FUN_000082f4	000084ee	CONDITIONAL_JUMP
000084ec	FUN_000082f4	0000831e	UNCONDITIONAL_JUMP
000084ee	FUN_000082f4	0000a1b4	UNCONDITIONAL_CALL
000084f6	FUN_000082f4	00002d2c	UNCONDITIONAL_CALL
00008532	FUN_00008528	000001c2	UNCONDITIONAL_CALL
00008536	FUN_00008528	000085e0	READ
0000853a	FUN_00008528	20000c56	READ
0000853c	FUN_00008528	Stack[-0x18]	WRITE
0000853e	FUN_00008528	20000c56	WRITE
00008540	FUN_00008528	000085e4	READ
00008540	FUN_00008528	20000cac	PARAM
00008542	FUN_00008528	20000cac	DATA
00008542	FUN_00008528	Stack[-0x5c]	WRITE
00008544	FUN_00008528	20000cba	WRITE
00008546	FUN_00008528	00006778	UNCONDITIONAL_CALL
00008552	FUN_00008528	Stack[-0x58]	WRITE
00008556	FUN_00008528	Stack[-0x57]	WRITE
0000855a	FUN_00008528	Stack[-0x60]	WRITE
0000855c	FUN_00008528	Stack[-0x56]	WRITE
0000855e	FUN_00008528	Stack[-0x55]	WRITE
00008560	FUN_00008528	000085e8	READ
00008568	FUN_00008528	000085ec	READ
0000856e	FUN_00008528	000085f0	READ
00008570	FUN_00008528	20001be2	PARAM
00008574	FUN_00008528	00008580	CONDITIONAL_JUMP
00008578	FUN_00008528	00008588	CONDITIONAL_JUMP
0000857c	FUN_00008528	00008590	CONDITIONAL_JUMP
0000857e	FUN_00008528	00008596	UNCONDITIONAL_JUMP
00008580	FUN_00008528	20001b1d	READ
00008584	FUN_00008528	Stack[-0x53]	WRITE
00008586	FUN_00008528	00008596	UNCONDITIONAL_JUMP
00008588	FUN_00008528	20001ba1	READ
0000858c	FUN_00008528	Stack[-0x53]	WRITE
0000858e	FUN_00008528	00008596	UNCONDITIONAL_JUMP
00008590	FUN_00008528	20001be3	READ
00008594	FUN_00008528	Stack[-0x53]	WRITE
0000859c	FUN_00008528	00008572	CONDITIONAL_JUMP
000085a2	FUN_00008528	0000acd8	UNCONDITIONAL_CALL
000085a6	FUN_00008528	Stack[-0x60]	READ
000085ac	FUN_00008528	0000854e	CONDITIONAL_JUMP
000085b0	FUN_00008528	000085ce	CONDITIONAL_JUMP
000085b6	FUN_00008528	Stack[-0x58]	WRITE
000085ba	FUN_00008528	Stack[-0x57]	WRITE
000085bc	FUN_00008528	000085f4	READ
000085be	FUN_00008528	20000ca2	READ
000085c2	FUN_00008528	Stack[-0x56]	WRITE
000085c4	FUN_00008528	Stack[-0x55]	WRITE
000085ca	FUN_00008528	0000acd8	UNCONDITIONAL_CALL
000085ce	FUN_00008528	000085e0	READ
000085d0	FUN_00008528	Stack[-0x18]	READ
000085d2	FUN_00008528	20000c56	WRITE
000085d4	FUN_00008528	20000cac	DATA
000085d4	FUN_00008528	Stack[-0x5c]	READ
000085d6	FUN_00008528	20000cbb	READ
000085d8	FUN_00008528	20000cba	WRITE
000085fa	FUN_000085f8	0000872c	READ
000085fc	FUN_000085f8	00008734	READ
000085fe	FUN_000085f8	20000c5c	READ
00008600	FUN_000085f8	00008730	READ
00008602	FUN_000085f8	20000ca7	READ
00008608	FUN_000085f8	000086d6	CONDITIONAL_JUMP
0000860a	FUN_000085f8	20000c5d	READ
0000860e	FUN_000085f8	00008690	CONDITIONAL_JUMP
00008612	FUN_000085f8	0000868c	CONDITIONAL_JUMP
0000861a	FUN_000085f8	00008650	CONDITIONAL_JUMP
0000861c	FUN_000085f8	20000393	READ
0000861c	FUN_000085f8	20000394	READ
00008620	FUN_000085f8	00008646	CONDITIONAL_JUMP
00008624	FUN_000085f8	Stack[-0x30]	WRITE
00008628	FUN_000085f8	Stack[-0x28]	WRITE
0000862a	FUN_000085f8	Stack[-0x24]	WRITE
0000862c	FUN_000085f8	Stack[-0x20]	WRITE
00008632	FUN_000085f8	Stack[-0x1c]	WRITE
00008634	FUN_000085f8	00005b24	UNCONDITIONAL_CALL
0000863a	FUN_000085f8	Stack[-0x30]	READ
0000863e	FUN_000085f8	00008646	CONDITIONAL_JUMP
00008642	FUN_000085f8	00006c84	UNCONDITIONAL_CALL
00008648	FUN_000085f8	20000ca7	READ
0000864e	FUN_000085f8	0000861c	CONDITIONAL_JUMP
00008656	FUN_000085f8	0000868c	CONDITIONAL_JUMP
00008658	FUN_000085f8	20000393	READ
00008658	FUN_000085f8	20000394	READ
0000865c	FUN_000085f8	00008682	CONDITIONAL_JUMP
00008660	FUN_000085f8	Stack[-0x30]	WRITE
00008664	FUN_000085f8	Stack[-0x28]	WRITE
00008666	FUN_000085f8	Stack[-0x24]	WRITE
00008668	FUN_000085f8	Stack[-0x20]	WRITE
0000866e	FUN_000085f8	Stack[-0x1c]	WRITE
00008670	FUN_000085f8	00005b24	UNCONDITIONAL_CALL
00008676	FUN_000085f8	Stack[-0x30]	READ
0000867a	FUN_000085f8	00008682	CONDITIONAL_JUMP
0000867e	FUN_000085f8	00006c84	UNCONDITIONAL_CALL
00008684	FUN_000085f8	20000ca7	READ
0000868a	FUN_000085f8	00008658	CONDITIONAL_JUMP
00008694	FUN_000085f8	000086ac	CONDITIONAL_JUMP
00008696	FUN_000085f8	20000393	READ
00008696	FUN_000085f8	20000394	READ
0000869a	FUN_000085f8	000086a2	CONDITIONAL_JUMP
0000869e	FUN_000085f8	0000a258	UNCONDITIONAL_CALL
000086a4	FUN_000085f8	20000ca7	READ
000086aa	FUN_000085f8	00008696	CONDITIONAL_JUMP
000086ac	FUN_000085f8	0000a1b4	UNCONDITIONAL_CALL
000086b0	FUN_000085f8	20000ca7	READ
000086b6	FUN_000085f8	000086ce	CONDITIONAL_JUMP
000086b8	FUN_000085f8	20000393	READ
000086b8	FUN_000085f8	20000394	READ
000086bc	FUN_000085f8	000086c4	CONDITIONAL_JUMP
000086c0	FUN_000085f8	0000a258	UNCONDITIONAL_CALL
000086c6	FUN_000085f8	20000ca7	READ
000086cc	FUN_000085f8	000086b8	CONDITIONAL_JUMP
000086ce	FUN_000085f8	0000a1b4	UNCONDITIONAL_CALL
000086d6	FUN_000085f8	00008738	READ
000086d8	FUN_000085f8	20000cde	READ
000086dc	FUN_000085f8	000086e6	CONDITIONAL_JUMP
000086de	FUN_000085f8	0000873c	READ
000086e0	FUN_000085f8	20000369	READ
000086e4	FUN_000085f8	000086d2	CONDITIONAL_JUMP
000086ea	FUN_000085f8	00008702	CONDITIONAL_JUMP
000086ec	FUN_000085f8	20000393	READ
000086ec	FUN_000085f8	20000394	READ
000086f0	FUN_000085f8	000086f8	CONDITIONAL_JUMP
000086f4	FUN_000085f8	0000329c	UNCONDITIONAL_CALL
000086fa	FUN_000085f8	20000ca7	READ
00008700	FUN_000085f8	000086ec	CONDITIONAL_JUMP
00008702	FUN_000085f8	00002d2c	UNCONDITIONAL_CALL
00008706	FUN_000085f8	20000ca7	READ
0000870c	FUN_000085f8	00008724	CONDITIONAL_JUMP
0000870e	FUN_000085f8	20000393	READ
0000870e	FUN_000085f8	20000394	READ
00008712	FUN_000085f8	0000871a	CONDITIONAL_JUMP
00008716	FUN_000085f8	0000329c	UNCONDITIONAL_CALL
0000871c	FUN_000085f8	20000ca7	READ
00008722	FUN_000085f8	0000870e	CONDITIONAL_JUMP
00008724	FUN_000085f8	00002d2c	UNCONDITIONAL_CALL
00008748	host_send_version	000001c2	UNCONDITIONAL_CALL
00008750	host_send_version	Stack[-0x48]	WRITE
00008754	host_send_version	0000877c	READ
00008756	host_send_version	Stack[-0x47]	WRITE
0000875c	host_send_version	0000c648	READ
0000875c	host_send_version	0000c649	READ
00008760	host_send_version	0000876e	CONDITIONAL_JUMP
0000876c	host_send_version	0000875c	CONDITIONAL_JUMP
00008772	host_send_version	0000acd8	UNCONDITIONAL_CALL
00008782	FUN_00008780	000087b4	READ
00008786	FUN_00008780	000087b8	READ
00008788	FUN_00008780	20000c56	WRITE
0000878a	FUN_00008780	20000372	READ
00008790	FUN_00008780	20000372	WRITE
00008794	FUN_00008780	00008798	CONDITIONAL_JUMP
00008796	FUN_00008780	20000372	WRITE
0000879c	FUN_00008780	000087bc	READ
0000879c	FUN_00008780	20000372	PARAM
0000879e	FUN_00008780	000042c4	UNCONDITIONAL_CALL
000087a2	FUN_00008780	20000372	READ
000087a8	FUN_00008780	000048e0	UNCONDITIONAL_CALL
000087ae	FUN_00008780	20000c56	WRITE
000087c8	FUN_000087c0	000089bc	READ
000087ca	FUN_000087c0	Stack[-0x20]	READ
000087ce	FUN_000087c0	20000c6c	READ
000087d6	FUN_000087c0	Stack[0x0]	READ
000087d8	FUN_000087c0	Stack[-0x28]	WRITE
000087dc	FUN_000087c0	Stack[-0x2c]	WRITE
000087e0	FUN_000087c0	Stack[-0x20]	READ
000087e2	FUN_000087c0	Stack[-0x20]	READ
000087e4	FUN_000087c0	Stack[-0x30]	WRITE
000087e8	FUN_000087c0	Stack[-0x34]	WRITE
000087ec	FUN_000087c0	Stack[-0x38]	WRITE
000087f0	FUN_000087c0	Stack[-0x3c]	WRITE
000087f4	FUN_000087c0	Stack[-0x40]	WRITE
000087f8	FUN_000087c0	Stack[-0x44]	WRITE
000087fc	FUN_000087c0	Stack[-0x48]	WRITE
00008800	FUN_000087c0	Stack[-0x4c]	WRITE
00008804	FUN_000087c0	Stack[-0x50]	WRITE
0000880e	FUN_000087c0	Stack[-0x54]	WRITE
00008812	FUN_000087c0	0000889a	CONDITIONAL_JUMP
00008816	FUN_000087c0	00008828	CONDITIONAL_JUMP
0000881a	FUN_000087c0	00008822	CONDITIONAL_JUMP
0000881c	FUN_000087c0	Stack[-0x20]	READ
00008820	FUN_000087c0	00008828	CONDITIONAL_JUMP
00008826	FUN_000087c0	00008890	CONDITIONAL_JUMP
00008828	FUN_000087c0	Stack[-0x28]	READ
0000882c	FUN_000087c0	0000887c	CONDITIONAL_JUMP
0000882e	FUN_000087c0	Stack[-0x2c]	READ
00008832	FUN_000087c0	0000887c	CONDITIONAL_JUMP
00008834	FUN_000087c0	Stack[-0x30]	READ
00008838	FUN_000087c0	0000887c	CONDITIONAL_JUMP
0000883a	FUN_000087c0	Stack[-0x34]	READ
0000883e	FUN_000087c0	0000887c	CONDITIONAL_JUMP
00008842	FUN_000087c0	0000887c	CONDITIONAL_JUMP
00008844	FUN_000087c0	Stack[-0x38]	READ
00008848	FUN_000087c0	00008880	CONDITIONAL_JUMP
0000884a	FUN_000087c0	Stack[-0x3c]	READ
0000884e	FUN_000087c0	00008880	CONDITIONAL_JUMP
00008850	FUN_000087c0	Stack[-0x40]	READ
00008854	FUN_000087c0	00008880	CONDITIONAL_JUMP
00008856	FUN_000087c0	Stack[-0x44]	READ
0000885a	FUN_000087c0	00008880	CONDITIONAL_JUMP
0000885e	FUN_000087c0	00008880	CONDITIONAL_JUMP
00008860	FUN_000087c0	Stack[-0x48]	READ
00008864	FUN_000087c0	00008884	CONDITIONAL_JUMP
00008866	FUN_000087c0	Stack[-0x4c]	READ
0000886a	FUN_000087c0	00008884	CONDITIONAL_JUMP
0000886c	FUN_000087c0	Stack[-0x50]	READ
00008870	FUN_000087c0	00008884	CONDITIONAL_JUMP
00008874	FUN_000087c0	00008884	CONDITIONAL_JUMP
00008878	FUN_000087c0	00008884	CONDITIONAL_JUMP
0000887a	FUN_000087c0	00008886	UNCONDITIONAL_JUMP
0000887e	FUN_000087c0	00008886	UNCONDITIONAL_JUMP
00008882	FUN_000087c0	00008886	UNCONDITIONAL_JUMP
0000888a	FUN_000087c0	00006930	UNCONDITIONAL_CALL
0000888e	FUN_000087c0	000089b6	UNCONDITIONAL_JUMP
00008892	FUN_000087c0	Stack[-0x20]	READ
00008894	FUN_000087c0	00006930	UNCONDITIONAL_CALL
00008898	FUN_000087c0	000089b6	UNCONDITIONAL_JUMP
0000889a	FUN_000087c0	000089c0	READ
0000889c	FUN_000087c0	20000371	READ
000088a0	FUN_000087c0	000089a0	CONDITIONAL_JUMP
000088a6	FUN_000087c0	000089a0	CONDITIONAL_JUMP
000088aa	FUN_000087c0	000088bc	CONDITIONAL_JUMP
000088ae	FUN_000087c0	000088b6	CONDITIONAL_JUMP
000088b0	FUN_000087c0	Stack[-0x20]	READ
000088b4	FUN_000087c0	000088bc	CONDITIONAL_JUMP
000088ba	FUN_000087c0	00008926	CONDITIONAL_JUMP
000088bc	FUN_000087c0	Stack[-0x28]	READ
000088c0	FUN_000087c0	00008912	CONDITIONAL_JUMP
000088c2	FUN_000087c0	Stack[-0x2c]	READ
000088c6	FUN_000087c0	00008912	CONDITIONAL_JUMP
000088c8	FUN_000087c0	Stack[-0x30]	READ
000088cc	FUN_000087c0	00008912	CONDITIONAL_JUMP
000088ce	FUN_000087c0	Stack[-0x34]	READ
000088d2	FUN_000087c0	00008912	CONDITIONAL_JUMP
000088d6	FUN_000087c0	00008912	CONDITIONAL_JUMP
000088d8	FUN_000087c0	Stack[-0x38]	READ
000088dc	FUN_000087c0	00008916	CONDITIONAL_JUMP
000088de	FUN_000087c0	Stack[-0x3c]	READ
000088e2	FUN_000087c0	00008916	CONDITIONAL_JUMP
000088e4	FUN_000087c0	Stack[-0x40]	READ
000088e8	FUN_000087c0	00008916	CONDITIONAL_JUMP
000088ea	FUN_000087c0	Stack[-0x44]	READ
000088ee	FUN_000087c0	00008916	CONDITIONAL_JUMP
000088f2	FUN_000087c0	00008916	CONDITIONAL_JUMP
000088f4	FUN_000087c0	Stack[-0x48]	READ
000088f8	FUN_000087c0	0000891a	CONDITIONAL_JUMP
000088fa	FUN_000087c0	Stack[-0x4c]	READ
000088fe	FUN_000087c0	0000891a	CONDITIONAL_JUMP
00008900	FUN_000087c0	Stack[-0x50]	READ
00008904	FUN_000087c0	0000891a	CONDITIONAL_JUMP
00008906	FUN_000087c0	Stack[-0x54]	READ
0000890a	FUN_000087c0	0000891a	CONDITIONAL_JUMP
0000890e	FUN_000087c0	0000891a	CONDITIONAL_JUMP
00008910	FUN_000087c0	0000891c	UNCONDITIONAL_JUMP
00008914	FUN_000087c0	0000891c	UNCONDITIONAL_JUMP
00008918	FUN_000087c0	0000891c	UNCONDITIONAL_JUMP
00008920	FUN_000087c0	00006930	UNCONDITIONAL_CALL
00008924	FUN_000087c0	0000892e	UNCONDITIONAL_JUMP
00008928	FUN_000087c0	Stack[-0x20]	READ
0000892a	FUN_000087c0	00006930	UNCONDITIONAL_CALL
00008930	FUN_000087c0	000089b6	CONDITIONAL_JUMP
00008932	FUN_000087c0	Stack[-0x28]	READ
00008936	FUN_000087c0	0000894e	CONDITIONAL_JUMP
00008938	FUN_000087c0	Stack[-0x2c]	READ
0000893c	FUN_000087c0	0000894e	CONDITIONAL_JUMP
0000893e	FUN_000087c0	Stack[-0x30]	READ
00008942	FUN_000087c0	0000894e	CONDITIONAL_JUMP
00008944	FUN_000087c0	Stack[-0x34]	READ
00008948	FUN_000087c0	0000894e	CONDITIONAL_JUMP
0000894c	FUN_000087c0	000089b6	CONDITIONAL_JUMP
00008954	FUN_000087c0	00006930	UNCONDITIONAL_CALL
0000895a	FUN_000087c0	000089b6	CONDITIONAL_JUMP
0000895c	FUN_000087c0	Stack[-0x38]	READ
00008960	FUN_000087c0	00008978	CONDITIONAL_JUMP
00008962	FUN_000087c0	Stack[-0x3c]	READ
00008966	FUN_000087c0	00008978	CONDITIONAL_JUMP
00008968	FUN_000087c0	Stack[-0x40]	READ
0000896c	FUN_000087c0	00008978	CONDITIONAL_JUMP
0000896e	FUN_000087c0	Stack[-0x44]	READ
00008972	FUN_000087c0	00008978	CONDITIONAL_JUMP
00008976	FUN_000087c0	000089b6	CONDITIONAL_JUMP
0000897e	FUN_000087c0	00006930	UNCONDITIONAL_CALL
00008984	FUN_000087c0	000089b6	CONDITIONAL_JUMP
00008986	FUN_000087c0	Stack[-0x48]	READ
0000898a	FUN_000087c0	000089a6	CONDITIONAL_JUMP
0000898c	FUN_000087c0	Stack[-0x4c]	READ
00008990	FUN_000087c0	000089a6	CONDITIONAL_JUMP
00008992	FUN_000087c0	Stack[-0x50]	READ
00008996	FUN_000087c0	000089a6	CONDITIONAL_JUMP
00008998	FUN_000087c0	Stack[-0x54]	READ
0000899c	FUN_000087c0	000089a6	CONDITIONAL_JUMP
0000899e	FUN_000087c0	000089a2	UNCONDITIONAL_JUMP
000089a0	FUN_000087c0	000089b6	UNCONDITIONAL_JUMP
000089a4	FUN_000087c0	000089b6	CONDITIONAL_JUMP
000089ac	FUN_000087c0	00006930	UNCONDITIONAL_CALL
000089b2	FUN_000087c0	000089b6	CONDITIONAL_JUMP
000089b4	FUN_000087c0	Stack[-0x20]	READ
000089ca	FUN_000089c4	00008aec	READ
000089cc	FUN_000089c4	Stack[-0x20]	WRITE
000089d2	FUN_000089c4	Stack[-0x1c]	WRITE
000089d6	FUN_000089c4	00004094	UNCONDITIONAL_CALL
000089dc	FUN_000089c4	000074cc	UNCONDITIONAL_CALL
000089e2	FUN_000089c4	20000ca4	READ
000089e6	FUN_000089c4	000089ee	CONDITIONAL_JUMP
000089ec	FUN_000089c4	000089f0	UNCONDITIONAL_JUMP
000089f0	FUN_000089c4	Stack[-0x20]	DATA
000089f8	FUN_000089c4	000089d4	CONDITIONAL_JUMP
000089fa	FUN_000089c4	00008af0	READ
000089fa	FUN_000089c4	20000360	PARAM
000089fc	FUN_000089c4	20000374	READ
00008a02	FUN_000089c4	20000374	WRITE
00008a06	FUN_000089c4	00008a0a	CONDITIONAL_JUMP
00008a08	FUN_000089c4	20000374	WRITE
00008a0a	FUN_000089c4	00008af0	READ
00008a0c	FUN_000089c4	20000374	READ
00008a0e	FUN_000089c4	0000681c	UNCONDITIONAL_CALL
00008a12	FUN_000089c4	00008af4	READ
00008a24	FUN_000089c4	Stack[-0x18]	WRITE
00008a26	FUN_000089c4	00008af8	READ
00008a32	FUN_000089c4	20001b5e	DATA
00008a32	FUN_000089c4	20001b5f	DATA
00008a34	FUN_000089c4	Stack[-0x20]	DATA
00008a38	FUN_000089c4	00008a40	CONDITIONAL_JUMP
00008a3e	FUN_000089c4	00008a42	UNCONDITIONAL_JUMP
00008a44	FUN_000089c4	00008a8c	CONDITIONAL_JUMP
00008a46	FUN_000089c4	00008afc	READ
00008a48	FUN_000089c4	20001ac4	DATA
00008a4a	FUN_000089c4	00008b00	READ
00008a4e	FUN_000089c4	0000c19e	READ
00008a4e	FUN_000089c4	0000c1a0	READ
00008a52	FUN_000089c4	00008adc	CONDITIONAL_JUMP
00008a54	FUN_000089c4	20001ada	DATA
00008a54	FUN_000089c4	20001adb	DATA
00008a5a	FUN_000089c4	20001ada	DATA
00008a5a	FUN_000089c4	20001adb	DATA
00008a5e	FUN_000089c4	00008ae0	CONDITIONAL_JUMP
00008a60	FUN_000089c4	00008b04	READ
00008a64	FUN_000089c4	0000c47a	DATA
00008a64	FUN_000089c4	0000c47b	DATA
00008a6a	FUN_000089c4	00008af0	READ
00008a6c	FUN_000089c4	00008b08	READ
00008a6e	FUN_000089c4	20000360	READ
00008a70	FUN_000089c4	20000ee7	DATA
00008a72	FUN_000089c4	00008af0	READ
00008a76	FUN_000089c4	20000360	WRITE
00008a78	FUN_000089c4	00008afc	READ
00008a7a	FUN_000089c4	20001ac4	DATA
00008a7e	FUN_000089c4	20001ac4	DATA
00008a82	FUN_000089c4	20001ada	DATA
00008a84	FUN_000089c4	00008b0c	READ
00008a88	FUN_000089c4	20000321	WRITE
00008a8a	FUN_000089c4	00008ae0	UNCONDITIONAL_JUMP
00008a8c	FUN_000089c4	Stack[-0x18]	READ
00008a90	FUN_000089c4	00008ae0	CONDITIONAL_JUMP
00008a92	FUN_000089c4	00008afc	READ
00008a94	FUN_000089c4	20001ac4	DATA
00008a96	FUN_000089c4	00008b00	READ
00008a9a	FUN_000089c4	0000c1a0	READ
00008a9e	FUN_000089c4	00008adc	CONDITIONAL_JUMP
00008aa0	FUN_000089c4	20001adb	DATA
00008aa6	FUN_000089c4	20001adb	DATA
00008aaa	FUN_000089c4	00008ae0	CONDITIONAL_JUMP
00008aac	FUN_000089c4	00008b04	READ
00008ab0	FUN_000089c4	0000c47b	DATA
00008ab2	FUN_000089c4	00008b08	READ
00008ab6	FUN_000089c4	00008af0	READ
00008aba	FUN_000089c4	20000360	READ
00008abc	FUN_000089c4	20000ee7	DATA
00008abe	FUN_000089c4	00008af0	READ
00008ac2	FUN_000089c4	20000360	WRITE
00008ac4	FUN_000089c4	00008afc	READ
00008ac6	FUN_000089c4	20001ac4	DATA
00008ac8	FUN_000089c4	00008b10	READ
00008aca	FUN_000089c4	0000c1c0	READ
00008ace	FUN_000089c4	20001ac4	DATA
00008ad2	FUN_000089c4	20001adb	DATA
00008ad4	FUN_000089c4	00008b0c	READ
00008ad8	FUN_000089c4	20000321	WRITE
00008ada	FUN_000089c4	00008ae0	UNCONDITIONAL_JUMP
00008ade	FUN_000089c4	20001adb	DATA
00008ae6	FUN_000089c4	00008a2e	CONDITIONAL_JUMP
00008b1a	FUN_00008b14	00008bf4	READ
00008b1e	FUN_00008b14	200003c7	READ
00008b20	FUN_00008b14	00008bf8	READ
00008b22	FUN_00008b14	00008bf0	READ
00008b28	FUN_00008b14	00008bfc	READ
00008b2a	FUN_00008b14	00008c00	READ
00008b3a	FUN_00008b14	00008b46	CONDITIONAL_JUMP
00008b3e	FUN_00008b14	00008bda	CONDITIONAL_JUMP
00008b44	FUN_00008b14	00008b62	UNCONDITIONAL_JUMP
00008b46	FUN_00008b14	00008bf4	READ
00008b4a	FUN_00008b14	200003c2	READ
00008b4c	FUN_00008b14	00008b96	CONDITIONAL_JUMP
00008b50	FUN_00008b14	00008b58	CONDITIONAL_JUMP
00008b52	FUN_00008b14	00008c04	READ
00008b56	FUN_00008b14	20003ad2	DATA
00008b58	FUN_00008b14	00008bf4	READ
00008b5a	FUN_00008b14	200003c3	READ
00008b5e	FUN_00008b14	00008b6e	CONDITIONAL_JUMP
00008b6c	FUN_00008b14	00008be2	UNCONDITIONAL_JUMP
00008b6e	FUN_00008b14	200003c6	READ
00008b74	FUN_00008b14	200003c6	WRITE
00008b78	FUN_00008b14	00008b7e	CONDITIONAL_JUMP
00008b7c	FUN_00008b14	200003c6	WRITE
00008b82	FUN_00008b14	00008b92	CONDITIONAL_JUMP
00008b88	FUN_00008b14	200003c6	WRITE
00008b8c	FUN_00008b14	00008b92	CONDITIONAL_JUMP
00008b90	FUN_00008b14	200003c6	WRITE
00008b92	FUN_00008b14	200003c6	READ
00008b94	FUN_00008b14	00008b42	UNCONDITIONAL_JUMP
00008b9a	FUN_00008b14	00008baa	CONDITIONAL_JUMP
00008ba2	FUN_00008b14	00008bd6	CONDITIONAL_JUMP
00008ba8	FUN_00008b14	00008be2	UNCONDITIONAL_JUMP
00008bb0	FUN_00008b14	00008be2	CONDITIONAL_JUMP
00008bb6	FUN_00008b14	00008bc0	CONDITIONAL_JUMP
00008bb8	FUN_00008b14	00008c04	READ
00008bbc	FUN_00008b14	20003ad2	DATA
00008bbe	FUN_00008b14	00008be2	UNCONDITIONAL_JUMP
00008bc8	FUN_00008b14	00008bd2	CONDITIONAL_JUMP
00008bd0	FUN_00008b14	00008be2	UNCONDITIONAL_JUMP
00008bd4	FUN_00008b14	00008be2	UNCONDITIONAL_JUMP
00008bd8	FUN_00008b14	00008be2	UNCONDITIONAL_JUMP
00008bde	FUN_00008b14	00008bea	CONDITIONAL_JUMP
00008be4	FUN_00008b14	0000099c	UNCONDITIONAL_CALL
00008bee	FUN_00008b14	00008be2	UNCONDITIONAL_JUMP
00008c08	FUN_00008c08	00008c38	READ
00008c0a	FUN_00008c08	00008c3c	READ
00008c0c	FUN_00008c08	200003cb	READ
00008c0e	FUN_00008c08	2000041b	READ
00008c12	FUN_00008c08	00008c28	CONDITIONAL_JUMP
00008c16	FUN_00008c08	00008c26	CONDITIONAL_JUMP
00008c1c	FUN_00008c08	2000041b	WRITE
00008c20	FUN_00008c08	00008c26	CONDITIONAL_JUMP
00008c24	FUN_00008c08	200003cb	WRITE
00008c2c	FUN_00008c08	2000041b	WRITE
00008c30	FUN_00008c08	00008c26	CONDITIONAL_JUMP
00008c34	FUN_00008c08	00008c24	UNCONDITIONAL_JUMP
00008c42	FUN_00008c40	00008c74	READ
00008c46	FUN_00008c40	00008c78	READ
00008c48	FUN_00008c40	20000c56	WRITE
00008c4a	FUN_00008c40	20000cc4	READ
00008c50	FUN_00008c40	20000cc4	WRITE
00008c54	FUN_00008c40	00008c58	CONDITIONAL_JUMP
00008c56	FUN_00008c40	20000cc4	WRITE
00008c5c	FUN_00008c40	00008c7c	READ
00008c5c	FUN_00008c40	20000cc4	PARAM
00008c5e	FUN_00008c40	000042c4	UNCONDITIONAL_CALL
00008c62	FUN_00008c40	20000cc4	READ
00008c68	FUN_00008c40	000048e0	UNCONDITIONAL_CALL
00008c6e	FUN_00008c40	20000c56	WRITE
00008c84	clock_set_profile	00008db0	READ
00008c8a	clock_set_profile	50000100	WRITE
00008c8c	clock_set_profile	50000100	WRITE
00008c8e	clock_set_profile	50000100	WRITE
00008c90	clock_set_profile	50000100	READ
00008c94	clock_set_profile	00008c8a	CONDITIONAL_JUMP
00008ca6	clock_set_profile	00008db4	READ
00008ca6	clock_set_profile	50000200	PARAM
00008caa	clock_set_profile	00008cbe	CONDITIONAL_JUMP
00008cae	clock_set_profile	00008cf8	CONDITIONAL_JUMP
00008cb2	clock_set_profile	00008d28	CONDITIONAL_JUMP
00008cb6	clock_set_profile	00008d58	CONDITIONAL_JUMP
00008cba	clock_set_profile	00008d94	CONDITIONAL_JUMP
00008cbc	clock_set_profile	00008da8	UNCONDITIONAL_JUMP
00008cbe	clock_set_profile	50000220	READ
00008cc2	clock_set_profile	50000220	WRITE
00008cc4	clock_set_profile	50000220	READ
00008cc8	clock_set_profile	50000220	WRITE
00008cca	clock_set_profile	50000220	READ
00008cd4	clock_set_profile	50000220	WRITE
00008cd6	clock_set_profile	50000220	READ
00008cda	clock_set_profile	50000220	WRITE
00008cdc	clock_set_profile	50000220	READ
00008ce0	clock_set_profile	50000220	WRITE
00008ce2	clock_set_profile	5000020c	READ
00008ce8	clock_set_profile	00008ce2	CONDITIONAL_JUMP
00008cea	clock_set_profile	50000210	READ
00008cf4	clock_set_profile	50000210	WRITE
00008cf6	clock_set_profile	00008da8	UNCONDITIONAL_JUMP
00008cf8	clock_set_profile	50000220	READ
00008cfe	clock_set_profile	50000220	WRITE
00008d00	clock_set_profile	50000220	READ
00008d04	clock_set_profile	50000220	WRITE
00008d06	clock_set_profile	50000220	READ
00008d10	clock_set_profile	50000220	WRITE
00008d12	clock_set_profile	50000220	READ
00008d16	clock_set_profile	50000220	WRITE
00008d18	clock_set_profile	50000220	READ
00008d1c	clock_set_profile	50000220	WRITE
00008d1e	clock_set_profile	5000020c	READ
00008d24	clock_set_profile	00008d1e	CONDITIONAL_JUMP
00008d26	clock_set_profile	00008d86	UNCONDITIONAL_JUMP
00008d28	clock_set_profile	50000220	READ
00008d2e	clock_set_profile	50000220	WRITE
00008d30	clock_set_profile	50000220	READ
00008d34	clock_set_profile	50000220	WRITE
00008d36	clock_set_profile	50000220	READ
00008d40	clock_set_profile	50000220	WRITE
00008d42	clock_set_profile	50000220	READ
00008d46	clock_set_profile	50000220	WRITE
00008d48	clock_set_profile	50000220	READ
00008d4c	clock_set_profile	50000220	WRITE
00008d4e	clock_set_profile	5000020c	READ
00008d54	clock_set_profile	00008d4e	CONDITIONAL_JUMP
00008d56	clock_set_profile	00008d86	UNCONDITIONAL_JUMP
00008d58	clock_set_profile	50000220	READ
00008d5e	clock_set_profile	50000220	WRITE
00008d60	clock_set_profile	50000220	READ
00008d64	clock_set_profile	50000220	WRITE
00008d66	clock_set_profile	50000220	READ
00008d70	clock_set_profile	50000220	WRITE
00008d72	clock_set_profile	50000220	READ
00008d76	clock_set_profile	50000220	WRITE
00008d78	clock_set_profile	50000220	READ
00008d7c	clock_set_profile	50000220	WRITE
00008d7e	clock_set_profile	5000020c	READ
00008d84	clock_set_profile	00008d7e	CONDITIONAL_JUMP
00008d86	clock_set_profile	50000210	READ
00008d90	clock_set_profile	50000210	WRITE
00008d92	clock_set_profile	00008da8	UNCONDITIONAL_JUMP
00008d94	clock_set_profile	50000210	READ
00008d9a	clock_set_profile	50000210	WRITE
00008d9c	clock_set_profile	50000220	READ
00008da0	clock_set_profile	50000220	WRITE
00008da2	clock_set_profile	50000220	READ
00008da6	clock_set_profile	50000220	WRITE
00008da8	clock_set_profile	00008db8	UNCONDITIONAL_CALL
00008dac	clock_set_profile	50000100	WRITE
00008dbc	FUN_00008db8	00008e34	READ
00008dbe	FUN_00008db8	00008e38	READ
00008dc0	FUN_00008db8	Stack[-0x10]	WRITE
00008dc2	FUN_00008db8	50000220	READ
00008dc8	FUN_00008db8	00008dce	CONDITIONAL_JUMP
00008dcc	FUN_00008db8	00008dfc	UNCONDITIONAL_JUMP
00008dd0	FUN_00008db8	00008dd6	CONDITIONAL_JUMP
00008dd2	FUN_00008db8	00008e3c	READ
00008dd4	FUN_00008db8	00008dd8	UNCONDITIONAL_JUMP
00008dd6	FUN_00008db8	00008e40	READ
00008dda	FUN_00008db8	00008dfc	CONDITIONAL_JUMP
00008df6	FUN_00008db8	0000013c	UNCONDITIONAL_CALL
00008dfc	FUN_00008db8	00008e44	READ
00008dfe	FUN_00008db8	20000008	WRITE
00008e00	FUN_00008db8	50000210	READ
00008e08	FUN_00008db8	00008e14	CONDITIONAL_JUMP
00008e0c	FUN_00008db8	00008e30	CONDITIONAL_JUMP
00008e10	FUN_00008db8	00008e48	READ
00008e12	FUN_00008db8	2000000c	DATA
00008e14	FUN_00008db8	50000218	READ
00008e1c	FUN_00008db8	0000013c	UNCONDITIONAL_CALL
00008e20	FUN_00008db8	00008e4c	READ
00008e22	FUN_00008db8	20000000	WRITE
00008e28	FUN_00008db8	0000013c	UNCONDITIONAL_CALL
00008e2c	FUN_00008db8	20000004	WRITE
00008e32	FUN_00008db8	00008e14	UNCONDITIONAL_JUMP
00008e56	application_init	0000914c	READ
00008e5a	application_init	20000cb9	WRITE
00008e5c	application_init	00003be0	UNCONDITIONAL_CALL
00008e60	application_init	00003c4c	UNCONDITIONAL_CALL
00008e64	application_init	00002d5c	UNCONDITIONAL_CALL
00008e68	application_init	00009150	READ
00008e68	application_init	20000ce4	PARAM
00008e6a	application_init	00005a84	UNCONDITIONAL_CALL
00008e6e	application_init	00009154	READ
00008e72	application_init	20000c5e	WRITE
00008e74	application_init	20000cc0	WRITE
00008e78	application_init	20000cc2	WRITE
00008e7a	application_init	00009158	READ
00008e7c	application_init	20000313	WRITE
00008e7e	application_init	20000c4f	WRITE
00008e82	application_init	000043a4	UNCONDITIONAL_CALL
00008e86	application_init	20000c4c	WRITE
00008e8a	application_init	00008e90	CONDITIONAL_JUMP
00008e8e	application_init	20000c4c	WRITE
00008e92	application_init	000043a4	UNCONDITIONAL_CALL
00008e96	application_init	20000c51	WRITE
00008e9a	application_init	00008ea0	CONDITIONAL_JUMP
00008e9e	application_init	20000c51	WRITE
00008ea2	application_init	000043a4	UNCONDITIONAL_CALL
00008ea6	application_init	20000c4e	WRITE
00008eaa	application_init	00008eb0	CONDITIONAL_JUMP
00008eae	application_init	20000c4e	WRITE
00008eb2	application_init	000043a4	UNCONDITIONAL_CALL
00008eb6	application_init	20000c4d	WRITE
00008eba	application_init	00008ec0	CONDITIONAL_JUMP
00008ebe	application_init	20000c4d	WRITE
00008ec2	application_init	000043a4	UNCONDITIONAL_CALL
00008ec6	application_init	20000c50	WRITE
00008eca	application_init	00008ed0	CONDITIONAL_JUMP
00008ece	application_init	20000c50	WRITE
00008ed0	application_init	0000915c	READ
00008ed2	application_init	00009154	READ
00008ed4	application_init	20000ca0	WRITE
00008ed6	application_init	20000c9e	WRITE
00008ed8	application_init	20000ca1	WRITE
00008eda	application_init	20000c52	WRITE
00008edc	application_init	00009160	READ
00008ede	application_init	20000c5f	WRITE
00008ee0	application_init	20000c7c	WRITE
00008ee2	application_init	20000c80	WRITE
00008ee4	application_init	20000c7e	WRITE
00008ee8	application_init	000043a4	UNCONDITIONAL_CALL
00008eec	application_init	00009154	READ
00008eec	application_init	20000c4c	PARAM
00008ef0	application_init	20000c67	WRITE
00008ef2	application_init	00008ef8	CONDITIONAL_JUMP
00008ef6	application_init	20000c67	WRITE
00008efa	application_init	000043a4	UNCONDITIONAL_CALL
00008efe	application_init	00009154	READ
00008efe	application_init	20000c4c	PARAM
00008f02	application_init	20000c68	WRITE
00008f04	application_init	00008f0a	CONDITIONAL_JUMP
00008f08	application_init	20000c68	WRITE
00008f0c	application_init	000043a4	UNCONDITIONAL_CALL
00008f10	application_init	00009154	READ
00008f10	application_init	20000c4c	PARAM
00008f14	application_init	20000c69	WRITE
00008f16	application_init	00008f1c	CONDITIONAL_JUMP
00008f1a	application_init	20000c69	WRITE
00008f1e	application_init	000043a4	UNCONDITIONAL_CALL
00008f22	application_init	00009154	READ
00008f22	application_init	20000c4c	PARAM
00008f26	application_init	20000c6a	WRITE
00008f28	application_init	00008f2e	CONDITIONAL_JUMP
00008f2c	application_init	20000c6a	WRITE
00008f30	application_init	000043a4	UNCONDITIONAL_CALL
00008f34	application_init	00009154	READ
00008f34	application_init	20000c4c	PARAM
00008f38	application_init	20000c6b	WRITE
00008f3a	application_init	00008f3e	CONDITIONAL_JUMP
00008f3c	application_init	20000c6b	WRITE
00008f3e	application_init	00009154	READ
00008f40	application_init	20000c88	WRITE
00008f42	application_init	20000c86	WRITE
00008f46	application_init	000043a4	UNCONDITIONAL_CALL
00008f4a	application_init	20000c6d	WRITE
00008f4e	application_init	00008f52	CONDITIONAL_JUMP
00008f50	application_init	20000c6d	WRITE
00008f52	application_init	00009154	READ
00008f54	application_init	20000c5c	READ
00008f58	application_init	00008f6c	CONDITIONAL_JUMP
00008f5a	application_init	00009154	READ
00008f5c	application_init	20000c65	READ
00008f60	application_init	00008f68	CONDITIONAL_JUMP
00008f62	application_init	20000c6d	WRITE
00008f66	application_init	00008f6a	UNCONDITIONAL_JUMP
00008f6a	application_init	20000c60	WRITE
00008f6c	application_init	20000c90	WRITE
00008f6e	application_init	20000c8e	WRITE
00008f72	application_init	000043a4	UNCONDITIONAL_CALL
00008f76	application_init	00009154	READ
00008f76	application_init	20000c4c	PARAM
00008f7a	application_init	20000c64	WRITE
00008f7c	application_init	00008f80	CONDITIONAL_JUMP
00008f7e	application_init	20000c64	WRITE
00008f80	application_init	00009154	READ
00008f82	application_init	20000c84	WRITE
00008f84	application_init	20000c82	WRITE
00008f88	application_init	000043a4	UNCONDITIONAL_CALL
00008f8c	application_init	20000c6e	WRITE
00008f90	application_init	00008f94	CONDITIONAL_JUMP
00008f92	application_init	20000c6e	WRITE
00008f94	application_init	20000c98	WRITE
00008f96	application_init	20000c96	WRITE
00008f98	application_init	20000c9a	WRITE
00008f9a	application_init	20000c9c	WRITE
00008f9e	application_init	000043a4	UNCONDITIONAL_CALL
00008fa2	application_init	20000cc4	WRITE
00008fa6	application_init	00008fac	CONDITIONAL_JUMP
00008faa	application_init	20000cc4	WRITE
00008fae	application_init	20000c92	WRITE
00008fb0	application_init	20000c94	WRITE
00008fb2	application_init	00009154	READ
00008fb4	application_init	00009164	READ
00008fb6	application_init	20000c5c	READ
00008fba	application_init	00008fc2	CONDITIONAL_JUMP
00008fbc	application_init	20000cd2	READ
00008fc0	application_init	00008fc8	CONDITIONAL_JUMP
00008fc4	application_init	00009154	READ
00008fc4	application_init	20000c4c	PARAM
00008fc6	application_init	00008fd8	UNCONDITIONAL_JUMP
00008fca	application_init	000043a4	UNCONDITIONAL_CALL
00008fce	application_init	00009154	READ
00008fce	application_init	20000c4c	PARAM
00008fd2	application_init	20000c63	WRITE
00008fd4	application_init	00008fda	CONDITIONAL_JUMP
00008fd8	application_init	20000c63	WRITE
00008fda	application_init	00009168	READ
00008fdc	application_init	000043a4	UNCONDITIONAL_CALL
00008fe0	application_init	20000c71	WRITE
00008fe4	application_init	00008fea	CONDITIONAL_JUMP
00008fe8	application_init	20000c71	WRITE
00008fea	application_init	00009154	READ
00008fea	application_init	20000c4c	PARAM
00008fee	application_init	20000c8a	WRITE
00008ff0	application_init	20000c8c	WRITE
00008ff4	application_init	000043a4	UNCONDITIONAL_CALL
00008ff8	application_init	0000916c	READ
00008ffc	application_init	20000372	WRITE
00008ffe	application_init	00009004	CONDITIONAL_JUMP
00009002	application_init	20000372	WRITE
00009006	application_init	20000ca6	WRITE
0000900a	application_init	20000ca8	WRITE
0000900c	application_init	20000c7a	WRITE
0000900e	application_init	20000ccb	WRITE
00009010	application_init	20000ccc	WRITE
00009012	application_init	20000caa	WRITE
00009016	application_init	20000cab	WRITE
00009018	application_init	20000cac	WRITE
0000901a	application_init	20000cad	WRITE
0000901c	application_init	20000cb0	WRITE
0000901e	application_init	20000cb2	WRITE
00009020	application_init	20000cb4	WRITE
00009022	application_init	20000cb6	WRITE
00009024	application_init	20000cae	WRITE
00009026	application_init	20000c6f	WRITE
00009028	application_init	00009170	READ
0000902a	application_init	20000c70	WRITE
0000902c	application_init	00009154	READ
0000902e	application_init	0000c0c0	READ
00009030	application_init	20000c58	WRITE
00009032	application_init	00009174	READ
00009034	application_init	0000c0ca	READ
00009036	application_init	20000c5a	WRITE
00009038	application_init	20000cd2	WRITE
0000903c	application_init	000043a4	UNCONDITIONAL_CALL
00009040	application_init	20000cb8	WRITE
00009044	application_init	0000904a	CONDITIONAL_JUMP
00009048	application_init	00009050	CONDITIONAL_JUMP
0000904c	application_init	20000cb8	WRITE
0000904e	application_init	00009106	UNCONDITIONAL_JUMP
00009052	application_init	00009106	CONDITIONAL_JUMP
00009054	application_init	20000cc7	READ
0000905a	application_init	20000cc7	WRITE
0000905c	application_init	00009158	READ
00009060	application_init	2000033e	WRITE
00009064	application_init	000043a4	UNCONDITIONAL_CALL
00009068	application_init	20000cc8	WRITE
0000906c	application_init	00009072	CONDITIONAL_JUMP
00009070	application_init	20000cc8	WRITE
00009076	application_init	00009178	READ
00009076	application_init	2000047c	PARAM
00009078	application_init	000007d0	PARAM
0000907c	application_init	2000047c	WRITE
0000907c	application_init	2000047d	WRITE
00009084	application_init	0000907c	CONDITIONAL_JUMP
00009086	application_init	000012d0	UNCONDITIONAL_CALL
0000908a	application_init	00005c84	UNCONDITIONAL_CALL
00009090	application_init	20000ce0	WRITE
00009094	application_init	20000ce2	WRITE
00009096	application_init	20000c5c	READ
0000909a	application_init	00009140	CONDITIONAL_JUMP
0000909c	application_init	00009154	READ
0000909c	application_init	20000c4c	PARAM
0000909e	application_init	0000917c	READ
000090a0	application_init	20000c56	WRITE
000090a2	application_init	20000354	WRITE
000090a6	application_init	00007088	UNCONDITIONAL_CALL
000090aa	application_init	20000354	READ
000090ae	application_init	20000354	WRITE
000090b2	application_init	00004054	UNCONDITIONAL_CALL
000090bc	application_init	000090a6	CONDITIONAL_JUMP
000090c0	application_init	20000354	READ
000090c2	application_init	0000013c	UNCONDITIONAL_CALL
000090c6	application_init	20000354	WRITE
000090c8	application_init	00009154	READ
000090cc	application_init	20000c56	WRITE
000090d0	application_init	00002b28	UNCONDITIONAL_CALL
000090d4	application_init	20000354	READ
000090d6	application_init	00009180	READ
000090d8	application_init	00009184	READ
000090da	application_init	00009188	READ
000090de	application_init	0000911a	CONDITIONAL_JUMP
000090e0	application_init	00009158	READ
000090e4	application_init	20000310	WRITE
000090e6	application_init	20000cba	READ
000090ea	application_init	0000912e	CONDITIONAL_JUMP
000090ec	application_init	20000cba	WRITE
000090ee	application_init	20000cbb	WRITE
000090f0	application_init	40010020	READ
000090f2	application_init	40000000	PARAM
000090f6	application_init	40010020	WRITE
000090f8	application_init	00003898	UNCONDITIONAL_CALL
000090fc	application_init	00006778	UNCONDITIONAL_CALL
00009100	application_init	00002a0c	UNCONDITIONAL_CALL
00009104	application_init	0000912e	UNCONDITIONAL_JUMP
00009106	application_init	20000cc7	READ
0000910c	application_init	20000cc7	WRITE
0000910e	application_init	00009158	READ
00009112	application_init	2000033e	WRITE
00009116	application_init	20000328	WRITE
00009118	application_init	00009062	UNCONDITIONAL_JUMP
0000911a	application_init	20000cba	READ
0000911e	application_init	0000912e	CONDITIONAL_JUMP
00009120	application_init	000038b4	UNCONDITIONAL_CALL
00009124	application_init	40010020	READ
0000912c	application_init	40010020	WRITE
0000912e	application_init	20000cc9	READ
00009132	application_init	00009142	CONDITIONAL_JUMP
00009134	application_init	00009158	READ
00009138	application_init	20000325	WRITE
0000913a	application_init	00009158	READ
0000913a	application_init	20000310	DATA
0000913c	application_init	2000031f	WRITE
0000913e	application_init	20000320	WRITE
00009142	application_init	00009158	READ
00009146	application_init	20000325	WRITE
00009148	application_init	0000913a	UNCONDITIONAL_JUMP
00009196	firmware_update_record	000001c2	UNCONDITIONAL_CALL
000091a2	firmware_update_record	00009364	PARAM
000091a8	firmware_update_record	00007ecc	UNCONDITIONAL_CALL
000091ae	firmware_update_record	Stack[-0x58]	READ
000091b0	firmware_update_record	Stack[-0x55]	READ
000091b2	firmware_update_record	00009368	READ
000091b8	firmware_update_record	000091fe	CONDITIONAL_JUMP
000091ba	firmware_update_record	0000936c	READ
000091bc	firmware_update_record	00009370	READ
000091c4	firmware_update_record	00009298	CONDITIONAL_JUMP
000091c8	firmware_update_record	000091fa	CONDITIONAL_JUMP
000091cc	firmware_update_record	200003a4	WRITE
000091ce	firmware_update_record	200003a8	WRITE
000091d0	firmware_update_record	200003ac	WRITE
000091d2	firmware_update_record	00009374	READ
000091d4	firmware_update_record	20000c56	WRITE
000091d6	firmware_update_record	40110000	READ
000091d8	firmware_update_record	40000000	PARAM
000091dc	firmware_update_record	40110000	WRITE
000091de	firmware_update_record	40010000	READ
000091e2	firmware_update_record	40010000	WRITE
000091e4	firmware_update_record	20000cba	WRITE
000091e6	firmware_update_record	20000cbb	WRITE
000091e8	firmware_update_record	00009378	READ
000091e8	firmware_update_record	40010020	PARAM
000091ea	firmware_update_record	40010020	READ
000091ee	firmware_update_record	40010020	WRITE
000091f0	firmware_update_record	00006778	UNCONDITIONAL_CALL
000091f6	firmware_update_record	00006730	UNCONDITIONAL_CALL
00009208	firmware_update_record	0000921a	CONDITIONAL_JUMP
0000920c	firmware_update_record	Stack[-0x58]	DATA
00009218	firmware_update_record	0000920c	CONDITIONAL_JUMP
00009220	firmware_update_record	Stack[-0x58]	DATA
00009226	firmware_update_record	00009290	CONDITIONAL_JUMP
00009228	firmware_update_record	Stack[-0x57]	READ
0000922a	firmware_update_record	Stack[-0x56]	READ
00009232	firmware_update_record	200003a8	READ
00009238	firmware_update_record	00009290	CONDITIONAL_JUMP
0000923e	firmware_update_record	0000924e	CONDITIONAL_JUMP
00009242	firmware_update_record	Stack[-0x54]	READ
0000924c	firmware_update_record	00009240	CONDITIONAL_JUMP
00009254	firmware_update_record	00004210	UNCONDITIONAL_CALL
0000925c	firmware_update_record	00009274	CONDITIONAL_JUMP
0000925e	firmware_update_record	00009368	READ
00009260	firmware_update_record	200003a8	READ
00009266	firmware_update_record	000043a4	UNCONDITIONAL_CALL
00009272	firmware_update_record	0000925e	CONDITIONAL_JUMP
00009276	firmware_update_record	0000927e	CONDITIONAL_JUMP
00009278	firmware_update_record	00009368	READ
0000927c	firmware_update_record	200003a4	WRITE
0000927e	firmware_update_record	00009368	READ
0000927e	firmware_update_record	200003a4	DATA
00009280	firmware_update_record	200003a8	READ
00009284	firmware_update_record	200003a8	WRITE
00009286	firmware_update_record	200003ac	READ
0000928a	firmware_update_record	200003ac	WRITE
00009292	firmware_update_record	200003a4	WRITE
0000929a	firmware_update_record	00009294	CONDITIONAL_JUMP
0000929e	firmware_update_record	Stack[-0x57]	READ
000092a2	firmware_update_record	00009294	CONDITIONAL_JUMP
000092a6	firmware_update_record	Stack[-0x56]	READ
000092aa	firmware_update_record	00009294	CONDITIONAL_JUMP
000092ae	firmware_update_record	Stack[-0x54]	READ
000092b2	firmware_update_record	00009294	CONDITIONAL_JUMP
000092b4	firmware_update_record	200003a4	READ
000092b8	firmware_update_record	000092f4	CONDITIONAL_JUMP
000092be	firmware_update_record	0000bc60	UNCONDITIONAL_CALL
000092c6	firmware_update_record	Stack[-0x57]	WRITE
000092ca	firmware_update_record	Stack[-0x56]	WRITE
000092d0	firmware_update_record	0000acd8	UNCONDITIONAL_CALL
000092d6	firmware_update_record	20000c56	WRITE
000092d8	firmware_update_record	40010000	READ
000092da	firmware_update_record	40000000	DATA
000092de	firmware_update_record	40010000	WRITE
000092e0	firmware_update_record	00009378	READ
000092e2	firmware_update_record	40010020	READ
000092e6	firmware_update_record	40010020	WRITE
000092e8	firmware_update_record	00009374	READ
000092ea	firmware_update_record	40110000	READ
000092ee	firmware_update_record	40110000	WRITE
000092f6	firmware_update_record	200003ac	READ
000092f8	firmware_update_record	200003a8	READ
000092fa	firmware_update_record	00007028	UNCONDITIONAL_CALL
00009300	firmware_update_record	00009326	CONDITIONAL_JUMP
00009306	firmware_update_record	Stack[-0x58]	WRITE
00009308	firmware_update_record	Stack[-0x57]	WRITE
0000930a	firmware_update_record	200003a8	READ
0000930e	firmware_update_record	Stack[-0x56]	WRITE
00009310	firmware_update_record	Stack[-0x55]	WRITE
00009318	firmware_update_record	000042c4	UNCONDITIONAL_CALL
0000931e	firmware_update_record	20000cb9	WRITE
00009320	firmware_update_record	000066a8	UNCONDITIONAL_CALL
00009324	firmware_update_record	00009324	UNCONDITIONAL_JUMP
0000932c	firmware_update_record	0000bc60	UNCONDITIONAL_CALL
00009334	firmware_update_record	Stack[-0x57]	WRITE
00009338	firmware_update_record	Stack[-0x56]	WRITE
0000933e	firmware_update_record	0000acd8	UNCONDITIONAL_CALL
00009344	firmware_update_record	20000c56	WRITE
00009346	firmware_update_record	40010000	READ
00009348	firmware_update_record	40000000	DATA
0000934c	firmware_update_record	40010000	WRITE
0000934e	firmware_update_record	00009378	READ
00009350	firmware_update_record	40010020	READ
00009354	firmware_update_record	40010020	WRITE
00009356	firmware_update_record	00009374	READ
00009358	firmware_update_record	40110000	READ
0000935c	firmware_update_record	40110000	WRITE
0000937e	FUN_0000937c	000093e4	READ
00009384	FUN_0000937c	0000cba4	READ
00009384	FUN_0000937c	0000cba8	READ
00009384	FUN_0000937c	0000cbac	READ
00009384	FUN_0000937c	0000cbb0	READ
00009386	FUN_0000937c	Stack[-0x1c]	WRITE
00009388	FUN_0000937c	Stack[-0x20]	WRITE
0000938a	FUN_0000937c	Stack[-0x24]	WRITE
0000938c	FUN_0000937c	Stack[-0x28]	WRITE
0000938e	FUN_0000937c	0000cbbc	READ
00009390	FUN_0000937c	0000cbb8	READ
00009392	FUN_0000937c	0000cbb4	READ
00009394	FUN_0000937c	0000cbc0	READ
00009396	FUN_0000937c	Stack[-0x18]	WRITE
00009398	FUN_0000937c	Stack[-0xc]	WRITE
0000939a	FUN_0000937c	000093e8	READ
0000939c	FUN_0000937c	000093ec	READ
0000939e	FUN_0000937c	Stack[-0x10]	WRITE
000093a0	FUN_0000937c	Stack[-0x14]	WRITE
000093a4	FUN_0000937c	000093ac	CONDITIONAL_JUMP
000093a6	FUN_0000937c	50000214	READ
000093aa	FUN_0000937c	000093b6	UNCONDITIONAL_JUMP
000093ac	FUN_0000937c	000093f0	READ
000093b0	FUN_0000937c	000093ca	CONDITIONAL_JUMP
000093b2	FUN_0000937c	50000214	READ
000093bc	FUN_0000937c	000093da	CONDITIONAL_JUMP
000093ca	FUN_0000937c	000093f4	READ
000093ce	FUN_0000937c	50000214	READ
000093d0	FUN_0000937c	000093d6	CONDITIONAL_JUMP
000093d4	FUN_0000937c	000093b6	UNCONDITIONAL_JUMP
000093d8	FUN_0000937c	000093b6	UNCONDITIONAL_JUMP
000093da	FUN_0000937c	000093f8	READ
000093dc	FUN_0000937c	20000000	READ
00009402	FUN_000093fc	0000937c	UNCONDITIONAL_CALL
0000940e	FUN_000093fc	00009414	CONDITIONAL_JUMP
00009412	FUN_000093fc	00009444	UNCONDITIONAL_JUMP
0000941a	FUN_000093fc	00009422	CONDITIONAL_JUMP
00009420	FUN_000093fc	0000943c	UNCONDITIONAL_JUMP
00009428	FUN_000093fc	00009430	CONDITIONAL_JUMP
0000942e	FUN_000093fc	0000943c	UNCONDITIONAL_JUMP
00009436	FUN_000093fc	0000943c	CONDITIONAL_JUMP
00009440	FUN_000093fc	0000013c	UNCONDITIONAL_CALL
00009444	FUN_000093fc	Stack[-0x1c]	READ
00009454	FUN_000093fc	0000013c	UNCONDITIONAL_CALL
0000945c	TMR0_IRQHandler	0000947c	READ
0000945c	TMR0_IRQHandler	40010000	DATA
0000945e	TMR0_IRQHandler	40010008	READ
00009464	TMR0_IRQHandler	0000947a	CONDITIONAL_JUMP
00009468	TMR0_IRQHandler	40010008	WRITE
0000946a	TMR0_IRQHandler	00009480	READ
0000946c	TMR0_IRQHandler	20000c56	READ
00009470	TMR0_IRQHandler	0000947a	CONDITIONAL_JUMP
00009474	TMR0_IRQHandler	000049a8	UNCONDITIONAL_CALL
00009484	TMR1_IRQHandler	0000949c	READ
00009484	TMR1_IRQHandler	40010020	PARAM
00009486	TMR1_IRQHandler	40010028	READ
0000948c	TMR1_IRQHandler	0000949a	CONDITIONAL_JUMP
00009492	TMR1_IRQHandler	40010028	WRITE
00009494	TMR1_IRQHandler	00001804	UNCONDITIONAL_CALL
000094a0	TMR2_IRQHandler	00009628	READ
000094a2	TMR2_IRQHandler	40110008	READ
000094a8	TMR2_IRQHandler	000095a8	CONDITIONAL_JUMP
000094ae	TMR2_IRQHandler	40110008	WRITE
000094b0	TMR2_IRQHandler	0000962c	READ
000094b2	TMR2_IRQHandler	20000344	READ
000094b6	TMR2_IRQHandler	000094be	CONDITIONAL_JUMP
000094b8	TMR2_IRQHandler	20000344	READ
000094bc	TMR2_IRQHandler	20000344	WRITE
000094be	TMR2_IRQHandler	00009630	READ
000094c0	TMR2_IRQHandler	20000cb2	READ
000094c4	TMR2_IRQHandler	000094ca	CONDITIONAL_JUMP
000094c8	TMR2_IRQHandler	20000cb2	WRITE
000094ca	TMR2_IRQHandler	20000348	READ
000094ce	TMR2_IRQHandler	000094d6	CONDITIONAL_JUMP
000094d0	TMR2_IRQHandler	20000348	READ
000094d4	TMR2_IRQHandler	20000348	WRITE
000094d6	TMR2_IRQHandler	2000034a	READ
000094da	TMR2_IRQHandler	000094e2	CONDITIONAL_JUMP
000094dc	TMR2_IRQHandler	2000034a	READ
000094e0	TMR2_IRQHandler	2000034a	WRITE
000094e2	TMR2_IRQHandler	2000034e	READ
000094e6	TMR2_IRQHandler	000094ee	CONDITIONAL_JUMP
000094e8	TMR2_IRQHandler	2000034e	READ
000094ec	TMR2_IRQHandler	2000034e	WRITE
000094ee	TMR2_IRQHandler	2000034c	READ
000094f2	TMR2_IRQHandler	000094fa	CONDITIONAL_JUMP
000094f4	TMR2_IRQHandler	2000034c	READ
000094f8	TMR2_IRQHandler	2000034c	WRITE
000094fa	TMR2_IRQHandler	20000342	READ
000094fe	TMR2_IRQHandler	00009504	CONDITIONAL_JUMP
00009502	TMR2_IRQHandler	20000342	WRITE
00009504	TMR2_IRQHandler	20000346	READ
00009508	TMR2_IRQHandler	00009510	CONDITIONAL_JUMP
0000950a	TMR2_IRQHandler	20000346	READ
0000950e	TMR2_IRQHandler	20000346	WRITE
00009510	TMR2_IRQHandler	00009634	READ
00009512	TMR2_IRQHandler	20000352	READ
00009516	TMR2_IRQHandler	0000951e	CONDITIONAL_JUMP
00009518	TMR2_IRQHandler	20000352	READ
0000951c	TMR2_IRQHandler	20000352	WRITE
0000951e	TMR2_IRQHandler	20000334	READ
00009522	TMR2_IRQHandler	00009528	CONDITIONAL_JUMP
00009526	TMR2_IRQHandler	20000334	WRITE
00009528	TMR2_IRQHandler	00009638	READ
00009528	TMR2_IRQHandler	20000ccc	PARAM
0000952a	TMR2_IRQHandler	20000cce	READ
0000952e	TMR2_IRQHandler	0000953c	CONDITIONAL_JUMP
00009536	TMR2_IRQHandler	20000cce	WRITE
00009538	TMR2_IRQHandler	0000953c	CONDITIONAL_JUMP
0000953a	TMR2_IRQHandler	20000cd1	WRITE
0000953c	TMR2_IRQHandler	20000350	READ
00009540	TMR2_IRQHandler	20000350	WRITE
00009542	TMR2_IRQHandler	20000cda	READ
00009546	TMR2_IRQHandler	00009556	CONDITIONAL_JUMP
0000954e	TMR2_IRQHandler	20000cda	WRITE
00009550	TMR2_IRQHandler	00009556	CONDITIONAL_JUMP
00009552	TMR2_IRQHandler	00007784	UNCONDITIONAL_CALL
00009556	TMR2_IRQHandler	0000963c	READ
00009556	TMR2_IRQHandler	20000c4c	PARAM
00009558	TMR2_IRQHandler	00009640	READ
0000955a	TMR2_IRQHandler	20000c7e	READ
0000955e	TMR2_IRQHandler	0000956c	CONDITIONAL_JUMP
00009566	TMR2_IRQHandler	20000c7e	WRITE
00009568	TMR2_IRQHandler	0000956c	CONDITIONAL_JUMP
0000956a	TMR2_IRQHandler	20000c80	WRITE
0000956c	TMR2_IRQHandler	20000c82	READ
00009570	TMR2_IRQHandler	0000957e	CONDITIONAL_JUMP
00009578	TMR2_IRQHandler	20000c82	WRITE
0000957a	TMR2_IRQHandler	0000957e	CONDITIONAL_JUMP
0000957c	TMR2_IRQHandler	20000c84	WRITE
0000957e	TMR2_IRQHandler	20000c86	READ
00009582	TMR2_IRQHandler	00009590	CONDITIONAL_JUMP
0000958a	TMR2_IRQHandler	20000c86	WRITE
0000958c	TMR2_IRQHandler	00009590	CONDITIONAL_JUMP
0000958e	TMR2_IRQHandler	20000c88	WRITE
00009590	TMR2_IRQHandler	20000c8a	READ
00009592	TMR2_IRQHandler	00009644	READ
00009596	TMR2_IRQHandler	000095a4	CONDITIONAL_JUMP
0000959e	TMR2_IRQHandler	20000c8a	WRITE
000095a0	TMR2_IRQHandler	000095a4	CONDITIONAL_JUMP
000095a2	TMR2_IRQHandler	20000c8c	WRITE
000095a4	TMR2_IRQHandler	20000c8e	READ
000095a6	TMR2_IRQHandler	000095aa	UNCONDITIONAL_JUMP
000095a8	TMR2_IRQHandler	00009626	UNCONDITIONAL_JUMP
000095ac	TMR2_IRQHandler	000095ba	CONDITIONAL_JUMP
000095b4	TMR2_IRQHandler	20000c8e	WRITE
000095b6	TMR2_IRQHandler	000095ba	CONDITIONAL_JUMP
000095b8	TMR2_IRQHandler	20000c90	WRITE
000095ba	TMR2_IRQHandler	20000c9e	READ
000095be	TMR2_IRQHandler	000095cc	CONDITIONAL_JUMP
000095c6	TMR2_IRQHandler	20000c9e	WRITE
000095c8	TMR2_IRQHandler	000095cc	CONDITIONAL_JUMP
000095ca	TMR2_IRQHandler	20000ca0	WRITE
000095cc	TMR2_IRQHandler	20000c92	READ
000095d0	TMR2_IRQHandler	000095de	CONDITIONAL_JUMP
000095d8	TMR2_IRQHandler	20000c92	WRITE
000095da	TMR2_IRQHandler	000095de	CONDITIONAL_JUMP
000095dc	TMR2_IRQHandler	20000c94	WRITE
000095de	TMR2_IRQHandler	20000c9a	READ
000095e2	TMR2_IRQHandler	000095f0	CONDITIONAL_JUMP
000095ea	TMR2_IRQHandler	20000c9a	WRITE
000095ec	TMR2_IRQHandler	000095f0	CONDITIONAL_JUMP
000095ee	TMR2_IRQHandler	20000c9c	WRITE
000095f0	TMR2_IRQHandler	20000c96	READ
000095f4	TMR2_IRQHandler	00009602	CONDITIONAL_JUMP
000095fc	TMR2_IRQHandler	20000c96	WRITE
000095fe	TMR2_IRQHandler	00009602	CONDITIONAL_JUMP
00009600	TMR2_IRQHandler	20000c98	WRITE
00009602	TMR2_IRQHandler	20000332	READ
00009606	TMR2_IRQHandler	20000332	WRITE
00009608	TMR2_IRQHandler	20000336	READ
0000960c	TMR2_IRQHandler	20000336	WRITE
0000960e	TMR2_IRQHandler	20000338	READ
00009612	TMR2_IRQHandler	20000338	WRITE
00009614	TMR2_IRQHandler	2000032a	READ
00009618	TMR2_IRQHandler	00009620	CONDITIONAL_JUMP
0000961a	TMR2_IRQHandler	2000032a	READ
0000961e	TMR2_IRQHandler	2000032a	WRITE
00009620	TMR2_IRQHandler	0000494c	UNCONDITIONAL_CALL
0000964c	FUN_00009648	Stack[-0x18]	READ
00009652	FUN_00009648	0000969c	CONDITIONAL_JUMP
00009656	FUN_00009648	000096ac	READ
00009658	FUN_00009648	000096b0	READ
0000965a	FUN_00009648	20000c55	READ
0000965c	FUN_00009648	Stack[-0x20]	WRITE
00009666	FUN_00009648	000096b4	READ
0000966c	FUN_00009648	20001be2	READ
0000966c	FUN_00009648	20001be3	READ
0000966c	FUN_00009648	20001be8	READ
00009670	FUN_00009648	000096a0	CONDITIONAL_JUMP
00009672	FUN_00009648	Stack[-0x18]	READ
00009678	FUN_00009648	0000013c	UNCONDITIONAL_CALL
0000967e	FUN_00009648	20001ba0	WRITE
00009682	FUN_00009648	00009688	CONDITIONAL_JUMP
00009686	FUN_00009648	20001ba0	WRITE
00009686	FUN_00009648	20001ba1	WRITE
0000968e	FUN_00009648	0000966c	CONDITIONAL_JUMP
00009690	FUN_00009648	0000ae10	UNCONDITIONAL_CALL
0000969a	FUN_00009648	00009656	CONDITIONAL_JUMP
000096a0	FUN_00009648	000096b8	READ
000096a0	FUN_00009648	0000c17e	PARAM
000096a2	FUN_00009648	Stack[-0x20]	READ
000096a4	FUN_00009648	0000c17e	DATA
000096a8	FUN_00009648	00009686	UNCONDITIONAL_JUMP
000096be	FUN_000096bc	000097ac	READ
000096ca	FUN_000096bc	20003d71	READ
000096ca	FUN_000096bc	20003d6f	READ
000096cc	FUN_000096bc	20003d73	WRITE
000096cc	FUN_000096bc	20003d71	WRITE
000096d0	FUN_000096bc	20003d72	READ
000096d0	FUN_000096bc	20003d70	READ
000096d4	FUN_000096bc	20003d74	WRITE
000096d4	FUN_000096bc	20003d72	WRITE
000096d8	FUN_000096bc	000096c2	CONDITIONAL_JUMP
000096da	FUN_000096bc	000097b0	READ
000096dc	FUN_000096bc	000097b4	READ
000096de	FUN_000096bc	200003f8	READ
000096e0	FUN_000096bc	20003d51	WRITE
000096e2	FUN_000096bc	200003c3	READ
000096e6	FUN_000096bc	000096fa	CONDITIONAL_JUMP
000096e8	FUN_000096bc	200003c6	READ
000096ea	FUN_000096bc	20003d52	WRITE
000096f0	FUN_000096bc	200003c6	WRITE
000096f4	FUN_000096bc	000096fa	CONDITIONAL_JUMP
000096f8	FUN_000096bc	200003c6	WRITE
000096fc	FUN_000096bc	00009702	CONDITIONAL_JUMP
00009700	FUN_000096bc	200003f8	WRITE
00009706	FUN_000096bc	Stack[-0x18]	WRITE
00009708	FUN_000096bc	000097ac	READ
0000970a	FUN_000096bc	Stack[-0x18]	READ
0000970c	FUN_000096bc	20003d6f	READ
0000970c	FUN_000096bc	20003d71	READ
00009710	FUN_000096bc	0000975e	CONDITIONAL_JUMP
00009712	FUN_000096bc	000097b4	READ
00009714	FUN_000096bc	200003c3	READ
00009718	FUN_000096bc	00009772	CONDITIONAL_JUMP
0000971a	FUN_000096bc	000097b8	READ
0000971c	FUN_000096bc	000097bc	READ
0000971c	FUN_000096bc	0000cb21	PARAM
0000971e	FUN_000096bc	0000c91a	DATA
00009726	FUN_000096bc	0000cb30	READ
00009726	FUN_000096bc	0000cb42	READ
00009728	FUN_000096bc	0000099c	UNCONDITIONAL_CALL
00009732	FUN_000096bc	00009708	CONDITIONAL_JUMP
0000973a	FUN_000096bc	00009702	CONDITIONAL_JUMP
0000973c	FUN_000096bc	200003f7	READ
00009742	FUN_000096bc	200003f7	WRITE
00009746	FUN_000096bc	0000975c	CONDITIONAL_JUMP
0000974a	FUN_000096bc	200003f7	WRITE
0000974e	FUN_000096bc	200003fa	WRITE
00009752	FUN_000096bc	200003f9	WRITE
00009754	FUN_000096bc	000097c0	READ
00009754	FUN_000096bc	20000400	DATA
00009756	FUN_000096bc	2000040f	READ
0000975a	FUN_000096bc	2000040f	WRITE
00009760	FUN_000096bc	000097bc	READ
00009766	FUN_000096bc	000097b4	READ
00009768	FUN_000096bc	0000cb31	READ
0000976a	FUN_000096bc	200003c2	READ
0000976c	FUN_000096bc	000008ec	UNCONDITIONAL_CALL
00009770	FUN_000096bc	0000972c	UNCONDITIONAL_JUMP
00009774	FUN_000096bc	000097bc	READ
0000977e	FUN_000096bc	000097c4	READ
00009780	FUN_000096bc	0000cb42	READ
00009782	FUN_000096bc	0000c88e	DATA
00009786	FUN_000096bc	0000c88f	DATA
00009788	FUN_000096bc	0000c890	DATA
0000978c	FUN_000096bc	0000972c	CONDITIONAL_JUMP
0000978e	FUN_000096bc	000097c8	READ
00009790	FUN_000096bc	20000c5e	READ
00009794	FUN_000096bc	0000979a	CONDITIONAL_JUMP
00009798	FUN_000096bc	0000972c	CONDITIONAL_JUMP
0000979e	FUN_000096bc	000097cc	READ
000097a0	FUN_000096bc	20003b7d	WRITE
000097a4	FUN_000096bc	20003b7e	WRITE
000097a6	FUN_000096bc	20003b7f	WRITE
000097a8	FUN_000096bc	0000972c	UNCONDITIONAL_JUMP
000097d2	FUN_000097d0	00009888	READ
000097da	FUN_000097d0	20003d7c	READ
000097da	FUN_000097d0	20003d7b	READ
000097dc	FUN_000097d0	20003d7d	WRITE
000097dc	FUN_000097d0	20003d7c	WRITE
000097e4	FUN_000097d0	000097d6	CONDITIONAL_JUMP
000097e6	FUN_000097d0	0000988c	READ
000097e8	FUN_000097d0	200003fa	READ
000097ea	FUN_000097d0	20003d75	WRITE
000097ee	FUN_000097d0	000097f4	CONDITIONAL_JUMP
000097f2	FUN_000097d0	200003fa	WRITE
000097f6	FUN_000097d0	00009890	READ
000097fa	FUN_000097d0	0000ca2d	READ
000097fa	FUN_000097d0	0000ca2e	READ
000097fe	FUN_000097d0	0000985e	CONDITIONAL_JUMP
00009800	FUN_000097d0	00009888	READ
00009802	FUN_000097d0	20003d7b	READ
00009802	FUN_000097d0	20003d7c	READ
00009806	FUN_000097d0	0000981e	CONDITIONAL_JUMP
00009808	FUN_000097d0	00009894	READ
00009808	FUN_000097d0	200003c0	PARAM
0000980a	FUN_000097d0	200003c3	READ
0000980e	FUN_000097d0	00009830	CONDITIONAL_JUMP
00009810	FUN_000097d0	00009898	READ
00009812	FUN_000097d0	0000989c	READ
00009812	FUN_000097d0	0000c6be	PARAM
00009814	FUN_000097d0	0000c9e5	READ
00009814	FUN_000097d0	0000c9e6	READ
00009814	FUN_000097d0	0000c9e7	READ
0000981a	FUN_000097d0	0000c6be	DATA
0000981c	FUN_000097d0	0000984e	UNCONDITIONAL_JUMP
0000981e	FUN_000097d0	00009898	READ
00009820	FUN_000097d0	00009894	READ
00009822	FUN_000097d0	0000c9e6	READ
00009828	FUN_000097d0	200003c2	READ
0000982a	FUN_000097d0	000008ec	UNCONDITIONAL_CALL
0000982e	FUN_000097d0	00009852	UNCONDITIONAL_JUMP
00009830	FUN_000097d0	200003c6	READ
00009836	FUN_000097d0	200003c6	WRITE
0000983a	FUN_000097d0	00009840	CONDITIONAL_JUMP
0000983e	FUN_000097d0	200003c6	WRITE
00009840	FUN_000097d0	00009898	READ
00009842	FUN_000097d0	0000989c	READ
00009844	FUN_000097d0	0000c9e6	READ
00009848	FUN_000097d0	0000c6be	DATA
0000984c	FUN_000097d0	200003c6	READ
0000984e	FUN_000097d0	0000099c	UNCONDITIONAL_CALL
00009852	FUN_000097d0	00009890	READ
00009856	FUN_000097d0	0000ca2d	READ
0000985c	FUN_000097d0	00009800	CONDITIONAL_JUMP
00009864	FUN_000097d0	000097f6	CONDITIONAL_JUMP
00009866	FUN_000097d0	200003f7	READ
0000986c	FUN_000097d0	200003f7	WRITE
00009870	FUN_000097d0	00009884	CONDITIONAL_JUMP
00009874	FUN_000097d0	200003f7	WRITE
00009878	FUN_000097d0	200003f8	WRITE
0000987a	FUN_000097d0	200003f9	WRITE
0000987c	FUN_000097d0	000098a0	READ
0000987c	FUN_000097d0	20000400	DATA
0000987e	FUN_000097d0	2000040f	READ
00009882	FUN_000097d0	2000040f	WRITE
000098b4	des_permute_bits	000001c2	UNCONDITIONAL_CALL
000098bc	des_permute_bits	000098d0	CONDITIONAL_JUMP
000098c6	des_permute_bits	Stack[-0x98]	DATA
000098ce	des_permute_bits	000098c2	CONDITIONAL_JUMP
000098d6	des_permute_bits	000098e4	CONDITIONAL_JUMP
000098d8	des_permute_bits	Stack[-0x98]	DATA
000098e2	des_permute_bits	000098d8	CONDITIONAL_JUMP
000098e8	UART0_IRQHandler	00009a40	READ
000098ea	UART0_IRQHandler	4005001c	READ
000098ee	UART0_IRQHandler	000099ec	CONDITIONAL_JUMP
000098f0	UART0_IRQHandler	4005001c	READ
000098f4	UART0_IRQHandler	000099ec	CONDITIONAL_JUMP
000098fa	UART0_IRQHandler	00009a44	READ
00009900	UART0_IRQHandler	20000cda	WRITE
00009902	UART0_IRQHandler	00009a40	READ
00009904	UART0_IRQHandler	40050000	READ
0000990a	UART0_IRQHandler	0000992a	CONDITIONAL_JUMP
0000990e	UART0_IRQHandler	00009932	CONDITIONAL_JUMP
00009912	UART0_IRQHandler	0000993a	CONDITIONAL_JUMP
00009916	UART0_IRQHandler	0000993e	CONDITIONAL_JUMP
00009918	UART0_IRQHandler	00009a48	READ
0000991a	UART0_IRQHandler	200003b2	READ
0000991e	UART0_IRQHandler	00009944	CONDITIONAL_JUMP
00009922	UART0_IRQHandler	0000999a	CONDITIONAL_JUMP
00009926	UART0_IRQHandler	000099f4	CONDITIONAL_JUMP
00009928	UART0_IRQHandler	000099f6	UNCONDITIONAL_JUMP
0000992c	UART0_IRQHandler	20000cdd	WRITE
0000992e	UART0_IRQHandler	20000cda	WRITE
00009930	UART0_IRQHandler	00009a32	UNCONDITIONAL_JUMP
00009934	UART0_IRQHandler	20000cdd	WRITE
00009936	UART0_IRQHandler	20000cda	WRITE
00009938	UART0_IRQHandler	00009a32	UNCONDITIONAL_JUMP
0000993a	UART0_IRQHandler	20000cdc	WRITE
0000993c	UART0_IRQHandler	00009940	UNCONDITIONAL_JUMP
0000993e	UART0_IRQHandler	20000cdc	WRITE
00009940	UART0_IRQHandler	20000cda	WRITE
00009942	UART0_IRQHandler	00009a32	UNCONDITIONAL_JUMP
00009946	UART0_IRQHandler	0000998e	CONDITIONAL_JUMP
0000994a	UART0_IRQHandler	00009988	CONDITIONAL_JUMP
0000994c	UART0_IRQHandler	00009a48	READ
0000994e	UART0_IRQHandler	00009a4c	READ
00009950	UART0_IRQHandler	200003b1	READ
00009952	UART0_IRQHandler	200003b9	WRITE
00009958	UART0_IRQHandler	200003b1	WRITE
0000995c	UART0_IRQHandler	00009a32	CONDITIONAL_JUMP
0000995e	UART0_IRQHandler	00009a50	READ
00009960	UART0_IRQHandler	20000cd6	WRITE
00009966	UART0_IRQHandler	20000cda	WRITE
0000996a	UART0_IRQHandler	200003b9	READ
0000996a	UART0_IRQHandler	200003ba	READ
0000996c	UART0_IRQHandler	200003b3	WRITE
0000996c	UART0_IRQHandler	200003b4	WRITE
00009972	UART0_IRQHandler	0000996a	CONDITIONAL_JUMP
00009974	UART0_IRQHandler	00009a4c	READ
0000997a	UART0_IRQHandler	200003b9	WRITE
0000997a	UART0_IRQHandler	200003ba	WRITE
00009980	UART0_IRQHandler	0000997a	CONDITIONAL_JUMP
00009982	UART0_IRQHandler	00009a48	READ
00009984	UART0_IRQHandler	200003b1	WRITE
00009986	UART0_IRQHandler	00009a32	UNCONDITIONAL_JUMP
00009988	UART0_IRQHandler	200003b1	WRITE
0000998a	UART0_IRQHandler	200003b2	WRITE
0000998c	UART0_IRQHandler	00009a32	UNCONDITIONAL_JUMP
00009990	UART0_IRQHandler	200003b2	WRITE
00009992	UART0_IRQHandler	00009a4c	READ
00009994	UART0_IRQHandler	200003b9	WRITE
00009996	UART0_IRQHandler	200003b1	WRITE
00009998	UART0_IRQHandler	00009a32	UNCONDITIONAL_JUMP
0000999c	UART0_IRQHandler	00009a54	READ
0000999c	UART0_IRQHandler	2000382a	PARAM
0000999e	UART0_IRQHandler	200003b1	READ
000099a4	UART0_IRQHandler	2000382c	DATA
000099a8	UART0_IRQHandler	200003b1	WRITE
000099ac	UART0_IRQHandler	000099b2	CONDITIONAL_JUMP
000099b0	UART0_IRQHandler	00009a32	CONDITIONAL_JUMP
000099b2	UART0_IRQHandler	00009a58	READ
000099b4	UART0_IRQHandler	20000c5c	READ
000099b8	UART0_IRQHandler	000099c0	CONDITIONAL_JUMP
000099ba	UART0_IRQHandler	20000cd2	READ
000099be	UART0_IRQHandler	000099ce	CONDITIONAL_JUMP
000099c0	UART0_IRQHandler	2000382a	WRITE
000099c4	UART0_IRQHandler	2000382b	WRITE
000099c8	UART0_IRQHandler	00009a54	READ
000099c8	UART0_IRQHandler	2000382a	PARAM
000099ca	UART0_IRQHandler	0000acd8	UNCONDITIONAL_CALL
000099ce	UART0_IRQHandler	00009a54	READ
000099d4	UART0_IRQHandler	2000382a	WRITE
000099d4	UART0_IRQHandler	2000382b	WRITE
000099da	UART0_IRQHandler	000099d4	CONDITIONAL_JUMP
000099dc	UART0_IRQHandler	200003b1	WRITE
000099de	UART0_IRQHandler	200003b2	WRITE
000099e0	UART0_IRQHandler	00009a4c	READ
000099e4	UART0_IRQHandler	20000cda	WRITE
000099e8	UART0_IRQHandler	200003b9	WRITE
000099e8	UART0_IRQHandler	200003ba	WRITE
000099ea	UART0_IRQHandler	000099ee	UNCONDITIONAL_JUMP
000099ec	UART0_IRQHandler	00009a3e	UNCONDITIONAL_JUMP
000099f2	UART0_IRQHandler	000099e8	CONDITIONAL_JUMP
000099f4	UART0_IRQHandler	00009a32	UNCONDITIONAL_JUMP
000099f6	UART0_IRQHandler	00009a48	READ
000099f8	UART0_IRQHandler	00009a4c	READ
000099fa	UART0_IRQHandler	200003b1	READ
000099fc	UART0_IRQHandler	200003b9	DATA
00009a02	UART0_IRQHandler	200003b1	WRITE
00009a06	UART0_IRQHandler	00009a32	CONDITIONAL_JUMP
00009a0a	UART0_IRQHandler	20000cd6	WRITE
00009a10	UART0_IRQHandler	20000cda	WRITE
00009a14	UART0_IRQHandler	200003b9	READ
00009a14	UART0_IRQHandler	200003ba	READ
00009a16	UART0_IRQHandler	200003b3	WRITE
00009a16	UART0_IRQHandler	200003b4	WRITE
00009a1c	UART0_IRQHandler	00009a14	CONDITIONAL_JUMP
00009a1e	UART0_IRQHandler	00009a4c	READ
00009a24	UART0_IRQHandler	200003b9	WRITE
00009a24	UART0_IRQHandler	200003ba	WRITE
00009a2a	UART0_IRQHandler	00009a24	CONDITIONAL_JUMP
00009a2c	UART0_IRQHandler	00009a48	READ
00009a2e	UART0_IRQHandler	200003b1	WRITE
00009a30	UART0_IRQHandler	200003b2	WRITE
00009a32	UART0_IRQHandler	00009a40	READ
00009a34	UART0_IRQHandler	4005001c	READ
00009a38	UART0_IRQHandler	00009a3c	CONDITIONAL_JUMP
00009a3a	UART0_IRQHandler	000098fe	UNCONDITIONAL_JUMP
00009a62	UART_EnableInt	00009a78	READ
00009a64	UART_EnableInt	00009a7c	READ
00009a68	UART_EnableInt	00009a70	CONDITIONAL_JUMP
00009a6c	UART_EnableInt	00001000	DATA
00009a6e	UART_EnableInt	00009a74	UNCONDITIONAL_JUMP
00009a72	UART_EnableInt	00002000	DATA
00009a74	UART_EnableInt	e000e100	WRITE
00009a74	UART_EnableInt	00001000	DATA
00009a74	UART_EnableInt	00002000	DATA
00009a82	UART_Open	00009af8	READ
00009a88	UART_Open	0000cbc4	READ
00009a88	UART_Open	0000cbc8	READ
00009a88	UART_Open	0000cbcc	READ
00009a88	UART_Open	0000cbd0	READ
00009a8e	UART_Open	Stack[-0x28]	WRITE
00009a90	UART_Open	00009afc	READ
00009a92	UART_Open	50000214	READ
00009a94	UART_Open	50000218	READ
00009aa8	UART_Open	00009b00	READ
00009ab0	UART_Open	00009ab8	CONDITIONAL_JUMP
00009ab2	UART_Open	000038e0	UNCONDITIONAL_CALL
00009ab6	UART_Open	Stack[-0x24]	WRITE
00009aba	UART_Open	00009af4	CONDITIONAL_JUMP
00009ac4	UART_Open	0000013c	UNCONDITIONAL_CALL
00009ad0	UART_Open	0000013c	UNCONDITIONAL_CALL
00009ad4	UART_Open	00009b04	READ
00009ada	UART_Open	00009aec	CONDITIONAL_JUMP
00009ae2	UART_Open	0000013c	UNCONDITIONAL_CALL
00009aea	UART_Open	00009af2	UNCONDITIONAL_JUMP
00009b0a	FUN_00009b08	00009bb0	READ
00009b0c	FUN_00009b08	20000430	READ
00009b10	FUN_00009b08	00009bb4	READ
00009b14	FUN_00009b08	00009b7e	CONDITIONAL_JUMP
00009b16	FUN_00009b08	20000430	READ
00009b18	FUN_00009b08	20000448	READ
00009b1e	FUN_00009b08	00009bb8	READ
00009b20	FUN_00009b08	2000042c	READ
00009b22	FUN_00009b08	40060500	READ
00009b24	FUN_00009b08	00009b52	CONDITIONAL_JUMP
00009b28	FUN_00009b08	20000448	READ
00009b2e	FUN_00009b08	00009b3c	CONDITIONAL_JUMP
00009b32	FUN_00009b08	40060100	DATA
00009b32	FUN_00009b08	40060101	DATA
00009b3a	FUN_00009b08	00009b30	CONDITIONAL_JUMP
00009b3c	FUN_00009b08	20000448	READ
00009b3e	FUN_00009b08	40060504	WRITE
00009b40	FUN_00009b08	20000448	READ
00009b44	FUN_00009b08	2000042c	WRITE
00009b46	FUN_00009b08	20000430	READ
00009b48	FUN_00009b08	20000448	READ
00009b4c	FUN_00009b08	20000430	WRITE
00009b54	FUN_00009b08	20000430	READ
00009b58	FUN_00009b08	00009b66	CONDITIONAL_JUMP
00009b5c	FUN_00009b08	40060100	DATA
00009b5c	FUN_00009b08	40060101	DATA
00009b64	FUN_00009b08	00009b5a	CONDITIONAL_JUMP
00009b66	FUN_00009b08	20000430	READ
00009b68	FUN_00009b08	40060504	WRITE
00009b6a	FUN_00009b08	20000430	READ
00009b6c	FUN_00009b08	20000448	READ
00009b70	FUN_00009b08	00009b76	CONDITIONAL_JUMP
00009b74	FUN_00009b08	2000042a	WRITE
00009b76	FUN_00009b08	2000042c	WRITE
00009b78	FUN_00009b08	20000430	WRITE
00009b7e	FUN_00009b08	00009bbc	READ
00009b80	FUN_00009b08	20000468	READ
00009b84	FUN_00009b08	00009ba0	CONDITIONAL_JUMP
00009b86	FUN_00009b08	20000469	READ
00009b8a	FUN_00009b08	00009ba0	CONDITIONAL_JUMP
00009b8c	FUN_00009b08	00009bc0	READ
00009b8e	FUN_00009b08	40060008	READ
00009b90	FUN_00009b08	20000440	READ
00009b94	FUN_00009b08	00009ba0	CONDITIONAL_JUMP
00009b96	FUN_00009b08	40060008	READ
00009b9a	FUN_00009b08	00009ba0	CONDITIONAL_JUMP
00009b9c	FUN_00009b08	20000440	READ
00009b9e	FUN_00009b08	40060008	WRITE
00009ba0	FUN_00009b08	2000042a	READ
00009ba4	FUN_00009b08	00009b7a	CONDITIONAL_JUMP
00009ba6	FUN_00009b08	40060504	WRITE
00009ba8	FUN_00009b08	2000042a	WRITE
00009bc6	FUN_00009bc4	00009c0c	READ
00009bc8	FUN_00009bc4	20000438	READ
00009bca	FUN_00009bc4	2000043c	READ
00009bce	FUN_00009bc4	00009c06	CONDITIONAL_JUMP
00009bd0	FUN_00009bc4	00009c10	READ
00009bd2	FUN_00009bc4	40060514	READ
00009bd4	FUN_00009bc4	20000434	READ
00009bd6	FUN_00009bc4	40060510	READ
00009bda	FUN_00009bc4	00009c14	READ
00009be2	FUN_00009bc4	00009bf0	CONDITIONAL_JUMP
00009be4	FUN_00009bc4	40060100	DATA
00009be4	FUN_00009bc4	40060101	DATA
00009bee	FUN_00009bc4	00009be4	CONDITIONAL_JUMP
00009bf2	FUN_00009bc4	20000434	WRITE
00009bf4	FUN_00009bc4	20000438	READ
00009bf8	FUN_00009bc4	20000438	WRITE
00009bfa	FUN_00009bc4	20000438	READ
00009bfc	FUN_00009bc4	2000043c	READ
00009c00	FUN_00009bc4	00009c06	CONDITIONAL_JUMP
00009c02	FUN_00009bc4	20000448	READ
00009c04	FUN_00009bc4	40060514	WRITE
00009c1a	FUN_00009c18	00009cb8	READ
00009c1a	FUN_00009c18	20000468	PARAM
00009c1c	FUN_00009c18	00009cbc	READ
00009c1e	FUN_00009c18	2000046f	READ
00009c20	FUN_00009c18	2000046e	READ
00009c26	FUN_00009c18	00009cc0	READ
00009c28	FUN_00009c18	2000046b	READ
00009c2c	FUN_00009c18	20000464	READ
00009c30	FUN_00009c18	00009c8a	CONDITIONAL_JUMP
00009c32	FUN_00009c18	00009c3e	CONDITIONAL_JUMP
00009c36	FUN_00009c18	00009c4e	CONDITIONAL_JUMP
00009c3a	FUN_00009c18	00009caa	CONDITIONAL_JUMP
00009c3c	FUN_00009c18	00009c58	UNCONDITIONAL_JUMP
00009c3e	FUN_00009c18	00009cb8	READ
00009c40	FUN_00009c18	2000046c	READ
00009c46	FUN_00009c18	00009c6a	CONDITIONAL_JUMP
00009c4a	FUN_00009c18	00009caa	CONDITIONAL_JUMP
00009c4c	FUN_00009c18	00009c7a	UNCONDITIONAL_JUMP
00009c50	FUN_00009c18	00009c54	CONDITIONAL_JUMP
00009c56	FUN_00009c18	00009c9c	UNCONDITIONAL_JUMP
00009c64	FUN_00009c18	00009c9c	CONDITIONAL_JUMP
00009c68	FUN_00009c18	00009c9c	UNCONDITIONAL_JUMP
00009c6c	FUN_00009c18	00009c70	CONDITIONAL_JUMP
00009c78	FUN_00009c18	00009c9c	UNCONDITIONAL_JUMP
00009c80	FUN_00009c18	00009c84	CONDITIONAL_JUMP
00009c88	FUN_00009c18	00009c9c	UNCONDITIONAL_JUMP
00009c8a	FUN_00009c18	2000046a	READ
00009c8e	FUN_00009c18	00009caa	CONDITIONAL_JUMP
00009c9a	FUN_00009c18	00009c66	CONDITIONAL_JUMP
00009c9c	FUN_00009c18	00009e44	UNCONDITIONAL_CALL
00009ca4	FUN_00009c18	00009eb8	UNCONDITIONAL_CALL
00009caa	FUN_00009c18	4006050c	READ
00009cae	FUN_00009c18	4006050c	WRITE
00009cb0	FUN_00009c18	4006051c	READ
00009cb4	FUN_00009c18	4006051c	WRITE
00009cc4	FUN_00009cc4	00009cd8	READ
00009cc8	FUN_00009cc4	20000468	READ
00009cc8	FUN_00009cc4	20000469	READ
00009cd2	FUN_00009cc4	00009cc8	CONDITIONAL_JUMP
00009cde	USBD_IRQHandler	00009dfc	READ
00009ce0	USBD_IRQHandler	40060004	READ
00009ce2	USBD_IRQHandler	40060010	READ
00009cea	USBD_IRQHandler	00009d04	CONDITIONAL_JUMP
00009cee	USBD_IRQHandler	40060004	WRITE
00009cf0	USBD_IRQHandler	40060014	READ
00009cf4	USBD_IRQHandler	40060010	READ
00009cf6	USBD_IRQHandler	00009cfe	CONDITIONAL_JUMP
00009cfc	USBD_IRQHandler	00009d02	UNCONDITIONAL_JUMP
00009d02	USBD_IRQHandler	40060010	WRITE
00009d0a	USBD_IRQHandler	00009d44	CONDITIONAL_JUMP
00009d0c	USBD_IRQHandler	40060004	WRITE
00009d10	USBD_IRQHandler	00009d1e	CONDITIONAL_JUMP
00009d12	USBD_IRQHandler	40060010	READ
00009d18	USBD_IRQHandler	40060010	WRITE
00009d1a	USBD_IRQHandler	0000a170	UNCONDITIONAL_CALL
00009d20	USBD_IRQHandler	00009d26	CONDITIONAL_JUMP
00009d22	USBD_IRQHandler	0000a224	UNCONDITIONAL_CALL
00009d28	USBD_IRQHandler	00009d44	CONDITIONAL_JUMP
00009d2a	USBD_IRQHandler	40060010	READ
00009d30	USBD_IRQHandler	40060010	WRITE
00009d32	USBD_IRQHandler	00009e00	READ
00009d34	USBD_IRQHandler	20000c5c	READ
00009d38	USBD_IRQHandler	00009d44	CONDITIONAL_JUMP
00009d3a	USBD_IRQHandler	00009e04	READ
00009d3c	USBD_IRQHandler	20000cbb	READ
00009d40	USBD_IRQHandler	00009d44	CONDITIONAL_JUMP
00009d42	USBD_IRQHandler	20000cba	WRITE
00009d46	USBD_IRQHandler	00009dfa	CONDITIONAL_JUMP
00009d4a	USBD_IRQHandler	00009d64	CONDITIONAL_JUMP
00009d50	USBD_IRQHandler	40060004	WRITE
00009d52	USBD_IRQHandler	00009e08	READ
00009d52	USBD_IRQHandler	40060500	PARAM
00009d54	USBD_IRQHandler	4006050c	READ
00009d58	USBD_IRQHandler	4006050c	WRITE
00009d5a	USBD_IRQHandler	4006051c	READ
00009d5e	USBD_IRQHandler	4006051c	WRITE
00009d60	USBD_IRQHandler	00009ed4	UNCONDITIONAL_CALL
00009d66	USBD_IRQHandler	00009d72	CONDITIONAL_JUMP
00009d6c	USBD_IRQHandler	40060004	WRITE
00009d6e	USBD_IRQHandler	00009b08	UNCONDITIONAL_CALL
00009d72	USBD_IRQHandler	00009e0c	READ
00009d76	USBD_IRQHandler	00009da2	CONDITIONAL_JUMP
00009d7c	USBD_IRQHandler	40060004	WRITE
00009d7e	USBD_IRQHandler	00009bc4	UNCONDITIONAL_CALL
00009d82	USBD_IRQHandler	20000304	READ
00009d86	USBD_IRQHandler	00009da2	CONDITIONAL_JUMP
00009d88	USBD_IRQHandler	00009e08	READ
00009d8a	USBD_IRQHandler	40060514	READ
00009d8e	USBD_IRQHandler	00009d9c	CONDITIONAL_JUMP
00009d90	USBD_IRQHandler	40060510	READ
00009d92	USBD_IRQHandler	00009e10	READ
00009d96	USBD_IRQHandler	40060100	DATA
00009d98	USBD_IRQHandler	0000611c	UNCONDITIONAL_CALL
00009d9c	USBD_IRQHandler	20000304	READ
00009da0	USBD_IRQHandler	20000304	WRITE
00009da4	USBD_IRQHandler	00009dc2	CONDITIONAL_JUMP
00009daa	USBD_IRQHandler	40060004	WRITE
00009dac	USBD_IRQHandler	00009e08	READ
00009dae	USBD_IRQHandler	40060524	READ
00009db0	USBD_IRQHandler	40060520	READ
00009db2	USBD_IRQHandler	00009e10	READ
00009db8	USBD_IRQHandler	000077ac	UNCONDITIONAL_CALL
00009dbc	USBD_IRQHandler	00009e08	READ
00009dc0	USBD_IRQHandler	40060524	WRITE
00009dc4	USBD_IRQHandler	00009dce	CONDITIONAL_JUMP
00009dca	USBD_IRQHandler	40060004	WRITE
00009dcc	USBD_IRQHandler	20000307	WRITE
00009dd0	USBD_IRQHandler	00009dda	CONDITIONAL_JUMP
00009dd6	USBD_IRQHandler	40060004	WRITE
00009dd8	USBD_IRQHandler	20000305	WRITE
00009ddc	USBD_IRQHandler	00009de6	CONDITIONAL_JUMP
00009de2	USBD_IRQHandler	40060004	WRITE
00009de4	USBD_IRQHandler	20000306	WRITE
00009de8	USBD_IRQHandler	00009df0	CONDITIONAL_JUMP
00009dee	USBD_IRQHandler	40060004	WRITE
00009df2	USBD_IRQHandler	00009dfa	CONDITIONAL_JUMP
00009df8	USBD_IRQHandler	40060004	WRITE
00009e14	FUN_00009e14	00009e38	READ
00009e16	FUN_00009e14	20000458	WRITE
00009e18	FUN_00009e14	20000454	WRITE
00009e1a	FUN_00009e14	20000464	WRITE
00009e20	FUN_00009e14	20000448	WRITE
00009e24	FUN_00009e14	00009e3c	READ
00009e28	FUN_00009e14	40060010	WRITE
00009e28	FUN_00009e14	000007d0	DATA
00009e2a	FUN_00009e14	00009e40	READ
00009e2a	FUN_00009e14	40060080	DATA
00009e2c	FUN_00009e14	40060090	READ
00009e32	FUN_00009e14	40060090	WRITE
00009e46	FUN_00009e44	00009eac	READ
00009e48	FUN_00009e44	20000448	READ
00009e4c	FUN_00009e44	00009eb0	READ
00009e4e	FUN_00009e44	00009eb4	READ
00009e52	FUN_00009e44	00009e84	CONDITIONAL_JUMP
00009e54	FUN_00009e44	20000448	READ
00009e58	FUN_00009e44	2000042c	WRITE
00009e5a	FUN_00009e44	20000448	READ
00009e5e	FUN_00009e44	20000430	WRITE
00009e60	FUN_00009e44	40060508	READ
00009e64	FUN_00009e44	40060508	WRITE
00009e66	FUN_00009e44	40060500	READ
00009e68	FUN_00009e44	20000448	READ
00009e6e	FUN_00009e44	00009e7c	CONDITIONAL_JUMP
00009e72	FUN_00009e44	40060100	DATA
00009e72	FUN_00009e44	40060101	DATA
00009e7a	FUN_00009e44	00009e70	CONDITIONAL_JUMP
00009e7c	FUN_00009e44	20000448	READ
00009e7e	FUN_00009e44	40060504	WRITE
00009e86	FUN_00009e44	2000042c	WRITE
00009e88	FUN_00009e44	20000430	WRITE
00009e8a	FUN_00009e44	40060508	READ
00009e8e	FUN_00009e44	40060508	WRITE
00009e90	FUN_00009e44	40060500	READ
00009e98	FUN_00009e44	00009ea6	CONDITIONAL_JUMP
00009e9c	FUN_00009e44	40060100	DATA
00009e9c	FUN_00009e44	40060101	DATA
00009ea4	FUN_00009e44	00009e9a	CONDITIONAL_JUMP
00009ea6	FUN_00009e44	40060504	WRITE
00009eb8	FUN_00009eb8	00009ecc	READ
00009eba	FUN_00009eb8	20000434	WRITE
00009ebe	FUN_00009eb8	20000438	WRITE
00009ec0	FUN_00009eb8	2000043c	WRITE
00009ec2	FUN_00009eb8	20000448	READ
00009ec4	FUN_00009eb8	00009ed0	READ
00009ec6	FUN_00009eb8	40060514	WRITE
00009ed6	FUN_00009ed4	00009f28	READ
00009ed8	FUN_00009ed4	00009f2c	READ
00009edc	FUN_00009ed4	40060100	READ
00009edc	FUN_00009ed4	40060101	READ
00009ede	FUN_00009ed4	20000468	WRITE
00009ede	FUN_00009ed4	20000469	WRITE
00009ee6	FUN_00009ed4	00009edc	CONDITIONAL_JUMP
00009ee8	FUN_00009ed4	00009f28	READ
00009eec	FUN_00009ed4	20000468	READ
00009ef0	FUN_00009ed4	00009f0e	CONDITIONAL_JUMP
00009ef2	FUN_00009ed4	00009f30	READ
00009ef2	FUN_00009ed4	20000428	PARAM
00009ef6	FUN_00009ed4	00009f14	CONDITIONAL_JUMP
00009efa	FUN_00009ed4	00009f1c	CONDITIONAL_JUMP
00009efc	FUN_00009ed4	00009f34	READ
00009efc	FUN_00009ed4	40060500	DATA
00009efe	FUN_00009ed4	4006050c	READ
00009f04	FUN_00009ed4	4006050c	WRITE
00009f06	FUN_00009ed4	4006051c	READ
00009f0a	FUN_00009ed4	4006051c	WRITE
00009f0e	FUN_00009ed4	00009f38	UNCONDITIONAL_CALL
00009f14	FUN_00009ed4	20000454	READ
00009f18	FUN_00009ed4	00009f22	CONDITIONAL_JUMP
00009f1c	FUN_00009ed4	20000450	READ
00009f20	FUN_00009ed4	00009f1a	CONDITIONAL_JUMP
00009f3a	FUN_00009f38	0000a10c	READ
00009f3a	FUN_00009f38	20000428	PARAM
00009f3e	FUN_00009f38	2000042c	WRITE
00009f40	FUN_00009f38	20000430	WRITE
00009f42	FUN_00009f38	0000a110	READ
00009f44	FUN_00009f38	0000a110	READ
00009f46	FUN_00009f38	2000046c	READ
00009f48	FUN_00009f38	20000468	READ
00009f4c	FUN_00009f38	20000469	READ
00009f54	FUN_00009f38	0000a114	READ
00009f58	FUN_00009f38	0000a046	CONDITIONAL_JUMP
00009f5c	FUN_00009f38	00009fc2	CONDITIONAL_JUMP
00009f60	FUN_00009f38	00009f9e	CONDITIONAL_JUMP
00009f64	FUN_00009f38	00009f7a	CONDITIONAL_JUMP
00009f68	FUN_00009f38	00009fa4	CONDITIONAL_JUMP
00009f6a	FUN_00009f38	4006050c	READ
00009f70	FUN_00009f38	4006050c	WRITE
00009f72	FUN_00009f38	4006051c	READ
00009f76	FUN_00009f38	4006051c	WRITE
00009f7a	FUN_00009f38	20000444	READ
00009f7c	FUN_00009f38	40060500	READ
00009f7e	FUN_00009f38	0000a118	READ
00009f82	FUN_00009f38	40060100	DATA
00009f84	FUN_00009f38	40060508	READ
00009f88	FUN_00009f38	40060508	WRITE
00009f8c	FUN_00009f38	40060504	WRITE
00009f8e	FUN_00009f38	40060518	READ
00009f92	FUN_00009f38	40060518	WRITE
00009f98	FUN_00009f38	00009eb8	UNCONDITIONAL_CALL
00009f9e	FUN_00009f38	00009c18	UNCONDITIONAL_CALL
00009fa4	FUN_00009f38	2000044c	READ
00009fa6	FUN_00009f38	40060500	READ
00009fa8	FUN_00009f38	0000a118	READ
00009fac	FUN_00009f38	40060100	DATA
00009fae	FUN_00009f38	40060508	READ
00009fb2	FUN_00009f38	40060508	WRITE
00009fb6	FUN_00009f38	40060504	WRITE
00009fbc	FUN_00009f38	00009eb8	UNCONDITIONAL_CALL
00009fc4	FUN_00009f38	00009fd0	CONDITIONAL_JUMP
00009fc8	FUN_00009f38	00009fec	CONDITIONAL_JUMP
00009fcc	FUN_00009f38	00009ff6	CONDITIONAL_JUMP
00009fce	FUN_00009f38	0000a028	UNCONDITIONAL_JUMP
00009fd0	FUN_00009f38	20000464	READ
00009fda	FUN_00009f38	00009fde	CONDITIONAL_JUMP
00009fe0	FUN_00009f38	0000a020	CONDITIONAL_JUMP
00009fe2	FUN_00009f38	20000428	READ
00009fea	FUN_00009f38	0000a020	UNCONDITIONAL_JUMP
00009fec	FUN_00009f38	40060500	READ
00009fee	FUN_00009f38	0000a118	READ
00009ff2	FUN_00009f38	40060100	DATA
00009ff4	FUN_00009f38	0000a028	UNCONDITIONAL_JUMP
00009ff6	FUN_00009f38	0000a11c	READ
00009ffe	FUN_00009f38	40060508	READ
00009ffe	FUN_00009f38	40060518	READ
0000a006	FUN_00009f38	0000a010	CONDITIONAL_JUMP
0000a00a	FUN_00009f38	0000a120	READ
0000a00e	FUN_00009f38	0000a016	UNCONDITIONAL_JUMP
0000a014	FUN_00009f38	00009ffa	CONDITIONAL_JUMP
0000a016	FUN_00009f38	4006050c	READ
0000a016	FUN_00009f38	40060508	READ
0000a01c	FUN_00009f38	0000a020	CONDITIONAL_JUMP
0000a020	FUN_00009f38	40060500	READ
0000a022	FUN_00009f38	0000a118	READ
0000a026	FUN_00009f38	40060100	DATA
0000a028	FUN_00009f38	40060500	READ
0000a02a	FUN_00009f38	0000a118	READ
0000a02e	FUN_00009f38	40060101	DATA
0000a030	FUN_00009f38	40060508	READ
0000a034	FUN_00009f38	40060508	WRITE
0000a038	FUN_00009f38	40060504	WRITE
0000a03e	FUN_00009f38	00009eb8	UNCONDITIONAL_CALL
0000a046	FUN_00009f38	0000a110	READ
0000a04a	FUN_00009f38	2000046a	READ
0000a04c	FUN_00009f38	0000a0b6	CONDITIONAL_JUMP
0000a04e	FUN_00009f38	0000a05a	CONDITIONAL_JUMP
0000a052	FUN_00009f38	0000a072	CONDITIONAL_JUMP
0000a056	FUN_00009f38	0000a062	CONDITIONAL_JUMP
0000a058	FUN_00009f38	0000a0c8	UNCONDITIONAL_JUMP
0000a05c	FUN_00009f38	0000a0be	CONDITIONAL_JUMP
0000a060	FUN_00009f38	0000a0fe	CONDITIONAL_JUMP
0000a062	FUN_00009f38	4006050c	READ
0000a068	FUN_00009f38	4006050c	WRITE
0000a06a	FUN_00009f38	4006051c	READ
0000a06e	FUN_00009f38	4006051c	WRITE
0000a074	FUN_00009f38	0000a07c	CONDITIONAL_JUMP
0000a078	FUN_00009f38	0000a0aa	CONDITIONAL_JUMP
0000a07a	FUN_00009f38	0000a0ac	UNCONDITIONAL_JUMP
0000a07c	FUN_00009f38	20000460	READ
0000a086	FUN_00009f38	40060508	READ
0000a086	FUN_00009f38	40060518	READ
0000a08e	FUN_00009f38	0000a0a2	CONDITIONAL_JUMP
0000a098	FUN_00009f38	0000a0a2	CONDITIONAL_JUMP
0000a09a	FUN_00009f38	4006050c	READ
0000a09a	FUN_00009f38	4006051c	READ
0000a0a0	FUN_00009f38	4006050c	WRITE
0000a0a0	FUN_00009f38	4006051c	WRITE
0000a0a6	FUN_00009f38	0000a082	CONDITIONAL_JUMP
0000a0a8	FUN_00009f38	0000a0ac	UNCONDITIONAL_JUMP
0000a0aa	FUN_00009f38	20000428	WRITE
0000a0ac	FUN_00009f38	40060508	READ
0000a0b0	FUN_00009f38	40060508	WRITE
0000a0b2	FUN_00009f38	40060504	WRITE
0000a0b6	FUN_00009f38	20000440	WRITE
0000a0ba	FUN_00009f38	20000429	WRITE
0000a0bc	FUN_00009f38	0000a0ac	UNCONDITIONAL_JUMP
0000a0be	FUN_00009f38	20000444	WRITE
0000a0c0	FUN_00009f38	2000045c	READ
0000a0c4	FUN_00009f38	0000a106	CONDITIONAL_JUMP
0000a0c6	FUN_00009f38	0000a0ac	UNCONDITIONAL_JUMP
0000a0ca	FUN_00009f38	0000a0d4	CONDITIONAL_JUMP
0000a0ce	FUN_00009f38	0000a0ac	CONDITIONAL_JUMP
0000a0d0	FUN_00009f38	20000428	WRITE
0000a0d2	FUN_00009f38	0000a0ac	UNCONDITIONAL_JUMP
0000a0d4	FUN_00009f38	0000a11c	READ
0000a0dc	FUN_00009f38	40060508	READ
0000a0dc	FUN_00009f38	40060518	READ
0000a0e4	FUN_00009f38	0000a0f6	CONDITIONAL_JUMP
0000a0e8	FUN_00009f38	0000a120	READ
0000a0ec	FUN_00009f38	4006050c	READ
0000a0ec	FUN_00009f38	4006051c	READ
0000a0f2	FUN_00009f38	4006050c	WRITE
0000a0f2	FUN_00009f38	4006051c	WRITE
0000a0f4	FUN_00009f38	0000a0ac	UNCONDITIONAL_JUMP
0000a0fa	FUN_00009f38	0000a0d8	CONDITIONAL_JUMP
0000a0fc	FUN_00009f38	0000a0ac	UNCONDITIONAL_JUMP
0000a0fe	FUN_00009f38	2000044c	WRITE
0000a100	FUN_00009f38	20000458	READ
0000a104	FUN_00009f38	0000a0ac	CONDITIONAL_JUMP
0000a108	FUN_00009f38	0000a0ac	UNCONDITIONAL_JUMP
0000a124	FUN_0000a124	0000a15c	READ
0000a126	FUN_0000a124	20000004	READ
0000a128	FUN_0000a124	0000a160	READ
0000a12c	FUN_0000a124	0000a164	READ
0000a12e	FUN_0000a124	e000e014	WRITE
0000a132	FUN_0000a124	e000e018	WRITE
0000a134	FUN_0000a124	e000e010	READ
0000a13a	FUN_0000a124	e000e010	WRITE
0000a13c	FUN_0000a124	e000e010	READ
0000a140	FUN_0000a124	0000a13c	CONDITIONAL_JUMP
0000a142	FUN_0000a124	0000a168	READ
0000a144	FUN_0000a124	40060090	READ
0000a14a	FUN_0000a124	40060090	WRITE
0000a14e	FUN_0000a124	0000a16c	READ
0000a14e	FUN_0000a124	40060000	DATA
0000a152	FUN_0000a124	40060004	WRITE
0000a154	FUN_0000a124	40060000	READ
0000a158	FUN_0000a124	40060000	WRITE
0000a172	FUN_0000a170	0000a1a8	READ
0000a176	FUN_0000a170	2000042c	WRITE
0000a178	FUN_0000a170	20000430	WRITE
0000a17a	FUN_0000a170	20000434	WRITE
0000a17c	FUN_0000a170	20000438	WRITE
0000a17e	FUN_0000a170	2000043c	WRITE
0000a180	FUN_0000a170	20000460	WRITE
0000a182	FUN_0000a170	20000444	WRITE
0000a184	FUN_0000a170	20000468	WRITE
0000a186	FUN_0000a170	2000046c	WRITE
0000a188	FUN_0000a170	0000a1ac	READ
0000a192	FUN_0000a170	40060508	READ
0000a192	FUN_0000a170	40060518	READ
0000a196	FUN_0000a170	40060508	WRITE
0000a196	FUN_0000a170	40060518	WRITE
0000a19c	FUN_0000a170	0000a18e	CONDITIONAL_JUMP
0000a19e	FUN_0000a170	0000a1b0	READ
0000a19e	FUN_0000a170	40060000	DATA
0000a1a0	FUN_0000a170	40060008	WRITE
0000a1b6	FUN_0000a1b4	0000a1d8	READ
0000a1ba	FUN_0000a1b4	20000363	READ
0000a1be	FUN_0000a1b4	0000a1c8	CONDITIONAL_JUMP
0000a1c0	FUN_0000a1b4	0000a1dc	READ
0000a1c0	FUN_0000a1b4	20000e0c	PARAM
0000a1c2	FUN_0000a1b4	0000aafc	UNCONDITIONAL_CALL
0000a1c6	FUN_0000a1b4	20000363	WRITE
0000a1c8	FUN_0000a1b4	20000364	READ
0000a1cc	FUN_0000a1b4	0000a1d6	CONDITIONAL_JUMP
0000a1ce	FUN_0000a1b4	0000a1e0	READ
0000a1ce	FUN_0000a1b4	20000e15	PARAM
0000a1d0	FUN_0000a1b4	0000aafc	UNCONDITIONAL_CALL
0000a1d4	FUN_0000a1b4	20000364	WRITE
0000a1e6	FUN_0000a1e4	0000a218	READ
0000a1e8	FUN_0000a1e4	20000361	READ
0000a1ec	FUN_0000a1e4	0000a20a	CONDITIONAL_JUMP
0000a1f0	FUN_0000a1e4	0000a258	UNCONDITIONAL_CALL
0000a1f4	FUN_0000a1e4	0000a1b4	UNCONDITIONAL_CALL
0000a1f8	FUN_0000a1e4	20000361	READ
0000a1fc	FUN_0000a1e4	0000a258	UNCONDITIONAL_CALL
0000a200	FUN_0000a1e4	0000a1b4	UNCONDITIONAL_CALL
0000a204	FUN_0000a1e4	0000ae10	UNCONDITIONAL_CALL
0000a20a	FUN_0000a1e4	0000a21c	READ
0000a20e	FUN_0000a1e4	20000346	WRITE
0000a210	FUN_0000a1e4	0000a220	READ
0000a212	FUN_0000a1e4	20000322	WRITE
0000a224	FUN_0000a224	0000a250	READ
0000a226	FUN_0000a224	20000c5c	READ
0000a22a	FUN_0000a224	0000a24c	CONDITIONAL_JUMP
0000a22c	FUN_0000a224	0000a254	READ
0000a22c	FUN_0000a224	20000cac	PARAM
0000a230	FUN_0000a224	20000cc7	READ
0000a234	FUN_0000a224	20000cc7	WRITE
0000a236	FUN_0000a224	20000cba	READ
0000a23a	FUN_0000a224	0000a24c	CONDITIONAL_JUMP
0000a240	FUN_0000a224	20000cbb	WRITE
0000a244	FUN_0000a224	20000cba	WRITE
0000a246	FUN_0000a224	00006778	UNCONDITIONAL_CALL
0000a260	usb_key_event	Stack[-0x1c]	WRITE
0000a266	usb_key_event	Stack[-0x20]	WRITE
0000a268	usb_key_event	0000a644	READ
0000a270	usb_key_event	Stack[-0x24]	WRITE
0000a272	usb_key_event	0000a648	READ
0000a274	usb_key_event	20000c6c	DATA
0000a274	usb_key_event	Stack[-0x28]	WRITE
0000a27c	usb_key_event	0000a64c	READ
0000a282	usb_key_event	0000a654	READ
0000a28c	usb_key_event	0000a650	READ
0000a28e	usb_key_event	Stack[-0x2c]	WRITE
0000a290	usb_key_event	Stack[-0x30]	WRITE
0000a294	usb_key_event	0000a38c	CONDITIONAL_JUMP
0000a296	usb_key_event	0000a658	READ
0000a298	usb_key_event	40060010	READ
0000a29c	usb_key_event	0000a2c0	CONDITIONAL_JUMP
0000a29e	usb_key_event	40060010	READ
0000a2a4	usb_key_event	0000a658	READ
0000a2a6	usb_key_event	40060010	WRITE
0000a2aa	usb_key_event	00004054	UNCONDITIONAL_CALL
0000a2ae	usb_key_event	0000a658	READ
0000a2b0	usb_key_event	40060010	READ
0000a2b6	usb_key_event	0000a658	READ
0000a2b6	usb_key_event	40060000	PARAM
0000a2b8	usb_key_event	40060010	WRITE
0000a2bc	usb_key_event	00004054	UNCONDITIONAL_CALL
0000a2c0	usb_key_event	0000a65c	READ
0000a2c2	usb_key_event	20000cba	READ
0000a2c6	usb_key_event	0000a2d0	CONDITIONAL_JUMP
0000a2ca	usb_key_event	0000a312	CONDITIONAL_JUMP
0000a2ce	usb_key_event	0000a322	CONDITIONAL_JUMP
0000a2d2	usb_key_event	0000a2dc	CONDITIONAL_JUMP
0000a2d6	usb_key_event	0000a2dc	CONDITIONAL_JUMP
0000a2da	usb_key_event	0000a3d8	CONDITIONAL_JUMP
0000a2dc	usb_key_event	Stack[-0x1c]	READ
0000a2e0	usb_key_event	0000a33e	CONDITIONAL_JUMP
0000a2e4	usb_key_event	0000a33e	CONDITIONAL_JUMP
0000a2e8	usb_key_event	0000a33e	CONDITIONAL_JUMP
0000a2ec	usb_key_event	0000a33e	CONDITIONAL_JUMP
0000a2f0	usb_key_event	0000a33e	CONDITIONAL_JUMP
0000a2f2	usb_key_event	Stack[-0x20]	READ
0000a2f6	usb_key_event	0000a356	CONDITIONAL_JUMP
0000a2fa	usb_key_event	Stack[-0x30]	WRITE
0000a300	usb_key_event	0000a660	READ
0000a302	usb_key_event	Stack[-0x30]	WRITE
0000a304	usb_key_event	0000c364	DATA
0000a306	usb_key_event	Stack[-0x2f]	WRITE
0000a308	usb_key_event	0000a664	READ
0000a308	usb_key_event	2000034a	PARAM
0000a30e	usb_key_event	2000034a	WRITE
0000a310	usb_key_event	0000a490	UNCONDITIONAL_JUMP
0000a312	usb_key_event	0000a668	READ
0000a312	usb_key_event	20000c4c	PARAM
0000a314	usb_key_event	20000c61	READ
0000a318	usb_key_event	0000a31e	CONDITIONAL_JUMP
0000a31c	usb_key_event	0000a32c	UNCONDITIONAL_JUMP
0000a320	usb_key_event	0000a332	UNCONDITIONAL_JUMP
0000a322	usb_key_event	0000a668	READ
0000a322	usb_key_event	20000c4c	PARAM
0000a324	usb_key_event	20000c61	READ
0000a328	usb_key_event	0000a330	CONDITIONAL_JUMP
0000a32e	usb_key_event	0000a334	UNCONDITIONAL_JUMP
0000a334	usb_key_event	20000c61	WRITE
0000a338	usb_key_event	00006438	UNCONDITIONAL_CALL
0000a33c	usb_key_event	0000a2dc	UNCONDITIONAL_JUMP
0000a33e	usb_key_event	0000a66c	READ
0000a342	usb_key_event	20000e0c	WRITE
0000a344	usb_key_event	0000a660	READ
0000a346	usb_key_event	20000e0d	READ
0000a348	usb_key_event	0000c364	DATA
0000a34c	usb_key_event	20000e0d	WRITE
0000a34e	usb_key_event	0000a670	READ
0000a34e	usb_key_event	20000360	DATA
0000a350	usb_key_event	20000363	WRITE
0000a358	usb_key_event	0000a364	CONDITIONAL_JUMP
0000a35c	usb_key_event	0000a368	CONDITIONAL_JUMP
0000a35e	usb_key_event	Stack[-0x24]	READ
0000a360	usb_key_event	0000c2fe	DATA
0000a362	usb_key_event	0000a36c	UNCONDITIONAL_JUMP
0000a366	usb_key_event	0000a36c	UNCONDITIONAL_JUMP
0000a368	usb_key_event	0000a660	READ
0000a36a	usb_key_event	0000c364	DATA
0000a36c	usb_key_event	0000a668	READ
0000a36e	usb_key_event	0000a670	READ
0000a370	usb_key_event	20000c60	READ
0000a372	usb_key_event	20000367	READ
0000a376	usb_key_event	0000a38e	CONDITIONAL_JUMP
0000a378	usb_key_event	0000a66c	READ
0000a37c	usb_key_event	20000e0c	WRITE
0000a380	usb_key_event	20000e0f	DATA
0000a384	usb_key_event	20000367	WRITE
0000a386	usb_key_event	20000363	WRITE
0000a38c	usb_key_event	0000a59c	UNCONDITIONAL_JUMP
0000a390	usb_key_event	0000a3d4	CONDITIONAL_JUMP
0000a394	usb_key_event	0000a388	CONDITIONAL_JUMP
0000a396	usb_key_event	0000a674	READ
0000a398	usb_key_event	0000c3dc	DATA
0000a39a	usb_key_event	0000a678	READ
0000a39e	usb_key_event	20000e15	WRITE
0000a3a8	usb_key_event	20000e16	DATA
0000a3a8	usb_key_event	20000e23	READ
0000a3b2	usb_key_event	0000a3c6	CONDITIONAL_JUMP
0000a3b4	usb_key_event	0000a678	READ
0000a3b4	usb_key_event	20000e15	PARAM
0000a3b6	usb_key_event	0000aafc	UNCONDITIONAL_CALL
0000a3ba	usb_key_event	20000e16	DATA
0000a3be	usb_key_event	20000e16	DATA
0000a3c0	usb_key_event	0000a678	READ
0000a3c0	usb_key_event	20000e15	PARAM
0000a3c2	usb_key_event	0000aafc	UNCONDITIONAL_CALL
0000a3c6	usb_key_event	20000e16	DATA
0000a3ca	usb_key_event	20000e16	DATA
0000a3cc	usb_key_event	20000364	WRITE
0000a3d6	usb_key_event	0000a39a	UNCONDITIONAL_JUMP
0000a3da	usb_key_event	0000a444	CONDITIONAL_JUMP
0000a3de	usb_key_event	0000a45c	CONDITIONAL_JUMP
0000a3e2	usb_key_event	0000a45c	CONDITIONAL_JUMP
0000a3e6	usb_key_event	0000a45c	CONDITIONAL_JUMP
0000a3ea	usb_key_event	0000a3ce	CONDITIONAL_JUMP
0000a3ee	usb_key_event	0000a4ae	CONDITIONAL_JUMP
0000a3f0	usb_key_event	Stack[-0x30]	READ
0000a3f2	usb_key_event	Stack[-0x30]	READ
0000a3f4	usb_key_event	20000306	DATA
0000a3f6	usb_key_event	0000a668	READ
0000a3fa	usb_key_event	20000306	DATA
0000a3fc	usb_key_event	20000c51	READ
0000a3fe	usb_key_event	0000a654	READ
0000a402	usb_key_event	0000a416	CONDITIONAL_JUMP
0000a406	usb_key_event	00006a8c	UNCONDITIONAL_CALL
0000a40a	usb_key_event	20000c4f	READ
0000a40e	usb_key_event	0000a498	CONDITIONAL_JUMP
0000a410	usb_key_event	0000a67c	READ
0000a414	usb_key_event	2000034c	WRITE
0000a416	usb_key_event	0000a680	READ
0000a418	usb_key_event	20000315	READ
0000a41c	usb_key_event	20000315	WRITE
0000a41e	usb_key_event	20000384	READ
0000a422	usb_key_event	0000a3ce	CONDITIONAL_JUMP
0000a424	usb_key_event	20000385	READ
0000a428	usb_key_event	0000a3ce	CONDITIONAL_JUMP
0000a42a	usb_key_event	20000386	READ
0000a42e	usb_key_event	0000a3ce	CONDITIONAL_JUMP
0000a430	usb_key_event	20000387	READ
0000a434	usb_key_event	0000a3ce	CONDITIONAL_JUMP
0000a43a	usb_key_event	20000c9e	WRITE
0000a43e	usb_key_event	20000ca1	WRITE
0000a444	usb_key_event	0000a668	READ
0000a446	usb_key_event	20000c65	READ
0000a44a	usb_key_event	0000a440	CONDITIONAL_JUMP
0000a44c	usb_key_event	0000a66c	READ
0000a450	usb_key_event	20000e0c	WRITE
0000a452	usb_key_event	20000e14	WRITE
0000a454	usb_key_event	0000a670	READ
0000a456	usb_key_event	20000363	WRITE
0000a458	usb_key_event	Stack[-0x28]	READ
0000a45a	usb_key_event	0000a596	UNCONDITIONAL_JUMP
0000a460	usb_key_event	Stack[-0x30]	WRITE
0000a462	usb_key_event	0000a684	READ
0000a46a	usb_key_event	0000a478	CONDITIONAL_JUMP
0000a46e	usb_key_event	0000c370	DATA
0000a472	usb_key_event	Stack[-0x2f]	WRITE
0000a474	usb_key_event	0000c371	DATA
0000a476	usb_key_event	0000a484	UNCONDITIONAL_JUMP
0000a47c	usb_key_event	0000c2cc	DATA
0000a480	usb_key_event	Stack[-0x2f]	WRITE
0000a482	usb_key_event	0000c2cd	DATA
0000a484	usb_key_event	Stack[-0x2e]	WRITE
0000a488	usb_key_event	0000a664	READ
0000a488	usb_key_event	2000034a	PARAM
0000a48e	usb_key_event	2000034a	WRITE
0000a490	usb_key_event	0000aa18	UNCONDITIONAL_CALL
0000a498	usb_key_event	0000a680	READ
0000a49a	usb_key_event	20000315	READ
0000a49e	usb_key_event	0000a416	CONDITIONAL_JUMP
0000a4a0	usb_key_event	20000c51	READ
0000a4a4	usb_key_event	0000a688	READ
0000a4a6	usb_key_event	0000c470	DATA
0000a4a8	usb_key_event	0000a67c	READ
0000a4aa	usb_key_event	2000034c	WRITE
0000a4ac	usb_key_event	0000a416	UNCONDITIONAL_JUMP
0000a4b0	usb_key_event	0000a506	CONDITIONAL_JUMP
0000a4b2	usb_key_event	0000a68c	READ
0000a4b6	usb_key_event	20000388	WRITE
0000a4b8	usb_key_event	0000a670	READ
0000a4ba	usb_key_event	Stack[-0x2c]	READ
0000a4bc	usb_key_event	20000368	READ
0000a4c0	usb_key_event	20000389	READ
0000a4c2	usb_key_event	0000c0ff	DATA
0000a4c4	usb_key_event	0000a4f2	CONDITIONAL_JUMP
0000a4c8	usb_key_event	20000389	WRITE
0000a4ca	usb_key_event	00006a24	UNCONDITIONAL_CALL
0000a4ce	usb_key_event	20000389	READ
0000a4d0	usb_key_event	0000c0ff	DATA
0000a4d4	usb_key_event	20000389	WRITE
0000a4d6	usb_key_event	00006a24	UNCONDITIONAL_CALL
0000a4da	usb_key_event	20000389	READ
0000a4dc	usb_key_event	0000c0ff	DATA
0000a4e0	usb_key_event	20000389	WRITE
0000a4e2	usb_key_event	00006a24	UNCONDITIONAL_CALL
0000a4e6	usb_key_event	20000368	READ
0000a4e8	usb_key_event	Stack[-0x2c]	READ
0000a4ec	usb_key_event	20000368	WRITE
0000a4f4	usb_key_event	20000389	WRITE
0000a4f6	usb_key_event	00006a24	UNCONDITIONAL_CALL
0000a4fa	usb_key_event	20000368	READ
0000a4fc	usb_key_event	Stack[-0x2c]	READ
0000a500	usb_key_event	20000368	WRITE
0000a506	usb_key_event	0000a68c	READ
0000a508	usb_key_event	2000038c	READ
0000a50c	usb_key_event	0000a52a	CONDITIONAL_JUMP
0000a510	usb_key_event	0000a518	CONDITIONAL_JUMP
0000a514	usb_key_event	0000a51e	CONDITIONAL_JUMP
0000a516	usb_key_event	0000a52a	UNCONDITIONAL_JUMP
0000a51a	usb_key_event	0000a522	CONDITIONAL_JUMP
0000a51c	usb_key_event	0000a52a	UNCONDITIONAL_JUMP
0000a520	usb_key_event	0000a52a	CONDITIONAL_JUMP
0000a522	usb_key_event	0000a690	READ
0000a524	usb_key_event	20000c9e	WRITE
0000a524	usb_key_event	00000bb8	DATA
0000a528	usb_key_event	20000ca1	WRITE
0000a52a	usb_key_event	0000a668	READ
0000a52c	usb_key_event	20000c5c	READ
0000a530	usb_key_event	0000a53a	CONDITIONAL_JUMP
0000a532	usb_key_event	20000c65	READ
0000a536	usb_key_event	0000a540	CONDITIONAL_JUMP
0000a538	usb_key_event	0000a566	UNCONDITIONAL_JUMP
0000a53a	usb_key_event	20000c66	READ
0000a53e	usb_key_event	0000a566	CONDITIONAL_JUMP
0000a542	usb_key_event	20000388	WRITE
0000a544	usb_key_event	0000c0ff	DATA
0000a546	usb_key_event	2000038c	WRITE
0000a548	usb_key_event	00006a24	UNCONDITIONAL_CALL
0000a54c	usb_key_event	20000c50	READ
0000a552	usb_key_event	0000a562	CONDITIONAL_JUMP
0000a554	usb_key_event	00006a24	UNCONDITIONAL_CALL
0000a55a	usb_key_event	20000c50	READ
0000a560	usb_key_event	0000a554	CONDITIONAL_JUMP
0000a564	usb_key_event	0000a582	UNCONDITIONAL_JUMP
0000a568	usb_key_event	20000388	WRITE
0000a56a	usb_key_event	0000a694	READ
0000a56c	usb_key_event	20000c50	READ
0000a570	usb_key_event	0000c198	DATA
0000a572	usb_key_event	0000a57a	CONDITIONAL_JUMP
0000a57a	usb_key_event	2000038c	WRITE
0000a57c	usb_key_event	00006a24	UNCONDITIONAL_CALL
0000a582	usb_key_event	20000c52	WRITE
0000a584	usb_key_event	0000c0ff	DATA
0000a586	usb_key_event	2000038c	WRITE
0000a58a	usb_key_event	0000a67c	READ
0000a58e	usb_key_event	2000034c	WRITE
0000a590	usb_key_event	0000a680	READ
0000a592	usb_key_event	20000315	READ
0000a596	usb_key_event	20000315	WRITE
0000a596	usb_key_event	20000c6c	WRITE
0000a59e	usb_key_event	0000a5a8	CONDITIONAL_JUMP
0000a5a2	usb_key_event	0000a5a8	CONDITIONAL_JUMP
0000a5a6	usb_key_event	0000a698	CONDITIONAL_JUMP
0000a5a8	usb_key_event	Stack[-0x1c]	READ
0000a5ac	usb_key_event	0000a5e0	CONDITIONAL_JUMP
0000a5b0	usb_key_event	0000a5e0	CONDITIONAL_JUMP
0000a5b4	usb_key_event	0000a5e0	CONDITIONAL_JUMP
0000a5b8	usb_key_event	0000a5e0	CONDITIONAL_JUMP
0000a5bc	usb_key_event	0000a5e0	CONDITIONAL_JUMP
0000a5be	usb_key_event	Stack[-0x20]	READ
0000a5c2	usb_key_event	0000a5f8	CONDITIONAL_JUMP
0000a5ca	usb_key_event	Stack[-0x30]	WRITE
0000a5cc	usb_key_event	Stack[-0x30]	WRITE
0000a5ce	usb_key_event	Stack[-0x2f]	WRITE
0000a5d0	usb_key_event	0000a664	READ
0000a5d0	usb_key_event	2000034a	PARAM
0000a5d6	usb_key_event	2000034a	WRITE
0000a5d8	usb_key_event	0000aa18	UNCONDITIONAL_CALL
0000a5e0	usb_key_event	0000a66c	READ
0000a5e4	usb_key_event	20000e0c	WRITE
0000a5e6	usb_key_event	0000a660	READ
0000a5e8	usb_key_event	20000e0d	READ
0000a5ea	usb_key_event	0000c364	DATA
0000a5ee	usb_key_event	20000e0d	WRITE
0000a5f0	usb_key_event	0000a670	READ
0000a5f0	usb_key_event	20000360	DATA
0000a5f2	usb_key_event	20000363	WRITE
0000a5fc	usb_key_event	0000a608	CONDITIONAL_JUMP
0000a600	usb_key_event	0000a60c	CONDITIONAL_JUMP
0000a602	usb_key_event	Stack[-0x24]	READ
0000a604	usb_key_event	0000c2fe	DATA
0000a606	usb_key_event	0000a610	UNCONDITIONAL_JUMP
0000a60a	usb_key_event	0000a610	UNCONDITIONAL_JUMP
0000a60c	usb_key_event	0000a660	READ
0000a60e	usb_key_event	0000c364	DATA
0000a610	usb_key_event	0000a670	READ
0000a614	usb_key_event	20000367	READ
0000a618	usb_key_event	0000a6be	CONDITIONAL_JUMP
0000a61a	usb_key_event	0000a66c	READ
0000a61e	usb_key_event	20000e0f	READ
0000a61e	usb_key_event	20000e10	READ
0000a622	usb_key_event	0000a6b2	CONDITIONAL_JUMP
0000a626	usb_key_event	0000a66c	READ
0000a62a	usb_key_event	20000e0c	WRITE
0000a62c	usb_key_event	0000a6a6	CONDITIONAL_JUMP
0000a62e	usb_key_event	0000a668	READ
0000a630	usb_key_event	20000c60	READ
0000a638	usb_key_event	0000a69a	CONDITIONAL_JUMP
0000a63c	usb_key_event	20000e10	READ
0000a63c	usb_key_event	20000e11	READ
0000a63e	usb_key_event	20000e0f	WRITE
0000a63e	usb_key_event	20000e10	WRITE
0000a640	usb_key_event	20000e10	WRITE
0000a640	usb_key_event	20000e11	WRITE
0000a642	usb_key_event	0000a69e	UNCONDITIONAL_JUMP
0000a698	usb_key_event	0000a6f4	UNCONDITIONAL_JUMP
0000a69c	usb_key_event	20000e10	WRITE
0000a6a4	usb_key_event	0000a636	CONDITIONAL_JUMP
0000a6a6	usb_key_event	0000a7b0	READ
0000a6a6	usb_key_event	20000360	DATA
0000a6aa	usb_key_event	20000367	WRITE
0000a6ac	usb_key_event	20000363	WRITE
0000a6b8	usb_key_event	0000a61a	CONDITIONAL_JUMP
0000a6bc	usb_key_event	0000a6ae	CONDITIONAL_JUMP
0000a6c0	usb_key_event	0000a6f0	CONDITIONAL_JUMP
0000a6c4	usb_key_event	0000a6ae	CONDITIONAL_JUMP
0000a6c6	usb_key_event	0000a7b4	READ
0000a6c8	usb_key_event	0000c3dc	DATA
0000a6ca	usb_key_event	0000a7b8	READ
0000a6d4	usb_key_event	20000e16	DATA
0000a6d4	usb_key_event	20000e23	READ
0000a6de	usb_key_event	0000a6ae	CONDITIONAL_JUMP
0000a6e2	usb_key_event	20000e15	WRITE
0000a6e4	usb_key_event	20000e16	DATA
0000a6e4	usb_key_event	20000e23	READ
0000a6e8	usb_key_event	20000e16	DATA
0000a6e8	usb_key_event	20000e23	WRITE
0000a6ea	usb_key_event	20000364	WRITE
0000a6f2	usb_key_event	0000a6ca	UNCONDITIONAL_JUMP
0000a6f6	usb_key_event	0000a732	CONDITIONAL_JUMP
0000a6fa	usb_key_event	0000a750	CONDITIONAL_JUMP
0000a6fe	usb_key_event	0000a750	CONDITIONAL_JUMP
0000a702	usb_key_event	0000a750	CONDITIONAL_JUMP
0000a706	usb_key_event	0000a6ec	CONDITIONAL_JUMP
0000a708	usb_key_event	0000a7bc	READ
0000a70a	usb_key_event	20000315	READ
0000a712	usb_key_event	0000a76c	CONDITIONAL_JUMP
0000a714	usb_key_event	Stack[-0x30]	READ
0000a716	usb_key_event	20000306	DATA
0000a71a	usb_key_event	0000a722	CONDITIONAL_JUMP
0000a71c	usb_key_event	Stack[-0x30]	READ
0000a720	usb_key_event	20000306	DATA
0000a722	usb_key_event	0000a7bc	READ
0000a726	usb_key_event	0000a72a	CONDITIONAL_JUMP
0000a728	usb_key_event	20000315	WRITE
0000a72c	usb_key_event	20000c9e	WRITE
0000a732	usb_key_event	0000a7c0	READ
0000a734	usb_key_event	20000c65	READ
0000a738	usb_key_event	0000a72e	CONDITIONAL_JUMP
0000a73c	usb_key_event	0000a7c4	READ
0000a740	usb_key_event	20000e0c	WRITE
0000a742	usb_key_event	20000e14	WRITE
0000a744	usb_key_event	0000a7b0	READ
0000a746	usb_key_event	20000363	WRITE
0000a748	usb_key_event	20000c6c	DATA
0000a748	usb_key_event	Stack[-0x28]	READ
0000a74a	usb_key_event	20000c6c	WRITE
0000a752	usb_key_event	Stack[-0x30]	WRITE
0000a758	usb_key_event	Stack[-0x30]	WRITE
0000a75a	usb_key_event	0000a7c8	READ
0000a75a	usb_key_event	2000034a	PARAM
0000a762	usb_key_event	2000034a	WRITE
0000a764	usb_key_event	0000aa18	UNCONDITIONAL_CALL
0000a76e	usb_key_event	0000a796	CONDITIONAL_JUMP
0000a770	usb_key_event	0000a7b0	READ
0000a772	usb_key_event	20000368	READ
0000a776	usb_key_event	0000a768	CONDITIONAL_JUMP
0000a778	usb_key_event	0000a7cc	READ
0000a778	usb_key_event	20000388	PARAM
0000a77c	usb_key_event	20000388	WRITE
0000a77e	usb_key_event	20000389	READ
0000a780	usb_key_event	0000c0ff	DATA
0000a784	usb_key_event	20000389	WRITE
0000a786	usb_key_event	00006a24	UNCONDITIONAL_CALL
0000a78a	usb_key_event	20000368	READ
0000a78c	usb_key_event	Stack[-0x2c]	READ
0000a790	usb_key_event	20000368	WRITE
0000a798	usb_key_event	0000a7bc	READ
0000a79a	usb_key_event	20000c9e	WRITE
0000a79e	usb_key_event	0000a7a2	CONDITIONAL_JUMP
0000a7a0	usb_key_event	20000315	WRITE
0000a7a2	usb_key_event	0000a7cc	READ
0000a7a4	usb_key_event	2000038c	WRITE
0000a7a6	usb_key_event	0000a7c0	READ
0000a7a6	usb_key_event	20000c4c	DATA
0000a7a8	usb_key_event	20000c52	WRITE
0000a7d6	FUN_0000a7d0	0000a258	UNCONDITIONAL_CALL
0000a7dc	FUN_0000a7d0	0000a7e6	CONDITIONAL_JUMP
0000a7e4	FUN_0000a7d0	0000a804	CONDITIONAL_JUMP
0000a7e6	FUN_0000a7d0	0000a818	READ
0000a7e8	FUN_0000a7d0	20000c6f	READ
0000a7ec	FUN_0000a7d0	0000a804	CONDITIONAL_JUMP
0000a7ee	FUN_0000a7d0	0000a81c	READ
0000a7f0	FUN_0000a7d0	0000a820	READ
0000a7f2	FUN_0000a7d0	0000a824	READ
0000a7f6	FUN_0000a7d0	0000a806	CONDITIONAL_JUMP
0000a7f8	FUN_0000a7d0	0000a828	READ
0000a7fa	FUN_0000a7d0	20000361	WRITE
0000a7fc	FUN_0000a7d0	20000c5a	READ
0000a7fe	FUN_0000a7d0	20000346	WRITE
0000a802	FUN_0000a7d0	20000322	WRITE
0000a806	FUN_0000a7d0	20000361	READ
0000a80a	FUN_0000a7d0	0000a804	CONDITIONAL_JUMP
0000a80e	FUN_0000a7d0	20000346	WRITE
0000a810	FUN_0000a7d0	20000322	WRITE
0000a812	FUN_0000a7d0	20000361	WRITE
0000a82e	usb_report_queue_service	0000a964	READ
0000a830	usb_report_queue_service	20000305	READ
0000a836	usb_report_queue_service	0000a968	READ
0000a838	usb_report_queue_service	0000a96c	READ
0000a83c	usb_report_queue_service	0000a884	CONDITIONAL_JUMP
0000a83e	usb_report_queue_service	20000369	READ
0000a842	usb_report_queue_service	0000a8a8	CONDITIONAL_JUMP
0000a844	usb_report_queue_service	2000036b	READ
0000a84a	usb_report_queue_service	20002264	DATA
0000a84e	usb_report_queue_service	0000a8a8	CONDITIONAL_JUMP
0000a852	usb_report_queue_service	0000a970	READ
0000a858	usb_report_queue_service	20002265	DATA
0000a858	usb_report_queue_service	20002266	DATA
0000a85a	usb_report_queue_service	20000399	WRITE
0000a85a	usb_report_queue_service	2000039a	WRITE
0000a862	usb_report_queue_service	0000a856	CONDITIONAL_JUMP
0000a864	usb_report_queue_service	0000a974	READ
0000a864	usb_report_queue_service	20000348	PARAM
0000a866	usb_report_queue_service	0000a970	READ
0000a866	usb_report_queue_service	20000399	PARAM
0000a868	usb_report_queue_service	20000348	WRITE
0000a86a	usb_report_queue_service	0000aa8c	UNCONDITIONAL_CALL
0000a86e	usb_report_queue_service	20000369	READ
0000a872	usb_report_queue_service	20000369	WRITE
0000a874	usb_report_queue_service	2000036b	READ
0000a87a	usb_report_queue_service	2000036b	WRITE
0000a87e	usb_report_queue_service	0000a8a8	CONDITIONAL_JUMP
0000a880	usb_report_queue_service	2000036b	WRITE
0000a882	usb_report_queue_service	0000a8a8	UNCONDITIONAL_JUMP
0000a884	usb_report_queue_service	0000a974	READ
0000a884	usb_report_queue_service	20000348	PARAM
0000a886	usb_report_queue_service	20000348	READ
0000a88a	usb_report_queue_service	0000a8a8	CONDITIONAL_JUMP
0000a88c	usb_report_queue_service	0000a970	READ
0000a88c	usb_report_queue_service	20000399	PARAM
0000a88e	usb_report_queue_service	20000348	WRITE
0000a890	usb_report_queue_service	0000aa8c	UNCONDITIONAL_CALL
0000a894	usb_report_queue_service	2000036c	READ
0000a89a	usb_report_queue_service	2000036c	WRITE
0000a89e	usb_report_queue_service	0000a8a8	CONDITIONAL_JUMP
0000a8a0	usb_report_queue_service	0000a964	READ
0000a8a2	usb_report_queue_service	2000036c	WRITE
0000a8a6	usb_report_queue_service	20000305	WRITE
0000a8a8	usb_report_queue_service	0000a978	READ
0000a8aa	usb_report_queue_service	20000306	READ
0000a8ac	usb_report_queue_service	0000a97c	READ
0000a8ac	usb_report_queue_service	2000034a	PARAM
0000a8ae	usb_report_queue_service	0000a980	READ
0000a8b2	usb_report_queue_service	0000a928	CONDITIONAL_JUMP
0000a8b4	usb_report_queue_service	20000369	READ
0000a8b8	usb_report_queue_service	0000a8f6	CONDITIONAL_JUMP
0000a8ba	usb_report_queue_service	2000036b	READ
0000a8c0	usb_report_queue_service	20002264	READ
0000a8c4	usb_report_queue_service	0000a8f8	CONDITIONAL_JUMP
0000a8c8	usb_report_queue_service	0000a8f6	CONDITIONAL_JUMP
0000a8ce	usb_report_queue_service	20002264	READ
0000a8ce	usb_report_queue_service	20002265	READ
0000a8d0	usb_report_queue_service	20000e24	WRITE
0000a8d0	usb_report_queue_service	20000e25	WRITE
0000a8d8	usb_report_queue_service	0000a8ce	CONDITIONAL_JUMP
0000a8da	usb_report_queue_service	0000a980	READ
0000a8da	usb_report_queue_service	20000e24	PARAM
0000a8de	usb_report_queue_service	2000034a	WRITE
0000a8e0	usb_report_queue_service	0000aa18	UNCONDITIONAL_CALL
0000a8e4	usb_report_queue_service	20000369	READ
0000a8e8	usb_report_queue_service	20000369	WRITE
0000a8ea	usb_report_queue_service	2000036b	READ
0000a8f0	usb_report_queue_service	2000036b	WRITE
0000a8f4	usb_report_queue_service	0000a924	CONDITIONAL_JUMP
0000a8fc	usb_report_queue_service	20002264	READ
0000a8fc	usb_report_queue_service	20002265	READ
0000a8fe	usb_report_queue_service	20000e24	WRITE
0000a8fe	usb_report_queue_service	20000e25	WRITE
0000a906	usb_report_queue_service	0000a8fc	CONDITIONAL_JUMP
0000a908	usb_report_queue_service	0000a980	READ
0000a908	usb_report_queue_service	20000e24	PARAM
0000a90a	usb_report_queue_service	2000034a	WRITE
0000a90e	usb_report_queue_service	0000aa18	UNCONDITIONAL_CALL
0000a912	usb_report_queue_service	20000369	READ
0000a916	usb_report_queue_service	20000369	WRITE
0000a918	usb_report_queue_service	2000036b	READ
0000a91e	usb_report_queue_service	2000036b	WRITE
0000a922	usb_report_queue_service	0000a8f6	CONDITIONAL_JUMP
0000a924	usb_report_queue_service	2000036b	WRITE
0000a928	usb_report_queue_service	2000034a	READ
0000a92c	usb_report_queue_service	0000a926	CONDITIONAL_JUMP
0000a92e	usb_report_queue_service	20000e24	READ
0000a932	usb_report_queue_service	0000a93a	CONDITIONAL_JUMP
0000a936	usb_report_queue_service	0000a942	CONDITIONAL_JUMP
0000a938	usb_report_queue_service	0000a94c	UNCONDITIONAL_JUMP
0000a93a	usb_report_queue_service	0000a980	READ
0000a93a	usb_report_queue_service	20000e24	PARAM
0000a93e	usb_report_queue_service	2000034a	WRITE
0000a940	usb_report_queue_service	0000a948	UNCONDITIONAL_JUMP
0000a942	usb_report_queue_service	0000a980	READ
0000a942	usb_report_queue_service	20000e24	PARAM
0000a944	usb_report_queue_service	2000034a	WRITE
0000a948	usb_report_queue_service	0000aa18	UNCONDITIONAL_CALL
0000a94c	usb_report_queue_service	2000036d	READ
0000a952	usb_report_queue_service	2000036d	WRITE
0000a956	usb_report_queue_service	0000a926	CONDITIONAL_JUMP
0000a958	usb_report_queue_service	0000a978	READ
0000a95a	usb_report_queue_service	2000036d	WRITE
0000a95e	usb_report_queue_service	20000306	WRITE
0000a988	report_state_clear	0000a9f8	READ
0000a98c	report_state_clear	20000e0c	WRITE
0000a98c	report_state_clear	20000e0d	WRITE
0000a994	report_state_clear	0000a98c	CONDITIONAL_JUMP
0000a996	report_state_clear	0000a9fc	READ
0000a99a	report_state_clear	20000e15	WRITE
0000a99a	report_state_clear	20000e16	WRITE
0000a9a2	report_state_clear	0000a99a	CONDITIONAL_JUMP
0000a9a4	report_state_clear	0000aa00	READ
0000a9a6	report_state_clear	0000aa04	READ
0000a9a8	report_state_clear	20000367	WRITE
0000a9b4	report_state_clear	20002264	WRITE
0000a9b4	report_state_clear	20002265	WRITE
0000a9b4	report_state_clear	20002273	WRITE
0000a9bc	report_state_clear	0000a9b4	CONDITIONAL_JUMP
0000a9c4	report_state_clear	0000a9ac	CONDITIONAL_JUMP
0000a9c6	report_state_clear	20000369	WRITE
0000a9c8	report_state_clear	2000036a	WRITE
0000a9ca	report_state_clear	0000aa08	READ
0000a9cc	report_state_clear	2000036b	WRITE
0000a9ce	report_state_clear	20000348	WRITE
0000a9d0	report_state_clear	0000aa0c	READ
0000a9d2	report_state_clear	2000036e	WRITE
0000a9d4	report_state_clear	20000c6c	WRITE
0000a9d6	report_state_clear	0000aa10	READ
0000a9da	report_state_clear	20000384	WRITE
0000a9da	report_state_clear	20000385	WRITE
0000a9e2	report_state_clear	0000a9da	CONDITIONAL_JUMP
0000a9e4	report_state_clear	0000aa14	READ
0000a9e8	report_state_clear	20000388	WRITE
0000a9e8	report_state_clear	20000389	WRITE
0000a9f0	report_state_clear	0000a9e8	CONDITIONAL_JUMP
0000aa1a	FUN_0000aa18	0000aa74	READ
0000aa1e	FUN_0000aa18	20000306	READ
0000aa26	FUN_0000aa18	0000aa4e	CONDITIONAL_JUMP
0000aa28	FUN_0000aa18	0000aa78	READ
0000aa2c	FUN_0000aa18	20000004	READ
0000aa2e	FUN_0000aa18	0000aa7c	READ
0000aa30	FUN_0000aa18	e000e014	WRITE
0000aa32	FUN_0000aa18	e000e018	WRITE
0000aa34	FUN_0000aa18	e000e010	READ
0000aa38	FUN_0000aa18	e000e010	WRITE
0000aa3a	FUN_0000aa18	e000e010	READ
0000aa3e	FUN_0000aa18	0000aa3a	CONDITIONAL_JUMP
0000aa40	FUN_0000aa18	0000aa80	READ
0000aa46	FUN_0000aa18	0000aa4e	CONDITIONAL_JUMP
0000aa48	FUN_0000aa18	20000306	READ
0000aa4c	FUN_0000aa18	0000aa2e	CONDITIONAL_JUMP
0000aa4e	FUN_0000aa18	20000306	WRITE
0000aa50	FUN_0000aa18	0000aa84	READ
0000aa52	FUN_0000aa18	40060550	READ
0000aa54	FUN_0000aa18	0000aa88	READ
0000aa5e	FUN_0000aa18	0000aa6c	CONDITIONAL_JUMP
0000aa62	FUN_0000aa18	40060100	DATA
0000aa62	FUN_0000aa18	40060101	DATA
0000aa6a	FUN_0000aa18	0000aa60	CONDITIONAL_JUMP
0000aa6c	FUN_0000aa18	40060554	WRITE
0000aa8e	FUN_0000aa8c	0000aae4	READ
0000aa92	FUN_0000aa8c	20000305	READ
0000aa9a	FUN_0000aa8c	0000aac2	CONDITIONAL_JUMP
0000aa9c	FUN_0000aa8c	0000aae8	READ
0000aa9e	FUN_0000aa8c	0000aaec	READ
0000aaa0	FUN_0000aa8c	20000004	READ
0000aaa2	FUN_0000aa8c	0000aaf0	READ
0000aaa6	FUN_0000aa8c	e000e014	WRITE
0000aaa8	FUN_0000aa8c	e000e018	WRITE
0000aaaa	FUN_0000aa8c	e000e010	READ
0000aaae	FUN_0000aa8c	e000e010	WRITE
0000aab0	FUN_0000aa8c	e000e010	READ
0000aab4	FUN_0000aa8c	0000aab0	CONDITIONAL_JUMP
0000aaba	FUN_0000aa8c	0000aac2	CONDITIONAL_JUMP
0000aabc	FUN_0000aa8c	20000305	READ
0000aac0	FUN_0000aa8c	0000aaa6	CONDITIONAL_JUMP
0000aac2	FUN_0000aa8c	20000305	WRITE
0000aac4	FUN_0000aa8c	0000aaf4	READ
0000aac6	FUN_0000aa8c	40060540	READ
0000aac8	FUN_0000aa8c	0000aaf8	READ
0000aad4	FUN_0000aa8c	40060100	DATA
0000aad4	FUN_0000aa8c	40060101	DATA
0000aadc	FUN_0000aa8c	0000aad2	CONDITIONAL_JUMP
0000aade	FUN_0000aa8c	40060544	WRITE
0000aafe	FUN_0000aafc	0000abd0	READ
0000ab02	FUN_0000aafc	20000369	READ
0000ab04	FUN_0000aafc	0000abd4	READ
0000ab08	FUN_0000aafc	0000ab60	CONDITIONAL_JUMP
0000ab0a	FUN_0000aafc	2000036b	READ
0000ab12	FUN_0000aafc	20002264	DATA
0000ab1a	FUN_0000aafc	0000ab28	CONDITIONAL_JUMP
0000ab1c	FUN_0000aafc	0000abd8	READ
0000ab20	FUN_0000aafc	0000ab34	CONDITIONAL_JUMP
0000ab24	FUN_0000aafc	0000ab40	CONDITIONAL_JUMP
0000ab26	FUN_0000aafc	0000ab4a	UNCONDITIONAL_JUMP
0000ab28	FUN_0000aafc	0000abdc	READ
0000ab28	FUN_0000aafc	20000348	PARAM
0000ab2c	FUN_0000aafc	20000348	WRITE
0000ab2e	FUN_0000aafc	0000aa8c	UNCONDITIONAL_CALL
0000ab32	FUN_0000aafc	0000ab4a	UNCONDITIONAL_JUMP
0000ab34	FUN_0000aafc	2000034a	WRITE
0000ab3a	FUN_0000aafc	0000aa18	UNCONDITIONAL_CALL
0000ab3e	FUN_0000aafc	0000ab4a	UNCONDITIONAL_JUMP
0000ab42	FUN_0000aafc	2000034a	WRITE
0000ab46	FUN_0000aafc	0000aa18	UNCONDITIONAL_CALL
0000ab4a	FUN_0000aafc	2000036b	READ
0000ab50	FUN_0000aafc	2000036b	WRITE
0000ab52	FUN_0000aafc	20000369	READ
0000ab56	FUN_0000aafc	20000369	WRITE
0000ab5a	FUN_0000aafc	0000ab60	CONDITIONAL_JUMP
0000ab5e	FUN_0000aafc	2000036b	WRITE
0000ab64	FUN_0000aafc	0000ab70	CONDITIONAL_JUMP
0000ab68	FUN_0000aafc	0000ab88	CONDITIONAL_JUMP
0000ab6c	FUN_0000aafc	0000aba0	CONDITIONAL_JUMP
0000ab6e	FUN_0000aafc	0000abb6	UNCONDITIONAL_JUMP
0000ab70	FUN_0000aafc	2000036a	READ
0000ab7c	FUN_0000aafc	20002264	DATA
0000ab7c	FUN_0000aafc	20002265	DATA
0000ab84	FUN_0000aafc	0000ab7a	CONDITIONAL_JUMP
0000ab86	FUN_0000aafc	0000abb6	UNCONDITIONAL_JUMP
0000ab88	FUN_0000aafc	2000036a	READ
0000ab94	FUN_0000aafc	20002264	DATA
0000ab94	FUN_0000aafc	20002265	DATA
0000ab9c	FUN_0000aafc	0000ab92	CONDITIONAL_JUMP
0000ab9e	FUN_0000aafc	0000abb6	UNCONDITIONAL_JUMP
0000aba0	FUN_0000aafc	2000036a	READ
0000abac	FUN_0000aafc	20002264	DATA
0000abac	FUN_0000aafc	20002265	DATA
0000abb4	FUN_0000aafc	0000abaa	CONDITIONAL_JUMP
0000abb6	FUN_0000aafc	2000036a	READ
0000abbc	FUN_0000aafc	2000036a	WRITE
0000abbe	FUN_0000aafc	20000369	READ
0000abc2	FUN_0000aafc	20000369	WRITE
0000abc6	FUN_0000aafc	0000abcc	CONDITIONAL_JUMP
0000abca	FUN_0000aafc	2000036a	WRITE
0000abe4	FUN_0000abe0	000043a4	UNCONDITIONAL_CALL
0000abe8	FUN_0000abe0	0000ac9c	READ
0000abec	FUN_0000abe0	20000c65	WRITE
0000abf0	FUN_0000abe0	0000abf4	CONDITIONAL_JUMP
0000abf2	FUN_0000abe0	20000c65	WRITE
0000abf6	FUN_0000abe0	000043a4	UNCONDITIONAL_CALL
0000abfa	FUN_0000abe0	20000c53	WRITE
0000abfe	FUN_0000abe0	0000ac02	CONDITIONAL_JUMP
0000ac00	FUN_0000abe0	20000c53	WRITE
0000ac02	FUN_0000abe0	20000c5c	READ
0000ac04	FUN_0000abe0	0000aca0	READ
0000ac04	FUN_0000abe0	50004240	PARAM
0000ac0a	FUN_0000abe0	0000ac96	CONDITIONAL_JUMP
0000ac0e	FUN_0000abe0	0000aca4	READ
0000ac12	FUN_0000abe0	20000429	WRITE
0000ac14	FUN_0000abe0	50004260	WRITE
0000ac18	FUN_0000abe0	00004054	UNCONDITIONAL_CALL
0000ac1c	FUN_0000abe0	000007d8	UNCONDITIONAL_CALL
0000ac20	FUN_0000abe0	20000c5d	WRITE
0000ac24	FUN_0000abe0	00004054	UNCONDITIONAL_CALL
0000ac28	FUN_0000abe0	20000429	READ
0000ac2c	FUN_0000abe0	0000ac8c	CONDITIONAL_JUMP
0000ac30	FUN_0000abe0	00004054	UNCONDITIONAL_CALL
0000ac3c	FUN_0000abe0	0000ac8e	CONDITIONAL_JUMP
0000ac40	FUN_0000abe0	000043a4	UNCONDITIONAL_CALL
0000ac46	FUN_0000abe0	0000ac8c	CONDITIONAL_JUMP
0000ac48	FUN_0000abe0	20000c65	READ
0000ac4c	FUN_0000abe0	0000ac8c	CONDITIONAL_JUMP
0000ac4e	FUN_0000abe0	0000aca0	READ
0000ac50	FUN_0000abe0	50004260	WRITE
0000ac54	FUN_0000abe0	00004054	UNCONDITIONAL_CALL
0000ac58	FUN_0000abe0	0000aca8	READ
0000ac58	FUN_0000abe0	4000001f	PARAM
0000ac5a	FUN_0000abe0	000038b4	UNCONDITIONAL_CALL
0000ac5e	FUN_0000abe0	0000acac	READ
0000ac5e	FUN_0000abe0	50000040	PARAM
0000ac60	FUN_0000abe0	50000044	READ
0000ac66	FUN_0000abe0	50000044	WRITE
0000ac68	FUN_0000abe0	00006c3c	UNCONDITIONAL_CALL
0000ac6e	FUN_0000abe0	00006b94	UNCONDITIONAL_CALL
0000ac74	FUN_0000abe0	0000acb0	READ
0000ac74	FUN_0000abe0	e000e100	PARAM
0000ac78	FUN_0000abe0	e000e100	WRITE
0000ac7c	FUN_0000abe0	20000c5d	WRITE
0000ac7e	FUN_0000abe0	0000acb4	READ
0000ac7e	FUN_0000abe0	40003c9b	PARAM
0000ac80	FUN_0000abe0	00003898	UNCONDITIONAL_CALL
0000ac86	FUN_0000abe0	0000acb8	READ
0000ac8a	FUN_0000abe0	e000e180	WRITE
0000ac8e	FUN_0000abe0	20000429	READ
0000ac92	FUN_0000abe0	0000ac2e	CONDITIONAL_JUMP
0000ac96	FUN_0000abe0	50004260	WRITE
0000ac98	FUN_0000abe0	20000c5d	WRITE
0000acbc	FUN_0000acbc	0000accc	READ
0000acbe	FUN_0000acbc	0000acd4	READ
0000acc0	FUN_0000acbc	2000018e	WRITE
0000acc2	FUN_0000acbc	0000acd0	READ
0000acc4	FUN_0000acbc	200001e9	WRITE
0000acc6	FUN_0000acbc	200001c7	WRITE
0000acc8	FUN_0000acbc	20000202	WRITE
0000acda	usb_send_host_payload	0000ad34	READ
0000acde	usb_send_host_payload	20000307	READ
0000ace6	usb_send_host_payload	0000ad0e	CONDITIONAL_JUMP
0000ace8	usb_send_host_payload	0000ad38	READ
0000acec	usb_send_host_payload	20000004	READ
0000acee	usb_send_host_payload	0000ad3c	READ
0000acf0	usb_send_host_payload	e000e014	WRITE
0000acf2	usb_send_host_payload	e000e018	WRITE
0000acf4	usb_send_host_payload	e000e010	READ
0000acf8	usb_send_host_payload	e000e010	WRITE
0000acfa	usb_send_host_payload	e000e010	READ
0000acfe	usb_send_host_payload	0000acfa	CONDITIONAL_JUMP
0000ad00	usb_send_host_payload	0000ad40	READ
0000ad06	usb_send_host_payload	0000ad0e	CONDITIONAL_JUMP
0000ad08	usb_send_host_payload	20000307	READ
0000ad0c	usb_send_host_payload	0000acee	CONDITIONAL_JUMP
0000ad0e	usb_send_host_payload	20000307	WRITE
0000ad10	usb_send_host_payload	0000ad44	READ
0000ad12	usb_send_host_payload	40060530	READ
0000ad14	usb_send_host_payload	0000ad48	READ
0000ad1e	usb_send_host_payload	0000ad2c	CONDITIONAL_JUMP
0000ad22	usb_send_host_payload	40060100	DATA
0000ad22	usb_send_host_payload	40060101	DATA
0000ad2a	usb_send_host_payload	0000ad20	CONDITIONAL_JUMP
0000ad2c	usb_send_host_payload	40060534	WRITE
0000ad52	FUN_0000ad4c	Stack[-0x20]	WRITE
0000ad54	FUN_0000ad4c	Stack[-0x20]	READ
0000ad56	FUN_0000ad4c	0000adec	READ
0000ad5e	FUN_0000ad4c	Stack[-0x20]	READ
0000ad60	FUN_0000ad4c	0000ade8	READ
0000ad6a	FUN_0000ad4c	Stack[-0x1c]	WRITE
0000ad6c	FUN_0000ad4c	Stack[-0x1c]	READ
0000ad70	FUN_0000ad4c	20000f29	DATA
0000ad70	FUN_0000ad4c	20000f2b	DATA
0000ad74	FUN_0000ad4c	Stack[-0x1c]	READ
0000ad78	FUN_0000ad4c	20000f2a	DATA
0000ad78	FUN_0000ad4c	20000f2c	DATA
0000ad7c	FUN_0000ad4c	0000adbc	CONDITIONAL_JUMP
0000ad7e	FUN_0000ad4c	0000adf0	READ
0000ad82	FUN_0000ad4c	0000adbc	CONDITIONAL_JUMP
0000ad86	FUN_0000ad4c	000043a4	UNCONDITIONAL_CALL
0000ad8e	FUN_0000ad4c	200013cd	DATA
0000ad94	FUN_0000ad4c	0000ada0	CONDITIONAL_JUMP
0000ad9a	FUN_0000ad4c	200013ce	DATA
0000ad9c	FUN_0000ad4c	200013cf	DATA
0000ad9e	FUN_0000ad4c	0000adca	UNCONDITIONAL_JUMP
0000ada2	FUN_0000ad4c	000043a4	UNCONDITIONAL_CALL
0000ada8	FUN_0000ad4c	200013ce	DATA
0000adac	FUN_0000ad4c	0000adb4	CONDITIONAL_JUMP
0000adb0	FUN_0000ad4c	200013cf	DATA
0000adb2	FUN_0000ad4c	0000adca	UNCONDITIONAL_JUMP
0000adb6	FUN_0000ad4c	000043a4	UNCONDITIONAL_CALL
0000adba	FUN_0000ad4c	0000adb0	UNCONDITIONAL_JUMP
0000adc2	FUN_0000ad4c	200013d0	DATA
0000adc6	FUN_0000ad4c	200013d1	DATA
0000adc8	FUN_0000ad4c	200013d2	DATA
0000add0	FUN_0000ad4c	0000ad6c	CONDITIONAL_JUMP
0000add2	FUN_0000ad4c	0000ae10	UNCONDITIONAL_CALL
0000add6	FUN_0000ad4c	Stack[-0x20]	READ
0000addc	FUN_0000ad4c	Stack[-0x20]	WRITE
0000ade0	FUN_0000ad4c	0000ad54	CONDITIONAL_JUMP
0000adf6	watchdog_init	0000ae0c	READ
0000adf8	watchdog_init	40004004	WRITE
0000ae06	watchdog_init	40004000	WRITE
0000ae12	watchdog_feed	0000ae44	READ
0000ae12	watchdog_feed	50000100	DATA
0000ae14	watchdog_feed	50000100	READ
0000ae18	watchdog_feed	0000ae2c	CONDITIONAL_JUMP
0000ae20	watchdog_feed	50000100	WRITE
0000ae22	watchdog_feed	50000100	WRITE
0000ae24	watchdog_feed	50000100	WRITE
0000ae26	watchdog_feed	50000100	READ
0000ae2a	watchdog_feed	0000ae20	CONDITIONAL_JUMP
0000ae2c	watchdog_feed	0000ae48	READ
0000ae2e	watchdog_feed	40004000	READ
0000ae38	watchdog_feed	40004000	WRITE
0000ae3c	watchdog_feed	50000100	WRITE
0000ae4e	FUN_0000ae4c	0000ae90	READ
0000ae50	FUN_0000ae4c	20000c5c	READ
0000ae54	FUN_0000ae4c	0000ae5e	CONDITIONAL_JUMP
0000ae56	FUN_0000ae4c	20000c65	READ
0000ae5a	FUN_0000ae4c	0000ae8e	CONDITIONAL_JUMP
0000ae5c	FUN_0000ae4c	0000ae64	UNCONDITIONAL_JUMP
0000ae5e	FUN_0000ae4c	20000c66	READ
0000ae62	FUN_0000ae4c	0000ae8e	CONDITIONAL_JUMP
0000ae66	FUN_0000ae4c	0000ae94	READ
0000ae68	FUN_0000ae4c	20000c56	WRITE
0000ae6a	FUN_0000ae4c	20000c6d	READ
0000ae70	FUN_0000ae4c	0000ae76	CONDITIONAL_JUMP
0000ae72	FUN_0000ae4c	20000c6d	WRITE
0000ae74	FUN_0000ae4c	0000ae78	UNCONDITIONAL_JUMP
0000ae76	FUN_0000ae4c	20000c6d	WRITE
0000ae7c	FUN_0000ae4c	0000ae98	READ
0000ae7c	FUN_0000ae4c	20000c6d	PARAM
0000ae7e	FUN_0000ae4c	000042c4	UNCONDITIONAL_CALL
0000ae82	FUN_0000ae4c	20000c6d	READ
0000ae88	FUN_0000ae4c	000048e0	UNCONDITIONAL_CALL
0000ae8c	FUN_0000ae4c	20000c56	WRITE
0000ae9e	FUN_0000ae9c	0000aed8	READ
0000aea2	FUN_0000ae9c	20000c5c	READ
0000aea4	FUN_0000ae9c	0000aedc	READ
0000aea8	FUN_0000ae9c	0000aec2	CONDITIONAL_JUMP
0000aeaa	FUN_0000ae9c	20000c65	READ
0000aeae	FUN_0000ae9c	0000aeb4	CONDITIONAL_JUMP
0000aeb0	FUN_0000ae9c	20000c6d	WRITE
0000aeb6	FUN_0000ae9c	000043a4	UNCONDITIONAL_CALL
0000aeba	FUN_0000ae9c	20000c6d	WRITE
0000aebe	FUN_0000ae9c	0000aeb0	CONDITIONAL_JUMP
0000aec2	FUN_0000ae9c	20000c66	READ
0000aec6	FUN_0000ae9c	0000aeb0	CONDITIONAL_JUMP
0000aeca	FUN_0000ae9c	000043a4	UNCONDITIONAL_CALL
0000aece	FUN_0000ae9c	20000c6d	WRITE
0000aed2	FUN_0000ae9c	0000aeb0	CONDITIONAL_JUMP
0000aee2	FUN_0000aee0	0000afa4	READ
0000aee4	FUN_0000aee0	20000c5d	READ
0000aee8	FUN_0000aee0	0000af8a	CONDITIONAL_JUMP
0000aeec	FUN_0000aee0	20000c56	WRITE
0000aeee	FUN_0000aee0	20000c5f	WRITE
0000aef0	FUN_0000aee0	20000c5c	READ
0000aef6	FUN_0000aee0	0000af2a	CONDITIONAL_JUMP
0000aef8	FUN_0000aee0	20000c65	READ
0000aefc	FUN_0000aee0	0000af02	CONDITIONAL_JUMP
0000aefe	FUN_0000aee0	20000c65	WRITE
0000af00	FUN_0000aee0	0000af04	UNCONDITIONAL_JUMP
0000af02	FUN_0000aee0	20000c65	WRITE
0000af08	FUN_0000aee0	0000afa8	READ
0000af08	FUN_0000aee0	20000c65	PARAM
0000af0a	FUN_0000aee0	000042c4	UNCONDITIONAL_CALL
0000af0e	FUN_0000aee0	20000c65	READ
0000af14	FUN_0000aee0	000048e0	UNCONDITIONAL_CALL
0000af1c	FUN_0000aee0	0000afb0	READ
0000af1e	FUN_0000aee0	0000afac	READ
0000af20	FUN_0000aee0	e000ed0c	WRITE
0000af28	FUN_0000aee0	0000af26	UNCONDITIONAL_JUMP
0000af2a	FUN_0000aee0	20000c66	READ
0000af2e	FUN_0000aee0	0000af34	CONDITIONAL_JUMP
0000af30	FUN_0000aee0	20000c66	WRITE
0000af32	FUN_0000aee0	0000af36	UNCONDITIONAL_JUMP
0000af34	FUN_0000aee0	20000c66	WRITE
0000af36	FUN_0000aee0	0000afb4	READ
0000af38	FUN_0000aee0	20000cd4	READ
0000af3c	FUN_0000aee0	0000af50	CONDITIONAL_JUMP
0000af40	FUN_0000aee0	0000af60	CONDITIONAL_JUMP
0000af44	FUN_0000aee0	0000af6c	CONDITIONAL_JUMP
0000af48	FUN_0000aee0	0000af8c	CONDITIONAL_JUMP
0000af4c	FUN_0000aee0	0000af98	CONDITIONAL_JUMP
0000af4e	FUN_0000aee0	0000af7a	UNCONDITIONAL_JUMP
0000af50	FUN_0000aee0	20000c66	READ
0000af52	FUN_0000aee0	20000c67	WRITE
0000af58	FUN_0000aee0	0000afb8	READ
0000af58	FUN_0000aee0	20000c67	PARAM
0000af5a	FUN_0000aee0	000042c4	UNCONDITIONAL_CALL
0000af5e	FUN_0000aee0	0000af7a	UNCONDITIONAL_JUMP
0000af60	FUN_0000aee0	20000c66	READ
0000af62	FUN_0000aee0	20000c68	WRITE
0000af68	FUN_0000aee0	0000afbc	READ
0000af68	FUN_0000aee0	20000c68	PARAM
0000af6a	FUN_0000aee0	0000af76	UNCONDITIONAL_JUMP
0000af6c	FUN_0000aee0	20000c66	READ
0000af6e	FUN_0000aee0	20000c69	WRITE
0000af74	FUN_0000aee0	0000afc0	READ
0000af74	FUN_0000aee0	20000c69	PARAM
0000af76	FUN_0000aee0	000042c4	UNCONDITIONAL_CALL
0000af7a	FUN_0000aee0	0000ae9c	UNCONDITIONAL_CALL
0000af7e	FUN_0000aee0	20000c66	READ
0000af84	FUN_0000aee0	000048e0	UNCONDITIONAL_CALL
0000af88	FUN_0000aee0	20000c56	WRITE
0000af8c	FUN_0000aee0	20000c66	READ
0000af8e	FUN_0000aee0	20000c6a	WRITE
0000af94	FUN_0000aee0	0000afc4	READ
0000af94	FUN_0000aee0	20000c6a	PARAM
0000af96	FUN_0000aee0	0000af76	UNCONDITIONAL_JUMP
0000af98	FUN_0000aee0	20000c66	READ
0000af9a	FUN_0000aee0	20000c6b	WRITE
0000afa0	FUN_0000aee0	0000afc8	READ
0000afa0	FUN_0000aee0	20000c6b	PARAM
0000afa2	FUN_0000aee0	0000af76	UNCONDITIONAL_JUMP
0000afd0	FUN_0000afcc	0000aff8	CONDITIONAL_JUMP
0000afd6	FUN_0000afcc	0000affc	READ
0000afda	FUN_0000afcc	50004280	WRITE
0000afe2	FUN_0000afcc	0000afe8	CONDITIONAL_JUMP
0000afe4	FUN_0000afcc	50004288	WRITE
0000afe6	FUN_0000afcc	0000afea	UNCONDITIONAL_JUMP
0000afe8	FUN_0000afcc	50004288	WRITE
0000afea	FUN_0000afcc	50004280	WRITE
0000aff2	FUN_0000afcc	0000afda	CONDITIONAL_JUMP
0000b006	FUN_0000b000	00008248	UNCONDITIONAL_CALL
0000b00a	FUN_0000b000	0000b070	READ
0000b00c	FUN_0000b000	5000c000	READ
0000b012	FUN_0000b000	5000c000	WRITE
0000b01a	FUN_0000b000	00004520	UNCONDITIONAL_CALL
0000b03a	FUN_0000b000	5000c00c	WRITE
0000b03c	FUN_0000b000	5000c004	WRITE
0000b03e	FUN_0000b000	5000c008	WRITE
0000b040	FUN_0000b000	5000c010	WRITE
0000b046	FUN_0000b000	5000c010	READ
0000b04a	FUN_0000b000	0000b046	CONDITIONAL_JUMP
0000b052	FUN_0000b000	0000b020	CONDITIONAL_JUMP
0000b056	FUN_0000b000	Stack[-0x18]	READ
0000b058	FUN_0000b000	00004574	UNCONDITIONAL_CALL
0000b05c	FUN_0000b000	5000c000	READ
0000b062	FUN_0000b000	5000c000	WRITE
0000b064	FUN_0000b000	0000b074	READ
0000b068	FUN_0000b000	50000100	WRITE
0000b07c	FUN_0000b078	00008248	UNCONDITIONAL_CALL
0000b080	FUN_0000b078	0000b0dc	READ
0000b082	FUN_0000b078	5000c000	READ
0000b088	FUN_0000b078	5000c000	WRITE
0000b090	FUN_0000b078	00004520	UNCONDITIONAL_CALL
0000b0b0	FUN_0000b078	5000c00c	WRITE
0000b0b2	FUN_0000b078	5000c004	WRITE
0000b0b4	FUN_0000b078	5000c008	WRITE
0000b0b6	FUN_0000b078	5000c010	WRITE
0000b0bc	FUN_0000b078	5000c010	READ
0000b0c0	FUN_0000b078	0000b0bc	CONDITIONAL_JUMP
0000b0c8	FUN_0000b078	0000b096	CONDITIONAL_JUMP
0000b0ca	FUN_0000b078	5000c000	READ
0000b0d0	FUN_0000b078	5000c000	WRITE
0000b0d2	FUN_0000b078	0000b0e0	READ
0000b0d6	FUN_0000b078	50000100	WRITE
0000b0e6	FUN_0000b0e4	00008248	UNCONDITIONAL_CALL
0000b0ea	FUN_0000b0e4	0000b140	READ
0000b0ec	FUN_0000b0e4	5000c000	READ
0000b0f2	FUN_0000b0e4	5000c000	WRITE
0000b0fa	FUN_0000b0e4	00004554	UNCONDITIONAL_CALL
0000b104	FUN_0000b0e4	00004520	UNCONDITIONAL_CALL
0000b10c	FUN_0000b0e4	00004574	UNCONDITIONAL_CALL
0000b110	FUN_0000b0e4	5000c000	READ
0000b116	FUN_0000b0e4	5000c000	WRITE
0000b118	FUN_0000b0e4	0000b144	READ
0000b11c	FUN_0000b0e4	50000100	WRITE
0000b11e	FUN_0000b0e4	0000b148	READ
0000b122	FUN_0000b0e4	0000b13c	CONDITIONAL_JUMP
0000b128	FUN_0000b0e4	0000b13c	CONDITIONAL_JUMP
0000b12e	FUN_0000b0e4	0000b150	READ
0000b130	FUN_0000b0e4	0000b14c	READ
0000b132	FUN_0000b0e4	e000ed0c	WRITE
0000b13a	FUN_0000b0e4	0000b138	UNCONDITIONAL_JUMP
0000b15a	FUN_0000b154	0000b16c	READ
0000b15a	FUN_0000b154	0000b471	PARAM
0000b15c	FUN_0000b154	0000b170	READ
0000b15c	FUN_0000b154	20000424	PARAM
0000b15e	FUN_0000b154	Stack[-0x10]	READ
0000b160	FUN_0000b154	0000b194	UNCONDITIONAL_CALL
0000b174	thunk_FUN_0000b17c	0000b17c	UNCONDITIONAL_JUMP
0000b17e	FUN_0000b17c	0000b176	CONDITIONAL_JUMP
0000b19e	FUN_0000b194	0000b436	UNCONDITIONAL_JUMP
0000b1a2	FUN_0000b194	0000b256	CONDITIONAL_JUMP
0000b1a8	FUN_0000b194	0000b444	READ
0000b1ac	FUN_0000b194	Stack[-0x60]	WRITE
0000b1ba	FUN_0000b194	0000b1c2	CONDITIONAL_JUMP
0000b1c0	FUN_0000b194	0000b1ae	UNCONDITIONAL_JUMP
0000b1c6	FUN_0000b194	0000b1f4	CONDITIONAL_JUMP
0000b1d2	FUN_0000b194	0000b1ea	CONDITIONAL_JUMP
0000b1d8	FUN_0000b194	Stack[-0x60]	WRITE
0000b1da	FUN_0000b194	0000b1f4	UNCONDITIONAL_JUMP
0000b1dc	FUN_0000b194	Stack[-0x60]	READ
0000b1e8	FUN_0000b194	Stack[-0x60]	WRITE
0000b1f2	FUN_0000b194	0000b1dc	CONDITIONAL_JUMP
0000b1f8	FUN_0000b194	0000b218	CONDITIONAL_JUMP
0000b1fa	FUN_0000b194	0000b206	CONDITIONAL_JUMP
0000b1fe	FUN_0000b194	0000b228	CONDITIONAL_JUMP
0000b202	FUN_0000b194	0000b22a	CONDITIONAL_JUMP
0000b204	FUN_0000b194	0000b210	UNCONDITIONAL_JUMP
0000b208	FUN_0000b194	0000b228	CONDITIONAL_JUMP
0000b20c	FUN_0000b194	0000b22a	CONDITIONAL_JUMP
0000b20e	FUN_0000b194	0000b228	UNCONDITIONAL_JUMP
0000b216	FUN_0000b194	0000b228	UNCONDITIONAL_JUMP
0000b222	FUN_0000b194	0000b228	CONDITIONAL_JUMP
0000b230	FUN_0000b194	0000b2c6	CONDITIONAL_JUMP
0000b232	FUN_0000b194	0000b246	CONDITIONAL_JUMP
0000b236	FUN_0000b194	0000b318	CONDITIONAL_JUMP
0000b23a	FUN_0000b194	0000b31e	CONDITIONAL_JUMP
0000b23e	FUN_0000b194	0000b260	CONDITIONAL_JUMP
0000b242	FUN_0000b194	0000b256	CONDITIONAL_JUMP
0000b244	FUN_0000b194	0000b2c6	UNCONDITIONAL_JUMP
0000b248	FUN_0000b194	0000b328	CONDITIONAL_JUMP
0000b24c	FUN_0000b194	0000b274	CONDITIONAL_JUMP
0000b250	FUN_0000b194	0000b314	CONDITIONAL_JUMP
0000b254	FUN_0000b194	0000b31e	CONDITIONAL_JUMP
0000b256	FUN_0000b194	Stack[-0x18]	READ
0000b258	FUN_0000b194	Stack[-0x1c]	READ
0000b25e	FUN_0000b194	0000b434	UNCONDITIONAL_JUMP
0000b264	FUN_0000b194	Stack[-0x58]	WRITE
0000b268	FUN_0000b194	Stack[-0x57]	WRITE
0000b26e	FUN_0000b194	Stack[-0x5c]	WRITE
0000b272	FUN_0000b194	0000b27c	UNCONDITIONAL_JUMP
0000b276	FUN_0000b194	Stack[-0x5c]	WRITE
0000b27e	FUN_0000b194	0000b29a	CONDITIONAL_JUMP
0000b282	FUN_0000b194	0000b286	UNCONDITIONAL_JUMP
0000b286	FUN_0000b194	Stack[-0x60]	READ
0000b28a	FUN_0000b194	0000b2ac	CONDITIONAL_JUMP
0000b28e	FUN_0000b194	0000b284	CONDITIONAL_JUMP
0000b290	FUN_0000b194	Stack[-0x5c]	READ
0000b292	FUN_0000b194	Stack[-0x58]	DATA
0000b296	FUN_0000b194	0000b284	CONDITIONAL_JUMP
0000b298	FUN_0000b194	0000b2ac	UNCONDITIONAL_JUMP
0000b29c	FUN_0000b194	0000b2a0	UNCONDITIONAL_JUMP
0000b2a2	FUN_0000b194	0000b29e	CONDITIONAL_JUMP
0000b2a4	FUN_0000b194	Stack[-0x5c]	READ
0000b2a6	FUN_0000b194	Stack[-0x58]	DATA
0000b2aa	FUN_0000b194	0000b29e	CONDITIONAL_JUMP
0000b2ae	FUN_0000b194	0000b2c0	UNCONDITIONAL_JUMP
0000b2b0	FUN_0000b194	Stack[-0x5c]	READ
0000b2b2	FUN_0000b194	Stack[-0x5c]	READ
0000b2b4	FUN_0000b194	Stack[-0x58]	DATA
0000b2b8	FUN_0000b194	Stack[-0x5c]	WRITE
0000b2ba	FUN_0000b194	Stack[-0x18]	READ
0000b2bc	FUN_0000b194	Stack[-0x1c]	READ
0000b2c2	FUN_0000b194	0000b2b0	CONDITIONAL_JUMP
0000b2c4	FUN_0000b194	0000b434	UNCONDITIONAL_JUMP
0000b2c8	FUN_0000b194	Stack[-0x58]	WRITE
0000b2d0	FUN_0000b194	Stack[-0x54]	WRITE
0000b2d4	FUN_0000b194	0000b2f0	CONDITIONAL_JUMP
0000b2de	FUN_0000b194	0000b2fe	CONDITIONAL_JUMP
0000b2ee	FUN_0000b194	0000b304	UNCONDITIONAL_JUMP
0000b2fc	FUN_0000b194	0000b2da	UNCONDITIONAL_JUMP
0000b300	FUN_0000b194	0000b30c	CONDITIONAL_JUMP
0000b306	FUN_0000b194	Stack[-0x50]	WRITE
0000b30a	FUN_0000b194	0000b372	UNCONDITIONAL_JUMP
0000b30e	FUN_0000b194	0000b372	CONDITIONAL_JUMP
0000b312	FUN_0000b194	0000b304	UNCONDITIONAL_JUMP
0000b316	FUN_0000b194	0000b320	UNCONDITIONAL_JUMP
0000b318	FUN_0000b194	0000b43e	UNCONDITIONAL_JUMP
0000b322	FUN_0000b194	Stack[-0x54]	WRITE
0000b324	FUN_0000b194	Stack[-0x58]	WRITE
0000b326	FUN_0000b194	0000b338	UNCONDITIONAL_JUMP
0000b32a	FUN_0000b194	Stack[-0x58]	WRITE
0000b334	FUN_0000b194	Stack[-0x54]	WRITE
0000b336	FUN_0000b194	Stack[-0x60]	WRITE
0000b33e	FUN_0000b194	0000b37c	CONDITIONAL_JUMP
0000b348	FUN_0000b194	Stack[-0x2c]	WRITE
0000b34c	FUN_0000b194	0000b374	CONDITIONAL_JUMP
0000b352	FUN_0000b194	0000b38a	CONDITIONAL_JUMP
0000b354	FUN_0000b194	Stack[-0x58]	READ
0000b358	FUN_0000b194	Stack[-0x54]	READ
0000b35e	FUN_0000b194	0000b374	CONDITIONAL_JUMP
0000b364	FUN_0000b194	0000b374	CONDITIONAL_JUMP
0000b36a	FUN_0000b194	Stack[-0x50]	WRITE
0000b36e	FUN_0000b194	Stack[-0x4f]	WRITE
0000b372	FUN_0000b194	Stack[-0x2c]	WRITE
0000b378	FUN_0000b194	0000b39e	CONDITIONAL_JUMP
0000b37a	FUN_0000b194	0000b394	UNCONDITIONAL_JUMP
0000b388	FUN_0000b194	0000b344	UNCONDITIONAL_JUMP
0000b38e	FUN_0000b194	Stack[-0x50]	WRITE
0000b392	FUN_0000b194	Stack[-0x2c]	WRITE
0000b396	FUN_0000b194	0000b448	DATA
0000b396	FUN_0000b194	0000b45c	DATA
0000b396	FUN_0000b194	Stack[-0x5c]	WRITE
0000b39a	FUN_0000b194	Stack[-0x28]	WRITE
0000b39c	FUN_0000b194	0000b3ba	UNCONDITIONAL_JUMP
0000b3a0	FUN_0000b194	0000b396	UNCONDITIONAL_JUMP
0000b3a4	FUN_0000b194	Stack[-0x54]	READ
0000b3a6	FUN_0000b194	Stack[-0x58]	READ
0000b3a8	FUN_0000b194	000001d8	UNCONDITIONAL_CALL
0000b3ac	FUN_0000b194	Stack[-0x5c]	READ
0000b3b0	FUN_0000b194	0000b448	DATA
0000b3b2	FUN_0000b194	Stack[-0x28]	READ
0000b3b6	FUN_0000b194	Stack[-0x28]	WRITE
0000b3b8	FUN_0000b194	Stack[-0x2d]	WRITE
0000b3be	FUN_0000b194	0000b3a2	CONDITIONAL_JUMP
0000b3c0	FUN_0000b194	Stack[-0x28]	READ
0000b3c8	FUN_0000b194	Stack[-0x5c]	WRITE
0000b3cc	FUN_0000b194	0000b3d2	CONDITIONAL_JUMP
0000b3ce	FUN_0000b194	Stack[-0x60]	READ
0000b3d0	FUN_0000b194	0000b3d6	UNCONDITIONAL_JUMP
0000b3d4	FUN_0000b194	Stack[-0x60]	WRITE
0000b3d6	FUN_0000b194	Stack[-0x5c]	READ
0000b3da	FUN_0000b194	0000b3e4	CONDITIONAL_JUMP
0000b3de	FUN_0000b194	Stack[-0x5c]	READ
0000b3e2	FUN_0000b194	0000b3e6	UNCONDITIONAL_JUMP
0000b3e8	FUN_0000b194	Stack[-0x60]	WRITE
0000b3ea	FUN_0000b194	0000b3fa	UNCONDITIONAL_JUMP
0000b3ee	FUN_0000b194	Stack[-0x18]	READ
0000b3f0	FUN_0000b194	Stack[-0x50]	DATA
0000b3f2	FUN_0000b194	Stack[-0x1c]	READ
0000b3fa	FUN_0000b194	Stack[-0x2c]	READ
0000b3fe	FUN_0000b194	0000b3ec	CONDITIONAL_JUMP
0000b400	FUN_0000b194	0000b40c	UNCONDITIONAL_JUMP
0000b402	FUN_0000b194	Stack[-0x18]	READ
0000b406	FUN_0000b194	Stack[-0x1c]	READ
0000b40c	FUN_0000b194	Stack[-0x60]	READ
0000b410	FUN_0000b194	Stack[-0x60]	WRITE
0000b414	FUN_0000b194	0000b402	CONDITIONAL_JUMP
0000b416	FUN_0000b194	0000b42a	UNCONDITIONAL_JUMP
0000b418	FUN_0000b194	Stack[-0x28]	READ
0000b41a	FUN_0000b194	Stack[-0x28]	READ
0000b41c	FUN_0000b194	Stack[-0x2c]	DATA
0000b420	FUN_0000b194	Stack[-0x28]	WRITE
0000b422	FUN_0000b194	Stack[-0x18]	READ
0000b424	FUN_0000b194	Stack[-0x1c]	READ
0000b42a	FUN_0000b194	Stack[-0x5c]	READ
0000b42e	FUN_0000b194	Stack[-0x5c]	WRITE
0000b432	FUN_0000b194	0000b418	CONDITIONAL_JUMP
0000b43a	FUN_0000b194	0000b43e	CONDITIONAL_JUMP
0000b43c	FUN_0000b194	0000b1a0	UNCONDITIONAL_JUMP
0000b470		0000b48c	READ
0000b472		40050018	READ
0000b476		0000b472	CONDITIONAL_JUMP
0000b478		40050000	WRITE
0000b47c		0000b488	CONDITIONAL_JUMP
0000b47e		40050018	READ
0000b482		0000b47e	CONDITIONAL_JUMP
0000b486		40050000	WRITE
0000b492	main	0000059c	UNCONDITIONAL_CALL
0000b496	main	00008e54	UNCONDITIONAL_CALL
0000b49a	main	0000b890	READ
0000b49c	main	20004068	WRITE
0000b49c	main	20000c6c	DATA
0000b49e	main	0000b894	READ
0000b49e	main	20000350	PARAM
0000b4a2	main	0000b898	READ
0000b4a4	main	0000b89c	READ
0000b4a6	main	0000b8a0	READ
0000b4a8	main	2000406c	WRITE
0000b4a8	main	20000350	DATA
0000b4aa	main	0000ae10	UNCONDITIONAL_CALL
0000b4ae	main	0000b8a4	READ
0000b4b0	main	20000313	READ
0000b4b4	main	0000b5b4	CONDITIONAL_JUMP
0000b4ba	main	0000b4c0	READ
0000b4be	main	0000b4c6	COMPUTED_JUMP
0000b4be	main	0000b6be	COMPUTED_JUMP
0000b4be	main	0000b6bc	COMPUTED_JUMP
0000b4be	main	0000b6ba	COMPUTED_JUMP
0000b4be	main	0000b6b8	COMPUTED_JUMP
0000b4c6	main	00005e4c	UNCONDITIONAL_CALL
0000b4ca	main	0000b8a8	READ
0000b4cc	main	20000c5c	READ
0000b4d0	main	0000b4e0	CONDITIONAL_JUMP
0000b4d2	main	0000b8a8	READ
0000b4d4	main	20000c5d	READ
0000b4d8	main	0000b4e4	CONDITIONAL_JUMP
0000b4da	main	0000a82c	UNCONDITIONAL_CALL
0000b4de	main	0000b4e4	UNCONDITIONAL_JUMP
0000b4e0	main	000031d4	UNCONDITIONAL_CALL
0000b4e4	main	0000b8a4	READ
0000b4e6	main	20000322	READ
0000b4ea	main	0000b536	CONDITIONAL_JUMP
0000b4ec	main	0000b8a4	READ
0000b4ee	main	20000346	READ
0000b4f2	main	0000b536	CONDITIONAL_JUMP
0000b4f4	main	0000b8a8	READ
0000b4f6	main	20000c5c	READ
0000b4fa	main	0000b51e	CONDITIONAL_JUMP
0000b4fc	main	0000b8a8	READ
0000b4fe	main	20000c5d	READ
0000b502	main	0000b50a	CONDITIONAL_JUMP
0000b506	main	0000b510	CONDITIONAL_JUMP
0000b508	main	0000b514	UNCONDITIONAL_JUMP
0000b50a	main	0000a1e4	UNCONDITIONAL_CALL
0000b50e	main	0000b514	UNCONDITIONAL_JUMP
0000b510	main	00006b4c	UNCONDITIONAL_CALL
0000b514	main	0000b8a8	READ
0000b516	main	20000c58	READ
0000b518	main	0000b8a4	READ
0000b51a	main	20000346	WRITE
0000b51c	main	0000b536	UNCONDITIONAL_JUMP
0000b51e	main	0000304c	UNCONDITIONAL_CALL
0000b522	main	20000cd2	READ
0000b526	main	0000b52c	CONDITIONAL_JUMP
0000b528	main	000065b4	UNCONDITIONAL_CALL
0000b52c	main	0000b8a8	READ
0000b52e	main	0000b8a4	READ
0000b52e	main	20000310	PARAM
0000b530	main	20000c58	READ
0000b534	main	20000346	WRITE
0000b536	main	0000b8a4	READ
0000b538	main	20000321	READ
0000b53c	main	0000b55c	CONDITIONAL_JUMP
0000b53e	main	0000b8a4	READ
0000b540	main	2000034e	READ
0000b544	main	0000b55c	CONDITIONAL_JUMP
0000b546	main	0000b8a8	READ
0000b548	main	20000c5c	READ
0000b54c	main	0000b558	CONDITIONAL_JUMP
0000b54e	main	20000cd2	READ
0000b552	main	0000b558	CONDITIONAL_JUMP
0000b554	main	000065b4	UNCONDITIONAL_CALL
0000b558	main	00004ab4	UNCONDITIONAL_CALL
0000b55c	main	0000b8a4	READ
0000b55e	main	20000315	READ
0000b562	main	0000b592	CONDITIONAL_JUMP
0000b564	main	0000b8a4	READ
0000b566	main	2000034c	READ
0000b56a	main	0000b592	CONDITIONAL_JUMP
0000b56e	main	00006a8c	UNCONDITIONAL_CALL
0000b572	main	0000b8a8	READ
0000b574	main	20000c52	READ
0000b578	main	0000b582	CONDITIONAL_JUMP
0000b57a	main	0000b8a4	READ
0000b57e	main	2000034c	WRITE
0000b580	main	0000b588	UNCONDITIONAL_JUMP
0000b582	main	0000b8a4	READ
0000b582	main	20000310	PARAM
0000b586	main	2000034c	WRITE
0000b588	main	20000cd2	READ
0000b58c	main	0000b592	CONDITIONAL_JUMP
0000b58e	main	000065b4	UNCONDITIONAL_CALL
0000b592	main	20000ca6	READ
0000b596	main	0000b5c0	CONDITIONAL_JUMP
0000b598	main	0000b8a4	READ
0000b59a	main	20000344	READ
0000b59e	main	0000b5c0	CONDITIONAL_JUMP
0000b5a0	main	000085f8	UNCONDITIONAL_CALL
0000b5a4	main	0000b8a4	READ
0000b5a6	main	20000ca8	READ
0000b5a8	main	20000344	WRITE
0000b5aa	main	0000b8a8	READ
0000b5ac	main	20000c5c	READ
0000b5b0	main	0000b5c0	CONDITIONAL_JUMP
0000b5b2	main	0000b5b6	UNCONDITIONAL_JUMP
0000b5b4	main	0000bc08	UNCONDITIONAL_JUMP
0000b5b6	main	20000cd2	READ
0000b5ba	main	0000b5c0	CONDITIONAL_JUMP
0000b5bc	main	000065b4	UNCONDITIONAL_CALL
0000b5c0	main	20000caa	READ
0000b5c4	main	0000b5dc	CONDITIONAL_JUMP
0000b5c6	main	000082f4	UNCONDITIONAL_CALL
0000b5ca	main	0000b8a8	READ
0000b5cc	main	20000c5c	READ
0000b5d0	main	0000b5dc	CONDITIONAL_JUMP
0000b5d2	main	20000cd2	READ
0000b5d6	main	0000b5dc	CONDITIONAL_JUMP
0000b5d8	main	000065b4	UNCONDITIONAL_CALL
0000b5dc	main	0000b8a4	READ
0000b5de	main	20000316	READ
0000b5e2	main	0000b5f0	CONDITIONAL_JUMP
0000b5e4	main	0000b8a4	READ
0000b5e6	main	20000342	READ
0000b5ea	main	0000b5f0	CONDITIONAL_JUMP
0000b5ec	main	000082a0	UNCONDITIONAL_CALL
0000b5f0	main	0000b8a4	READ
0000b5f2	main	20000336	READ
0000b5f6	main	0000b624	CONDITIONAL_JUMP
0000b5f8	main	0000b8a4	READ
0000b5f8	main	20000310	PARAM
0000b5fa	main	20000336	WRITE
0000b5fc	main	20000358	READ
0000b600	main	20000358	WRITE
0000b602	main	00003ef0	UNCONDITIONAL_CALL
0000b606	main	00003b78	UNCONDITIONAL_CALL
0000b60a	main	00003c84	UNCONDITIONAL_CALL
0000b60e	main	00003d1c	UNCONDITIONAL_CALL
0000b612	main	00003d78	UNCONDITIONAL_CALL
0000b616	main	00003a84	UNCONDITIONAL_CALL
0000b61a	main	20000cb8	READ
0000b61e	main	0000b6d0	CONDITIONAL_JUMP
0000b620	main	00006f9c	UNCONDITIONAL_CALL
0000b624	main	0000b8a4	READ
0000b626	main	0000b8ac	READ
0000b628	main	20000358	READ
0000b62c	main	0000b65e	CONDITIONAL_JUMP
0000b62e	main	0000b8a4	READ
0000b630	main	20000358	WRITE
0000b632	main	20000317	READ
0000b636	main	0000b65e	CONDITIONAL_JUMP
0000b638	main	20000317	WRITE
0000b63a	main	0000b8b0	READ
0000b63e	main	20004070	WRITE
0000b63e	main	20000ce4	DATA
0000b642	main	20004078	PARAM
0000b644	main	000001c2	UNCONDITIONAL_CALL
0000b64a	main	20004078	PARAM
0000b64c	main	20004070	READ
0000b64c	main	20000ce4	PARAM
0000b64e	main	00004024	UNCONDITIONAL_CALL
0000b654	main	0000b8b4	READ
0000b658	main	20004078	PARAM
0000b65a	main	00004210	UNCONDITIONAL_CALL
0000b65e	main	20004068	READ
0000b660	main	20000c80	READ
0000b664	main	0000b66e	CONDITIONAL_JUMP
0000b666	main	20004068	READ
0000b666	main	20000c6c	PARAM
0000b668	main	20000c80	WRITE
0000b66a	main	0000aee0	UNCONDITIONAL_CALL
0000b66e	main	20004068	READ
0000b670	main	20000c84	READ
0000b674	main	0000b67e	CONDITIONAL_JUMP
0000b676	main	20004068	READ
0000b676	main	20000c6c	PARAM
0000b678	main	20000c84	WRITE
0000b67a	main	00003a4c	UNCONDITIONAL_CALL
0000b67e	main	20004068	READ
0000b680	main	20000c88	READ
0000b684	main	0000b68e	CONDITIONAL_JUMP
0000b686	main	20004068	READ
0000b686	main	20000c6c	PARAM
0000b688	main	20000c88	WRITE
0000b68a	main	0000ae4c	UNCONDITIONAL_CALL
0000b68e	main	20000c98	READ
0000b692	main	0000b69a	CONDITIONAL_JUMP
0000b694	main	20000c98	WRITE
0000b696	main	00002a44	UNCONDITIONAL_CALL
0000b69a	main	20000c8c	READ
0000b69e	main	0000b6a6	CONDITIONAL_JUMP
0000b6a0	main	20000c8c	WRITE
0000b6a2	main	00008780	UNCONDITIONAL_CALL
0000b6a6	main	20000c90	READ
0000b6aa	main	0000b6b2	CONDITIONAL_JUMP
0000b6ac	main	20000c90	WRITE
0000b6ae	main	00004594	UNCONDITIONAL_CALL
0000b6b2	main	20000ca0	READ
0000b6b6	main	0000b6c0	UNCONDITIONAL_JUMP
0000b6b8	main	0000bb26	UNCONDITIONAL_JUMP
0000b6ba	main	0000bc02	UNCONDITIONAL_JUMP
0000b6bc	main	0000bbfc	UNCONDITIONAL_JUMP
0000b6be	main	0000bbf6	UNCONDITIONAL_JUMP
0000b6c0	main	0000b6f6	CONDITIONAL_JUMP
0000b6c2	main	20000ca0	WRITE
0000b6c4	main	20000ca1	READ
0000b6c8	main	0000b6ec	CONDITIONAL_JUMP
0000b6ca	main	000069a4	UNCONDITIONAL_CALL
0000b6ce	main	0000b6f4	UNCONDITIONAL_JUMP
0000b6d0	main	0000b8a4	READ
0000b6d2	main	2000033e	READ
0000b6d6	main	0000b624	CONDITIONAL_JUMP
0000b6de	main	2000033e	WRITE
0000b6e0	main	0000b624	CONDITIONAL_JUMP
0000b6e2	main	20000cc7	READ
0000b6e8	main	20000cc7	WRITE
0000b6ea	main	0000b624	UNCONDITIONAL_JUMP
0000b6ee	main	0000b70c	CONDITIONAL_JUMP
0000b6f0	main	00006a58	UNCONDITIONAL_CALL
0000b6f4	main	20000ca1	WRITE
0000b6f6	main	0000b8a4	READ
0000b6f8	main	20000338	READ
0000b6fc	main	0000b71c	CONDITIONAL_JUMP
0000b6fe	main	0000b8a4	READ
0000b700	main	20000338	WRITE
0000b702	main	0000b8a8	READ
0000b704	main	20000c5c	READ
0000b708	main	0000b712	CONDITIONAL_JUMP
0000b70a	main	0000b71c	UNCONDITIONAL_JUMP
0000b70c	main	00006b18	UNCONDITIONAL_CALL
0000b710	main	0000b6f4	UNCONDITIONAL_JUMP
0000b712	main	20000cd2	READ
0000b716	main	0000b71c	CONDITIONAL_JUMP
0000b718	main	00003e20	UNCONDITIONAL_CALL
0000b71c	main	20000c94	READ
0000b720	main	0000b730	CONDITIONAL_JUMP
0000b722	main	0000b8a4	READ
0000b724	main	20000c94	WRITE
0000b726	main	20000310	READ
0000b72a	main	0000b730	CONDITIONAL_JUMP
0000b72c	main	00002a80	UNCONDITIONAL_CALL
0000b730	main	20000c9c	READ
0000b734	main	0000b73c	CONDITIONAL_JUMP
0000b736	main	20000c9c	WRITE
0000b738	main	00008c40	UNCONDITIONAL_CALL
0000b73c	main	0000b8a4	READ
0000b73e	main	20000332	READ
0000b746	main	0000b844	CONDITIONAL_JUMP
0000b748	main	0000b8a4	READ
0000b74a	main	20000332	WRITE
0000b74c	main	20000cd2	READ
0000b750	main	0000b8b8	READ
0000b752	main	50004258	READ
0000b754	main	0000b75c	CONDITIONAL_JUMP
0000b758	main	0000b790	CONDITIONAL_JUMP
0000b75a	main	0000b82c	UNCONDITIONAL_JUMP
0000b75e	main	0000b8a8	READ
0000b760	main	20000c5c	READ
0000b762	main	0000b77a	CONDITIONAL_JUMP
0000b766	main	0000b82c	CONDITIONAL_JUMP
0000b76c	main	0000b8c0	READ
0000b76e	main	0000b8bc	READ
0000b770	main	e000ed0c	WRITE
0000b778	main	0000b776	UNCONDITIONAL_JUMP
0000b77c	main	0000b82c	CONDITIONAL_JUMP
0000b782	main	0000b8c0	READ
0000b784	main	0000b8bc	READ
0000b786	main	e000ed0c	WRITE
0000b78e	main	0000b78c	UNCONDITIONAL_JUMP
0000b790	main	0000b8a8	READ
0000b792	main	20000cd2	WRITE
0000b794	main	20000c5d	READ
0000b798	main	0000b7a0	CONDITIONAL_JUMP
0000b79c	main	0000b7b0	CONDITIONAL_JUMP
0000b79e	main	0000b7ba	UNCONDITIONAL_JUMP
0000b7a0	main	0000b8c4	READ
0000b7a0	main	40003c9b	PARAM
0000b7a2	main	00003898	UNCONDITIONAL_CALL
0000b7a8	main	0000b8c8	READ
0000b7ac	main	e000e180	WRITE
0000b7ae	main	0000b7ba	UNCONDITIONAL_JUMP
0000b7b0	main	0000b8cc	READ
0000b7b0	main	4000001f	PARAM
0000b7b2	main	00003898	UNCONDITIONAL_CALL
0000b7b6	main	00006b84	UNCONDITIONAL_CALL
0000b7ba	main	0000b8a4	READ
0000b7ba	main	20000310	PARAM
0000b7bc	main	20000310	READ
0000b7c0	main	0000b7cc	CONDITIONAL_JUMP
0000b7c2	main	20000cc7	READ
0000b7c8	main	20000cc7	WRITE
0000b7ca	main	20000310	WRITE
0000b7ce	main	000043a4	UNCONDITIONAL_CALL
0000b7d2	main	0000b8a8	READ
0000b7d2	main	20000c4c	PARAM
0000b7d6	main	20000c63	WRITE
0000b7d8	main	0000b7e0	CONDITIONAL_JUMP
0000b7dc	main	20000c63	WRITE
0000b7de	main	0000b7e4	UNCONDITIONAL_JUMP
0000b7e2	main	0000b7ec	CONDITIONAL_JUMP
0000b7e4	main	20000cbd	READ
0000b7e8	main	0000b818	CONDITIONAL_JUMP
0000b7ea	main	0000b82c	UNCONDITIONAL_JUMP
0000b7ec	main	0000b8a8	READ
0000b7ee	main	20000c56	WRITE
0000b7f0	main	20000cba	READ
0000b7f4	main	0000b7fe	CONDITIONAL_JUMP
0000b7f6	main	20000cba	WRITE
0000b7f8	main	20000cbb	WRITE
0000b7fa	main	00002a0c	UNCONDITIONAL_CALL
0000b7fe	main	0000b8d0	READ
0000b800	main	00003898	UNCONDITIONAL_CALL
0000b806	main	00008c80	UNCONDITIONAL_CALL
0000b80a	main	0000b8d4	READ
0000b80c	main	000007a8	UNCONDITIONAL_CALL
0000b810	main	0000b8a8	READ
0000b810	main	20000c4c	PARAM
0000b814	main	20000c56	WRITE
0000b816	main	0000b82c	UNCONDITIONAL_JUMP
0000b818	main	20000cba	READ
0000b81c	main	0000b82c	CONDITIONAL_JUMP
0000b81e	main	20000cba	WRITE
0000b820	main	20000cbb	WRITE
0000b822	main	00002a0c	UNCONDITIONAL_CALL
0000b826	main	0000b8d0	READ
0000b828	main	00003898	UNCONDITIONAL_CALL
0000b82c	main	00002b4c	UNCONDITIONAL_CALL
0000b830	main	0000b8a8	READ
0000b832	main	20000c63	READ
0000b836	main	0000b856	CONDITIONAL_JUMP
0000b838	main	0000b8a4	READ
0000b83a	main	20000340	READ
0000b83e	main	0000b856	CONDITIONAL_JUMP
0000b842	main	0000b846	UNCONDITIONAL_JUMP
0000b844	main	0000b856	UNCONDITIONAL_JUMP
0000b84a	main	20000340	WRITE
0000b84c	main	0000b856	CONDITIONAL_JUMP
0000b84e	main	20000cc7	READ
0000b854	main	20000cc7	WRITE
0000b856	main	2000406c	READ
0000b858	main	20000350	READ
0000b860	main	0000b960	CONDITIONAL_JUMP
0000b862	main	2000406c	READ
0000b864	main	20000350	WRITE
0000b866	main	0000b8a8	READ
0000b868	main	20000c5c	READ
0000b86c	main	0000b874	CONDITIONAL_JUMP
0000b86e	main	20000cd2	READ
0000b872	main	0000b924	CONDITIONAL_JUMP
0000b874	main	0000b8b8	READ
0000b876	main	5000425c	READ
0000b87a	main	0000b8a4	READ
0000b87c	main	0000b90a	CONDITIONAL_JUMP
0000b87e	main	20000311	WRITE
0000b882	main	0000b904	CONDITIONAL_JUMP
0000b886	main	20000310	READ
0000b88a	main	20000ce0	READ
0000b88c	main	0000b8e6	CONDITIONAL_JUMP
0000b88e	main	0000b8d8	UNCONDITIONAL_JUMP
0000b8da	main	0000b904	CONDITIONAL_JUMP
0000b8dc	main	20000ccc	READ
0000b8e2	main	0000b904	CONDITIONAL_JUMP
0000b8e4	main	0000b8f2	UNCONDITIONAL_JUMP
0000b8e8	main	0000b904	CONDITIONAL_JUMP
0000b8ea	main	20000ccc	READ
0000b8f0	main	0000b904	CONDITIONAL_JUMP
0000b8f2	main	20000ce0	WRITE
0000b8f6	main	20004068	PARAM
0000b8f8	main	20004070	WRITE
0000b8fa	main	20004071	WRITE
0000b8fe	main	20004070	PARAM
0000b900	main	00006010	UNCONDITIONAL_CALL
0000b904	main	0000bc48	READ
0000b906	main	20000310	WRITE
0000b908	main	0000b91c	UNCONDITIONAL_JUMP
0000b90a	main	20000311	READ
0000b910	main	20000311	WRITE
0000b914	main	0000b91c	CONDITIONAL_JUMP
0000b916	main	20000311	WRITE
0000b91a	main	20000310	WRITE
0000b91c	main	0000bc4c	READ
0000b91e	main	20000c5c	READ
0000b922	main	0000b944	CONDITIONAL_JUMP
0000b924	main	20000cc0	READ
0000b928	main	0000b944	CONDITIONAL_JUMP
0000b92a	main	20000cd2	READ
0000b92e	main	0000b944	CONDITIONAL_JUMP
0000b930	main	20000cc2	READ
0000b934	main	0000b944	CONDITIONAL_JUMP
0000b93c	main	20000cc2	WRITE
0000b93e	main	0000b944	CONDITIONAL_JUMP
0000b940	main	00006300	UNCONDITIONAL_CALL
0000b944	main	20000cc0	READ
0000b948	main	0000b990	CONDITIONAL_JUMP
0000b94a	main	0000bc48	READ
0000b94a	main	20000310	PARAM
0000b94c	main	2000031f	READ
0000b950	main	0000b966	CONDITIONAL_JUMP
0000b952	main	20000320	READ
0000b958	main	20000320	WRITE
0000b95c	main	0000b990	CONDITIONAL_JUMP
0000b95e	main	0000b962	UNCONDITIONAL_JUMP
0000b960	main	0000b990	UNCONDITIONAL_JUMP
0000b962	main	2000031f	WRITE
0000b964	main	0000b990	UNCONDITIONAL_JUMP
0000b966	main	20000310	READ
0000b96a	main	0000b980	CONDITIONAL_JUMP
0000b96e	main	0000b988	CONDITIONAL_JUMP
0000b972	main	0000b990	CONDITIONAL_JUMP
0000b974	main	20000cc7	READ
0000b978	main	0000b9a0	CONDITIONAL_JUMP
0000b97e	main	0000b98e	UNCONDITIONAL_JUMP
0000b980	main	20000cc7	READ
0000b986	main	0000b98e	UNCONDITIONAL_JUMP
0000b988	main	20000cc7	READ
0000b98e	main	20000cc7	WRITE
0000b990	main	0000bc4c	READ
0000b992	main	20000c5c	READ
0000b996	main	0000b9de	CONDITIONAL_JUMP
0000b998	main	20000cd2	READ
0000b99c	main	0000b9a6	CONDITIONAL_JUMP
0000b99e	main	0000bc0c	UNCONDITIONAL_JUMP
0000b9a4	main	0000b98e	UNCONDITIONAL_JUMP
0000b9a6	main	20000ccc	READ
0000b9aa	main	0000baa8	CONDITIONAL_JUMP
0000b9ac	main	0000bc4c	READ
0000b9ac	main	20000c4c	PARAM
0000b9b0	main	20000c56	WRITE
0000b9b2	main	20000cd2	WRITE
0000b9b4	main	20000c5c	WRITE
0000b9b6	main	0000bc50	READ
0000b9b6	main	50004240	PARAM
0000b9b8	main	20000c5f	WRITE
0000b9ba	main	50004250	WRITE
0000b9bc	main	20000cc5	WRITE
0000b9be	main	20000c61	READ
0000b9c0	main	20000c62	WRITE
0000b9c2	main	00002d5c	UNCONDITIONAL_CALL
0000b9c6	main	0000a984	UNCONDITIONAL_CALL
0000b9ca	main	0000037c	UNCONDITIONAL_CALL
0000b9d0	main	2000406c	READ
0000b9d2	main	000007d0	PARAM
0000b9d4	main	20000352	WRITE
0000b9d4	main	000007d0	DATA
0000b9d6	main	0000bc4c	READ
0000b9d8	main	20000c5c	READ
0000b9dc	main	0000baa8	CONDITIONAL_JUMP
0000b9de	main	20000cc0	READ
0000b9e2	main	0000b9e6	CONDITIONAL_JUMP
0000b9e4	main	0000b4aa	UNCONDITIONAL_JUMP
0000b9e6	main	20000ccc	READ
0000b9ea	main	0000ba68	CONDITIONAL_JUMP
0000b9ec	main	2000406c	READ
0000b9ee	main	20000352	READ
0000b9ee	main	000007d0	PARAM
0000b9f2	main	0000ba68	CONDITIONAL_JUMP
0000b9f4	main	20000cd3	READ
0000b9f8	main	0000ba68	CONDITIONAL_JUMP
0000b9fa	main	20000cd6	READ
0000b9fe	main	0000ba6e	CONDITIONAL_JUMP
0000ba02	main	0000ba1a	CONDITIONAL_JUMP
0000ba06	main	0000ba22	CONDITIONAL_JUMP
0000ba0a	main	0000ba2a	CONDITIONAL_JUMP
0000ba0e	main	0000ba38	CONDITIONAL_JUMP
0000ba12	main	0000ba48	CONDITIONAL_JUMP
0000ba16	main	0000ba56	CONDITIONAL_JUMP
0000ba18	main	0000ba60	UNCONDITIONAL_JUMP
0000ba1a	main	00007784	UNCONDITIONAL_CALL
0000ba20	main	0000ba24	UNCONDITIONAL_JUMP
0000ba24	main	00002cf8	UNCONDITIONAL_CALL
0000ba28	main	0000ba60	UNCONDITIONAL_JUMP
0000ba2a	main	0000bc54	READ
0000ba2a	main	20000dec	PARAM
0000ba2e	main	20000dec	WRITE
0000ba32	main	00006010	UNCONDITIONAL_CALL
0000ba36	main	0000ba60	UNCONDITIONAL_JUMP
0000ba38	main	0000bc54	READ
0000ba3c	main	20000dec	WRITE
0000ba40	main	0000bc54	READ
0000ba40	main	20000dec	PARAM
0000ba42	main	00006010	UNCONDITIONAL_CALL
0000ba46	main	0000ba60	UNCONDITIONAL_JUMP
0000ba48	main	0000bc54	READ
0000ba48	main	20000dec	PARAM
0000ba4c	main	20000dec	WRITE
0000ba50	main	00006010	UNCONDITIONAL_CALL
0000ba54	main	0000ba60	UNCONDITIONAL_JUMP
0000ba56	main	0000bc4c	READ
0000ba56	main	20000c4c	PARAM
0000ba58	main	20000ccb	WRITE
0000ba5a	main	20000c56	WRITE
0000ba5c	main	00002ff8	UNCONDITIONAL_CALL
0000ba60	main	0000bc4c	READ
0000ba62	main	20000ccc	WRITE
0000ba66	main	20000c56	WRITE
0000ba68	main	20000cd6	READ
0000ba6c	main	0000bab8	CONDITIONAL_JUMP
0000ba6e	main	20000cd6	WRITE
0000ba70	main	20000cdf	READ
0000ba74	main	0000bab4	CONDITIONAL_JUMP
0000ba78	main	20004070	WRITE
0000ba7c	main	20004070	PARAM
0000ba7e	main	00002f2c	UNCONDITIONAL_CALL
0000ba84	main	0000bab4	CONDITIONAL_JUMP
0000ba88	main	20004070	READ
0000ba8c	main	0000bab0	CONDITIONAL_JUMP
0000ba90	main	0000bc58	READ
0000ba92	main	20000cde	WRITE
0000ba94	main	200003b4	READ
0000ba98	main	0000bab2	CONDITIONAL_JUMP
0000ba9e	main	20004074	WRITE
0000baa0	main	20004075	WRITE
0000baa4	main	20004074	PARAM
0000baa6	main	0000baaa	UNCONDITIONAL_JUMP
0000baa8	main	0000bbc8	UNCONDITIONAL_JUMP
0000baaa	main	00006010	UNCONDITIONAL_CALL
0000baae	main	0000bab2	UNCONDITIONAL_JUMP
0000bab0	main	20000cde	WRITE
0000bab2	main	20000cdf	WRITE
0000bab4	main	00002ddc	UNCONDITIONAL_CALL
0000bab8	main	20000cd1	READ
0000babc	main	0000bac4	CONDITIONAL_JUMP
0000babe	main	20000cd1	WRITE
0000bac0	main	00002d08	UNCONDITIONAL_CALL
0000bac4	main	0000bc48	READ
0000bac6	main	20000334	READ
0000baca	main	0000bbc8	CONDITIONAL_JUMP
0000bacc	main	20000ccb	READ
0000bad0	main	0000baf8	CONDITIONAL_JUMP
0000bad4	main	20000334	WRITE
0000bad6	main	20000319	READ
0000bada	main	0000bae6	CONDITIONAL_JUMP
0000badc	main	20000319	WRITE
0000bade	main	20000cc7	READ
0000bae4	main	0000baf4	UNCONDITIONAL_JUMP
0000bae8	main	20000319	WRITE
0000baea	main	20000cc7	READ
0000baf4	main	20000cc7	WRITE
0000baf6	main	0000bc0c	UNCONDITIONAL_JUMP
0000baf8	main	20000cd3	READ
0000bafc	main	0000bb1a	CONDITIONAL_JUMP
0000bb02	main	20000334	WRITE
0000bb04	main	20000cc0	READ
0000bb08	main	0000bb0c	CONDITIONAL_JUMP
0000bb0a	main	0000b4aa	UNCONDITIONAL_JUMP
0000bb0e	main	0000bb1e	CONDITIONAL_JUMP
0000bb12	main	0000308c	UNCONDITIONAL_CALL
0000bb16	main	20000cd7	WRITE
0000bb18	main	0000bc0c	UNCONDITIONAL_JUMP
0000bb1c	main	0000bb02	UNCONDITIONAL_JUMP
0000bb20	main	0000308c	UNCONDITIONAL_CALL
0000bb24	main	0000bc0c	UNCONDITIONAL_JUMP
0000bb26	main	0000bc4c	READ
0000bb28	main	20000c56	READ
0000bb2c	main	0000bb32	CONDITIONAL_JUMP
0000bb2e	main	000089c4	UNCONDITIONAL_CALL
0000bb32	main	0000bc48	READ
0000bb32	main	20000310	PARAM
0000bb34	main	20000321	READ
0000bb38	main	0000bb40	CONDITIONAL_JUMP
0000bb3a	main	000065b4	UNCONDITIONAL_CALL
0000bb3e	main	0000bc0c	UNCONDITIONAL_JUMP
0000bb40	main	0000bc48	READ
0000bb42	main	2000033a	READ
0000bb48	main	2000033a	WRITE
0000bb4a	main	0000bc5c	READ
0000bb4e	main	0000bb68	CONDITIONAL_JUMP
0000bb50	main	0000bc48	READ
0000bb52	main	2000033a	WRITE
0000bb54	main	20000cc2	READ
0000bb58	main	0000bb68	CONDITIONAL_JUMP
0000bb60	main	20000cc2	WRITE
0000bb62	main	0000bb68	CONDITIONAL_JUMP
0000bb64	main	00006300	UNCONDITIONAL_CALL
0000bb68	main	0000bc50	READ
0000bb6a	main	50004254	READ
0000bb6e	main	0000bb82	CONDITIONAL_JUMP
0000bb72	main	00004054	UNCONDITIONAL_CALL
0000bb76	main	0000bc50	READ
0000bb78	main	50004254	READ
0000bb7c	main	0000bb82	CONDITIONAL_JUMP
0000bb7e	main	000065b4	UNCONDITIONAL_CALL
0000bb82	main	0000bc50	READ
0000bb84	main	50004258	READ
0000bb88	main	0000bb9c	CONDITIONAL_JUMP
0000bb8c	main	00004054	UNCONDITIONAL_CALL
0000bb90	main	0000bc50	READ
0000bb92	main	50004258	READ
0000bb96	main	0000bb9c	CONDITIONAL_JUMP
0000bb98	main	000065b4	UNCONDITIONAL_CALL
0000bb9c	main	20000cd6	READ
0000bba0	main	0000bc0c	CONDITIONAL_JUMP
0000bba2	main	20000cd6	WRITE
0000bba6	main	Stack[-0x110]	WRITE
0000bbac	main	Stack[-0x10c]	WRITE
0000bbb0	main	00002f2c	UNCONDITIONAL_CALL
0000bbb6	main	0000bbdc	CONDITIONAL_JUMP
0000bbba	main	Stack[-0x110]	READ
0000bbbe	main	0000bc58	READ
0000bbc0	main	0000bbca	CONDITIONAL_JUMP
0000bbc2	main	200003b5	READ
0000bbc4	main	200003b7	READ
0000bbc6	main	0000bbce	UNCONDITIONAL_JUMP
0000bbc8	main	0000bc0c	UNCONDITIONAL_JUMP
0000bbca	main	200003b3	READ
0000bbcc	main	200003b5	READ
0000bbce	main	20000cd3	WRITE
0000bbd2	main	0000bc4c	READ
0000bbd4	main	0000bbec	CONDITIONAL_JUMP
0000bbd6	main	20000c61	WRITE
0000bbda	main	Stack[-0x10c]	WRITE
0000bbde	main	0000bc58	READ
0000bbde	main	200003b3	PARAM
0000bbe0	main	00006990	UNCONDITIONAL_CALL
0000bbe4	main	Stack[-0x10c]	READ
0000bbe8	main	0000bbf0	CONDITIONAL_JUMP
0000bbea	main	0000bc0c	UNCONDITIONAL_JUMP
0000bbec	main	20000c61	WRITE
0000bbee	main	0000bbd8	UNCONDITIONAL_JUMP
0000bbf0	main	0000bc48	READ
0000bbf2	main	20000312	WRITE
0000bbf4	main	0000bc0c	UNCONDITIONAL_JUMP
0000bbf6	main	00007300	UNCONDITIONAL_CALL
0000bbfa	main	0000bc0c	UNCONDITIONAL_JUMP
0000bbfc	main	00007678	UNCONDITIONAL_CALL
0000bc00	main	0000bc0c	UNCONDITIONAL_JUMP
0000bc02	main	00007238	UNCONDITIONAL_CALL
0000bc06	main	0000bc0c	UNCONDITIONAL_JUMP
0000bc08	main	0000bc48	READ
0000bc0a	main	20000313	WRITE
0000bc0c	main	20000cc0	READ
0000bc10	main	0000bc14	CONDITIONAL_JUMP
0000bc12	main	0000b4aa	UNCONDITIONAL_JUMP
0000bc14	main	0000bc48	READ
0000bc14	main	20000310	PARAM
0000bc16	main	2000032a	READ
0000bc1a	main	0000bc12	CONDITIONAL_JUMP
0000bc1e	main	2000032a	WRITE
0000bc20	main	0000294c	UNCONDITIONAL_CALL
0000bc24	main	00002748	UNCONDITIONAL_CALL
0000bc28	main	00006060	UNCONDITIONAL_CALL
0000bc2c	main	20000cbe	READ
0000bc30	main	0000bc12	CONDITIONAL_JUMP
0000bc32	main	0000bc48	READ
0000bc32	main	20000310	PARAM
0000bc34	main	2000033c	READ
0000bc3a	main	2000033c	WRITE
0000bc3e	main	0000bc12	CONDITIONAL_JUMP
0000bc40	main	2000033c	WRITE
0000bc42	main	000025d8	UNCONDITIONAL_CALL
0000bc46	main	0000b4aa	UNCONDITIONAL_JUMP
0000bc64	memory_fill	0000bc6e	CONDITIONAL_JUMP
0000bc6c	memory_fill	0000bc66	CONDITIONAL_JUMP
0000bc74	soft_i2c_write_byte	0000bcf8	READ
0000bc7a	soft_i2c_write_byte	5000422c	WRITE
0000bc84	soft_i2c_write_byte	0000bc7e	CONDITIONAL_JUMP
0000bc88	soft_i2c_write_byte	0000bc8e	CONDITIONAL_JUMP
0000bc8a	soft_i2c_write_byte	50004228	WRITE
0000bc8c	soft_i2c_write_byte	0000bc90	UNCONDITIONAL_JUMP
0000bc8e	soft_i2c_write_byte	50004228	WRITE
0000bc98	soft_i2c_write_byte	0000bc92	CONDITIONAL_JUMP
0000bc9a	soft_i2c_write_byte	5000422c	WRITE
0000bca4	soft_i2c_write_byte	0000bc9e	CONDITIONAL_JUMP
0000bca6	soft_i2c_write_byte	5000422c	WRITE
0000bcb0	soft_i2c_write_byte	0000bcaa	CONDITIONAL_JUMP
0000bcbc	soft_i2c_write_byte	0000bc7a	CONDITIONAL_JUMP
0000bcbe	soft_i2c_write_byte	50004228	WRITE
0000bcc8	soft_i2c_write_byte	0000bcc2	CONDITIONAL_JUMP
0000bcca	soft_i2c_write_byte	5000422c	WRITE
0000bcd4	soft_i2c_write_byte	0000bcce	CONDITIONAL_JUMP
0000bcd8	soft_i2c_write_byte	0000bcde	UNCONDITIONAL_JUMP
0000bcde	soft_i2c_write_byte	50004228	READ
0000bce2	soft_i2c_write_byte	0000bce8	CONDITIONAL_JUMP
0000bce6	soft_i2c_write_byte	0000bcda	CONDITIONAL_JUMP
0000bce8	soft_i2c_write_byte	5000422c	WRITE
0000bcf2	soft_i2c_write_byte	0000bcec	CONDITIONAL_JUMP
0000bcfc	soft_i2c_start	0000bd28	READ
0000bd00	soft_i2c_start	50004228	WRITE
0000bd0a	soft_i2c_start	0000bd04	CONDITIONAL_JUMP
0000bd0c	soft_i2c_start	5000422c	WRITE
0000bd16	soft_i2c_start	0000bd10	CONDITIONAL_JUMP
0000bd1a	soft_i2c_start	50004228	WRITE
0000bd22	soft_i2c_start	0000bd1c	CONDITIONAL_JUMP
0000bd2c	soft_i2c_stop	0000bd58	READ
0000bd30	soft_i2c_stop	50004228	WRITE
0000bd38	soft_i2c_stop	0000bd32	CONDITIONAL_JUMP
0000bd3c	soft_i2c_stop	5000422c	WRITE
0000bd46	soft_i2c_stop	0000bd40	CONDITIONAL_JUMP
0000bd48	soft_i2c_stop	50004228	WRITE
0000bd52	soft_i2c_stop	0000bd4c	CONDITIONAL_JUMP
0000cf4c		0000cf5c	READ
