address	type	source	name
00000000	Label	IMPORTED	MasterStackPointer
00000000	Label	USER_DEFINED	Vector_Initial_SP
00000004	Label	IMPORTED	Reset
00000004	Label	USER_DEFINED	Vector_Reset
00000008	Label	IMPORTED	NMI
00000008	Label	USER_DEFINED	Vector_NMI
0000000c	Label	IMPORTED	HardFault
0000000c	Label	USER_DEFINED	Vector_HardFault
00000010	Label	IMPORTED	MemManage
00000010	Label	USER_DEFINED	Vector_Reserved4
00000014	Label	IMPORTED	BusFault
00000014	Label	USER_DEFINED	Vector_Reserved5
00000018	Label	IMPORTED	UsageFault
00000018	Label	USER_DEFINED	Vector_Reserved6
0000001c	Label	IMPORTED	Reserved1
0000001c	Label	USER_DEFINED	Vector_Reserved7
00000020	Label	IMPORTED	Reserved2
00000020	Label	USER_DEFINED	Vector_Reserved8
00000024	Label	IMPORTED	Reserved3
00000024	Label	USER_DEFINED	Vector_Reserved9
00000028	Label	IMPORTED	Reserved4
00000028	Label	USER_DEFINED	Vector_Reserved10
0000002c	Label	IMPORTED	SVCall
0000002c	Label	USER_DEFINED	Vector_SVC
00000030	Label	IMPORTED	Reserved5
00000030	Label	USER_DEFINED	Vector_Reserved12
00000034	Label	IMPORTED	Reserved6
00000034	Label	USER_DEFINED	Vector_Reserved13
00000038	Label	IMPORTED	PendSV
00000038	Label	USER_DEFINED	Vector_PendSV
0000003c	Label	IMPORTED	SysTick
0000003c	Label	USER_DEFINED	Vector_SysTick
00000040	Label	IMPORTED	IRQ
00000040	Label	USER_DEFINED	Vector_IRQ0
00000044	Label	USER_DEFINED	Vector_IRQ1
00000048	Label	USER_DEFINED	Vector_IRQ2
0000004c	Label	USER_DEFINED	Vector_IRQ3
00000050	Label	USER_DEFINED	Vector_IRQ4
00000054	Label	USER_DEFINED	Vector_IRQ5
00000058	Label	USER_DEFINED	Vector_IRQ6
0000005c	Label	USER_DEFINED	Vector_IRQ7
00000060	Label	USER_DEFINED	Vector_IRQ8
00000064	Label	USER_DEFINED	Vector_IRQ9
00000068	Label	USER_DEFINED	Vector_IRQ10
0000006c	Label	USER_DEFINED	Vector_IRQ11
00000070	Label	USER_DEFINED	Vector_IRQ12
00000074	Label	USER_DEFINED	Vector_IRQ13
00000078	Label	USER_DEFINED	Vector_IRQ14
0000007c	Label	USER_DEFINED	Vector_IRQ15
00000080	Label	USER_DEFINED	Vector_IRQ16
00000084	Label	USER_DEFINED	Vector_IRQ17
00000088	Label	USER_DEFINED	Vector_IRQ18
0000008c	Label	USER_DEFINED	Vector_IRQ19
00000090	Label	USER_DEFINED	Vector_IRQ20
00000094	Label	USER_DEFINED	Vector_IRQ21
00000098	Label	USER_DEFINED	Vector_IRQ22
0000009c	Label	USER_DEFINED	Vector_IRQ23
000000a0	Label	USER_DEFINED	Vector_IRQ24
000000a4	Label	USER_DEFINED	Vector_IRQ25
000000a8	Label	USER_DEFINED	Vector_IRQ26
000000ac	Label	USER_DEFINED	Vector_IRQ27
000000b0	Label	USER_DEFINED	Vector_IRQ28
000000b4	Label	USER_DEFINED	Vector_IRQ29
000000b8	Label	USER_DEFINED	Vector_IRQ30
000000bc	Label	USER_DEFINED	Vector_IRQ31
000000c0	Label	DEFAULT	LAB_000000c0
000000c8	Function	DEFAULT	main
000000cc	Label	DEFAULT	DAT_000000cc
000000d0	Label	DEFAULT	DAT_000000d0
000000d4	Function	USER_DEFINED	HardFault_Handler
000000e2	Label	DEFAULT	LAB_000000e2
000000e6	Label	DEFAULT	LAB_000000e6
000000ec	Label	DEFAULT	DAT_000000ec
000000f0	Function	USER_DEFINED	Reset_Handler
00000110	Function	USER_DEFINED	NMI_Handler
00000114	Function	USER_DEFINED	SVC_Handler
00000116	Function	USER_DEFINED	PendSV_Handler
00000118	Function	USER_DEFINED	SysTick_Handler
0000011a	Function	USER_DEFINED	Default_Handler
0000011c	Label	DEFAULT	DAT_0000011c
00000120	Label	DEFAULT	DAT_00000120
00000124	Label	DEFAULT	DAT_00000124
00000128	Label	DEFAULT	DAT_00000128
0000012c	Label	DEFAULT	DAT_0000012c
00000130	Label	DEFAULT	DAT_00000130
00000134	Label	DEFAULT	DAT_00000134
00000138	Label	DEFAULT	DAT_00000138
0000013c	Function	USER_DEFINED	aeabi_uidivmod
0000014a	Label	DEFAULT	LAB_0000014a
0000015e	Label	DEFAULT	LAB_0000015e
00000168	Function	USER_DEFINED	aeabi_idivmod
00000176	Label	DEFAULT	LAB_00000176
0000017e	Label	DEFAULT	LAB_0000017e
00000188	Label	DEFAULT	LAB_00000188
0000018e	Label	DEFAULT	LAB_0000018e
00000190	Function	USER_DEFINED	aeabi_memcpy
0000019a	Label	DEFAULT	LAB_0000019a
000001a0	Label	DEFAULT	LAB_000001a0
000001a6	Label	DEFAULT	LAB_000001a6
000001ae	Label	DEFAULT	LAB_000001ae
000001b4	Function	DEFAULT	FUN_000001b4
000001b8	Label	DEFAULT	LAB_000001b8
000001bc	Label	DEFAULT	LAB_000001bc
000001c2	Function	DEFAULT	FUN_000001c2
000001c6	Function	DEFAULT	FUN_000001c6
000001d8	Function	DEFAULT	FUN_000001d8
000001ec	Label	DEFAULT	LAB_000001ec
00000224	Label	DEFAULT	LAB_00000224
00000238	Function	USER_DEFINED	scatterload_runtime
00000240	Label	DEFAULT	LAB_00000240
0000024c	Label	DEFAULT	LAB_0000024c
00000254	Label	DEFAULT	LAB_00000254
00000258	Label	DEFAULT	LAB_00000258
0000025c	Function	DEFAULT	FUN_0000025c
0000026c	Label	DEFAULT	LAB_0000026c
0000027c	Function	DEFAULT	FUN_0000027c
0000028c	Label	DEFAULT	LAB_0000028c
0000029e	Function	DEFAULT	FUN_0000029e
000002b8	Function	USER_DEFINED	adc_init
00000318	Label	DEFAULT	LAB_00000318
0000032c	Label	DEFAULT	LAB_0000032c
0000033c	Label	DEFAULT	LAB_0000033c
00000364	Label	DEFAULT	DAT_00000364
00000368	Label	DEFAULT	DAT_00000368
0000036c	Label	DEFAULT	DAT_0000036c
00000370	Label	DEFAULT	DAT_00000370
00000374	Label	DEFAULT	DAT_00000374
00000378	Label	DEFAULT	DAT_00000378
0000037c	Function	USER_DEFINED	transport_uart_init
000003a0	Label	DEFAULT	LAB_000003a0
00000400	Label	DEFAULT	LAB_00000400
00000408	Label	DEFAULT	DAT_00000408
0000040c	Label	DEFAULT	DAT_0000040c
00000410	Label	DEFAULT	DAT_00000410
00000414	Label	DEFAULT	DAT_00000414
00000418	Label	DEFAULT	DAT_00000418
0000041c	Label	DEFAULT	DAT_0000041c
00000420	Label	DEFAULT	DAT_00000420
00000424	Label	DEFAULT	DAT_00000424
00000428	Function	DEFAULT	FUN_00000428
0000046e	Label	DEFAULT	LAB_0000046e
00000484	Label	DEFAULT	LAB_00000484
000004a4	Label	DEFAULT	LAB_000004a4
00000500	Label	DEFAULT	LAB_00000500
00000562	Label	DEFAULT	LAB_00000562
00000570	Label	DEFAULT	LAB_00000570
00000574	Label	DEFAULT	DAT_00000574
00000578	Label	DEFAULT	DAT_00000578
0000057c	Label	DEFAULT	DAT_0000057c
00000580	Label	DEFAULT	DAT_00000580
00000584	Label	DEFAULT	DAT_00000584
00000588	Label	DEFAULT	DAT_00000588
0000058c	Label	DEFAULT	DAT_0000058c
00000590	Label	DEFAULT	DAT_00000590
00000594	Label	DEFAULT	DAT_00000594
00000598	Label	DEFAULT	DAT_00000598
0000059c	Function	USER_DEFINED	board_init
000005dc	Label	DEFAULT	LAB_000005dc
00000640	Label	DEFAULT	DAT_00000640
00000644	Label	DEFAULT	DAT_00000644
00000648	Label	DEFAULT	DAT_00000648
0000064c	Label	DEFAULT	DAT_0000064c
00000650	Label	DEFAULT	DAT_00000650
00000654	Label	DEFAULT	DAT_00000654
00000658	Label	DEFAULT	DAT_00000658
0000065c	Label	DEFAULT	DAT_0000065c
00000660	Function	DEFAULT	FUN_00000660
00000665	Label	DEFAULT	LAB_00000664+1
00000684	Label	DEFAULT	DAT_00000684
00000688	Label	DEFAULT	DAT_00000688
0000068c	Function	DEFAULT	FUN_0000068c
000006c0	Label	DEFAULT	LAB_000006c0
000006e8	Label	DEFAULT	DAT_000006e8
000006ec	Label	DEFAULT	DAT_000006ec
000006f0	Label	DEFAULT	DAT_000006f0
000006f4	Label	DEFAULT	DAT_000006f4
000006f8	Function	DEFAULT	FUN_000006f8
00000702	Label	DEFAULT	LAB_00000702
00000720	Label	DEFAULT	LAB_00000720
00000744	Label	DEFAULT	DAT_00000744
00000748	Label	DEFAULT	DAT_00000748
0000074c	Label	DEFAULT	DAT_0000074c
00000750	Function	DEFAULT	FUN_00000750
00000794	Label	DEFAULT	DAT_00000794
00000798	Label	DEFAULT	DAT_00000798
0000079c	Label	DEFAULT	DAT_0000079c
000007a0	Label	DEFAULT	DAT_000007a0
000007a4	Label	DEFAULT	DAT_000007a4
000007a8	Function	DEFAULT	FUN_000007a8
000007d0	Label	DEFAULT	DAT_000007d0
000007d4	Label	DEFAULT	DAT_000007d4
000007d8	Function	DEFAULT	FUN_000007d8
00000800	Label	DEFAULT	LAB_000007fe+2
00000802	Label	DEFAULT	LAB_00000802
00000820	Label	DEFAULT	DAT_00000820
00000824	Label	DEFAULT	DAT_00000824
00000828	Label	DEFAULT	DAT_00000828
0000082c	Label	DEFAULT	DAT_0000082c
00000830	Label	DEFAULT	DAT_00000830
00000834	Label	DEFAULT	DAT_00000834
00000838	Function	DEFAULT	FUN_00000838
00000848	Label	DEFAULT	LAB_00000848
00000854	Label	DEFAULT	LAB_00000854
0000085c	Label	DEFAULT	LAB_0000085c
0000088c	Label	DEFAULT	DAT_0000088c
00000890	Label	DEFAULT	DAT_00000890
00000894	Function	DEFAULT	FUN_00000894
000008ac	Label	DEFAULT	LAB_000008ac
000008cc	Label	DEFAULT	LAB_000008cc
000008ce	Label	DEFAULT	LAB_000008ce
000008e4	Label	DEFAULT	DAT_000008e4
000008e8	Label	DEFAULT	DAT_000008e8
000008ec	Function	DEFAULT	FUN_000008ec
000008fc	Label	DEFAULT	LAB_000008fc
00000920	Label	DEFAULT	LAB_00000920
00000932	Label	DEFAULT	LAB_00000932
00000934	Label	DEFAULT	LAB_00000934
00000946	Label	DEFAULT	LAB_00000946
00000948	Label	DEFAULT	LAB_00000948
0000096e	Label	DEFAULT	LAB_0000096e
00000980	Label	DEFAULT	LAB_00000980
00000984	Label	DEFAULT	DAT_00000984
00000988	Label	DEFAULT	DAT_00000988
0000098c	Label	DEFAULT	DAT_0000098c
00000990	Label	DEFAULT	DAT_00000990
00000994	Label	DEFAULT	DAT_00000994
00000998	Label	DEFAULT	DAT_00000998
0000099c	Function	DEFAULT	FUN_0000099c
000009b0	Label	DEFAULT	LAB_000009b0
000009ce	Label	DEFAULT	LAB_000009ce
000009d0	Label	DEFAULT	LAB_000009d0
000009dc	Label	DEFAULT	LAB_000009dc
000009de	Label	DEFAULT	LAB_000009de
000009e6	Label	DEFAULT	LAB_000009e6
000009e8	Label	DEFAULT	LAB_000009e8
000009ec	Label	DEFAULT	LAB_000009ec
000009fe	Label	DEFAULT	LAB_000009fe
00000a00	Label	DEFAULT	LAB_00000a00
00000a10	Label	DEFAULT	LAB_00000a10
00000a22	Label	DEFAULT	LAB_00000a22
00000a24	Label	DEFAULT	DAT_00000a24
00000a28	Label	DEFAULT	DAT_00000a28
00000a2c	Label	DEFAULT	DAT_00000a2c
00000a30	Label	DEFAULT	DAT_00000a30
00000a34	Label	DEFAULT	DAT_00000a34
00000a38	Function	DEFAULT	FUN_00000a38
00000a4a	Label	DEFAULT	LAB_00000a4a
00000a58	Label	DEFAULT	LAB_00000a58
00000a5c	Label	DEFAULT	LAB_00000a5c
00000a60	Label	DEFAULT	DAT_00000a60
00000a64	Label	DEFAULT	DAT_00000a64
00000a68	Function	DEFAULT	FUN_00000a68
00000a80	Label	DEFAULT	LAB_00000a80
00000a98	Label	DEFAULT	LAB_00000a98
00000aa6	Label	DEFAULT	LAB_00000aa6
00000aba	Label	DEFAULT	LAB_00000aba
00000abe	Label	DEFAULT	LAB_00000abe
00000aca	Label	DEFAULT	LAB_00000aca
00000aea	Label	DEFAULT	LAB_00000aea
00000aee	Label	DEFAULT	LAB_00000aee
00000b14	Label	DEFAULT	LAB_00000b14
00000b20	Label	DEFAULT	DAT_00000b20
00000b24	Label	DEFAULT	DAT_00000b24
00000b28	Label	DEFAULT	DAT_00000b28
00000b2c	Label	DEFAULT	DAT_00000b2c
00000b30	Label	DEFAULT	DAT_00000b30
00000b34	Function	DEFAULT	FUN_00000b34
00000b72	Label	DEFAULT	LAB_00000b72
00000b7a	Label	DEFAULT	LAB_00000b7a
00000b7e	Label	DEFAULT	LAB_00000b7e
00000b80	Label	DEFAULT	LAB_00000b80
00000b8a	Label	DEFAULT	LAB_00000b8a
00000b9e	Label	DEFAULT	LAB_00000b9e
00000ba0	Label	DEFAULT	LAB_00000ba0
00000ba8	Label	DEFAULT	LAB_00000ba8
00000bb8	Label	DEFAULT	LAB_00000bb8
00000bbc	Label	DEFAULT	LAB_00000bbc
00000bcc	Label	DEFAULT	LAB_00000bcc
00000be0	Label	DEFAULT	LAB_00000be0
00000be2	Label	DEFAULT	LAB_00000be2
00000bea	Label	DEFAULT	LAB_00000bea
00000bfc	Label	DEFAULT	LAB_00000bfc
00000c06	Label	DEFAULT	LAB_00000c06
00000c16	Label	DEFAULT	LAB_00000c16
00000c38	Label	DEFAULT	LAB_00000c38
00000c3a	Label	DEFAULT	LAB_00000c3a
00000c3c	Label	DEFAULT	LAB_00000c3c
00000c50	Label	DEFAULT	LAB_00000c50
00000c52	Label	DEFAULT	LAB_00000c52
00000c54	Label	DEFAULT	DAT_00000c54
00000c58	Label	DEFAULT	DAT_00000c58
00000c5c	Label	DEFAULT	DAT_00000c5c
00000c60	Label	DEFAULT	DAT_00000c60
00000c64	Label	DEFAULT	DAT_00000c64
00000c68	Label	DEFAULT	DAT_00000c68
00000c6c	Function	DEFAULT	FUN_00000c6c
00000c8c	Label	DEFAULT	LAB_00000c8c
00000c9a	Label	DEFAULT	LAB_00000c9a
00000ca4	Label	DEFAULT	LAB_00000ca4
00000cba	Label	DEFAULT	LAB_00000cba
00000cd2	Label	DEFAULT	LAB_00000cd2
00000cf4	Label	DEFAULT	LAB_00000cf4
00000cf8	Label	DEFAULT	LAB_00000cf8
00000cfc	Label	DEFAULT	LAB_00000cfc
00000d18	Label	DEFAULT	LAB_00000d18
00000d2a	Label	DEFAULT	LAB_00000d2a
00000d32	Label	DEFAULT	LAB_00000d32
00000d34	Label	DEFAULT	DAT_00000d34
00000d38	Label	DEFAULT	DAT_00000d38
00000d3c	Label	DEFAULT	DAT_00000d3c
00000d40	Label	DEFAULT	DAT_00000d40
00000d44	Label	DEFAULT	DAT_00000d44
00000d48	Label	DEFAULT	DAT_00000d48
00000d4c	Function	DEFAULT	FUN_00000d4c
00000d6c	Label	DEFAULT	LAB_00000d6c
00000d7a	Label	DEFAULT	LAB_00000d7a
00000d84	Label	DEFAULT	LAB_00000d84
00000d9a	Label	DEFAULT	LAB_00000d9a
00000db2	Label	DEFAULT	LAB_00000db2
00000dd4	Label	DEFAULT	LAB_00000dd4
00000dd8	Label	DEFAULT	LAB_00000dd8
00000ddc	Label	DEFAULT	LAB_00000ddc
00000df8	Label	DEFAULT	LAB_00000df8
00000e0a	Label	DEFAULT	LAB_00000e0a
00000e12	Label	DEFAULT	LAB_00000e12
00000e14	Label	DEFAULT	DAT_00000e14
00000e18	Label	DEFAULT	DAT_00000e18
00000e1c	Label	DEFAULT	DAT_00000e1c
00000e20	Label	DEFAULT	DAT_00000e20
00000e24	Label	DEFAULT	DAT_00000e24
00000e28	Label	DEFAULT	DAT_00000e28
00000e2c	Function	DEFAULT	FUN_00000e2c
00000e5c	Label	DEFAULT	LAB_00000e5c
00000e7a	Label	DEFAULT	LAB_00000e7a
00000e7c	Label	DEFAULT	LAB_00000e7c
00000e94	Label	DEFAULT	LAB_00000e94
00000eae	Label	DEFAULT	LAB_00000eae
00000ef4	Label	DEFAULT	LAB_00000ef4
00000f0e	Label	DEFAULT	LAB_00000f0e
00000f26	Label	DEFAULT	LAB_00000f26
00000f30	Label	DEFAULT	LAB_00000f30
00000f32	Label	DEFAULT	LAB_00000f32
00000f34	Label	DEFAULT	LAB_00000f34
00000f46	Label	DEFAULT	LAB_00000f46
00000f60	Label	DEFAULT	LAB_00000f60
00000f6e	Label	DEFAULT	LAB_00000f6e
00000f90	Label	DEFAULT	LAB_00000f90
00000fc8	Label	DEFAULT	LAB_00000fc8
00000fca	Label	DEFAULT	LAB_00000fca
00000fcc	Label	DEFAULT	DAT_00000fcc
00000fd0	Label	DEFAULT	DAT_00000fd0
00000fd4	Label	DEFAULT	DAT_00000fd4
00000fd8	Label	DEFAULT	DAT_00000fd8
00000fdc	Label	DEFAULT	DAT_00000fdc
00000fe0	Function	DEFAULT	FUN_00000fe0
00001000	Label	DEFAULT	LAB_00001000
00001010	Label	DEFAULT	LAB_00001010
0000102c	Label	DEFAULT	LAB_0000102c
00001048	Label	DEFAULT	LAB_00001048
00001054	Label	DEFAULT	LAB_00001054
0000106e	Label	DEFAULT	LAB_0000106e
00001072	Label	DEFAULT	LAB_00001072
0000108e	Label	DEFAULT	LAB_0000108e
000010ae	Label	DEFAULT	LAB_000010ae
000010be	Label	DEFAULT	LAB_000010be
000010de	Label	DEFAULT	LAB_000010de
000010e4	Label	DEFAULT	LAB_000010e4
000010e6	Label	DEFAULT	LAB_000010e6
000010f4	Label	DEFAULT	LAB_000010f4
000010fc	Label	DEFAULT	LAB_000010fc
0000111c	Label	DEFAULT	LAB_0000111c
00001130	Label	DEFAULT	LAB_00001130
00001138	Label	DEFAULT	LAB_00001138
0000113c	Label	DEFAULT	DAT_0000113c
00001140	Label	DEFAULT	DAT_00001140
00001144	Label	DEFAULT	DAT_00001144
00001148	Label	DEFAULT	DAT_00001148
0000114c	Label	DEFAULT	DAT_0000114c
00001150	Label	DEFAULT	DAT_00001150
00001154	Label	DEFAULT	DAT_00001154
00001158	Function	DEFAULT	FUN_00001158
00001178	Label	DEFAULT	LAB_00001178
00001188	Label	DEFAULT	LAB_00001188
000011a4	Label	DEFAULT	LAB_000011a4
000011c0	Label	DEFAULT	LAB_000011c0
000011cc	Label	DEFAULT	LAB_000011cc
000011e6	Label	DEFAULT	LAB_000011e6
000011ea	Label	DEFAULT	LAB_000011ea
00001206	Label	DEFAULT	LAB_00001206
00001226	Label	DEFAULT	LAB_00001226
00001236	Label	DEFAULT	LAB_00001236
00001256	Label	DEFAULT	LAB_00001256
0000125c	Label	DEFAULT	LAB_0000125c
0000125e	Label	DEFAULT	LAB_0000125e
0000126c	Label	DEFAULT	LAB_0000126c
00001274	Label	DEFAULT	LAB_00001274
00001294	Label	DEFAULT	LAB_00001294
000012a8	Label	DEFAULT	LAB_000012a8
000012b0	Label	DEFAULT	LAB_000012b0
000012b4	Label	DEFAULT	DAT_000012b4
000012b8	Label	DEFAULT	DAT_000012b8
000012bc	Label	DEFAULT	PTR_DAT_000012bc
000012c0	Label	DEFAULT	PTR_DAT_000012c0
000012c4	Label	DEFAULT	PTR_DAT_000012c4
000012c8	Label	DEFAULT	DAT_000012c8
000012cc	Label	DEFAULT	DAT_000012cc
000012d0	Function	DEFAULT	FUN_000012d0
000012e4	Label	DEFAULT	LAB_000012e4
000012f6	Label	DEFAULT	LAB_000012f6
0000130c	Label	DEFAULT	LAB_0000130c
00001324	Label	DEFAULT	LAB_00001324
0000133e	Label	DEFAULT	LAB_0000133e
00001356	Label	DEFAULT	LAB_00001356
0000136e	Label	DEFAULT	LAB_0000136e
00001386	Label	DEFAULT	LAB_00001386
00001388	Label	DEFAULT	LAB_00001388
0000139e	Label	DEFAULT	LAB_0000139e
000013ba	Label	DEFAULT	LAB_000013ba
000013d2	Label	DEFAULT	LAB_000013d2
000013ea	Label	DEFAULT	LAB_000013ea
00001402	Label	DEFAULT	LAB_00001402
00001420	Label	DEFAULT	LAB_00001420
00001438	Label	DEFAULT	LAB_00001438
00001452	Label	DEFAULT	LAB_00001452
00001462	Label	DEFAULT	LAB_00001462
00001472	Label	DEFAULT	LAB_00001472
00001482	Label	DEFAULT	LAB_00001482
00001494	Label	DEFAULT	LAB_00001494
000014ac	Label	DEFAULT	LAB_000014ac
000014c2	Label	DEFAULT	LAB_000014c2
000014d2	Label	DEFAULT	LAB_000014d2
000014d8	Label	DEFAULT	LAB_000014d8
000014e8	Label	DEFAULT	LAB_000014e8
000014f0	Label	DEFAULT	LAB_000014f0
00001502	Label	DEFAULT	LAB_00001502
0000150e	Label	DEFAULT	LAB_0000150e
0000151c	Label	DEFAULT	LAB_0000151c
0000152c	Label	DEFAULT	LAB_0000152c
00001530	Label	DEFAULT	LAB_00001530
00001546	Label	DEFAULT	LAB_00001546
00001568	Label	DEFAULT	LAB_00001568
0000157e	Label	DEFAULT	LAB_0000157e
000015b2	Label	DEFAULT	LAB_000015b2
000015b8	Label	DEFAULT	LAB_000015b8
000015c6	Label	DEFAULT	LAB_000015c6
000015c8	Label	DEFAULT	LAB_000015c8
000015cc	Label	DEFAULT	DAT_000015cc
000015d0	Label	DEFAULT	DAT_000015d0
000015d4	Label	DEFAULT	DAT_000015d4
000015d8	Label	DEFAULT	DAT_000015d8
000015dc	Label	DEFAULT	DAT_000015dc
000015e0	Label	DEFAULT	DAT_000015e0
000015e4	Label	DEFAULT	DAT_000015e4
000015e8	Label	DEFAULT	DAT_000015e8
000015ec	Label	DEFAULT	DAT_000015ec
000015f0	Label	DEFAULT	DAT_000015f0
000015f4	Label	DEFAULT	DAT_000015f4
000015f8	Label	DEFAULT	DAT_000015f8
000015fc	Label	DEFAULT	DAT_000015fc
00001600	Label	DEFAULT	DAT_00001600
00001604	Label	DEFAULT	DAT_00001604
00001608	Label	DEFAULT	DAT_00001608
0000160c	Label	DEFAULT	DAT_0000160c
00001610	Label	DEFAULT	DAT_00001610
00001614	Label	DEFAULT	DAT_00001614
00001618	Label	DEFAULT	DAT_00001618
0000161c	Label	DEFAULT	DAT_0000161c
00001620	Label	DEFAULT	DAT_00001620
00001624	Label	DEFAULT	DAT_00001624
00001628	Label	DEFAULT	DAT_00001628
0000162c	Function	DEFAULT	FUN_0000162c
00001642	Label	DEFAULT	LAB_00001642
00001644	Label	DEFAULT	LAB_00001644
0000165a	Label	DEFAULT	LAB_0000165a
0000165c	Label	DEFAULT	LAB_0000165c
00001668	Label	DEFAULT	LAB_00001668
0000166a	Label	DEFAULT	LAB_0000166a
00001688	Label	DEFAULT	LAB_00001688
0000168e	Label	DEFAULT	LAB_0000168e
00001690	Label	DEFAULT	LAB_00001690
00001694	Label	DEFAULT	LAB_00001694
00001698	Label	DEFAULT	DAT_00001698
0000169c	Label	DEFAULT	DAT_0000169c
000016a0	Function	DEFAULT	FUN_000016a0
000016c6	Label	DEFAULT	LAB_000016c6
000016d6	Label	DEFAULT	LAB_000016d6
000016ea	Label	DEFAULT	LAB_000016ea
000016ec	Label	DEFAULT	LAB_000016ec
000016f2	Label	DEFAULT	LAB_000016f2
000016f6	Label	DEFAULT	LAB_000016f6
000016f8	Label	DEFAULT	LAB_000016f8
00001708	Label	DEFAULT	LAB_00001708
00001714	Label	DEFAULT	DAT_00001714
00001718	Label	DEFAULT	DAT_00001718
0000171c	Label	DEFAULT	DAT_0000171c
00001720	Label	DEFAULT	DAT_00001720
00001724	Label	DEFAULT	DAT_00001724
00001728	Function	DEFAULT	FUN_00001728
0000172e	Label	DEFAULT	LAB_0000172e
0000173c	Label	DEFAULT	LAB_0000173c
0000178a	Label	DEFAULT	LAB_0000178a
0000179a	Label	DEFAULT	LAB_0000179a
000017c8	Label	DEFAULT	LAB_000017c8
000017da	Label	DEFAULT	LAB_000017da
000017de	Label	DEFAULT	LAB_000017de
000017e0	Label	DEFAULT	DAT_000017e0
000017e4	Label	DEFAULT	DAT_000017e4
000017e8	Label	DEFAULT	DAT_000017e8
000017ec	Label	DEFAULT	DAT_000017ec
000017f0	Label	DEFAULT	DAT_000017f0
000017f4	Label	DEFAULT	DAT_000017f4
000017f8	Label	DEFAULT	DAT_000017f8
000017fc	Label	DEFAULT	DAT_000017fc
00001800	Label	DEFAULT	DAT_00001800
00001804	Function	USER_DEFINED	rgb_timer_update
0000182c	Label	DEFAULT	LAB_0000182c
0000183a	Label	DEFAULT	LAB_0000183a
0000184a	Label	DEFAULT	LAB_0000184a
0000185c	Label	DEFAULT	LAB_0000185c
0000187e	Label	DEFAULT	LAB_0000187e
0000188c	Label	DEFAULT	LAB_0000188c
0000188e	Label	DEFAULT	LAB_0000188e
00001890	Label	DEFAULT	DAT_00001890
00001894	Label	DEFAULT	DAT_00001894
00001898	Label	DEFAULT	DAT_00001898
0000189c	Label	DEFAULT	DAT_0000189c
000018a0	Label	DEFAULT	DAT_000018a0
000018a4	Label	DEFAULT	DAT_000018a4
000018a8	Function	DEFAULT	FUN_000018a8
000018b0	Label	DEFAULT	LAB_000018b0
000018bc	Label	DEFAULT	LAB_000018bc
000018e8	Label	DEFAULT	LAB_000018e8
000018f8	Label	DEFAULT	LAB_000018f8
0000190a	Label	DEFAULT	LAB_0000190a
0000190c	Label	DEFAULT	LAB_0000190c
0000191c	Label	DEFAULT	LAB_0000191c
00001930	Label	DEFAULT	DAT_00001930
00001934	Label	DEFAULT	PTR_DAT_00001934
00001938	Label	DEFAULT	PTR_matrix_pressed_bits_00001938
0000193c	Label	DEFAULT	DAT_0000193c
00001940	Label	DEFAULT	DAT_00001940
00001944	Label	DEFAULT	DAT_00001944
00001948	Label	DEFAULT	DAT_00001948
0000194c	Function	DEFAULT	FUN_0000194c
0000196e	Label	DEFAULT	LAB_0000196e
00001986	Label	DEFAULT	LAB_00001986
0000198e	Label	DEFAULT	LAB_0000198e
00001998	Label	DEFAULT	LAB_00001998
0000199a	Label	DEFAULT	LAB_0000199a
000019a2	Label	DEFAULT	LAB_000019a2
000019aa	Label	DEFAULT	LAB_000019aa
000019c0	Label	DEFAULT	LAB_000019c0
000019d0	Label	DEFAULT	LAB_000019d0
000019e2	Label	DEFAULT	LAB_000019e2
000019ee	Label	ANALYSIS	switchD_000019ee::switchD
000019f0	Label	ANALYSIS	switchD_000019ee::switchdataD_000019f0
000019fe	Label	ANALYSIS	switchD_000019ee::caseD_6
000019fe	Label	ANALYSIS	switchD_000019ee::caseD_c
00001a00	Label	ANALYSIS	switchD_000019ee::caseD_0
00001a32	Label	DEFAULT	LAB_00001a32
00001a62	Label	DEFAULT	LAB_00001a62
00001a6a	Label	ANALYSIS	switchD_000019ee::caseD_1
00001a94	Label	DEFAULT	LAB_00001a94
00001ab0	Label	DEFAULT	LAB_00001ab0
00001ab2	Label	ANALYSIS	switchD_000019ee::caseD_2
00001ac2	Label	DEFAULT	LAB_00001ac2
00001ace	Label	ANALYSIS	switchD_000019ee::caseD_3
00001aee	Label	DEFAULT	LAB_00001aee
00001af0	Label	DEFAULT	LAB_00001af0
00001afc	Label	DEFAULT	LAB_00001afc
00001b04	Label	ANALYSIS	switchD_000019ee::caseD_4
00001b1a	Label	DEFAULT	LAB_00001b1a
00001b34	Label	DEFAULT	LAB_00001b34
00001b44	Label	ANALYSIS	switchD_000019ee::caseD_5
00001b58	Label	DEFAULT	LAB_00001b58
00001b66	Label	DEFAULT	LAB_00001b66
00001b6e	Label	DEFAULT	LAB_00001b6e
00001b70	Label	ANALYSIS	switchD_000019ee::caseD_7
00001bb0	Label	DEFAULT	LAB_00001bb0
00001bb2	Label	DEFAULT	LAB_00001bb2
00001bd0	Label	ANALYSIS	switchD_000019ee::caseD_d
00001bd2	Label	ANALYSIS	switchD_000019ee::caseD_b
00001bd4	Label	ANALYSIS	switchD_000019ee::caseD_a
00001bd6	Label	ANALYSIS	switchD_000019ee::caseD_9
00001bd8	Label	ANALYSIS	switchD_000019ee::caseD_8
00001bda	Label	DEFAULT	LAB_00001bda
00001be4	Label	DEFAULT	LAB_00001be4
00001bea	Label	DEFAULT	LAB_00001bea
00001c02	Label	DEFAULT	LAB_00001c02
00001c08	Label	DEFAULT	LAB_00001c08
00001c1e	Label	DEFAULT	LAB_00001c1e
00001c24	Label	DEFAULT	LAB_00001c24
00001c3a	Label	DEFAULT	LAB_00001c3a
00001c40	Label	DEFAULT	LAB_00001c40
00001c56	Label	DEFAULT	LAB_00001c56
00001c74	Label	DEFAULT	LAB_00001c74
00001c76	Label	DEFAULT	LAB_00001c76
00001c78	Label	DEFAULT	LAB_00001c78
00001c7a	Label	DEFAULT	LAB_00001c7a
00001c7c	Label	DEFAULT	LAB_00001c7c
00001c7e	Label	DEFAULT	LAB_00001c7e
00001c80	Label	DEFAULT	LAB_00001c80
00001c82	Label	DEFAULT	LAB_00001c82
00001c9c	Label	DEFAULT	LAB_00001c9c
00001cb6	Label	DEFAULT	LAB_00001cb6
00001cd0	Label	DEFAULT	LAB_00001cd0
00001cec	Label	DEFAULT	LAB_00001cec
00001d08	Label	DEFAULT	LAB_00001d08
00001d26	Label	DEFAULT	LAB_00001d26
00001d2c	Label	DEFAULT	LAB_00001d2c
00001d4c	Label	DEFAULT	DAT_00001d4c
00001d50	Label	DEFAULT	DAT_00001d50
00001d54	Label	DEFAULT	DAT_00001d54
00001d58	Label	DEFAULT	DAT_00001d58
00001d5c	Label	DEFAULT	DAT_00001d5c
00001d60	Label	DEFAULT	DAT_00001d60
00001d64	Label	DEFAULT	DAT_00001d64
00001d68	Label	DEFAULT	DAT_00001d68
00001d6c	Label	DEFAULT	DAT_00001d6c
00001d70	Label	DEFAULT	DAT_00001d70
00001d74	Label	DEFAULT	PTR_DAT_00001d74
00001d78	Label	DEFAULT	PTR_DAT_00001d78
00001d7c	Label	DEFAULT	DAT_00001d7c
00001d80	Label	DEFAULT	PTR_DAT_00001d80
00001d84	Label	DEFAULT	PTR_DAT_00001d84
00001d88	Label	DEFAULT	PTR_DAT_00001d88
00001d8c	Label	DEFAULT	PTR_DAT_00001d8c
00001d90	Label	DEFAULT	PTR_DAT_00001d90
00001d94	Label	DEFAULT	PTR_DAT_00001d94
00001d98	Label	DEFAULT	DAT_00001d98
00001d9c	Label	DEFAULT	PTR_DAT_00001d9c
00001da0	Label	DEFAULT	PTR_DAT_00001da0
00001da4	Label	DEFAULT	DAT_00001da4
00001da8	Label	DEFAULT	DAT_00001da8
00001dac	Label	DEFAULT	DAT_00001dac
00001db0	Label	DEFAULT	DAT_00001db0
00001db4	Label	DEFAULT	DAT_00001db4
00001db8	Label	DEFAULT	DAT_00001db8
00001dbc	Label	DEFAULT	DAT_00001dbc
00001dc0	Label	DEFAULT	DAT_00001dc0
00001dc4	Label	DEFAULT	DAT_00001dc4
00001dc8	Label	DEFAULT	DAT_00001dc8
00001dcc	Label	DEFAULT	DAT_00001dcc
00001dd0	Label	DEFAULT	DAT_00001dd0
00001dd4	Label	DEFAULT	DAT_00001dd4
00001dd8	Label	DEFAULT	DAT_00001dd8
00001ddc	Label	DEFAULT	DAT_00001ddc
00001de0	Label	DEFAULT	DAT_00001de0
00001de4	Label	DEFAULT	DAT_00001de4
00001de8	Label	DEFAULT	DAT_00001de8
00001dec	Label	DEFAULT	DAT_00001dec
00001df0	Label	DEFAULT	DAT_00001df0
00001df4	Label	DEFAULT	DAT_00001df4
00001df8	Label	DEFAULT	DAT_00001df8
00001dfc	Label	DEFAULT	DAT_00001dfc
00001e00	Label	DEFAULT	DAT_00001e00
00001e04	Label	DEFAULT	DAT_00001e04
00001e08	Label	DEFAULT	LAB_00001e08
00001e26	Label	DEFAULT	LAB_00001e26
00001e66	Label	DEFAULT	LAB_00001e66
00001e68	Label	DEFAULT	LAB_00001e68
00001e86	Label	DEFAULT	LAB_00001e86
00001e90	Label	DEFAULT	LAB_00001e90
00001e96	Label	DEFAULT	LAB_00001e96
00001eae	Label	DEFAULT	LAB_00001eae
00001eb4	Label	DEFAULT	LAB_00001eb4
00001eca	Label	DEFAULT	LAB_00001eca
00001ed0	Label	DEFAULT	LAB_00001ed0
00001ee6	Label	DEFAULT	LAB_00001ee6
00001eec	Label	DEFAULT	LAB_00001eec
00001f02	Label	DEFAULT	LAB_00001f02
00001f08	Label	DEFAULT	LAB_00001f08
00001f1e	Label	DEFAULT	LAB_00001f1e
00001f3a	Label	DEFAULT	LAB_00001f3a
00001f3c	Label	DEFAULT	LAB_00001f3c
00001f3e	Label	DEFAULT	LAB_00001f3e
00001f40	Label	DEFAULT	LAB_00001f40
00001f42	Label	DEFAULT	LAB_00001f42
00001f44	Label	DEFAULT	LAB_00001f44
00001f46	Label	DEFAULT	LAB_00001f46
00001f60	Label	DEFAULT	LAB_00001f60
00001f7a	Label	DEFAULT	LAB_00001f7a
00001f96	Label	DEFAULT	LAB_00001f96
00001fb2	Label	DEFAULT	LAB_00001fb2
00001fd0	Label	DEFAULT	LAB_00001fd0
00001ff4	Label	DEFAULT	LAB_00001ff4
00002000	Label	DEFAULT	LAB_00002000
00002012	Label	DEFAULT	LAB_00002012
0000201a	Label	DEFAULT	LAB_0000201a
0000201c	Label	DEFAULT	LAB_0000201c
0000203a	Label	DEFAULT	LAB_0000203a
0000203c	Label	DEFAULT	LAB_0000203c
00002062	Label	DEFAULT	LAB_00002062
00002064	Label	DEFAULT	LAB_00002064
00002082	Label	DEFAULT	LAB_00002082
0000208c	Label	DEFAULT	LAB_0000208c
00002090	Label	DEFAULT	LAB_00002090
00002098	Label	DEFAULT	LAB_00002098
000020a2	Label	DEFAULT	LAB_000020a2
000020a6	Label	DEFAULT	LAB_000020a6
000020ae	Label	DEFAULT	LAB_000020ae
000020b8	Label	DEFAULT	LAB_000020b8
000020bc	Label	DEFAULT	LAB_000020bc
000020c4	Label	DEFAULT	LAB_000020c4
000020c8	Label	DEFAULT	LAB_000020c8
000020ce	Label	DEFAULT	LAB_000020ce
000020d2	Label	DEFAULT	LAB_000020d2
000020d4	Label	DEFAULT	LAB_000020d4
000020ee	Label	DEFAULT	LAB_000020ee
000020f6	Label	DEFAULT	LAB_000020f6
000020fc	Label	DEFAULT	LAB_000020fc
00002116	Label	DEFAULT	LAB_00002116
00002120	Label	DEFAULT	LAB_00002120
00002132	Label	DEFAULT	LAB_00002132
00002146	Label	DEFAULT	LAB_00002146
0000214c	Label	DEFAULT	LAB_0000214c
00002152	Label	DEFAULT	LAB_00002152
00002162	Label	DEFAULT	LAB_00002162
0000216a	Label	DEFAULT	LAB_0000216a
00002172	Label	DEFAULT	LAB_00002172
0000217c	Label	DEFAULT	LAB_0000217c
0000217e	Label	DEFAULT	LAB_0000217e
00002184	Label	DEFAULT	LAB_00002184
00002188	Label	DEFAULT	LAB_00002188
00002192	Label	DEFAULT	LAB_00002192
000021a0	Label	DEFAULT	DAT_000021a0
000021a4	Label	DEFAULT	DAT_000021a4
000021a8	Label	DEFAULT	DAT_000021a8
000021ac	Label	DEFAULT	PTR_DAT_000021ac
000021b0	Label	DEFAULT	PTR_DAT_000021b0
000021b4	Label	DEFAULT	DAT_000021b4
000021b8	Label	DEFAULT	DAT_000021b8
000021bc	Label	DEFAULT	DAT_000021bc
000021c0	Label	DEFAULT	DAT_000021c0
000021c4	Label	DEFAULT	DAT_000021c4
000021c8	Label	DEFAULT	DAT_000021c8
000021cc	Label	DEFAULT	DAT_000021cc
000021d0	Label	DEFAULT	DAT_000021d0
000021d4	Label	DEFAULT	DAT_000021d4
000021d8	Label	DEFAULT	DAT_000021d8
000021dc	Label	DEFAULT	DAT_000021dc
000021e0	Label	DEFAULT	DAT_000021e0
000021e4	Label	DEFAULT	DAT_000021e4
000021e8	Label	DEFAULT	DAT_000021e8
000021ec	Label	DEFAULT	DAT_000021ec
000021f0	Label	DEFAULT	DAT_000021f0
000021f4	Label	DEFAULT	DAT_000021f4
000021f8	Label	DEFAULT	DAT_000021f8
000021fc	Label	DEFAULT	DAT_000021fc
00002200	Label	DEFAULT	DAT_00002200
00002204	Label	DEFAULT	DAT_00002204
00002208	Label	DEFAULT	DAT_00002208
0000220c	Label	DEFAULT	DAT_0000220c
00002210	Label	DEFAULT	DAT_00002210
00002214	Label	DEFAULT	DAT_00002214
00002218	Label	DEFAULT	DAT_00002218
0000221c	Label	DEFAULT	DAT_0000221c
00002220	Label	DEFAULT	DAT_00002220
00002224	Label	DEFAULT	DAT_00002224
00002228	Label	DEFAULT	PTR_DAT_00002228
0000222c	Label	DEFAULT	PTR_DAT_0000222c
00002230	Label	DEFAULT	PTR_DAT_00002230
00002234	Label	DEFAULT	PTR_DAT_00002234
00002238	Label	DEFAULT	PTR_DAT_00002238
0000223c	Label	DEFAULT	PTR_DAT_0000223c
00002240	Label	DEFAULT	PTR_DAT_00002240
00002244	Label	DEFAULT	PTR_DAT_00002244
00002248	Function	DEFAULT	FUN_00002248
00002278	Label	DEFAULT	LAB_00002278
0000229e	Label	DEFAULT	LAB_0000229e
000022ac	Label	DEFAULT	LAB_000022ac
000022b4	Label	DEFAULT	LAB_000022b4
000022c2	Label	DEFAULT	LAB_000022c2
000022da	Label	DEFAULT	LAB_000022da
000022e4	Label	DEFAULT	LAB_000022e4
00002314	Label	DEFAULT	LAB_00002314
0000231e	Label	DEFAULT	LAB_0000231e
0000232c	Label	DEFAULT	LAB_0000232c
0000233c	Label	DEFAULT	LAB_0000233c
0000233e	Label	DEFAULT	LAB_0000233e
00002352	Label	DEFAULT	LAB_00002352
00002354	Label	DEFAULT	LAB_00002354
00002362	Label	DEFAULT	LAB_00002362
00002372	Label	DEFAULT	LAB_00002372
00002374	Label	DEFAULT	LAB_00002374
00002378	Label	DEFAULT	PTR_DAT_00002378
0000237c	Label	DEFAULT	PTR_DAT_0000237c
00002380	Label	DEFAULT	PTR_DAT_00002380
00002384	Label	DEFAULT	DAT_00002384
00002388	Label	DEFAULT	PTR_DAT_00002388
0000238c	Label	DEFAULT	PTR_DAT_0000238c
00002390	Label	DEFAULT	PTR_DAT_00002390
00002394	Label	DEFAULT	PTR_DAT_00002394
00002398	Label	DEFAULT	DAT_00002398
0000239c	Label	DEFAULT	DAT_0000239c
000023a0	Function	DEFAULT	FUN_000023a0
000023ca	Label	DEFAULT	LAB_000023ca
000023d6	Label	DEFAULT	LAB_000023d6
000023f6	Label	DEFAULT	LAB_000023f6
00002406	Label	DEFAULT	LAB_00002406
00002410	Label	DEFAULT	LAB_00002410
00002420	Label	DEFAULT	LAB_00002420
00002424	Label	DEFAULT	LAB_00002424
00002430	Label	DEFAULT	LAB_00002430
0000244a	Label	DEFAULT	LAB_0000244a
0000245c	Label	DEFAULT	LAB_0000245c
0000246c	Label	DEFAULT	LAB_0000246c
0000247a	Label	DEFAULT	LAB_0000247a
00002484	Label	DEFAULT	LAB_00002484
0000248e	Label	DEFAULT	LAB_0000248e
00002490	Label	DEFAULT	LAB_00002490
000024ae	Label	DEFAULT	LAB_000024ae
000024c2	Label	DEFAULT	LAB_000024c2
000024cc	Label	DEFAULT	LAB_000024cc
000024dc	Label	DEFAULT	LAB_000024dc
000024ea	Label	DEFAULT	LAB_000024ea
000024f4	Label	DEFAULT	LAB_000024f4
000024fe	Label	DEFAULT	LAB_000024fe
00002500	Label	DEFAULT	PTR_DAT_00002500
00002504	Label	DEFAULT	PTR_DAT_00002504
00002508	Label	DEFAULT	PTR_DAT_00002508
0000250c	Label	DEFAULT	DAT_0000250c
00002510	Label	DEFAULT	PTR_DAT_00002510
00002514	Label	DEFAULT	PTR_DAT_00002514
00002518	Label	DEFAULT	PTR_DAT_00002518
0000251c	Label	DEFAULT	PTR_DAT_0000251c
00002520	Function	DEFAULT	FUN_00002520
0000254e	Label	DEFAULT	LAB_0000254e
00002550	Label	DEFAULT	LAB_00002550
00002558	Label	DEFAULT	PTR_DAT_00002558
0000255c	Label	DEFAULT	PTR_DAT_0000255c
00002560	Label	DEFAULT	PTR_DAT_00002560
00002564	Function	DEFAULT	FUN_00002564
0000258e	Label	DEFAULT	LAB_0000258e
0000259e	Label	DEFAULT	LAB_0000259e
000025ba	Label	DEFAULT	LAB_000025ba
000025bc	Label	DEFAULT	LAB_000025bc
000025c8	Label	DEFAULT	PTR_DAT_000025c8
000025cc	Label	DEFAULT	PTR_DAT_000025cc
000025d0	Label	DEFAULT	PTR_DAT_000025d0
000025d4	Label	DEFAULT	DAT_000025d4
000025d8	Function	DEFAULT	FUN_000025d8
00002604	Label	DEFAULT	LAB_00002604
00002606	Label	DEFAULT	LAB_00002606
00002670	Label	DEFAULT	DAT_00002670
00002674	Label	DEFAULT	DAT_00002674
00002678	Label	DEFAULT	DAT_00002678
0000267c	Label	DEFAULT	DAT_0000267c
00002680	Label	DEFAULT	DAT_00002680
00002684	Label	DEFAULT	DAT_00002684
00002688	Label	DEFAULT	DAT_00002688
0000268c	Label	DEFAULT	DAT_0000268c
00002690	Label	DEFAULT	DAT_00002690
00002694	Label	DEFAULT	DAT_00002694
00002698	Label	DEFAULT	DAT_00002698
0000269c	Function	DEFAULT	FUN_0000269c
000026b2	Label	DEFAULT	LAB_000026b2
000026c8	Label	DEFAULT	LAB_000026c8
000026cc	Label	DEFAULT	DAT_000026cc
000026d0	Label	DEFAULT	DAT_000026d0
000026d4	Label	DEFAULT	DAT_000026d4
000026d8	Label	DEFAULT	DAT_000026d8
000026dc	Function	DEFAULT	FUN_000026dc
000026f8	Label	DEFAULT	LAB_000026f8
000026fc	Label	DEFAULT	DAT_000026fc
00002700	Label	DEFAULT	DAT_00002700
00002704	Function	DEFAULT	FUN_00002704
00002718	Label	DEFAULT	LAB_00002718
0000273c	Label	DEFAULT	DAT_0000273c
00002740	Label	DEFAULT	DAT_00002740
00002744	Label	DEFAULT	DAT_00002744
00002748	Function	USER_DEFINED	rgb_effect_dispatch
00002766	Label	ANALYSIS	switchD_00002766::switchD
00002766	Label	USER_DEFINED	rgb_effect_dispatch::override::jmp_00002766::switch
00002768	Label	ANALYSIS	switchD_00002766::switchdataD_00002768
00002778	Label	ANALYSIS	switchD_00002766::caseD_1
00002778	Label	USER_DEFINED	rgb_effect_dispatch::override::jmp_00002766::case_1
00002782	Label	ANALYSIS	switchD_00002766::caseD_0
00002782	Label	USER_DEFINED	rgb_effect_dispatch::override::jmp_00002766::case_0
00002784	Label	ANALYSIS	switchD_00002766::caseD_2
00002784	Label	USER_DEFINED	rgb_effect_dispatch::override::jmp_00002766::case_2
0000278a	Label	ANALYSIS	switchD_00002766::caseD_3
0000278a	Label	USER_DEFINED	rgb_effect_dispatch::override::jmp_00002766::case_3
0000278e	Label	ANALYSIS	switchD_00002766::caseD_4
0000278e	Label	USER_DEFINED	rgb_effect_dispatch::override::jmp_00002766::case_4
00002790	Label	DEFAULT	LAB_00002790
00002796	Label	ANALYSIS	switchD_00002766::caseD_5
00002796	Label	USER_DEFINED	rgb_effect_dispatch::override::jmp_00002766::case_5
0000279c	Label	ANALYSIS	switchD_00002766::caseD_6
0000279c	Label	USER_DEFINED	rgb_effect_dispatch::override::jmp_00002766::case_6
000027a2	Label	ANALYSIS	switchD_00002766::caseD_7
000027a2	Label	USER_DEFINED	rgb_effect_dispatch::override::jmp_00002766::case_7
000027a8	Label	ANALYSIS	switchD_00002766::caseD_8
000027a8	Label	USER_DEFINED	rgb_effect_dispatch::override::jmp_00002766::case_8
000027ae	Label	ANALYSIS	switchD_00002766::caseD_d
000027ae	Label	USER_DEFINED	rgb_effect_dispatch::override::jmp_00002766::case_13
000027b4	Label	ANALYSIS	switchD_00002766::caseD_e
000027b4	Label	USER_DEFINED	rgb_effect_dispatch::override::jmp_00002766::case_14
000027ba	Label	ANALYSIS	switchD_00002766::caseD_9
000027ba	Label	USER_DEFINED	rgb_effect_dispatch::override::jmp_00002766::case_9
000027c0	Label	ANALYSIS	switchD_00002766::caseD_a
000027c0	Label	USER_DEFINED	rgb_effect_dispatch::override::jmp_00002766::case_10
000027c6	Label	ANALYSIS	switchD_00002766::caseD_b
000027c6	Label	USER_DEFINED	rgb_effect_dispatch::override::jmp_00002766::case_11
000027cc	Label	ANALYSIS	switchD_00002766::caseD_c
000027cc	Label	USER_DEFINED	rgb_effect_dispatch::override::jmp_00002766::case_12
000027d4	Label	DEFAULT	DAT_000027d4
000027d8	Label	DEFAULT	DAT_000027d8
000027dc	Function	DEFAULT	FUN_000027dc
00002832	Label	DEFAULT	LAB_00002832
00002834	Label	DEFAULT	LAB_00002834
00002844	Label	DEFAULT	LAB_00002844
0000284a	Label	DEFAULT	LAB_0000284a
0000284e	Label	DEFAULT	LAB_0000284e
0000285e	Label	DEFAULT	LAB_0000285e
00002866	Label	DEFAULT	LAB_00002866
0000287e	Label	DEFAULT	LAB_0000287e
00002890	Label	DEFAULT	LAB_00002890
00002894	Label	DEFAULT	LAB_00002894
00002898	Label	DEFAULT	LAB_00002898
0000289c	Label	DEFAULT	LAB_0000289c
000028a2	Label	DEFAULT	LAB_000028a2
000028aa	Label	DEFAULT	LAB_000028aa
000028c0	Label	DEFAULT	LAB_000028c0
000028ca	Label	DEFAULT	LAB_000028ca
000028ce	Label	DEFAULT	LAB_000028ce
000028d4	Label	DEFAULT	LAB_000028d4
000028e4	Label	DEFAULT	LAB_000028e4
000028ea	Label	DEFAULT	LAB_000028ea
000028f4	Label	DEFAULT	LAB_000028f4
00002914	Label	DEFAULT	DAT_00002914
00002918	Label	DEFAULT	DAT_00002918
0000291c	Label	DEFAULT	DAT_0000291c
00002920	Label	DEFAULT	DAT_00002920
00002924	Label	DEFAULT	DAT_00002924
00002928	Label	DEFAULT	DAT_00002928
0000292c	Label	DEFAULT	DAT_0000292c
00002930	Label	DEFAULT	DAT_00002930
00002934	Label	DEFAULT	DAT_00002934
00002938	Label	DEFAULT	DAT_00002938
0000293c	Label	DEFAULT	DAT_0000293c
00002940	Label	DEFAULT	DAT_00002940
00002944	Label	DEFAULT	DAT_00002944
00002948	Label	DEFAULT	DAT_00002948
0000294c	Function	DEFAULT	FUN_0000294c
0000296c	Label	DEFAULT	LAB_0000296c
0000296e	Label	DEFAULT	LAB_0000296e
00002974	Label	DEFAULT	LAB_00002974
0000297c	Label	DEFAULT	DAT_0000297c
00002980	Label	DEFAULT	DAT_00002980
00002984	Label	DEFAULT	DAT_00002984
00002988	Function	DEFAULT	FUN_00002988
000029b0	Label	DEFAULT	LAB_000029b0
000029ca	Label	DEFAULT	LAB_000029ca
000029d2	Label	DEFAULT	LAB_000029d2
000029d6	Label	DEFAULT	LAB_000029d6
000029e4	Label	DEFAULT	LAB_000029e4
000029f2	Label	DEFAULT	LAB_000029f2
000029f4	Label	DEFAULT	LAB_000029f4
000029f8	Label	DEFAULT	DAT_000029f8
000029fc	Label	DEFAULT	DAT_000029fc
00002a00	Label	DEFAULT	DAT_00002a00
00002a04	Label	DEFAULT	DAT_00002a04
00002a08	Label	DEFAULT	DAT_00002a08
00002a0c	Function	DEFAULT	FUN_00002a0c
00002a38	Label	DEFAULT	DAT_00002a38
00002a3c	Label	DEFAULT	DAT_00002a3c
00002a40	Label	DEFAULT	DAT_00002a40
00002a44	Function	DEFAULT	FUN_00002a44
00002a5a	Label	DEFAULT	LAB_00002a5a
00002a5c	Label	DEFAULT	LAB_00002a5c
00002a74	Label	DEFAULT	DAT_00002a74
00002a78	Label	DEFAULT	DAT_00002a78
00002a7c	Label	DEFAULT	DAT_00002a7c
00002a80	Function	DEFAULT	FUN_00002a80
00002a9e	Label	DEFAULT	LAB_00002a9e
00002ab4	Label	DEFAULT	LAB_00002ab4
00002ace	Label	DEFAULT	LAB_00002ace
00002ae4	Label	DEFAULT	LAB_00002ae4
00002afa	Label	DEFAULT	LAB_00002afa
00002b06	Label	DEFAULT	LAB_00002b06
00002b14	Label	DEFAULT	DAT_00002b14
00002b18	Label	DEFAULT	DAT_00002b18
00002b1c	Label	DEFAULT	DAT_00002b1c
00002b20	Label	DEFAULT	DAT_00002b20
00002b24	Label	DEFAULT	DAT_00002b24
00002b28	Function	DEFAULT	FUN_00002b28
00002b46	Label	DEFAULT	LAB_00002b46
00002b48	Label	DEFAULT	DAT_00002b48
00002b4c	Function	DEFAULT	FUN_00002b4c
00002bd0	Label	DEFAULT	LAB_00002bd0
00002bf8	Label	DEFAULT	LAB_00002bf8
00002bfa	Label	DEFAULT	LAB_00002bfa
00002bfe	Label	DEFAULT	LAB_00002bfe
00002c1e	Label	DEFAULT	LAB_00002c1e
00002c24	Label	DEFAULT	LAB_00002c24
00002c2a	Label	DEFAULT	LAB_00002c2a
00002c42	Label	DEFAULT	LAB_00002c42
00002c48	Label	DEFAULT	LAB_00002c48
00002c4a	Label	DEFAULT	LAB_00002c4a
00002c4e	Label	DEFAULT	LAB_00002c4e
00002c5e	Label	DEFAULT	LAB_00002c5e
00002c66	Label	DEFAULT	LAB_00002c66
00002c74	Label	DEFAULT	DAT_00002c74
00002c78	Label	DEFAULT	DAT_00002c78
00002c7c	Label	DEFAULT	DAT_00002c7c
00002c80	Label	DEFAULT	DAT_00002c80
00002c84	Label	DEFAULT	DAT_00002c84
00002c88	Label	DEFAULT	DAT_00002c88
00002c8c	Label	DEFAULT	DAT_00002c8c
00002c90	Label	DEFAULT	DAT_00002c90
00002c94	Label	DEFAULT	DAT_00002c94
00002c98	Label	DEFAULT	DAT_00002c98
00002c9c	Label	DEFAULT	DAT_00002c9c
00002ca0	Label	DEFAULT	DAT_00002ca0
00002ca4	Function	DEFAULT	FUN_00002ca4
00002ce8	Label	DEFAULT	DAT_00002ce8
00002cec	Label	DEFAULT	DAT_00002cec
00002cf0	Label	DEFAULT	DAT_00002cf0
00002cf4	Label	DEFAULT	DAT_00002cf4
00002cf8	Function	DEFAULT	FUN_00002cf8
00002d08	Function	DEFAULT	FUN_00002d08
00002d28	Label	DEFAULT	DAT_00002d28
00002d2c	Function	DEFAULT	FUN_00002d2c
00002d40	Label	DEFAULT	LAB_00002d40
00002d4e	Label	DEFAULT	LAB_00002d4e
00002d50	Label	DEFAULT	DAT_00002d50
00002d54	Label	DEFAULT	DAT_00002d54
00002d58	Label	DEFAULT	DAT_00002d58
00002d5c	Function	DEFAULT	FUN_00002d5c
00002d8c	Label	DEFAULT	LAB_00002d8c
00002d9a	Label	DEFAULT	LAB_00002d9a
00002da8	Label	DEFAULT	LAB_00002da8
00002db6	Label	DEFAULT	LAB_00002db6
00002dc0	Label	DEFAULT	DAT_00002dc0
00002dc4	Label	DEFAULT	DAT_00002dc4
00002dc8	Label	DEFAULT	DAT_00002dc8
00002dcc	Label	DEFAULT	DAT_00002dcc
00002dd0	Label	DEFAULT	DAT_00002dd0
00002dd4	Label	DEFAULT	DAT_00002dd4
00002dd8	Label	DEFAULT	DAT_00002dd8
00002ddc	Function	DEFAULT	FUN_00002ddc
00002e06	Label	DEFAULT	LAB_00002e06
00002e0c	Label	DEFAULT	LAB_00002e0c
00002e2c	Label	DEFAULT	LAB_00002e2c
00002e4a	Label	DEFAULT	LAB_00002e4a
00002e50	Label	DEFAULT	LAB_00002e50
00002e92	Label	DEFAULT	LAB_00002e92
00002ea6	Label	DEFAULT	LAB_00002ea6
00002eac	Label	DEFAULT	LAB_00002eac
00002eb4	Label	DEFAULT	LAB_00002eb4
00002eba	Label	DEFAULT	LAB_00002eba
00002ebe	Label	DEFAULT	LAB_00002ebe
00002ec0	Label	DEFAULT	LAB_00002ec0
00002ec4	Label	DEFAULT	LAB_00002ec4
00002ed0	Label	DEFAULT	LAB_00002ed0
00002ed6	Label	DEFAULT	LAB_00002ed6
00002ed8	Label	DEFAULT	LAB_00002ed8
00002ede	Label	DEFAULT	LAB_00002ede
00002ee4	Label	DEFAULT	LAB_00002ee4
00002ef6	Label	DEFAULT	LAB_00002ef6
00002efa	Label	DEFAULT	LAB_00002efa
00002f1a	Label	DEFAULT	LAB_00002f1a
00002f1c	Label	DEFAULT	DAT_00002f1c
00002f20	Label	DEFAULT	DAT_00002f20
00002f24	Label	DEFAULT	DAT_00002f24
00002f28	Label	DEFAULT	DAT_00002f28
00002f2c	Function	DEFAULT	FUN_00002f2c
00002f4a	Label	DEFAULT	LAB_00002f4a
00002f5e	Label	DEFAULT	LAB_00002f5e
00002f66	Label	DEFAULT	LAB_00002f66
00002f7e	Label	DEFAULT	LAB_00002f7e
00002f8e	Label	DEFAULT	LAB_00002f8e
00002fac	Label	DEFAULT	LAB_00002fac
00002fd0	Label	DEFAULT	LAB_00002fd0
00002fe2	Label	DEFAULT	LAB_00002fe2
00002fe6	Label	DEFAULT	LAB_00002fe6
00002fec	Label	DEFAULT	DAT_00002fec
00002ff0	Label	DEFAULT	DAT_00002ff0
00002ff4	Label	DEFAULT	DAT_00002ff4
00002ff8	Function	DEFAULT	FUN_00002ff8
00003010	Function	USER_DEFINED	uart_send_staged_bytes
00003024	Label	DEFAULT	LAB_00003024
00003026	Label	DEFAULT	LAB_00003026
00003036	Label	DEFAULT	LAB_00003036
0000303c	Label	DEFAULT	DAT_0000303c
00003040	Label	DEFAULT	DAT_00003040
00003044	Label	DEFAULT	DAT_00003044
00003048	Label	DEFAULT	DAT_00003048
0000304c	Function	DEFAULT	FUN_0000304c
00003072	Label	DEFAULT	LAB_00003072
00003080	Label	DEFAULT	DAT_00003080
00003084	Label	DEFAULT	DAT_00003084
00003088	Label	DEFAULT	DAT_00003088
0000308c	Function	DEFAULT	FUN_0000308c
000030ae	Label	ANALYSIS	switchD_000030ae::switchD
000030ae	Label	USER_DEFINED	FUN_0000308c::override::jmp_000030ae::switch
000030b0	Label	ANALYSIS	switchD_000030ae::switchdataD_000030b0
000030b6	Label	ANALYSIS	switchD_000030ae::caseD_1
000030b6	Label	USER_DEFINED	FUN_0000308c::override::jmp_000030ae::case_1
000030d0	Label	ANALYSIS	switchD_000030ae::caseD_0
000030d0	Label	USER_DEFINED	FUN_0000308c::override::jmp_000030ae::case_0
000030d2	Label	DEFAULT	LAB_000030d2
000030e6	Label	DEFAULT	LAB_000030e6
000030ea	Label	ANALYSIS	switchD_000030ae::caseD_2
000030ea	Label	USER_DEFINED	FUN_0000308c::override::jmp_000030ae::case_2
000030fc	Label	DEFAULT	LAB_000030fc
00003104	Label	DEFAULT	LAB_00003104
00003106	Label	DEFAULT	LAB_00003106
00003112	Label	DEFAULT	LAB_00003112
00003116	Label	ANALYSIS	switchD_000030ae::caseD_3
00003116	Label	USER_DEFINED	FUN_0000308c::override::jmp_000030ae::case_3
00003128	Label	DEFAULT	LAB_00003128
00003132	Label	DEFAULT	LAB_00003132
00003142	Label	DEFAULT	LAB_00003142
00003148	Label	DEFAULT	LAB_00003148
0000314a	Label	ANALYSIS	switchD_000030ae::caseD_4
0000314a	Label	USER_DEFINED	FUN_0000308c::override::jmp_000030ae::case_4
00003162	Label	DEFAULT	LAB_00003162
00003174	Label	DEFAULT	LAB_00003174
00003178	Label	DEFAULT	LAB_00003178
00003186	Label	DEFAULT	LAB_00003186
0000318a	Label	ANALYSIS	switchD_000030ae::caseD_5
0000318a	Label	USER_DEFINED	FUN_0000308c::override::jmp_000030ae::case_5
000031a2	Label	DEFAULT	LAB_000031a2
000031ae	Label	DEFAULT	LAB_000031ae
000031b2	Label	DEFAULT	LAB_000031b2
000031c2	Label	DEFAULT	LAB_000031c2
000031c4	Label	DEFAULT	LAB_000031c4
000031c6	Label	DEFAULT	LAB_000031c6
000031cc	Label	DEFAULT	DAT_000031cc
000031d0	Label	DEFAULT	DAT_000031d0
000031d4	Function	USER_DEFINED	ble_report_queue_service
000031fc	Label	DEFAULT	LAB_000031fc
0000321a	Label	DEFAULT	LAB_0000321a
0000322e	Label	DEFAULT	LAB_0000322e
00003234	Label	DEFAULT	LAB_00003234
00003236	Label	DEFAULT	LAB_00003236
0000324a	Label	DEFAULT	LAB_0000324a
0000324e	Label	DEFAULT	LAB_0000324e
00003250	Label	DEFAULT	LAB_00003250
0000325c	Label	DEFAULT	LAB_0000325c
00003262	Label	DEFAULT	LAB_00003262
00003266	Label	DEFAULT	LAB_00003266
0000327a	Label	DEFAULT	LAB_0000327a
00003282	Label	DEFAULT	LAB_00003282
00003288	Label	DEFAULT	LAB_00003288
0000328c	Label	DEFAULT	DAT_0000328c
00003290	Label	DEFAULT	DAT_00003290
00003294	Label	DEFAULT	DAT_00003294
00003298	Label	DEFAULT	DAT_00003298
0000329c	Function	USER_DEFINED	ble_key_event
000032fc	Label	DEFAULT	LAB_000032fc
00003328	Label	DEFAULT	LAB_00003328
00003342	Label	DEFAULT	LAB_00003342
00003350	Label	DEFAULT	LAB_00003350
00003354	Label	DEFAULT	LAB_00003354
00003358	Label	DEFAULT	LAB_00003358
00003370	Label	DEFAULT	LAB_00003370
00003374	Label	DEFAULT	LAB_00003374
00003380	Label	DEFAULT	LAB_00003380
000033ac	Label	DEFAULT	LAB_000033ac
000033b4	Label	DEFAULT	LAB_000033b4
000033b8	Label	DEFAULT	LAB_000033b8
000033bc	Label	DEFAULT	LAB_000033bc
000033ec	Label	DEFAULT	LAB_000033ec
000033ee	Label	DEFAULT	LAB_000033ee
000033fa	Label	DEFAULT	LAB_000033fa
00003424	Label	DEFAULT	LAB_00003424
00003428	Label	DEFAULT	LAB_00003428
00003440	Label	DEFAULT	LAB_00003440
0000345c	Label	DEFAULT	LAB_0000345c
00003468	Label	DEFAULT	LAB_00003468
0000346c	Label	DEFAULT	LAB_0000346c
00003470	Label	DEFAULT	LAB_00003470
00003486	Label	DEFAULT	LAB_00003486
000034c6	Label	DEFAULT	LAB_000034c6
000034d8	Label	DEFAULT	LAB_000034d8
000034ea	Label	DEFAULT	LAB_000034ea
000034f0	Label	DEFAULT	LAB_000034f0
000034f4	Label	DEFAULT	LAB_000034f4
000034f8	Label	DEFAULT	LAB_000034f8
00003508	Label	DEFAULT	LAB_00003508
0000350e	Label	DEFAULT	LAB_0000350e
00003522	Label	DEFAULT	LAB_00003522
00003530	Label	DEFAULT	LAB_00003530
00003534	Label	DEFAULT	LAB_00003534
0000354a	Label	DEFAULT	LAB_0000354a
00003552	Label	DEFAULT	LAB_00003552
00003566	Label	DEFAULT	LAB_00003566
0000356c	Label	DEFAULT	LAB_0000356c
00003578	Label	DEFAULT	LAB_00003578
000035a2	Label	DEFAULT	LAB_000035a2
000035bc	Label	DEFAULT	LAB_000035bc
000035cc	Label	DEFAULT	LAB_000035cc
000035d0	Label	DEFAULT	LAB_000035d0
000035d4	Label	DEFAULT	LAB_000035d4
000035dc	Label	DEFAULT	LAB_000035dc
000035f0	Label	DEFAULT	LAB_000035f0
000035fe	Label	DEFAULT	LAB_000035fe
00003602	Label	DEFAULT	LAB_00003602
0000360a	Label	DEFAULT	LAB_0000360a
00003612	Label	DEFAULT	LAB_00003612
00003616	Label	DEFAULT	LAB_00003616
00003622	Label	DEFAULT	LAB_00003622
0000362e	Label	DEFAULT	LAB_0000362e
00003652	Label	DEFAULT	LAB_00003652
00003658	Label	DEFAULT	LAB_00003658
0000365c	Label	DEFAULT	LAB_0000365c
00003686	Label	DEFAULT	LAB_00003686
0000368e	Label	DEFAULT	LAB_0000368e
00003692	Label	DEFAULT	LAB_00003692
00003698	Label	DEFAULT	DAT_00003698
0000369c	Label	DEFAULT	DAT_0000369c
000036a0	Label	DEFAULT	DAT_000036a0
000036a4	Label	DEFAULT	DAT_000036a4
000036a8	Label	DEFAULT	DAT_000036a8
000036ac	Label	DEFAULT	DAT_000036ac
000036b0	Label	DEFAULT	DAT_000036b0
000036b4	Label	DEFAULT	DAT_000036b4
000036b8	Label	DEFAULT	DAT_000036b8
000036bc	Label	DEFAULT	DAT_000036bc
000036c0	Label	DEFAULT	DAT_000036c0
000036c4	Label	DEFAULT	DAT_000036c4
000036c8	Label	DEFAULT	DAT_000036c8
000036cc	Label	DEFAULT	DAT_000036cc
000036d0	Label	DEFAULT	DAT_000036d0
000036d4	Label	DEFAULT	DAT_000036d4
000036d8	Label	DEFAULT	DAT_000036d8
000036dc	Label	DEFAULT	DAT_000036dc
000036e0	Label	DEFAULT	LAB_000036e0
000036fe	Label	DEFAULT	LAB_000036fe
0000370a	Label	DEFAULT	LAB_0000370a
0000370c	Label	DEFAULT	LAB_0000370c
00003710	Label	DEFAULT	LAB_00003710
00003714	Label	DEFAULT	LAB_00003714
0000373c	Label	DEFAULT	LAB_0000373c
00003748	Label	DEFAULT	LAB_00003748
00003754	Label	DEFAULT	DAT_00003754
00003758	Label	DEFAULT	DAT_00003758
0000375c	Label	DEFAULT	DAT_0000375c
00003760	Label	DEFAULT	DAT_00003760
00003764	Label	DEFAULT	DAT_00003764
00003768	Function	DEFAULT	FUN_00003768
0000377e	Label	DEFAULT	LAB_0000377e
0000379c	Label	DEFAULT	LAB_0000379c
0000379e	Label	DEFAULT	LAB_0000379e
000037b0	Label	DEFAULT	DAT_000037b0
000037b4	Label	DEFAULT	DAT_000037b4
000037b8	Label	DEFAULT	DAT_000037b8
000037bc	Label	DEFAULT	DAT_000037bc
000037c0	Label	DEFAULT	DAT_000037c0
000037c4	Function	DEFAULT	FUN_000037c4
000037f4	Label	DEFAULT	LAB_000037f4
00003808	Label	DEFAULT	LAB_00003808
0000381c	Label	DEFAULT	LAB_0000381c
00003828	Label	DEFAULT	LAB_00003828
0000383c	Label	DEFAULT	LAB_0000383c
0000383e	Label	DEFAULT	LAB_0000383e
0000384c	Label	DEFAULT	LAB_0000384c
0000385a	Label	DEFAULT	LAB_0000385a
00003864	Label	DEFAULT	LAB_00003864
00003872	Label	DEFAULT	LAB_00003872
0000387c	Label	DEFAULT	LAB_0000387c
0000388c	Label	DEFAULT	DAT_0000388c
00003890	Label	DEFAULT	DAT_00003890
00003894	Label	DEFAULT	DAT_00003894
00003898	Function	USER_DEFINED	CLK_DisableModuleClock
000038b0	Label	DEFAULT	DAT_000038b0
000038b4	Function	USER_DEFINED	CLK_EnableModuleClock
000038cc	Label	DEFAULT	DAT_000038cc
000038d0	Function	DEFAULT	FUN_000038d0
000038dc	Label	DEFAULT	DAT_000038dc
000038e0	Function	DEFAULT	FUN_000038e0
000038f4	Label	DEFAULT	LAB_000038f4
000038f6	Label	DEFAULT	LAB_000038f6
000038fe	Label	DEFAULT	LAB_000038fe
00003900	Label	DEFAULT	LAB_00003900
00003928	Label	DEFAULT	DAT_00003928
0000392c	Label	DEFAULT	DAT_0000392c
00003930	Label	DEFAULT	DAT_00003930
00003934	Label	DEFAULT	DAT_00003934
00003938	Function	USER_DEFINED	CLK_SetModuleClock
00003988	Label	DEFAULT	LAB_00003988
0000399c	Label	DEFAULT	LAB_0000399c
000039be	Label	DEFAULT	LAB_000039be
000039c4	Label	DEFAULT	DAT_000039c4
000039c8	Label	DEFAULT	DAT_000039c8
000039cc	Label	DEFAULT	DAT_000039cc
000039d0	Label	DEFAULT	DAT_000039d0
000039d4	Label	DEFAULT	DAT_000039d4
000039d8	Label	DEFAULT	DAT_000039d8
000039dc	Function	DEFAULT	FUN_000039dc
000039ec	Label	DEFAULT	DAT_000039ec
000039f0	Function	DEFAULT	FUN_000039f0
00003a02	Label	DEFAULT	LAB_00003a02
00003a0e	Label	DEFAULT	LAB_00003a0e
00003a12	Label	DEFAULT	LAB_00003a12
00003a28	Label	DEFAULT	LAB_00003a28
00003a30	Label	DEFAULT	LAB_00003a30
00003a3c	Label	DEFAULT	LAB_00003a3c
00003a40	Label	DEFAULT	DAT_00003a40
00003a44	Label	DEFAULT	DAT_00003a44
00003a48	Label	DEFAULT	DAT_00003a48
00003a4c	Function	DEFAULT	FUN_00003a4c
00003a60	Label	DEFAULT	LAB_00003a60
00003a62	Label	DEFAULT	LAB_00003a62
00003a7c	Label	DEFAULT	DAT_00003a7c
00003a80	Label	DEFAULT	DAT_00003a80
00003a84	Function	DEFAULT	FUN_00003a84
00003aae	Label	DEFAULT	LAB_00003aae
00003ab4	Label	DEFAULT	LAB_00003ab4
00003ab6	Label	DEFAULT	LAB_00003ab6
00003ab8	Label	DEFAULT	LAB_00003ab8
00003b0c	Label	DEFAULT	LAB_00003b0c
00003b10	Label	DEFAULT	LAB_00003b10
00003b48	Label	DEFAULT	DAT_00003b48
00003b4c	Label	DEFAULT	DAT_00003b4c
00003b50	Label	DEFAULT	DAT_00003b50
00003b54	Label	DEFAULT	DAT_00003b54
00003b58	Label	DEFAULT	DAT_00003b58
00003b5c	Label	DEFAULT	DAT_00003b5c
00003b60	Label	DEFAULT	DAT_00003b60
00003b64	Label	DEFAULT	DAT_00003b64
00003b68	Label	DEFAULT	DAT_00003b68
00003b6c	Label	DEFAULT	DAT_00003b6c
00003b70	Label	DEFAULT	DAT_00003b70
00003b74	Label	DEFAULT	DAT_00003b74
00003b78	Function	DEFAULT	FUN_00003b78
00003b9a	Label	DEFAULT	LAB_00003b9a
00003b9c	Label	DEFAULT	LAB_00003b9c
00003ba0	Label	DEFAULT	LAB_00003ba0
00003bd4	Label	DEFAULT	DAT_00003bd4
00003bd8	Label	DEFAULT	DAT_00003bd8
00003bdc	Label	DEFAULT	DAT_00003bdc
00003be0	Function	DEFAULT	FUN_00003be0
00003c2e	Label	DEFAULT	LAB_00003c2e
00003c40	Label	DEFAULT	DAT_00003c40
00003c44	Label	DEFAULT	DAT_00003c44
00003c48	Label	DEFAULT	DAT_00003c48
00003c4c	Function	DEFAULT	FUN_00003c4c
00003c70	Label	DEFAULT	LAB_00003c70
00003c78	Label	DEFAULT	LAB_00003c78
00003c7a	Label	DEFAULT	LAB_00003c7a
00003c84	Function	DEFAULT	FUN_00003c84
00003c98	Label	DEFAULT	LAB_00003c98
00003c9e	Label	DEFAULT	LAB_00003c9e
00003ca0	Label	DEFAULT	LAB_00003ca0
00003ca2	Label	DEFAULT	LAB_00003ca2
00003cc2	Label	DEFAULT	LAB_00003cc2
00003cc6	Label	DEFAULT	LAB_00003cc6
00003cfa	Label	DEFAULT	LAB_00003cfa
00003cfe	Label	DEFAULT	LAB_00003cfe
00003d04	Label	DEFAULT	DAT_00003d04
00003d08	Label	DEFAULT	DAT_00003d08
00003d0c	Label	DEFAULT	DAT_00003d0c
00003d10	Label	DEFAULT	DAT_00003d10
00003d14	Label	DEFAULT	DAT_00003d14
00003d18	Label	DEFAULT	DAT_00003d18
00003d1c	Function	DEFAULT	FUN_00003d1c
00003d30	Label	DEFAULT	LAB_00003d30
00003d32	Label	DEFAULT	LAB_00003d32
00003d34	Label	DEFAULT	LAB_00003d34
00003d4a	Label	DEFAULT	LAB_00003d4a
00003d68	Label	DEFAULT	DAT_00003d68
00003d6c	Label	DEFAULT	DAT_00003d6c
00003d70	Label	DEFAULT	DAT_00003d70
00003d74	Label	DEFAULT	DAT_00003d74
00003d78	Function	DEFAULT	FUN_00003d78
00003d94	Label	DEFAULT	LAB_00003d94
00003d9e	Label	DEFAULT	LAB_00003d9e
00003dca	Label	DEFAULT	LAB_00003dca
00003dce	Label	DEFAULT	LAB_00003dce
00003df0	Label	DEFAULT	LAB_00003df0
00003df2	Label	DEFAULT	LAB_00003df2
00003e0a	Label	DEFAULT	LAB_00003e0a
00003e0c	Label	DEFAULT	DAT_00003e0c
00003e10	Label	DEFAULT	DAT_00003e10
00003e14	Label	DEFAULT	DAT_00003e14
00003e18	Label	DEFAULT	DAT_00003e18
00003e1c	Label	DEFAULT	DAT_00003e1c
00003e20	Function	DEFAULT	FUN_00003e20
00003e34	Label	DEFAULT	LAB_00003e34
00003e80	Label	DEFAULT	LAB_00003e80
00003e86	Label	DEFAULT	LAB_00003e86
00003ea0	Label	DEFAULT	LAB_00003ea0
00003ea8	Label	DEFAULT	LAB_00003ea8
00003eba	Label	DEFAULT	LAB_00003eba
00003ebe	Label	DEFAULT	LAB_00003ebe
00003ed8	Label	DEFAULT	DAT_00003ed8
00003edc	Label	DEFAULT	DAT_00003edc
00003ee0	Label	DEFAULT	DAT_00003ee0
00003ee4	Label	DEFAULT	DAT_00003ee4
00003ee8	Label	DEFAULT	DAT_00003ee8
00003eec	Label	DEFAULT	DAT_00003eec
00003ef0	Function	DEFAULT	FUN_00003ef0
00003f18	Label	DEFAULT	LAB_00003f18
00003f24	Label	DEFAULT	LAB_00003f24
00003f54	Label	DEFAULT	LAB_00003f54
00003f5a	Label	DEFAULT	LAB_00003f5a
00003f74	Label	DEFAULT	LAB_00003f74
00003f9a	Label	DEFAULT	LAB_00003f9a
00003f9e	Label	DEFAULT	LAB_00003f9e
00003fa0	Label	DEFAULT	LAB_00003fa0
00003fa2	Label	DEFAULT	LAB_00003fa2
00003fa6	Label	DEFAULT	LAB_00003fa6
00003fb4	Label	DEFAULT	LAB_00003fb4
00003fb8	Label	DEFAULT	LAB_00003fb8
00003fbc	Label	DEFAULT	DAT_00003fbc
00003fc0	Label	DEFAULT	DAT_00003fc0
00003fc4	Label	DEFAULT	DAT_00003fc4
00003fc8	Label	DEFAULT	DAT_00003fc8
00003fcc	Label	DEFAULT	DAT_00003fcc
00003fd0	Label	DEFAULT	DAT_00003fd0
00003fd4	Function	DEFAULT	FUN_00003fd4
00003fec	Label	DEFAULT	LAB_00003fec
00003ff4	Label	DEFAULT	LAB_00003ff4
00004018	Label	DEFAULT	DAT_00004018
0000401c	Label	DEFAULT	DAT_0000401c
00004020	Label	DEFAULT	DAT_00004020
00004024	Function	DEFAULT	FUN_00004024
0000402c	Label	DEFAULT	LAB_0000402c
00004050	Label	DEFAULT	LAB_00004050
00004054	Function	USER_DEFINED	delay_ms
00004062	Label	DEFAULT	LAB_00004062
00004078	Label	DEFAULT	LAB_00004078
0000408a	Label	DEFAULT	LAB_0000408a
0000408c	Label	DEFAULT	DAT_0000408c
00004090	Label	DEFAULT	DAT_00004090
00004094	Function	USER_DEFINED	delay_us
000040aa	Label	DEFAULT	LAB_000040aa
000040b4	Label	DEFAULT	DAT_000040b4
000040b8	Label	DEFAULT	DAT_000040b8
000040bc	Function	DEFAULT	FUN_000040bc
000040f8	Label	DEFAULT	LAB_000040f8
00004108	Label	DEFAULT	LAB_00004108
00004112	Label	DEFAULT	LAB_00004112
00004114	Label	DEFAULT	LAB_00004114
00004134	Label	DEFAULT	DAT_00004134
00004138	Label	DEFAULT	DAT_00004138
0000413c	Label	DEFAULT	DAT_0000413c
00004140	Function	DEFAULT	FUN_00004140
00004160	Label	DEFAULT	LAB_00004160
00004174	Label	DEFAULT	LAB_00004174
00004182	Label	DEFAULT	LAB_00004182
00004186	Label	DEFAULT	LAB_00004186
0000419c	Label	DEFAULT	LAB_0000419c
000041b2	Label	DEFAULT	LAB_000041b2
000041bc	Label	DEFAULT	LAB_000041bc
00004200	Label	DEFAULT	DAT_00004200
00004204	Label	DEFAULT	DAT_00004204
00004208	Label	DEFAULT	DAT_00004208
0000420c	Label	DEFAULT	DAT_0000420c
00004210	Function	USER_DEFINED	eeprom_write_block
00004242	Label	DEFAULT	LAB_00004242
00004246	Label	DEFAULT	LAB_00004246
0000426e	Label	DEFAULT	LAB_0000426e
00004276	Label	DEFAULT	LAB_00004276
00004296	Label	DEFAULT	LAB_00004296
000042b2	Label	DEFAULT	LAB_000042b2
000042bc	Label	DEFAULT	LAB_000042bc
000042c4	Function	USER_DEFINED	eeprom_write_page
000042f4	Label	DEFAULT	LAB_000042f4
00004306	Label	DEFAULT	LAB_00004306
00004314	Label	DEFAULT	LAB_00004314
00004318	Label	DEFAULT	DAT_00004318
0000431c	Function	USER_DEFINED	eeprom_read_block
0000432a	Label	DEFAULT	LAB_0000432a
0000435c	Label	DEFAULT	LAB_0000435c
00004364	Label	DEFAULT	LAB_00004364
00004370	Label	DEFAULT	LAB_00004370
00004380	Label	DEFAULT	LAB_00004380
0000439c	Label	DEFAULT	LAB_0000439c
000043a0	Label	DEFAULT	DAT_000043a0
000043a4	Function	USER_DEFINED	eeprom_read_u8
000043d8	Label	DEFAULT	LAB_000043d8
000043e0	Label	DEFAULT	LAB_000043e0
000043ec	Label	DEFAULT	LAB_000043ec
000043fc	Label	DEFAULT	LAB_000043fc
00004410	Label	DEFAULT	DAT_00004410
00004414	Function	DEFAULT	FUN_00004414
00004436	Label	DEFAULT	LAB_00004436
00004438	Label	DEFAULT	LAB_00004438
00004444	Label	DEFAULT	LAB_00004444
0000444a	Label	DEFAULT	LAB_0000444a
0000444e	Label	DEFAULT	LAB_0000444e
00004456	Label	DEFAULT	LAB_00004456
0000445c	Label	DEFAULT	LAB_0000445c
00004460	Label	DEFAULT	DAT_00004460
00004464	Label	DEFAULT	DAT_00004464
00004468	Function	DEFAULT	FUN_00004468
00004480	Label	DEFAULT	DAT_00004480
00004484	Label	DEFAULT	DAT_00004484
00004488	Label	DEFAULT	DAT_00004488
0000448c	Function	DEFAULT	FUN_0000448c
00004494	Label	DEFAULT	LAB_00004494
000044a8	Label	DEFAULT	LAB_000044a8
000044b4	Label	DEFAULT	LAB_000044b4
000044cc	Label	DEFAULT	LAB_000044cc
000044e4	Label	DEFAULT	DAT_000044e4
000044e8	Label	DEFAULT	DAT_000044e8
000044ec	Label	DEFAULT	DAT_000044ec
000044f0	Label	DEFAULT	DAT_000044f0
000044f4	Label	DEFAULT	DAT_000044f4
000044f8	Label	DEFAULT	DAT_000044f8
000044fc	Function	DEFAULT	FUN_000044fc
00004514	Label	DEFAULT	DAT_00004514
00004518	Label	DEFAULT	DAT_00004518
0000451c	Label	DEFAULT	DAT_0000451c
00004520	Function	USER_DEFINED	FMC_ErasePage
00004530	Label	DEFAULT	LAB_00004530
0000454a	Label	DEFAULT	LAB_0000454a
00004550	Label	DEFAULT	DAT_00004550
00004554	Function	USER_DEFINED	FMC_ReadWord
00004564	Label	DEFAULT	LAB_00004564
00004570	Label	DEFAULT	DAT_00004570
00004574	Function	USER_DEFINED	FMC_WriteWord
00004586	Label	DEFAULT	LAB_00004586
00004590	Label	DEFAULT	DAT_00004590
00004594	Function	DEFAULT	FUN_00004594
000045ba	Label	DEFAULT	LAB_000045ba
000045c2	Label	DEFAULT	LAB_000045c2
000045ca	Label	DEFAULT	LAB_000045ca
000045d6	Label	DEFAULT	LAB_000045d6
000045d8	Label	DEFAULT	LAB_000045d8
000045dc	Label	DEFAULT	DAT_000045dc
000045e0	Label	DEFAULT	DAT_000045e0
000045e4	Label	DEFAULT	DAT_000045e4
000045e8	Function	USER_DEFINED	GPIO_SetMode
000045ee	Label	DEFAULT	LAB_000045ee
00004608	Label	DEFAULT	LAB_00004608
00004614	Function	DEFAULT	FUN_00004614
00004615	Label	DEFAULT	FUN_00004614+1
0000464a	Label	DEFAULT	LAB_0000464a
00004658	Label	DEFAULT	LAB_00004658
00004668	Label	DEFAULT	LAB_00004668
0000467a	Label	DEFAULT	LAB_0000467a
0000468c	Label	DEFAULT	LAB_0000468c
0000469e	Label	DEFAULT	LAB_0000469e
000046a8	Label	DEFAULT	LAB_000046a8
000046ba	Label	DEFAULT	LAB_000046ba
000046ce	Label	DEFAULT	LAB_000046ce
000046d2	Label	DEFAULT	LAB_000046d2
000046fc	Label	DEFAULT	LAB_000046fc
00004708	Label	DEFAULT	LAB_00004708
0000471a	Label	DEFAULT	LAB_0000471a
0000472c	Label	DEFAULT	DAT_0000472c
00004730	Label	DEFAULT	DAT_00004730
00004734	Label	DEFAULT	DAT_00004734
00004738	Label	DEFAULT	DAT_00004738
0000473c	Function	USER_DEFINED	usb_endpoint_init
0000478c	Label	DEFAULT	DAT_0000478c
00004790	Label	DEFAULT	DAT_00004790
00004794	Label	DEFAULT	DAT_00004794
00004798	Label	DEFAULT	DAT_00004798
0000479c	Label	DEFAULT	LAB_0000479c
000047e4	Label	DEFAULT	LAB_000047e4
000047e8	Label	DEFAULT	s_In_Hard_Fault_Handler_000047e8
00004800	Label	DEFAULT	s_r0_=_0x%x_00004800
0000480c	Label	DEFAULT	s_r1_=_0x%x_0000480c
00004818	Label	DEFAULT	s_r2_=_0x%x_00004818
00004824	Label	DEFAULT	s_r3_=_0x%x_00004824
00004830	Label	DEFAULT	s_r12_=_0x%x_00004830
0000483c	Label	DEFAULT	s_lr_=_0x%x_0000483c
00004848	Label	DEFAULT	s_pc_=_0x%x_00004848
00004854	Label	DEFAULT	s_psr_=_0x%x_00004854
00004860	Function	DEFAULT	FUN_00004860
0000487a	Label	DEFAULT	LAB_0000487a
00004888	Label	DEFAULT	LAB_00004888
0000489c	Label	DEFAULT	LAB_0000489c
000048a6	Label	DEFAULT	LAB_000048a6
000048b4	Label	DEFAULT	LAB_000048b4
000048be	Label	DEFAULT	LAB_000048be
000048cc	Label	DEFAULT	LAB_000048cc
000048d0	Label	DEFAULT	DAT_000048d0
000048d4	Label	DEFAULT	DAT_000048d4
000048d8	Label	DEFAULT	DAT_000048d8
000048dc	Label	DEFAULT	DAT_000048dc
000048e0	Function	DEFAULT	FUN_000048e0
000048ee	Label	DEFAULT	LAB_000048ee
000048f8	Label	DEFAULT	LAB_000048f8
000048fc	Label	DEFAULT	LAB_000048fc
0000490a	Label	DEFAULT	LAB_0000490a
0000490e	Label	DEFAULT	LAB_0000490e
00004920	Label	DEFAULT	LAB_00004920
00004924	Label	DEFAULT	LAB_00004924
00004932	Label	DEFAULT	LAB_00004932
00004936	Label	DEFAULT	LAB_00004936
00004946	Label	DEFAULT	LAB_00004946
00004948	Label	DEFAULT	DAT_00004948
0000494c	Function	DEFAULT	FUN_0000494c
0000496c	Label	DEFAULT	LAB_0000496c
0000497a	Label	DEFAULT	LAB_0000497a
00004988	Label	DEFAULT	LAB_00004988
00004996	Label	DEFAULT	LAB_00004996
0000499c	Label	DEFAULT	DAT_0000499c
000049a0	Label	DEFAULT	DAT_000049a0
000049a4	Label	DEFAULT	DAT_000049a4
000049a8	Function	USER_DEFINED	ec_timer_sample
000049b8	Label	DEFAULT	LAB_000049b8
000049c0	Label	DEFAULT	DAT_000049c0
000049c4	Function	USER_DEFINED	ec_sample_row_rgb
000049ce	Label	DEFAULT	LAB_000049ce
000049ea	Label	DEFAULT	LAB_000049ea
000049ec	Label	DEFAULT	LAB_000049ec
00004a1e	Label	DEFAULT	LAB_00004a1e
00004a28	Label	DEFAULT	DAT_00004a28
00004a2c	Label	DEFAULT	DAT_00004a2c
00004a30	Label	DEFAULT	DAT_00004a30
00004a34	Function	USER_DEFINED	ec_sample_column
00004a4e	Label	DEFAULT	LAB_00004a4e
00004a50	Label	DEFAULT	LAB_00004a50
00004a68	Label	DEFAULT	LAB_00004a68
00004a9a	Label	DEFAULT	LAB_00004a9a
00004aa0	Label	DEFAULT	LAB_00004aa0
00004aa4	Label	DEFAULT	DAT_00004aa4
00004aa8	Label	DEFAULT	DAT_00004aa8
00004aac	Label	DEFAULT	DAT_00004aac
00004ab0	Label	DEFAULT	DAT_00004ab0
00004ab4	Function	USER_DEFINED	key_events_dispatch
00004aca	Label	DEFAULT	LAB_00004aca
00004ade	Label	DEFAULT	LAB_00004ade
00004afa	Label	DEFAULT	LAB_00004afa
00004b2e	Label	DEFAULT	LAB_00004b2e
00004b42	Label	DEFAULT	LAB_00004b42
00004b50	Label	DEFAULT	LAB_00004b50
00004b66	Label	DEFAULT	LAB_00004b66
00004b74	Label	DEFAULT	LAB_00004b74
00004b80	Label	DEFAULT	LAB_00004b80
00004b86	Label	DEFAULT	LAB_00004b86
00004b96	Label	DEFAULT	LAB_00004b96
00004bac	Label	DEFAULT	LAB_00004bac
00004bb8	Label	DEFAULT	LAB_00004bb8
00004bd0	Label	DEFAULT	LAB_00004bd0
00004be2	Label	DEFAULT	LAB_00004be2
00004bea	Label	DEFAULT	LAB_00004bea
00004bf6	Label	DEFAULT	LAB_00004bf6
00004c18	Label	DEFAULT	LAB_00004c18
00004c46	Label	DEFAULT	LAB_00004c46
00004c4a	Label	DEFAULT	LAB_00004c4a
00004c52	Label	DEFAULT	LAB_00004c52
00004c70	Label	DEFAULT	LAB_00004c70
00004c86	Label	DEFAULT	LAB_00004c86
00004c88	Label	DEFAULT	LAB_00004c88
00004ca0	Label	DEFAULT	LAB_00004ca0
00004ca4	Label	DEFAULT	LAB_00004ca4
00004cb4	Label	DEFAULT	LAB_00004cb4
00004cd0	Label	DEFAULT	LAB_00004cd0
00004cfa	Label	DEFAULT	LAB_00004cfa
00004d00	Label	DEFAULT	LAB_00004d00
00004d04	Label	DEFAULT	LAB_00004d04
00004d0a	Label	DEFAULT	LAB_00004d0a
00004d0e	Label	DEFAULT	LAB_00004d0e
00004d1c	Label	DEFAULT	LAB_00004d1c
00004d26	Label	DEFAULT	LAB_00004d26
00004d2a	Label	DEFAULT	LAB_00004d2a
00004d34	Label	DEFAULT	LAB_00004d34
00004d38	Label	DEFAULT	LAB_00004d38
00004d3a	Label	DEFAULT	LAB_00004d3a
00004d4a	Label	DEFAULT	LAB_00004d4a
00004d68	Label	DEFAULT	LAB_00004d68
00004d92	Label	DEFAULT	LAB_00004d92
00004db0	Label	DEFAULT	LAB_00004db0
00004dba	Label	DEFAULT	LAB_00004dba
00004de0	Label	DEFAULT	LAB_00004de0
00004df4	Label	DEFAULT	LAB_00004df4
00004df6	Label	DEFAULT	LAB_00004df6
00004e06	Label	DEFAULT	LAB_00004e06
00004e0c	Label	DEFAULT	LAB_00004e0c
00004e0e	Label	DEFAULT	LAB_00004e0e
00004e26	Label	DEFAULT	LAB_00004e26
00004e2a	Label	DEFAULT	LAB_00004e2a
00004e30	Label	DEFAULT	LAB_00004e30
00004e44	Label	DEFAULT	LAB_00004e44
00004e58	Label	DEFAULT	LAB_00004e58
00004e64	Label	DEFAULT	LAB_00004e64
00004e70	Label	DEFAULT	LAB_00004e70
00004e72	Label	DEFAULT	LAB_00004e72
00004e74	Label	DEFAULT	LAB_00004e74
00004e7e	Label	DEFAULT	LAB_00004e7e
00004e90	Label	DEFAULT	LAB_00004e90
00004eaa	Label	DEFAULT	LAB_00004eaa
00004eac	Label	DEFAULT	DAT_00004eac
00004eb0	Label	DEFAULT	DAT_00004eb0
00004eb4	Label	DEFAULT	DAT_00004eb4
00004eb8	Label	DEFAULT	DAT_00004eb8
00004ebc	Label	DEFAULT	DAT_00004ebc
00004ec0	Label	DEFAULT	DAT_00004ec0
00004ec4	Label	DEFAULT	DAT_00004ec4
00004ec8	Label	DEFAULT	DAT_00004ec8
00004ecc	Label	DEFAULT	DAT_00004ecc
00004ed0	Label	DEFAULT	DAT_00004ed0
00004ed4	Label	DEFAULT	DAT_00004ed4
00004ed8	Label	DEFAULT	DAT_00004ed8
00004edc	Label	DEFAULT	DAT_00004edc
00004ee0	Label	DEFAULT	DAT_00004ee0
00004ee4	Label	DEFAULT	DAT_00004ee4
00004ee8	Label	DEFAULT	DAT_00004ee8
00004eec	Label	DEFAULT	DAT_00004eec
00004ef0	Label	DEFAULT	DAT_00004ef0
00004ef4	Label	DEFAULT	DAT_00004ef4
00004ef8	Label	DEFAULT	DAT_00004ef8
00004efc	Label	DEFAULT	LAB_00004efc
00004f00	Label	DEFAULT	LAB_00004f00
00004f44	Label	DEFAULT	LAB_00004f44
00004f58	Label	DEFAULT	LAB_00004f58
00004f68	Label	DEFAULT	LAB_00004f68
00004f6e	Label	DEFAULT	LAB_00004f6e
00004f70	Label	DEFAULT	LAB_00004f70
00004f92	Label	DEFAULT	LAB_00004f92
00004fa6	Label	DEFAULT	LAB_00004fa6
00004fa8	Label	DEFAULT	LAB_00004fa8
00004fbc	Label	DEFAULT	LAB_00004fbc
00004fc4	Label	DEFAULT	LAB_00004fc4
00004fca	Label	DEFAULT	LAB_00004fca
00004fe2	Label	DEFAULT	LAB_00004fe2
00004ffc	Label	DEFAULT	LAB_00004ffc
00005006	Label	DEFAULT	LAB_00005006
0000500e	Label	DEFAULT	LAB_0000500e
00005026	Label	DEFAULT	LAB_00005026
0000502c	Label	DEFAULT	LAB_0000502c
00005042	Label	DEFAULT	LAB_00005042
00005064	Label	DEFAULT	LAB_00005064
00005090	Label	DEFAULT	LAB_00005090
000050ba	Label	DEFAULT	LAB_000050ba
000050c4	Label	DEFAULT	LAB_000050c4
000050cc	Label	DEFAULT	LAB_000050cc
000050d4	Label	DEFAULT	LAB_000050d4
000050d6	Label	DEFAULT	LAB_000050d6
000050d8	Label	DEFAULT	LAB_000050d8
000050e6	Label	DEFAULT	LAB_000050e6
000050f4	Label	DEFAULT	LAB_000050f4
000050f6	Label	DEFAULT	LAB_000050f6
000050fe	Label	DEFAULT	LAB_000050fe
00005102	Label	DEFAULT	LAB_00005102
0000510a	Label	DEFAULT	LAB_0000510a
00005118	Label	DEFAULT	LAB_00005118
00005126	Label	DEFAULT	LAB_00005126
0000512c	Label	DEFAULT	LAB_0000512c
00005130	Label	DEFAULT	LAB_00005130
00005134	Label	DEFAULT	LAB_00005134
0000514a	Label	DEFAULT	LAB_0000514a
00005152	Label	DEFAULT	LAB_00005152
00005156	Label	DEFAULT	LAB_00005156
0000515a	Label	DEFAULT	LAB_0000515a
00005162	Label	DEFAULT	LAB_00005162
00005178	Label	DEFAULT	LAB_00005178
0000517c	Label	DEFAULT	LAB_0000517c
0000517e	Label	DEFAULT	LAB_0000517e
00005180	Label	DEFAULT	LAB_00005180
00005196	Label	DEFAULT	LAB_00005196
0000519a	Label	DEFAULT	LAB_0000519a
0000519c	Label	DEFAULT	LAB_0000519c
0000519e	Label	DEFAULT	LAB_0000519e
000051b0	Label	DEFAULT	LAB_000051b0
000051b6	Label	DEFAULT	LAB_000051b6
000051ce	Label	DEFAULT	LAB_000051ce
000051d4	Label	DEFAULT	LAB_000051d4
000051f8	Label	DEFAULT	LAB_000051f8
000051fc	Label	DEFAULT	LAB_000051fc
00005200	Label	DEFAULT	LAB_00005200
00005206	Label	DEFAULT	LAB_00005206
0000521a	Label	DEFAULT	LAB_0000521a
00005224	Label	DEFAULT	LAB_00005224
00005226	Label	DEFAULT	LAB_00005226
0000522a	Label	DEFAULT	LAB_0000522a
0000522c	Label	DEFAULT	LAB_0000522c
00005230	Label	DEFAULT	LAB_00005230
0000524c	Label	DEFAULT	LAB_0000524c
00005254	Label	DEFAULT	LAB_00005254
0000525a	Label	DEFAULT	LAB_0000525a
00005270	Label	DEFAULT	LAB_00005270
0000528e	Label	DEFAULT	LAB_0000528e
000052b8	Label	DEFAULT	LAB_000052b8
000052ba	Label	DEFAULT	LAB_000052ba
000052bc	Label	DEFAULT	LAB_000052bc
000052ca	Label	DEFAULT	LAB_000052ca
000052f0	Label	DEFAULT	DAT_000052f0
000052f4	Label	DEFAULT	DAT_000052f4
000052f8	Label	DEFAULT	DAT_000052f8
000052fc	Label	DEFAULT	DAT_000052fc
00005300	Label	DEFAULT	DAT_00005300
00005304	Label	DEFAULT	DAT_00005304
00005308	Label	DEFAULT	DAT_00005308
0000530c	Label	DEFAULT	DAT_0000530c
00005310	Label	DEFAULT	DAT_00005310
00005314	Label	DEFAULT	LAB_00005314
00005320	Label	DEFAULT	LAB_00005320
0000532e	Label	DEFAULT	LAB_0000532e
0000534a	Label	DEFAULT	LAB_0000534a
00005360	Label	DEFAULT	LAB_00005360
00005362	Label	DEFAULT	LAB_00005362
00005364	Label	DEFAULT	LAB_00005364
00005366	Label	DEFAULT	LAB_00005366
00005370	Label	DEFAULT	LAB_00005370
0000538c	Label	DEFAULT	LAB_0000538c
000053a0	Label	DEFAULT	LAB_000053a0
000053a8	Label	DEFAULT	LAB_000053a8
000053ac	Label	DEFAULT	LAB_000053ac
000053ae	Label	DEFAULT	LAB_000053ae
000053ca	Label	DEFAULT	LAB_000053ca
000053e0	Label	DEFAULT	LAB_000053e0
000053ea	Label	DEFAULT	LAB_000053ea
00005406	Label	DEFAULT	LAB_00005406
0000541a	Label	DEFAULT	LAB_0000541a
0000542e	Label	DEFAULT	LAB_0000542e
0000543a	Label	DEFAULT	LAB_0000543a
00005446	Label	DEFAULT	LAB_00005446
00005452	Label	DEFAULT	LAB_00005452
0000546c	Label	DEFAULT	LAB_0000546c
0000548e	Label	DEFAULT	LAB_0000548e
000054a4	Label	DEFAULT	LAB_000054a4
000054cc	Label	DEFAULT	LAB_000054cc
000054d4	Label	DEFAULT	LAB_000054d4
000054dc	Label	DEFAULT	LAB_000054dc
000054e4	Label	DEFAULT	LAB_000054e4
000054ec	Label	DEFAULT	LAB_000054ec
00005532	Label	DEFAULT	LAB_00005532
00005542	Label	DEFAULT	LAB_00005542
00005554	Label	DEFAULT	LAB_00005554
000055a8	Label	DEFAULT	LAB_000055a8
000055ae	Label	DEFAULT	LAB_000055ae
000055b2	Label	DEFAULT	LAB_000055b2
000055f8	Label	DEFAULT	LAB_000055f8
000055fa	Label	DEFAULT	LAB_000055fa
000055fc	Label	DEFAULT	LAB_000055fc
000055fe	Label	DEFAULT	LAB_000055fe
00005600	Label	DEFAULT	LAB_00005600
00005602	Label	DEFAULT	LAB_00005602
00005604	Label	DEFAULT	LAB_00005604
00005606	Label	DEFAULT	LAB_00005606
00005608	Label	DEFAULT	LAB_00005608
0000560a	Label	DEFAULT	LAB_0000560a
0000560c	Label	DEFAULT	LAB_0000560c
0000560e	Label	DEFAULT	LAB_0000560e
00005612	Label	DEFAULT	LAB_00005612
0000561c	Label	DEFAULT	LAB_0000561c
00005622	Label	DEFAULT	LAB_00005622
0000562a	Label	DEFAULT	LAB_0000562a
0000563a	Label	DEFAULT	LAB_0000563a
0000563c	Label	DEFAULT	LAB_0000563c
00005644	Label	DEFAULT	LAB_00005644
0000566c	Label	DEFAULT	LAB_0000566c
000056b4	Label	DEFAULT	LAB_000056b4
000056c2	Label	DEFAULT	LAB_000056c2
000056fe	Label	DEFAULT	LAB_000056fe
00005700	Label	DEFAULT	DAT_00005700
00005704	Label	DEFAULT	DAT_00005704
00005708	Label	DEFAULT	DAT_00005708
0000570c	Label	DEFAULT	DAT_0000570c
00005710	Label	DEFAULT	DAT_00005710
00005714	Label	DEFAULT	DAT_00005714
00005718	Label	DEFAULT	DAT_00005718
0000571c	Label	DEFAULT	DAT_0000571c
00005720	Label	DEFAULT	DAT_00005720
00005724	Label	DEFAULT	DAT_00005724
00005728	Label	DEFAULT	DAT_00005728
0000572c	Label	DEFAULT	LAB_0000572c
00005768	Label	DEFAULT	LAB_00005768
0000578c	Label	DEFAULT	LAB_0000578c
00005794	Label	DEFAULT	LAB_00005794
00005798	Label	DEFAULT	LAB_00005798
000057a2	Label	DEFAULT	LAB_000057a2
000057ca	Label	DEFAULT	LAB_000057ca
000057ec	Label	DEFAULT	LAB_000057ec
000057f0	Label	DEFAULT	LAB_000057f0
000057f2	Label	DEFAULT	LAB_000057f2
00005806	Label	DEFAULT	LAB_00005806
00005826	Label	DEFAULT	LAB_00005826
00005828	Label	DEFAULT	LAB_00005828
0000583c	Label	DEFAULT	LAB_0000583c
00005842	Label	DEFAULT	LAB_00005842
00005856	Label	DEFAULT	LAB_00005856
00005860	Label	DEFAULT	LAB_00005860
00005888	Label	DEFAULT	LAB_00005888
0000589e	Label	DEFAULT	LAB_0000589e
000058b2	Label	DEFAULT	LAB_000058b2
000058c8	Label	DEFAULT	LAB_000058c8
000058d4	Label	DEFAULT	LAB_000058d4
000058e6	Label	DEFAULT	LAB_000058e6
000058e8	Label	DEFAULT	LAB_000058e8
000058f4	Label	DEFAULT	LAB_000058f4
00005900	Label	DEFAULT	LAB_00005900
0000590c	Label	DEFAULT	LAB_0000590c
0000594a	Label	DEFAULT	LAB_0000594a
00005952	Label	DEFAULT	LAB_00005952
0000595a	Label	DEFAULT	LAB_0000595a
00005962	Label	DEFAULT	LAB_00005962
0000596a	Label	DEFAULT	LAB_0000596a
00005972	Label	DEFAULT	LAB_00005972
0000599c	Label	DEFAULT	LAB_0000599c
000059b0	Label	DEFAULT	LAB_000059b0
000059b6	Label	DEFAULT	LAB_000059b6
000059d0	Label	DEFAULT	LAB_000059d0
000059d6	Label	DEFAULT	LAB_000059d6
000059dc	Label	DEFAULT	LAB_000059dc
000059e2	Label	DEFAULT	LAB_000059e2
000059ec	Label	DEFAULT	LAB_000059ec
000059fa	Label	DEFAULT	LAB_000059fa
000059fe	Label	DEFAULT	LAB_000059fe
00005a12	Label	DEFAULT	LAB_00005a12
00005a26	Label	DEFAULT	LAB_00005a26
00005a34	Label	DEFAULT	LAB_00005a34
00005a36	Label	DEFAULT	LAB_00005a36
00005a44	Label	DEFAULT	LAB_00005a44
00005a48	Label	DEFAULT	DAT_00005a48
00005a4c	Label	DEFAULT	DAT_00005a4c
00005a50	Label	DEFAULT	DAT_00005a50
00005a54	Label	DEFAULT	DAT_00005a54
00005a58	Label	DEFAULT	DAT_00005a58
00005a5c	Label	DEFAULT	DAT_00005a5c
00005a60	Label	DEFAULT	DAT_00005a60
00005a64	Label	DEFAULT	DAT_00005a64
00005a68	Label	DEFAULT	DAT_00005a68
00005a6c	Label	DEFAULT	DAT_00005a6c
00005a70	Label	DEFAULT	DAT_00005a70
00005a74	Label	DEFAULT	DAT_00005a74
00005a78	Label	DEFAULT	DAT_00005a78
00005a7c	Label	DEFAULT	DAT_00005a7c
00005a80	Label	DEFAULT	DAT_00005a80
00005a84	Function	DEFAULT	FUN_00005a84
00005a9c	Label	DEFAULT	LAB_00005a9c
00005aa5	Label	DEFAULT	LAB_00005aa4+1
00005adc	Label	DEFAULT	LAB_00005adc
00005aea	Label	DEFAULT	LAB_00005aea
00005b10	Label	DEFAULT	LAB_00005b10
00005b18	Label	DEFAULT	DAT_00005b18
00005b1c	Label	DEFAULT	DAT_00005b1c
00005b20	Label	DEFAULT	DAT_00005b20
00005b24	Function	DEFAULT	FUN_00005b24
00005b70	Label	DEFAULT	LAB_00005b70
00005b86	Label	DEFAULT	LAB_00005b86
00005b94	Label	DEFAULT	LAB_00005b94
00005bb2	Label	DEFAULT	LAB_00005bb2
00005bc4	Label	DEFAULT	LAB_00005bc4
00005bce	Label	DEFAULT	LAB_00005bce
00005bd6	Label	DEFAULT	LAB_00005bd6
00005be2	Label	DEFAULT	LAB_00005be2
00005bec	Label	DEFAULT	LAB_00005bec
00005bf6	Label	DEFAULT	LAB_00005bf6
00005c04	Label	DEFAULT	LAB_00005c04
00005c22	Label	DEFAULT	LAB_00005c22
00005c2e	Label	DEFAULT	LAB_00005c2e
00005c36	Label	DEFAULT	LAB_00005c36
00005c3e	Label	DEFAULT	LAB_00005c3e
00005c48	Label	DEFAULT	DAT_00005c48
00005c4c	Label	DEFAULT	DAT_00005c4c
00005c50	Function	DEFAULT	FUN_00005c50
00005c58	Function	DEFAULT	FUN_00005c58
00005c70	Label	DEFAULT	LAB_00005c70
00005c72	Label	DEFAULT	LAB_00005c72
00005c76	Label	DEFAULT	LAB_00005c76
00005c78	Label	DEFAULT	LAB_00005c78
00005c80	Label	DEFAULT	DAT_00005c80
00005c84	Function	USER_DEFINED	ec_keyboard_init
00005ca4	Label	DEFAULT	LAB_00005ca4
00005cac	Label	DEFAULT	LAB_00005cac
00005cc4	Label	DEFAULT	LAB_00005cc4
00005cd0	Label	DEFAULT	LAB_00005cd0
00005d1c	Label	DEFAULT	LAB_00005d1c
00005d32	Label	DEFAULT	LAB_00005d32
00005d3c	Label	DEFAULT	LAB_00005d3c
00005d46	Label	DEFAULT	LAB_00005d46
00005d76	Label	DEFAULT	LAB_00005d76
00005d84	Label	DEFAULT	LAB_00005d84
00005d8c	Label	DEFAULT	LAB_00005d8c
00005d9e	Label	DEFAULT	LAB_00005d9e
00005dbe	Label	DEFAULT	LAB_00005dbe
00005dec	Label	DEFAULT	LAB_00005dec
00005df4	Label	DEFAULT	DAT_00005df4
00005df8	Label	DEFAULT	DAT_00005df8
00005dfc	Label	DEFAULT	DAT_00005dfc
00005e00	Label	DEFAULT	DAT_00005e00
00005e04	Label	DEFAULT	DAT_00005e04
00005e08	Label	DEFAULT	DAT_00005e08
00005e0c	Label	DEFAULT	DAT_00005e0c
00005e10	Label	DEFAULT	DAT_00005e10
00005e14	Label	DEFAULT	DAT_00005e14
00005e18	Label	DEFAULT	DAT_00005e18
00005e1c	Label	DEFAULT	DAT_00005e1c
00005e20	Label	DEFAULT	DAT_00005e20
00005e24	Label	DEFAULT	DAT_00005e24
00005e28	Label	DEFAULT	DAT_00005e28
00005e2c	Label	DEFAULT	DAT_00005e2c
00005e30	Label	DEFAULT	DAT_00005e30
00005e34	Label	DEFAULT	DAT_00005e34
00005e38	Label	DEFAULT	DAT_00005e38
00005e3c	Label	DEFAULT	DAT_00005e3c
00005e40	Label	DEFAULT	DAT_00005e40
00005e44	Label	DEFAULT	DAT_00005e44
00005e48	Label	DEFAULT	DAT_00005e48
00005e4c	Function	USER_DEFINED	ec_process_scan_records
00005e6a	Label	DEFAULT	LAB_00005e6a
00005e84	Label	DEFAULT	LAB_00005e84
00005e94	Label	DEFAULT	LAB_00005e94
00005e96	Label	DEFAULT	LAB_00005e96
00005ec8	Label	DEFAULT	LAB_00005ec8
00005ee0	Label	DEFAULT	LAB_00005ee0
00005ee2	Label	DEFAULT	LAB_00005ee2
00005efa	Label	DEFAULT	LAB_00005efa
00005f08	Label	DEFAULT	LAB_00005f08
00005f10	Label	DEFAULT	LAB_00005f10
00005f50	Label	DEFAULT	LAB_00005f50
00005f52	Label	DEFAULT	LAB_00005f52
00005f54	Label	DEFAULT	LAB_00005f54
00005f68	Label	DEFAULT	LAB_00005f68
00005fb6	Label	DEFAULT	LAB_00005fb6
00005fba	Label	DEFAULT	LAB_00005fba
00005fd4	Label	DEFAULT	LAB_00005fd4
00005fde	Label	DEFAULT	LAB_00005fde
00005fe0	Label	DEFAULT	DAT_00005fe0
00005fe4	Label	DEFAULT	DAT_00005fe4
00005fe8	Label	DEFAULT	DAT_00005fe8
00005fec	Label	DEFAULT	DAT_00005fec
00005ff0	Label	DEFAULT	DAT_00005ff0
00005ff4	Label	DEFAULT	DAT_00005ff4
00005ff8	Label	DEFAULT	DAT_00005ff8
00005ffc	Label	DEFAULT	DAT_00005ffc
00006000	Label	DEFAULT	DAT_00006000
00006004	Label	DEFAULT	DAT_00006004
00006008	Label	DEFAULT	DAT_00006008
0000600c	Label	DEFAULT	DAT_0000600c
00006010	Function	USER_DEFINED	ble_send_frame
0000601c	Label	DEFAULT	LAB_0000601c
0000602c	Label	DEFAULT	LAB_0000602c
0000603e	Label	DEFAULT	LAB_0000603e
0000604a	Label	DEFAULT	LAB_0000604a
0000604e	Label	DEFAULT	LAB_0000604e
00006058	Label	DEFAULT	DAT_00006058
0000605c	Label	DEFAULT	DAT_0000605c
00006060	Function	DEFAULT	FUN_00006060
000060a2	Label	DEFAULT	LAB_000060a2
000060b2	Label	DEFAULT	LAB_000060b2
000060c2	Label	DEFAULT	LAB_000060c2
000060c8	Label	DEFAULT	LAB_000060c8
000060de	Label	DEFAULT	LAB_000060de
000060ec	Label	DEFAULT	LAB_000060ec
000060f8	Label	DEFAULT	LAB_000060f8
000060fc	Label	DEFAULT	LAB_000060fc
00006100	Label	DEFAULT	DAT_00006100
00006104	Label	DEFAULT	DAT_00006104
00006108	Label	DEFAULT	DAT_00006108
0000610c	Label	DEFAULT	DAT_0000610c
00006110	Label	DEFAULT	DAT_00006110
00006114	Label	DEFAULT	DAT_00006114
00006118	Label	DEFAULT	DAT_00006118
0000611c	Function	DEFAULT	FUN_0000611c
00006136	Label	DEFAULT	LAB_00006136
00006138	Label	DEFAULT	LAB_00006138
0000613c	Label	DEFAULT	DAT_0000613c
00006140	Label	DEFAULT	DAT_00006140
00006144	Function	USER_DEFINED	configuration_factory_reset
00006204	Label	DEFAULT	LAB_00006204
00006220	Label	DEFAULT	LAB_00006220
0000625e	Label	DEFAULT	LAB_0000625e
00006268	Label	DEFAULT	LAB_00006268
00006288	Label	DEFAULT	DAT_00006288
0000628c	Label	DEFAULT	DAT_0000628c
00006290	Label	DEFAULT	DAT_00006290
00006294	Label	DEFAULT	DAT_00006294
00006298	Label	DEFAULT	DAT_00006298
0000629c	Function	DEFAULT	FUN_0000629c
000062a8	Label	DEFAULT	LAB_000062a8
000062bc	Label	DEFAULT	LAB_000062bc
000062de	Label	DEFAULT	LAB_000062de
000062e0	Label	DEFAULT	LAB_000062e0
000062f0	Label	DEFAULT	DAT_000062f0
000062f4	Label	DEFAULT	DAT_000062f4
000062f8	Label	DEFAULT	DAT_000062f8
000062fc	Label	DEFAULT	DAT_000062fc
00006300	Function	DEFAULT	FUN_00006300
00006336	Label	DEFAULT	LAB_00006336
00006356	Label	DEFAULT	LAB_00006356
00006362	Label	DEFAULT	LAB_00006362
00006368	Label	DEFAULT	LAB_00006368
000063a6	Label	DEFAULT	LAB_000063a6
000063aa	Label	DEFAULT	LAB_000063aa
000063ac	Label	DEFAULT	LAB_000063ac
000063f8	Label	DEFAULT	LAB_000063f8
000063fe	Label	DEFAULT	LAB_000063fe
00006400	Label	DEFAULT	DAT_00006400
00006404	Label	DEFAULT	DAT_00006404
00006408	Label	DEFAULT	DAT_00006408
0000640c	Label	DEFAULT	DAT_0000640c
00006410	Label	DEFAULT	DAT_00006410
00006414	Label	DEFAULT	DAT_00006414
00006418	Label	DEFAULT	DAT_00006418
0000641c	Label	DEFAULT	DAT_0000641c
00006420	Label	DEFAULT	DAT_00006420
00006424	Label	DEFAULT	DAT_00006424
00006428	Label	DEFAULT	DAT_00006428
0000642c	Label	DEFAULT	DAT_0000642c
00006430	Label	DEFAULT	DAT_00006430
00006434	Label	DEFAULT	DAT_00006434
00006438	Function	DEFAULT	FUN_00006438
0000644a	Label	DEFAULT	LAB_0000644a
0000644e	Label	DEFAULT	LAB_0000644e
0000645c	Label	DEFAULT	LAB_0000645c
00006462	Label	DEFAULT	LAB_00006462
00006468	Label	DEFAULT	DAT_00006468
0000646c	Label	DEFAULT	DAT_0000646c
00006470	Function	DEFAULT	FUN_00006470
00006482	Label	DEFAULT	LAB_00006482
00006486	Label	DEFAULT	LAB_00006486
00006494	Label	DEFAULT	LAB_00006494
0000649a	Label	DEFAULT	LAB_0000649a
000064a0	Label	DEFAULT	DAT_000064a0
000064a4	Label	DEFAULT	DAT_000064a4
000064a8	Function	DEFAULT	FUN_000064a8
000064fc	Label	DEFAULT	LAB_000064fc
00006506	Label	DEFAULT	LAB_00006506
00006516	Label	DEFAULT	LAB_00006516
00006528	Label	DEFAULT	LAB_00006528
0000652c	Label	DEFAULT	LAB_0000652c
00006536	Label	DEFAULT	LAB_00006536
00006572	Label	DEFAULT	LAB_00006572
00006584	Label	DEFAULT	LAB_00006584
00006588	Label	DEFAULT	LAB_00006588
0000658c	Label	DEFAULT	DAT_0000658c
00006590	Label	DEFAULT	DAT_00006590
00006594	Label	DEFAULT	DAT_00006594
00006598	Label	DEFAULT	DAT_00006598
0000659c	Label	DEFAULT	DAT_0000659c
000065a0	Label	DEFAULT	DAT_000065a0
000065a4	Label	DEFAULT	DAT_000065a4
000065a8	Label	DEFAULT	DAT_000065a8
000065ac	Label	DEFAULT	DAT_000065ac
000065b0	Label	DEFAULT	DAT_000065b0
000065b4	Function	DEFAULT	FUN_000065b4
000065c2	Label	DEFAULT	LAB_000065c2
000065da	Label	DEFAULT	LAB_000065da
000065de	Label	DEFAULT	LAB_000065de
000065e0	Label	DEFAULT	LAB_000065e0
000065f2	Label	DEFAULT	LAB_000065f2
00006628	Label	DEFAULT	LAB_00006628
00006634	Label	DEFAULT	LAB_00006634
00006658	Label	DEFAULT	LAB_00006658
0000665c	Label	DEFAULT	LAB_0000665c
00006664	Label	DEFAULT	LAB_00006664
00006666	Label	DEFAULT	LAB_00006666
00006674	Label	DEFAULT	DAT_00006674
00006678	Label	DEFAULT	DAT_00006678
0000667c	Label	DEFAULT	DAT_0000667c
00006680	Label	DEFAULT	DAT_00006680
00006684	Label	DEFAULT	DAT_00006684
00006688	Label	DEFAULT	DAT_00006688
0000668c	Label	DEFAULT	DAT_0000668c
00006690	Label	DEFAULT	DAT_00006690
00006694	Label	DEFAULT	DAT_00006694
00006698	Label	DEFAULT	DAT_00006698
0000669c	Label	DEFAULT	DAT_0000669c
000066a0	Label	DEFAULT	DAT_000066a0
000066a4	Label	DEFAULT	DAT_000066a4
000066a8	Function	DEFAULT	FUN_000066a8
000066b8	Label	DEFAULT	LAB_000066b8
000066c4	Label	DEFAULT	LAB_000066c4
000066e4	Label	DEFAULT	LAB_000066e4
000066f8	Label	DEFAULT	LAB_000066f8
0000670e	Label	DEFAULT	LAB_0000670e
00006724	Label	DEFAULT	DAT_00006724
00006728	Label	DEFAULT	DAT_00006728
0000672c	Label	DEFAULT	DAT_0000672c
00006730	Function	DEFAULT	FUN_00006730
0000673e	Label	DEFAULT	LAB_0000673e
0000674a	Label	DEFAULT	LAB_0000674a
00006758	Label	DEFAULT	LAB_00006758
0000675a	Label	DEFAULT	LAB_0000675a
0000676c	Label	DEFAULT	DAT_0000676c
00006770	Label	DEFAULT	DAT_00006770
00006774	Label	DEFAULT	DAT_00006774
00006778	Function	DEFAULT	FUN_00006778
00006786	Label	DEFAULT	LAB_00006786
0000678a	Label	DEFAULT	LAB_0000678a
00006798	Label	DEFAULT	LAB_00006798
0000679a	Label	DEFAULT	LAB_0000679a
000067b8	Label	DEFAULT	DAT_000067b8
000067bc	Label	DEFAULT	DAT_000067bc
000067c0	Function	DEFAULT	FUN_000067c0
000067cc	Label	DEFAULT	LAB_000067cc
000067dc	Label	DEFAULT	LAB_000067dc
000067ea	Label	DEFAULT	LAB_000067ea
000067ec	Label	DEFAULT	LAB_000067ec
00006810	Label	DEFAULT	DAT_00006810
00006814	Label	DEFAULT	DAT_00006814
00006818	Label	DEFAULT	DAT_00006818
0000681c	Function	USER_DEFINED	ec_select_row
0000682c	Label	ANALYSIS	switchD_0000682c::switchD
0000682e	Label	ANALYSIS	switchD_0000682c::switchdataD_0000682e
0000683a	Label	ANALYSIS	switchD_0000682c::caseD_0
00006848	Label	ANALYSIS	switchD_0000682c::caseD_1
00006858	Label	ANALYSIS	switchD_0000682c::caseD_2
00006864	Label	ANALYSIS	switchD_0000682c::caseD_3
00006872	Label	ANALYSIS	switchD_0000682c::caseD_4
0000687e	Label	DEFAULT	LAB_0000687e
00006882	Label	ANALYSIS	switchD_0000682c::caseD_5
00006890	Label	ANALYSIS	switchD_0000682c::caseD_6
0000689e	Label	ANALYSIS	switchD_0000682c::caseD_7
000068a8	Label	DEFAULT	LAB_000068a8
000068ac	Label	ANALYSIS	switchD_0000682c::caseD_8
000068bc	Label	ANALYSIS	switchD_0000682c::caseD_9
000068cc	Label	ANALYSIS	switchD_0000682c::caseD_a
000068dc	Label	ANALYSIS	switchD_0000682c::default
000068e0	Label	DEFAULT	DAT_000068e0
000068e4	Label	DEFAULT	DAT_000068e4
000068e8	Function	DEFAULT	FUN_000068e8
00006914	Label	DEFAULT	DAT_00006914
00006918	Label	DEFAULT	DAT_00006918
0000691c	Label	DEFAULT	DAT_0000691c
00006920	Label	DEFAULT	DAT_00006920
00006924	Label	DEFAULT	DAT_00006924
00006928	Label	DEFAULT	DAT_00006928
0000692c	Label	DEFAULT	DAT_0000692c
00006930	Function	DEFAULT	FUN_00006930
00006944	Label	DEFAULT	LAB_00006944
0000694a	Label	DEFAULT	LAB_0000694a
00006956	Label	DEFAULT	LAB_00006956
00006966	Label	DEFAULT	LAB_00006966
00006970	Label	DEFAULT	LAB_00006970
0000697c	Label	DEFAULT	LAB_0000697c
00006982	Label	DEFAULT	LAB_00006982
00006988	Label	DEFAULT	DAT_00006988
0000698c	Label	DEFAULT	DAT_0000698c
00006990	Function	DEFAULT	FUN_00006990
00006998	Label	DEFAULT	LAB_00006998
000069a0	Label	DEFAULT	LAB_000069a0
000069a4	Function	DEFAULT	FUN_000069a4
000069c0	Label	DEFAULT	LAB_000069c0
000069d0	Label	DEFAULT	LAB_000069d0
000069de	Label	DEFAULT	LAB_000069de
000069ec	Label	DEFAULT	LAB_000069ec
000069f6	Label	DEFAULT	LAB_000069f6
00006a06	Label	DEFAULT	LAB_00006a06
00006a0e	Label	DEFAULT	LAB_00006a0e
00006a12	Label	DEFAULT	LAB_00006a12
00006a1e	Label	DEFAULT	LAB_00006a1e
00006a20	Label	DEFAULT	DAT_00006a20
00006a24	Function	DEFAULT	FUN_00006a24
00006a40	Label	DEFAULT	LAB_00006a40
00006a42	Label	DEFAULT	LAB_00006a42
00006a50	Label	DEFAULT	DAT_00006a50
00006a54	Label	DEFAULT	DAT_00006a54
00006a58	Function	DEFAULT	FUN_00006a58
00006a6e	Label	DEFAULT	LAB_00006a6e
00006a88	Label	DEFAULT	DAT_00006a88
00006a8c	Function	DEFAULT	FUN_00006a8c
00006aa0	Label	DEFAULT	LAB_00006aa0
00006aa4	Label	DEFAULT	LAB_00006aa4
00006aa8	Label	DEFAULT	LAB_00006aa8
00006aae	Label	DEFAULT	LAB_00006aae
00006ac6	Label	DEFAULT	LAB_00006ac6
00006ad4	Label	DEFAULT	LAB_00006ad4
00006ae4	Label	DEFAULT	LAB_00006ae4
00006af2	Label	DEFAULT	LAB_00006af2
00006b00	Label	DEFAULT	DAT_00006b00
00006b04	Label	DEFAULT	DAT_00006b04
00006b08	Label	DEFAULT	DAT_00006b08
00006b0c	Label	DEFAULT	DAT_00006b0c
00006b10	Label	DEFAULT	DAT_00006b10
00006b14	Label	DEFAULT	DAT_00006b14
00006b18	Function	DEFAULT	FUN_00006b18
00006b2e	Label	DEFAULT	LAB_00006b2e
00006b48	Label	DEFAULT	DAT_00006b48
00006b4c	Function	DEFAULT	FUN_00006b4c
00006b64	Label	DEFAULT	LAB_00006b64
00006b6a	Label	DEFAULT	LAB_00006b6a
00006b78	Label	DEFAULT	DAT_00006b78
00006b7c	Label	DEFAULT	DAT_00006b7c
00006b80	Label	DEFAULT	DAT_00006b80
00006b84	Function	DEFAULT	FUN_00006b84
00006b90	Label	DEFAULT	DAT_00006b90
00006b94	Function	DEFAULT	FUN_00006b94
00006ba0	Label	DEFAULT	DAT_00006ba0
00006ba4	Function	USER_DEFINED	PS2_IRQHandler
00006bba	Label	DEFAULT	LAB_00006bba
00006bc4	Label	DEFAULT	LAB_00006bc4
00006bc8	Label	DEFAULT	DAT_00006bc8
00006bcc	Function	USER_DEFINED	ps2_key_event
00006bec	Label	DEFAULT	LAB_00006bec
00006bee	Label	DEFAULT	LAB_00006bee
00006c00	Label	DEFAULT	DAT_00006c00
00006c04	Label	DEFAULT	DAT_00006c04
00006c08	Label	DEFAULT	DAT_00006c08
00006c0c	Label	DEFAULT	DAT_00006c0c
00006c10	Function	DEFAULT	FUN_00006c10
00006c36	Label	DEFAULT	LAB_00006c36
00006c3c	Function	DEFAULT	FUN_00006c3c
00006c74	Label	DEFAULT	DAT_00006c74
00006c78	Function	DEFAULT	FUN_00006c78
00006c80	Label	DEFAULT	DAT_00006c80
00006c84	Function	DEFAULT	FUN_00006c84
00006ca2	Label	DEFAULT	LAB_00006ca2
00006cb0	Label	DEFAULT	LAB_00006cb0
00006cbc	Label	DEFAULT	LAB_00006cbc
00006cd2	Label	DEFAULT	LAB_00006cd2
00006cda	Label	DEFAULT	LAB_00006cda
00006ce2	Label	DEFAULT	LAB_00006ce2
00006cee	Label	DEFAULT	LAB_00006cee
00006d02	Label	DEFAULT	LAB_00006d02
00006d26	Label	DEFAULT	LAB_00006d26
00006d2c	Label	DEFAULT	LAB_00006d2c
00006d30	Label	DEFAULT	LAB_00006d30
00006d36	Label	DEFAULT	LAB_00006d36
00006d3c	Label	DEFAULT	DAT_00006d3c
00006d40	Function	DEFAULT	FUN_00006d40
00006d94	Label	DEFAULT	LAB_00006d94
00006d9c	Label	DEFAULT	LAB_00006d9c
00006da8	Label	DEFAULT	LAB_00006da8
00006db2	Label	DEFAULT	LAB_00006db2
00006dce	Label	DEFAULT	LAB_00006dce
00006de2	Label	DEFAULT	LAB_00006de2
00006de6	Label	DEFAULT	LAB_00006de6
00006df0	Label	DEFAULT	LAB_00006df0
00006dfa	Label	DEFAULT	LAB_00006dfa
00006dfc	Label	DEFAULT	LAB_00006dfc
00006e72	Label	DEFAULT	LAB_00006e72
00006e7c	Label	DEFAULT	DAT_00006e7c
00006e80	Label	DEFAULT	DAT_00006e80
00006e84	Label	DEFAULT	DAT_00006e84
00006e88	Label	DEFAULT	DAT_00006e88
00006e8c	Label	DEFAULT	DAT_00006e8c
00006e90	Function	DEFAULT	FUN_00006e90
00006e98	Function	DEFAULT	FUN_00006e98
00006ea0	Label	DEFAULT	LAB_00006ea0
00006eb0	Label	DEFAULT	LAB_00006eb0
00006ec0	Function	DEFAULT	FUN_00006ec0
00006ee4	Label	ANALYSIS	switchD_00006ee4::switchD
00006ee6	Label	ANALYSIS	switchD_00006ee4::switchdataD_00006ee6
00006efa	Label	DEFAULT	LAB_00006efa
00006f12	Label	DEFAULT	LAB_00006f12
00006f22	Label	DEFAULT	LAB_00006f22
00006f24	Label	ANALYSIS	switchD_00006ee4::caseD_ed
00006f24	Label	ANALYSIS	switchD_00006ee4::caseD_ef
00006f24	Label	ANALYSIS	switchD_00006ee4::caseD_f0
00006f24	Label	ANALYSIS	switchD_00006ee4::caseD_f1
00006f24	Label	ANALYSIS	switchD_00006ee4::caseD_f3
00006f24	Label	ANALYSIS	switchD_00006ee4::caseD_f4
00006f24	Label	ANALYSIS	switchD_00006ee4::caseD_f5
00006f24	Label	ANALYSIS	switchD_00006ee4::caseD_f6
00006f24	Label	ANALYSIS	switchD_00006ee4::caseD_f7
00006f24	Label	ANALYSIS	switchD_00006ee4::caseD_f8
00006f24	Label	ANALYSIS	switchD_00006ee4::caseD_f9
00006f24	Label	ANALYSIS	switchD_00006ee4::caseD_fa
00006f24	Label	ANALYSIS	switchD_00006ee4::caseD_fb
00006f24	Label	ANALYSIS	switchD_00006ee4::caseD_fc
00006f24	Label	ANALYSIS	switchD_00006ee4::caseD_fd
00006f2e	Label	ANALYSIS	switchD_00006ee4::caseD_fe
00006f32	Label	ANALYSIS	switchD_00006ee4::caseD_ec
00006f40	Label	ANALYSIS	switchD_00006ee4::caseD_ee
00006f4e	Label	ANALYSIS	switchD_00006ee4::caseD_ff
00006f6c	Label	ANALYSIS	switchD_00006ee4::caseD_f2
00006f90	Label	DEFAULT	DAT_00006f90
00006f94	Label	DEFAULT	DAT_00006f94
00006f98	Label	DEFAULT	DAT_00006f98
00006f9c	Function	DEFAULT	FUN_00006f9c
00006fd6	Label	DEFAULT	LAB_00006fd6
00006fda	Label	DEFAULT	LAB_00006fda
00006fe4	Label	DEFAULT	LAB_00006fe4
00006fec	Label	DEFAULT	DAT_00006fec
00006ff0	Label	DEFAULT	DAT_00006ff0
00006ff4	Function	DEFAULT	FUN_00006ff4
0000700c	Label	DEFAULT	LAB_0000700c
00007020	Label	DEFAULT	DAT_00007020
00007024	Label	DEFAULT	DAT_00007024
00007028	Function	USER_DEFINED	firmware_verify_staging_sum
00007038	Label	DEFAULT	LAB_00007038
00007056	Label	DEFAULT	LAB_00007056
0000705a	Label	DEFAULT	LAB_0000705a
00007062	Label	DEFAULT	LAB_00007062
0000706e	Label	DEFAULT	LAB_0000706e
0000707a	Label	DEFAULT	LAB_0000707a
00007080	Label	DEFAULT	DAT_00007080
00007084	Label	DEFAULT	DAT_00007084
00007088	Function	DEFAULT	FUN_00007088
000070a2	Label	DEFAULT	LAB_000070a2
000070b6	Label	DEFAULT	LAB_000070b6
000070e0	Label	DEFAULT	DAT_000070e0
000070e4	Label	DEFAULT	DAT_000070e4
000070e8	Function	DEFAULT	FUN_000070e8
000070fe	Label	DEFAULT	LAB_000070fe
0000710e	Label	DEFAULT	LAB_0000710e
00007118	Label	DEFAULT	LAB_00007118
00007124	Label	DEFAULT	LAB_00007124
0000713c	Label	DEFAULT	LAB_0000713c
00007164	Label	DEFAULT	DAT_00007164
00007168	Label	DEFAULT	DAT_00007168
0000716c	Label	DEFAULT	DAT_0000716c
00007170	Function	DEFAULT	FUN_00007170
0000718c	Label	DEFAULT	LAB_0000718c
0000719a	Label	DEFAULT	LAB_0000719a
000071d4	Label	DEFAULT	DAT_000071d4
000071d8	Label	DEFAULT	DAT_000071d8
000071dc	Function	DEFAULT	FUN_000071dc
000071f2	Label	DEFAULT	LAB_000071f2
00007202	Label	DEFAULT	LAB_00007202
00007230	Label	DEFAULT	DAT_00007230
00007234	Label	DEFAULT	DAT_00007234
00007238	Function	USER_DEFINED	host_send_press_counters
00007240	Label	DEFAULT	LAB_00007240
0000729e	Label	DEFAULT	LAB_0000729e
000072c2	Label	DEFAULT	LAB_000072c2
000072e0	Label	DEFAULT	PTR_DAT_000072e0
000072e4	Label	DEFAULT	PTR_key_press_counters_000072e4
000072e8	Label	DEFAULT	PTR_DAT_000072e8
000072ec	Label	DEFAULT	PTR_DAT_000072ec
000072f0	Label	DEFAULT	PTR_DAT_000072f0
000072f4	Label	DEFAULT	PTR_DAT_000072f4
000072f8	Label	DEFAULT	PTR_DAT_000072f8
000072fc	Label	DEFAULT	PTR_DAT_000072fc
00007300	Function	USER_DEFINED	host_send_key_configuration
00007312	Label	DEFAULT	LAB_00007312
00007378	Label	DEFAULT	LAB_00007378
000073a4	Label	DEFAULT	LAB_000073a4
000073ae	Label	DEFAULT	LAB_000073ae
000073b8	Label	DEFAULT	LAB_000073b8
000073c2	Label	DEFAULT	LAB_000073c2
000073d0	Label	DEFAULT	LAB_000073d0
000073e0	Label	DEFAULT	LAB_000073e0
00007402	Label	DEFAULT	LAB_00007402
00007416	Label	DEFAULT	LAB_00007416
00007418	Label	DEFAULT	LAB_00007418
0000741a	Label	DEFAULT	LAB_0000741a
00007426	Label	DEFAULT	LAB_00007426
0000743e	Label	DEFAULT	LAB_0000743e
0000744e	Label	DEFAULT	LAB_0000744e
00007468	Label	DEFAULT	LAB_00007468
0000746c	Label	DEFAULT	LAB_0000746c
0000747e	Label	DEFAULT	LAB_0000747e
000074ac	Label	DEFAULT	LAB_000074ac
000074b0	Label	DEFAULT	PTR_DAT_000074b0
000074b4	Label	DEFAULT	PTR_DAT_000074b4
000074b8	Label	DEFAULT	PTR_DAT_000074b8
000074bc	Label	DEFAULT	PTR_DAT_000074bc
000074c0	Label	DEFAULT	DAT_000074c0
000074c4	Label	DEFAULT	DAT_000074c4
000074c8	Label	DEFAULT	DAT_000074c8
000074cc	Function	USER_DEFINED	ec_read_column_adc
000074e6	Label	ANALYSIS	switchD_000074e6::switchD
000074e8	Label	ANALYSIS	switchD_000074e6::switchdataD_000074e8
000074ee	Label	ANALYSIS	switchD_000074e6::caseD_0
000074f8	Label	ANALYSIS	switchD_000074e6::caseD_1
00007502	Label	ANALYSIS	switchD_000074e6::caseD_2
0000750c	Label	ANALYSIS	switchD_000074e6::caseD_3
00007516	Label	ANALYSIS	switchD_000074e6::caseD_4
00007520	Label	ANALYSIS	switchD_000074e6::caseD_5
00007528	Label	ANALYSIS	switchD_000074e6::default
00007548	Label	DEFAULT	DAT_00007548
0000754c	Label	DEFAULT	DAT_0000754c
00007550	Label	DEFAULT	DAT_00007550
00007554	Function	DEFAULT	FUN_00007554
0000757a	Label	DEFAULT	LAB_0000757a
0000758a	Label	DEFAULT	LAB_0000758a
00007598	Label	DEFAULT	LAB_00007598
000075a0	Label	DEFAULT	LAB_000075a0
000075b8	Label	DEFAULT	LAB_000075b8
000075ba	Label	DEFAULT	LAB_000075ba
000075de	Label	DEFAULT	LAB_000075de
00007618	Label	DEFAULT	DAT_00007618
0000761c	Label	DEFAULT	DAT_0000761c
00007620	Label	DEFAULT	DAT_00007620
00007624	Label	DEFAULT	DAT_00007624
00007628	Function	DEFAULT	FUN_00007628
00007664	Label	DEFAULT	LAB_00007664
00007668	Label	DEFAULT	LAB_00007668
0000766c	Label	DEFAULT	DAT_0000766c
00007670	Label	DEFAULT	DAT_00007670
00007674	Label	DEFAULT	DAT_00007674
00007678	Function	USER_DEFINED	host_send_rgb_configuration
000076c0	Label	DEFAULT	LAB_000076c0
000076e4	Label	DEFAULT	LAB_000076e4
00007704	Label	DEFAULT	DAT_00007704
00007708	Label	DEFAULT	DAT_00007708
0000770c	Label	DEFAULT	DAT_0000770c
00007710	Function	USER_DEFINED	ec_measure_idle_level
00007736	Label	DEFAULT	LAB_00007736
00007744	Label	DEFAULT	LAB_00007744
00007774	Label	DEFAULT	DAT_00007774
00007778	Label	DEFAULT	DAT_00007778
0000777c	Label	DEFAULT	DAT_0000777c
00007780	Label	DEFAULT	DAT_00007780
00007784	Function	DEFAULT	FUN_00007784
00007796	Label	DEFAULT	LAB_00007796
000077a0	Label	DEFAULT	DAT_000077a0
000077a4	Label	DEFAULT	DAT_000077a4
000077a8	Label	DEFAULT	DAT_000077a8
000077ac	Function	USER_DEFINED	host_command_dispatch
000077e2	Label	DEFAULT	LAB_000077e2
000077ec	Label	DEFAULT	LAB_000077ec
000077fa	Label	ANALYSIS	switchD_000077fa::switchD
000077fc	Label	ANALYSIS	switchD_000077fa::switchdataD_000077fc
00007806	Label	DEFAULT	LAB_00007806
00007814	Label	ANALYSIS	switchD_00007814::switchD
00007816	Label	ANALYSIS	switchD_00007814::switchdataD_00007816
00007826	Label	ANALYSIS	switchD_00007814::caseD_f0
00007844	Label	DEFAULT	LAB_00007844
00007866	Label	DEFAULT	LAB_00007866
00007884	Label	DEFAULT	LAB_00007884
00007888	Label	DEFAULT	LAB_00007888
0000788c	Label	DEFAULT	LAB_0000788c
00007896	Label	DEFAULT	LAB_00007896
000078b2	Label	DEFAULT	LAB_000078b2
000078c0	Label	DEFAULT	LAB_000078c0
000078c2	Label	DEFAULT	LAB_000078c2
000078c4	Label	DEFAULT	LAB_000078c4
000078c6	Label	DEFAULT	LAB_000078c6
000078c8	Label	DEFAULT	LAB_000078c8
000078ca	Label	ANALYSIS	switchD_000077fa::caseD_de
000078ca	Label	ANALYSIS	switchD_000077fa::caseD_df
000078ca	Label	ANALYSIS	switchD_000077fa::caseD_e4
000078ca	Label	ANALYSIS	switchD_00007814::caseD_f3
000078ca	Label	ANALYSIS	switchD_00007814::caseD_f4
000078ca	Label	ANALYSIS	switchD_00007814::caseD_f7
000078ca	Label	ANALYSIS	switchD_00007814::caseD_f8
000078cc	Label	DEFAULT	LAB_000078cc
000078ce	Label	DEFAULT	LAB_000078ce
000078e8	Label	DEFAULT	LAB_000078e8
0000790e	Label	DEFAULT	LAB_0000790e
00007916	Label	DEFAULT	LAB_00007916
0000793c	Label	DEFAULT	LAB_0000793c
00007940	Label	DEFAULT	LAB_00007940
00007942	Label	DEFAULT	LAB_00007942
00007944	Label	DEFAULT	LAB_00007944
00007956	Label	ANALYSIS	switchD_000077fa::caseD_e0
00007960	Label	DEFAULT	LAB_00007960
00007974	Label	DEFAULT	LAB_00007974
0000798a	Label	DEFAULT	LAB_0000798a
00007990	Label	ANALYSIS	switchD_000077fa::caseD_dd
00007996	Label	DEFAULT	LAB_00007996
000079a0	Label	DEFAULT	LAB_000079a0
000079a2	Label	DEFAULT	LAB_000079a2
000079a6	Label	DEFAULT	LAB_000079a6
000079b6	Label	DEFAULT	LAB_000079b6
000079b8	Label	DEFAULT	LAB_000079b8
000079cc	Label	DEFAULT	LAB_000079cc
000079d0	Label	DEFAULT	LAB_000079d0
000079d2	Label	DEFAULT	LAB_000079d2
000079dc	Label	ANALYSIS	switchD_000077fa::caseD_e5
000079dc	Label	ANALYSIS	switchD_00007814::caseD_f5
000079de	Label	ANALYSIS	switchD_000077fa::caseD_e3
000079e0	Label	ANALYSIS	switchD_000077fa::caseD_e2
000079e2	Label	ANALYSIS	switchD_000077fa::caseD_e1
000079e4	Label	ANALYSIS	switchD_00007814::caseD_ff
000079e6	Label	ANALYSIS	switchD_00007814::caseD_fe
000079e8	Label	ANALYSIS	switchD_00007814::caseD_fd
000079ea	Label	ANALYSIS	switchD_00007814::caseD_fc
000079ec	Label	ANALYSIS	switchD_00007814::caseD_fb
000079ee	Label	ANALYSIS	switchD_00007814::caseD_fa
000079f0	Label	ANALYSIS	switchD_00007814::caseD_f9
000079f2	Label	ANALYSIS	switchD_00007814::caseD_f6
000079f4	Label	ANALYSIS	switchD_00007814::caseD_f2
000079f6	Label	ANALYSIS	switchD_00007814::caseD_f1
000079f8	Label	DEFAULT	LAB_000079f8
00007a06	Label	DEFAULT	LAB_00007a06
00007a08	Label	DEFAULT	LAB_00007a08
00007a1e	Label	DEFAULT	LAB_00007a1e
00007a36	Label	DEFAULT	LAB_00007a36
00007a3a	Label	DEFAULT	LAB_00007a3a
00007a40	Label	DEFAULT	LAB_00007a40
00007a48	Label	DEFAULT	LAB_00007a48
00007a4e	Label	DEFAULT	LAB_00007a4e
00007a56	Label	DEFAULT	LAB_00007a56
00007a60	Label	DEFAULT	LAB_00007a60
00007a70	Label	DEFAULT	LAB_00007a70
00007a76	Label	DEFAULT	LAB_00007a76
00007a82	Label	DEFAULT	LAB_00007a82
00007a88	Label	DEFAULT	LAB_00007a88
00007a8c	Label	DEFAULT	LAB_00007a8c
00007aa4	Label	DEFAULT	LAB_00007aa4
00007aa8	Label	DEFAULT	LAB_00007aa8
00007ac0	Label	DEFAULT	LAB_00007ac0
00007ac8	Label	DEFAULT	LAB_00007ac8
00007ae0	Label	DEFAULT	LAB_00007ae0
00007ae2	Label	DEFAULT	LAB_00007ae2
00007ae6	Label	DEFAULT	LAB_00007ae6
00007af4	Label	DEFAULT	LAB_00007af4
00007afe	Label	DEFAULT	LAB_00007afe
00007b1e	Label	DEFAULT	LAB_00007b1e
00007b2c	Label	DEFAULT	LAB_00007b2c
00007b36	Label	DEFAULT	LAB_00007b36
00007b3c	Label	DEFAULT	LAB_00007b3c
00007b44	Label	DEFAULT	LAB_00007b44
00007b4c	Label	DEFAULT	LAB_00007b4c
00007b52	Label	DEFAULT	LAB_00007b52
00007b58	Label	DEFAULT	LAB_00007b58
00007b60	Label	DEFAULT	DAT_00007b60
00007b64	Label	DEFAULT	PTR_DAT_00007b64
00007b68	Label	DEFAULT	PTR_DAT_00007b68
00007b6c	Label	DEFAULT	PTR_DAT_00007b6c
00007b70	Label	DEFAULT	DAT_00007b70
00007b74	Label	DEFAULT	DAT_00007b74
00007b78	Label	DEFAULT	PTR_DAT_00007b78
00007b7c	Label	DEFAULT	PTR_DAT_00007b7c
00007b80	Label	DEFAULT	DAT_00007b80
00007b84	Label	DEFAULT	DAT_00007b84
00007b88	Function	DEFAULT	FUN_00007b88
00007bb2	Label	DEFAULT	LAB_00007bb2
00007bb4	Label	DEFAULT	LAB_00007bb4
00007bb8	Label	DEFAULT	LAB_00007bb8
00007bc6	Label	DEFAULT	LAB_00007bc6
00007bd4	Label	DEFAULT	LAB_00007bd4
00007be4	Label	DEFAULT	DAT_00007be4
00007be8	Label	DEFAULT	DAT_00007be8
00007bec	Function	DEFAULT	FUN_00007bec
00007bfe	Label	DEFAULT	LAB_00007bfe
00007c06	Label	DEFAULT	LAB_00007c06
00007c22	Label	DEFAULT	LAB_00007c22
00007c36	Label	DEFAULT	LAB_00007c36
00007c3a	Label	DEFAULT	LAB_00007c3a
00007c58	Label	DEFAULT	LAB_00007c58
00007c92	Label	DEFAULT	LAB_00007c92
00007c94	Label	DEFAULT	LAB_00007c94
00007cae	Label	DEFAULT	LAB_00007cae
00007cb0	Label	DEFAULT	LAB_00007cb0
00007ccc	Label	DEFAULT	LAB_00007ccc
00007cdc	Label	DEFAULT	LAB_00007cdc
00007cf6	Label	DEFAULT	LAB_00007cf6
00007cf8	Label	DEFAULT	LAB_00007cf8
00007cfc	Label	DEFAULT	LAB_00007cfc
00007d14	Label	DEFAULT	LAB_00007d14
00007d1c	Label	DEFAULT	LAB_00007d1c
00007d22	Label	DEFAULT	LAB_00007d22
00007d30	Label	DEFAULT	LAB_00007d30
00007d40	Label	DEFAULT	LAB_00007d40
00007d4a	Label	DEFAULT	LAB_00007d4a
00007d62	Label	DEFAULT	LAB_00007d62
00007d72	Label	DEFAULT	LAB_00007d72
00007d84	Label	DEFAULT	LAB_00007d84
00007d8e	Label	DEFAULT	LAB_00007d8e
00007d94	Label	DEFAULT	LAB_00007d94
00007d98	Label	DEFAULT	LAB_00007d98
00007d9e	Label	DEFAULT	LAB_00007d9e
00007da6	Label	DEFAULT	LAB_00007da6
00007dac	Label	DEFAULT	DAT_00007dac
00007db0	Label	DEFAULT	PTR_DAT_00007db0
00007db4	Label	DEFAULT	PTR_DAT_00007db4
00007db8	Label	DEFAULT	PTR_DAT_00007db8
00007dbc	Label	DEFAULT	DAT_00007dbc
00007dc0	Label	DEFAULT	DAT_00007dc0
00007dc4	Function	DEFAULT	FUN_00007dc4
00007dd8	Label	DEFAULT	LAB_00007dd8
00007e00	Label	DEFAULT	LAB_00007e00
00007e02	Label	DEFAULT	LAB_00007e02
00007e1e	Label	DEFAULT	LAB_00007e1e
00007e20	Label	DEFAULT	LAB_00007e20
00007e48	Label	DEFAULT	LAB_00007e48
00007e4a	Label	DEFAULT	LAB_00007e4a
00007e66	Label	DEFAULT	LAB_00007e66
00007e68	Label	DEFAULT	LAB_00007e68
00007e72	Label	DEFAULT	LAB_00007e72
00007e78	Label	DEFAULT	DAT_00007e78
00007e7c	Function	USER_DEFINED	des_rotate_bit_buffer
00007e88	Label	DEFAULT	LAB_00007e88
00007e94	Label	DEFAULT	LAB_00007e94
00007ea2	Label	DEFAULT	LAB_00007ea2
00007eae	Label	DEFAULT	LAB_00007eae
00007eba	Label	DEFAULT	LAB_00007eba
00007ec6	Label	DEFAULT	LAB_00007ec6
00007ecc	Function	USER_DEFINED	des_ecb_decrypt
00007f04	Label	DEFAULT	LAB_00007f04
00007f20	Label	DEFAULT	LAB_00007f20
00007f4a	Label	DEFAULT	LAB_00007f4a
00007f5c	Label	DEFAULT	LAB_00007f5c
00007f68	Label	DEFAULT	LAB_00007f68
00007f78	Label	DEFAULT	LAB_00007f78
00007f84	Label	DEFAULT	LAB_00007f84
00007f92	Label	DEFAULT	LAB_00007f92
00007f9e	Label	DEFAULT	LAB_00007f9e
00007fb2	Label	DEFAULT	LAB_00007fb2
00007fbe	Label	DEFAULT	LAB_00007fbe
00007fce	Label	DEFAULT	LAB_00007fce
00007fda	Label	DEFAULT	LAB_00007fda
00007fea	Label	DEFAULT	LAB_00007fea
00007fec	Label	DEFAULT	LAB_00007fec
00007fee	Label	DEFAULT	LAB_00007fee
00007ffa	Label	DEFAULT	LAB_00007ffa
0000801a	Label	DEFAULT	LAB_0000801a
00008032	Label	DEFAULT	LAB_00008032
0000803e	Label	DEFAULT	LAB_0000803e
00008058	Label	DEFAULT	LAB_00008058
00008072	Label	DEFAULT	LAB_00008072
0000809e	Label	DEFAULT	LAB_0000809e
000080a6	Label	DEFAULT	LAB_000080a6
000080d4	Label	DEFAULT	LAB_000080d4
000080e8	Label	DEFAULT	LAB_000080e8
00008114	Label	DEFAULT	LAB_00008114
0000814a	Label	DEFAULT	LAB_0000814a
00008150	Label	DEFAULT	LAB_00008150
00008152	Label	DEFAULT	LAB_00008152
00008166	Label	DEFAULT	LAB_00008166
000081a2	Label	DEFAULT	LAB_000081a2
000081b2	Label	DEFAULT	LAB_000081b2
000081cc	Label	DEFAULT	LAB_000081cc
000081ec	Label	DEFAULT	LAB_000081ec
000081f6	Label	DEFAULT	LAB_000081f6
00008200	Label	DEFAULT	DAT_00008200
00008204	Label	DEFAULT	DAT_00008204
00008208	Label	DEFAULT	DAT_00008208
0000820c	Label	DEFAULT	DAT_0000820c
00008210	Label	DEFAULT	DAT_00008210
00008214	Label	DEFAULT	DAT_00008214
00008218	Label	DEFAULT	DAT_00008218
0000821c	Label	DEFAULT	DAT_0000821c
00008220	Function	DEFAULT	FUN_00008220
0000822e	Function	DEFAULT	FUN_0000822e
00008248	Function	USER_DEFINED	SYS_UnlockReg
00008258	Label	DEFAULT	LAB_00008258
00008268	Label	DEFAULT	LAB_00008268
0000826c	Label	DEFAULT	DAT_0000826c
00008270	Function	DEFAULT	FUN_00008270
0000829c	Label	DEFAULT	DAT_0000829c
000082a0	Function	DEFAULT	FUN_000082a0
000082b6	Label	DEFAULT	LAB_000082b6
000082c4	Label	DEFAULT	LAB_000082c4
000082ce	Label	DEFAULT	LAB_000082ce
000082da	Label	DEFAULT	LAB_000082da
000082e8	Label	DEFAULT	DAT_000082e8
000082ec	Label	DEFAULT	DAT_000082ec
000082f0	Label	DEFAULT	DAT_000082f0
000082f4	Function	DEFAULT	FUN_000082f4
0000831e	Label	DEFAULT	LAB_0000831e
00008322	Label	DEFAULT	LAB_00008322
00008326	Label	DEFAULT	LAB_00008326
0000834c	Label	DEFAULT	LAB_0000834c
0000835a	Label	DEFAULT	LAB_0000835a
00008366	Label	DEFAULT	LAB_00008366
00008374	Label	DEFAULT	LAB_00008374
0000837e	Label	DEFAULT	LAB_0000837e
0000838c	Label	DEFAULT	LAB_0000838c
0000839e	Label	DEFAULT	LAB_0000839e
000083a8	Label	DEFAULT	LAB_000083a8
000083ba	Label	DEFAULT	LAB_000083ba
000083c4	Label	DEFAULT	LAB_000083c4
000083cc	Label	DEFAULT	LAB_000083cc
000083de	Label	DEFAULT	LAB_000083de
000083e8	Label	DEFAULT	LAB_000083e8
000083f2	Label	DEFAULT	LAB_000083f2
000083fa	Label	DEFAULT	LAB_000083fa
0000840c	Label	DEFAULT	LAB_0000840c
00008438	Label	DEFAULT	LAB_00008438
0000843e	Label	DEFAULT	LAB_0000843e
00008440	Label	DEFAULT	LAB_00008440
0000845c	Label	DEFAULT	LAB_0000845c
0000846e	Label	DEFAULT	LAB_0000846e
00008478	Label	DEFAULT	LAB_00008478
00008482	Label	DEFAULT	LAB_00008482
0000848a	Label	DEFAULT	LAB_0000848a
0000849a	Label	DEFAULT	LAB_0000849a
000084a0	Label	DEFAULT	LAB_000084a0
000084b4	Label	DEFAULT	LAB_000084b4
000084bc	Label	DEFAULT	LAB_000084bc
000084c0	Label	DEFAULT	LAB_000084c0
000084c6	Label	DEFAULT	LAB_000084c6
000084cc	Label	DEFAULT	LAB_000084cc
000084d2	Label	DEFAULT	LAB_000084d2
000084e0	Label	DEFAULT	LAB_000084e0
000084ee	Label	DEFAULT	LAB_000084ee
000084f6	Label	DEFAULT	LAB_000084f6
00008500	Label	DEFAULT	DAT_00008500
00008504	Label	DEFAULT	DAT_00008504
00008508	Label	DEFAULT	DAT_00008508
0000850c	Label	DEFAULT	DAT_0000850c
00008510	Label	DEFAULT	DAT_00008510
00008514	Label	DEFAULT	DAT_00008514
00008518	Label	DEFAULT	DAT_00008518
0000851c	Label	DEFAULT	DAT_0000851c
00008520	Label	DEFAULT	DAT_00008520
00008524	Label	DEFAULT	DAT_00008524
00008528	Function	DEFAULT	FUN_00008528
0000854e	Label	DEFAULT	LAB_0000854e
00008572	Label	DEFAULT	LAB_00008572
00008580	Label	DEFAULT	LAB_00008580
00008588	Label	DEFAULT	LAB_00008588
00008590	Label	DEFAULT	LAB_00008590
00008596	Label	DEFAULT	LAB_00008596
000085ce	Label	DEFAULT	LAB_000085ce
000085e0	Label	DEFAULT	DAT_000085e0
000085e4	Label	DEFAULT	DAT_000085e4
000085e8	Label	DEFAULT	DAT_000085e8
000085ec	Label	DEFAULT	DAT_000085ec
000085f0	Label	DEFAULT	DAT_000085f0
000085f4	Label	DEFAULT	DAT_000085f4
000085f8	Function	DEFAULT	FUN_000085f8
0000861c	Label	DEFAULT	LAB_0000861c
00008646	Label	DEFAULT	LAB_00008646
00008650	Label	DEFAULT	LAB_00008650
00008658	Label	DEFAULT	LAB_00008658
00008682	Label	DEFAULT	LAB_00008682
0000868c	Label	DEFAULT	LAB_0000868c
00008690	Label	DEFAULT	LAB_00008690
00008696	Label	DEFAULT	LAB_00008696
000086a2	Label	DEFAULT	LAB_000086a2
000086ac	Label	DEFAULT	LAB_000086ac
000086b8	Label	DEFAULT	LAB_000086b8
000086c4	Label	DEFAULT	LAB_000086c4
000086ce	Label	DEFAULT	LAB_000086ce
000086d2	Label	DEFAULT	LAB_000086d2
000086d6	Label	DEFAULT	LAB_000086d6
000086e6	Label	DEFAULT	LAB_000086e6
000086ec	Label	DEFAULT	LAB_000086ec
000086f8	Label	DEFAULT	LAB_000086f8
00008702	Label	DEFAULT	LAB_00008702
0000870e	Label	DEFAULT	LAB_0000870e
0000871a	Label	DEFAULT	LAB_0000871a
00008724	Label	DEFAULT	LAB_00008724
0000872c	Label	DEFAULT	DAT_0000872c
00008730	Label	DEFAULT	DAT_00008730
00008734	Label	DEFAULT	DAT_00008734
00008738	Label	DEFAULT	DAT_00008738
0000873c	Label	DEFAULT	DAT_0000873c
00008740	Function	USER_DEFINED	host_send_version
0000875c	Label	DEFAULT	LAB_0000875c
0000876e	Label	DEFAULT	LAB_0000876e
0000877c	Label	DEFAULT	DAT_0000877c
00008780	Function	DEFAULT	FUN_00008780
00008798	Label	DEFAULT	LAB_00008798
000087b4	Label	DEFAULT	DAT_000087b4
000087b8	Label	DEFAULT	DAT_000087b8
000087bc	Label	DEFAULT	DAT_000087bc
000087c0	Function	DEFAULT	FUN_000087c0
00008822	Label	DEFAULT	LAB_00008822
00008828	Label	DEFAULT	LAB_00008828
0000887c	Label	DEFAULT	LAB_0000887c
00008880	Label	DEFAULT	LAB_00008880
00008884	Label	DEFAULT	LAB_00008884
00008886	Label	DEFAULT	LAB_00008886
00008890	Label	DEFAULT	LAB_00008890
0000889a	Label	DEFAULT	LAB_0000889a
000088b6	Label	DEFAULT	LAB_000088b6
000088bc	Label	DEFAULT	LAB_000088bc
00008912	Label	DEFAULT	LAB_00008912
00008916	Label	DEFAULT	LAB_00008916
0000891a	Label	DEFAULT	LAB_0000891a
0000891c	Label	DEFAULT	LAB_0000891c
00008926	Label	DEFAULT	LAB_00008926
0000892e	Label	DEFAULT	LAB_0000892e
0000894e	Label	DEFAULT	LAB_0000894e
00008978	Label	DEFAULT	LAB_00008978
000089a0	Label	DEFAULT	LAB_000089a0
000089a2	Label	DEFAULT	LAB_000089a2
000089a6	Label	DEFAULT	LAB_000089a6
000089b6	Label	DEFAULT	LAB_000089b6
000089bc	Label	DEFAULT	DAT_000089bc
000089c0	Label	DEFAULT	DAT_000089c0
000089c4	Function	DEFAULT	FUN_000089c4
000089d4	Label	DEFAULT	LAB_000089d4
000089ee	Label	DEFAULT	LAB_000089ee
000089f0	Label	DEFAULT	LAB_000089f0
00008a0a	Label	DEFAULT	LAB_00008a0a
00008a2e	Label	DEFAULT	LAB_00008a2e
00008a40	Label	DEFAULT	LAB_00008a40
00008a42	Label	DEFAULT	LAB_00008a42
00008a8c	Label	DEFAULT	LAB_00008a8c
00008adc	Label	DEFAULT	LAB_00008adc
00008ae0	Label	DEFAULT	LAB_00008ae0
00008aec	Label	DEFAULT	DAT_00008aec
00008af0	Label	DEFAULT	DAT_00008af0
00008af4	Label	DEFAULT	DAT_00008af4
00008af8	Label	DEFAULT	DAT_00008af8
00008afc	Label	DEFAULT	DAT_00008afc
00008b00	Label	DEFAULT	DAT_00008b00
00008b04	Label	DEFAULT	DAT_00008b04
00008b08	Label	DEFAULT	DAT_00008b08
00008b0c	Label	DEFAULT	DAT_00008b0c
00008b10	Label	DEFAULT	DAT_00008b10
00008b14	Function	DEFAULT	FUN_00008b14
00008b42	Label	DEFAULT	LAB_00008b42
00008b46	Label	DEFAULT	LAB_00008b46
00008b58	Label	DEFAULT	LAB_00008b58
00008b62	Label	DEFAULT	LAB_00008b62
00008b6e	Label	DEFAULT	LAB_00008b6e
00008b7e	Label	DEFAULT	LAB_00008b7e
00008b92	Label	DEFAULT	LAB_00008b92
00008b96	Label	DEFAULT	LAB_00008b96
00008baa	Label	DEFAULT	LAB_00008baa
00008bc0	Label	DEFAULT	LAB_00008bc0
00008bd2	Label	DEFAULT	LAB_00008bd2
00008bd6	Label	DEFAULT	LAB_00008bd6
00008bda	Label	DEFAULT	LAB_00008bda
00008be2	Label	DEFAULT	LAB_00008be2
00008bea	Label	DEFAULT	LAB_00008bea
00008bf0	Label	DEFAULT	DAT_00008bf0
00008bf4	Label	DEFAULT	DAT_00008bf4
00008bf8	Label	DEFAULT	DAT_00008bf8
00008bfc	Label	DEFAULT	DAT_00008bfc
00008c00	Label	DEFAULT	DAT_00008c00
00008c04	Label	DEFAULT	DAT_00008c04
00008c08	Function	DEFAULT	FUN_00008c08
00008c24	Label	DEFAULT	LAB_00008c24
00008c26	Label	DEFAULT	LAB_00008c26
00008c28	Label	DEFAULT	LAB_00008c28
00008c38	Label	DEFAULT	DAT_00008c38
00008c3c	Label	DEFAULT	DAT_00008c3c
00008c40	Function	DEFAULT	FUN_00008c40
00008c58	Label	DEFAULT	LAB_00008c58
00008c74	Label	DEFAULT	DAT_00008c74
00008c78	Label	DEFAULT	DAT_00008c78
00008c7c	Label	DEFAULT	DAT_00008c7c
00008c80	Function	USER_DEFINED	clock_set_profile
00008c8a	Label	DEFAULT	LAB_00008c8a
00008cbe	Label	DEFAULT	LAB_00008cbe
00008ce2	Label	DEFAULT	LAB_00008ce2
00008cf8	Label	DEFAULT	LAB_00008cf8
00008d1e	Label	DEFAULT	LAB_00008d1e
00008d28	Label	DEFAULT	LAB_00008d28
00008d4e	Label	DEFAULT	LAB_00008d4e
00008d58	Label	DEFAULT	LAB_00008d58
00008d7e	Label	DEFAULT	LAB_00008d7e
00008d86	Label	DEFAULT	LAB_00008d86
00008d94	Label	DEFAULT	LAB_00008d94
00008da8	Label	DEFAULT	LAB_00008da8
00008db0	Label	DEFAULT	DAT_00008db0
00008db4	Label	DEFAULT	DAT_00008db4
00008db8	Function	DEFAULT	FUN_00008db8
00008dce	Label	DEFAULT	LAB_00008dce
00008dd6	Label	DEFAULT	LAB_00008dd6
00008dd8	Label	DEFAULT	LAB_00008dd8
00008dfc	Label	DEFAULT	LAB_00008dfc
00008e14	Label	DEFAULT	LAB_00008e14
00008e30	Label	DEFAULT	LAB_00008e30
00008e34	Label	DEFAULT	DAT_00008e34
00008e38	Label	DEFAULT	DAT_00008e38
00008e3c	Label	DEFAULT	DAT_00008e3c
00008e40	Label	DEFAULT	DAT_00008e40
00008e44	Label	DEFAULT	DAT_00008e44
00008e48	Label	DEFAULT	DAT_00008e48
00008e4c	Label	DEFAULT	DAT_00008e4c
00008e50	Function	USER_DEFINED	SystemInit
00008e51	Label	DEFAULT	SystemInit+1
00008e54	Function	USER_DEFINED	application_init
00008e90	Label	DEFAULT	LAB_00008e90
00008ea0	Label	DEFAULT	LAB_00008ea0
00008eb0	Label	DEFAULT	LAB_00008eb0
00008ec0	Label	DEFAULT	LAB_00008ec0
00008ed0	Label	DEFAULT	LAB_00008ed0
00008ef8	Label	DEFAULT	LAB_00008ef8
00008f0a	Label	DEFAULT	LAB_00008f0a
00008f1c	Label	DEFAULT	LAB_00008f1c
00008f2e	Label	DEFAULT	LAB_00008f2e
00008f3e	Label	DEFAULT	LAB_00008f3e
00008f52	Label	DEFAULT	LAB_00008f52
00008f68	Label	DEFAULT	LAB_00008f68
00008f6a	Label	DEFAULT	LAB_00008f6a
00008f6c	Label	DEFAULT	LAB_00008f6c
00008f80	Label	DEFAULT	LAB_00008f80
00008f94	Label	DEFAULT	LAB_00008f94
00008fac	Label	DEFAULT	LAB_00008fac
00008fc2	Label	DEFAULT	LAB_00008fc2
00008fc8	Label	DEFAULT	LAB_00008fc8
00008fd8	Label	DEFAULT	LAB_00008fd8
00008fda	Label	DEFAULT	LAB_00008fda
00008fea	Label	DEFAULT	LAB_00008fea
00009004	Label	DEFAULT	LAB_00009004
0000904a	Label	DEFAULT	LAB_0000904a
00009050	Label	DEFAULT	LAB_00009050
00009062	Label	DEFAULT	LAB_00009062
00009072	Label	DEFAULT	LAB_00009072
0000907c	Label	DEFAULT	LAB_0000907c
000090a6	Label	DEFAULT	LAB_000090a6
00009106	Label	DEFAULT	LAB_00009106
0000911a	Label	DEFAULT	LAB_0000911a
0000912e	Label	DEFAULT	LAB_0000912e
0000913a	Label	DEFAULT	LAB_0000913a
00009140	Label	DEFAULT	LAB_00009140
00009142	Label	DEFAULT	LAB_00009142
0000914c	Label	DEFAULT	DAT_0000914c
00009150	Label	DEFAULT	DAT_00009150
00009154	Label	DEFAULT	DAT_00009154
00009158	Label	DEFAULT	DAT_00009158
0000915c	Label	DEFAULT	DAT_0000915c
00009160	Label	DEFAULT	DAT_00009160
00009164	Label	DEFAULT	DAT_00009164
00009168	Label	DEFAULT	DAT_00009168
0000916c	Label	DEFAULT	DAT_0000916c
00009170	Label	DEFAULT	DAT_00009170
00009174	Label	DEFAULT	DAT_00009174
00009178	Label	DEFAULT	DAT_00009178
0000917c	Label	DEFAULT	DAT_0000917c
00009180	Label	DEFAULT	DAT_00009180
00009184	Label	DEFAULT	DAT_00009184
00009188	Label	DEFAULT	DAT_00009188
0000918c	Function	USER_DEFINED	firmware_update_record
000091fa	Label	DEFAULT	LAB_000091fa
000091fe	Label	DEFAULT	LAB_000091fe
0000920c	Label	DEFAULT	LAB_0000920c
0000921a	Label	DEFAULT	LAB_0000921a
00009240	Label	DEFAULT	LAB_00009240
0000924e	Label	DEFAULT	LAB_0000924e
0000925e	Label	DEFAULT	LAB_0000925e
00009274	Label	DEFAULT	LAB_00009274
0000927e	Label	DEFAULT	LAB_0000927e
00009290	Label	DEFAULT	LAB_00009290
00009294	Label	DEFAULT	LAB_00009294
00009298	Label	DEFAULT	LAB_00009298
000092f4	Label	DEFAULT	LAB_000092f4
00009324	Label	DEFAULT	LAB_00009324
00009326	Label	DEFAULT	LAB_00009326
00009364	Label	USER_DEFINED	des_key_literal
00009368	Label	DEFAULT	DAT_00009368
0000936c	Label	DEFAULT	DAT_0000936c
00009370	Label	DEFAULT	DAT_00009370
00009374	Label	DEFAULT	DAT_00009374
00009378	Label	DEFAULT	DAT_00009378
0000937c	Function	DEFAULT	FUN_0000937c
000093ac	Label	DEFAULT	LAB_000093ac
000093b6	Label	DEFAULT	LAB_000093b6
000093ca	Label	DEFAULT	LAB_000093ca
000093d6	Label	DEFAULT	LAB_000093d6
000093da	Label	DEFAULT	LAB_000093da
000093e4	Label	DEFAULT	DAT_000093e4
000093e8	Label	DEFAULT	DAT_000093e8
000093ec	Label	DEFAULT	DAT_000093ec
000093f0	Label	DEFAULT	DAT_000093f0
000093f4	Label	DEFAULT	DAT_000093f4
000093f8	Label	DEFAULT	DAT_000093f8
000093fc	Function	DEFAULT	FUN_000093fc
00009414	Label	DEFAULT	LAB_00009414
00009422	Label	DEFAULT	LAB_00009422
00009430	Label	DEFAULT	LAB_00009430
0000943c	Label	DEFAULT	LAB_0000943c
00009444	Label	DEFAULT	LAB_00009444
0000945c	Function	USER_DEFINED	TMR0_IRQHandler
0000947a	Label	DEFAULT	LAB_0000947a
0000947c	Label	DEFAULT	DAT_0000947c
00009480	Label	DEFAULT	DAT_00009480
00009484	Function	USER_DEFINED	TMR1_IRQHandler
0000949a	Label	DEFAULT	LAB_0000949a
0000949c	Label	DEFAULT	DAT_0000949c
000094a0	Function	USER_DEFINED	TMR2_IRQHandler
000094be	Label	DEFAULT	LAB_000094be
000094ca	Label	DEFAULT	LAB_000094ca
000094d6	Label	DEFAULT	LAB_000094d6
000094e2	Label	DEFAULT	LAB_000094e2
000094ee	Label	DEFAULT	LAB_000094ee
000094fa	Label	DEFAULT	LAB_000094fa
00009504	Label	DEFAULT	LAB_00009504
00009510	Label	DEFAULT	LAB_00009510
0000951e	Label	DEFAULT	LAB_0000951e
00009528	Label	DEFAULT	LAB_00009528
0000953c	Label	DEFAULT	LAB_0000953c
00009556	Label	DEFAULT	LAB_00009556
0000956c	Label	DEFAULT	LAB_0000956c
0000957e	Label	DEFAULT	LAB_0000957e
00009590	Label	DEFAULT	LAB_00009590
000095a4	Label	DEFAULT	LAB_000095a4
000095a8	Label	DEFAULT	LAB_000095a8
000095aa	Label	DEFAULT	LAB_000095aa
000095ba	Label	DEFAULT	LAB_000095ba
000095cc	Label	DEFAULT	LAB_000095cc
000095de	Label	DEFAULT	LAB_000095de
000095f0	Label	DEFAULT	LAB_000095f0
00009602	Label	DEFAULT	LAB_00009602
00009620	Label	DEFAULT	LAB_00009620
00009626	Label	DEFAULT	LAB_00009626
00009628	Label	DEFAULT	DAT_00009628
0000962c	Label	DEFAULT	DAT_0000962c
00009630	Label	DEFAULT	DAT_00009630
00009634	Label	DEFAULT	DAT_00009634
00009638	Label	DEFAULT	DAT_00009638
0000963c	Label	DEFAULT	DAT_0000963c
00009640	Label	DEFAULT	DAT_00009640
00009644	Label	DEFAULT	DAT_00009644
00009648	Function	DEFAULT	FUN_00009648
00009656	Label	DEFAULT	LAB_00009656
0000966c	Label	DEFAULT	LAB_0000966c
00009686	Label	DEFAULT	LAB_00009686
00009688	Label	DEFAULT	LAB_00009688
0000969c	Label	DEFAULT	LAB_0000969c
000096a0	Label	DEFAULT	LAB_000096a0
000096ac	Label	DEFAULT	DAT_000096ac
000096b0	Label	DEFAULT	DAT_000096b0
000096b4	Label	DEFAULT	DAT_000096b4
000096b8	Label	DEFAULT	DAT_000096b8
000096bc	Function	DEFAULT	FUN_000096bc
000096c2	Label	DEFAULT	LAB_000096c2
000096fa	Label	DEFAULT	LAB_000096fa
00009702	Label	DEFAULT	LAB_00009702
00009708	Label	DEFAULT	LAB_00009708
0000972c	Label	DEFAULT	LAB_0000972c
0000975c	Label	DEFAULT	LAB_0000975c
0000975e	Label	DEFAULT	LAB_0000975e
00009772	Label	DEFAULT	LAB_00009772
0000979a	Label	DEFAULT	LAB_0000979a
000097ac	Label	DEFAULT	PTR_DAT_000097ac
000097b0	Label	DEFAULT	PTR_DAT_000097b0
000097b4	Label	DEFAULT	PTR_DAT_000097b4
000097b8	Label	DEFAULT	DAT_000097b8
000097bc	Label	DEFAULT	DAT_000097bc
000097c0	Label	DEFAULT	DAT_000097c0
000097c4	Label	DEFAULT	DAT_000097c4
000097c8	Label	DEFAULT	DAT_000097c8
000097cc	Label	DEFAULT	DAT_000097cc
000097d0	Function	DEFAULT	FUN_000097d0
000097d6	Label	DEFAULT	LAB_000097d6
000097f4	Label	DEFAULT	LAB_000097f4
000097f6	Label	DEFAULT	LAB_000097f6
00009800	Label	DEFAULT	LAB_00009800
0000981e	Label	DEFAULT	LAB_0000981e
00009830	Label	DEFAULT	LAB_00009830
00009840	Label	DEFAULT	LAB_00009840
0000984e	Label	DEFAULT	LAB_0000984e
00009852	Label	DEFAULT	LAB_00009852
0000985e	Label	DEFAULT	LAB_0000985e
00009884	Label	DEFAULT	LAB_00009884
00009888	Label	DEFAULT	DAT_00009888
0000988c	Label	DEFAULT	DAT_0000988c
00009890	Label	DEFAULT	DAT_00009890
00009894	Label	DEFAULT	DAT_00009894
00009898	Label	DEFAULT	DAT_00009898
0000989c	Label	DEFAULT	DAT_0000989c
000098a0	Label	DEFAULT	DAT_000098a0
000098a4	Function	USER_DEFINED	des_permute_bits
000098c2	Label	DEFAULT	LAB_000098c2
000098d0	Label	DEFAULT	LAB_000098d0
000098d8	Label	DEFAULT	LAB_000098d8
000098e4	Label	DEFAULT	LAB_000098e4
000098e8	Function	USER_DEFINED	UART0_IRQHandler
000098fe	Label	DEFAULT	LAB_000098fe
0000992a	Label	DEFAULT	LAB_0000992a
00009932	Label	DEFAULT	LAB_00009932
0000993a	Label	DEFAULT	LAB_0000993a
0000993e	Label	DEFAULT	LAB_0000993e
00009940	Label	DEFAULT	LAB_00009940
00009944	Label	DEFAULT	LAB_00009944
0000996a	Label	DEFAULT	LAB_0000996a
0000997a	Label	DEFAULT	LAB_0000997a
00009988	Label	DEFAULT	LAB_00009988
0000998e	Label	DEFAULT	LAB_0000998e
0000999a	Label	DEFAULT	LAB_0000999a
000099b2	Label	DEFAULT	LAB_000099b2
000099c0	Label	DEFAULT	LAB_000099c0
000099ce	Label	DEFAULT	LAB_000099ce
000099d4	Label	DEFAULT	LAB_000099d4
000099e8	Label	DEFAULT	LAB_000099e8
000099ec	Label	DEFAULT	LAB_000099ec
000099ee	Label	DEFAULT	LAB_000099ee
000099f4	Label	DEFAULT	LAB_000099f4
000099f6	Label	DEFAULT	LAB_000099f6
00009a14	Label	DEFAULT	LAB_00009a14
00009a24	Label	DEFAULT	LAB_00009a24
00009a32	Label	DEFAULT	LAB_00009a32
00009a3c	Label	DEFAULT	LAB_00009a3c
00009a3e	Label	DEFAULT	LAB_00009a3e
00009a40	Label	DEFAULT	DAT_00009a40
00009a44	Label	DEFAULT	DAT_00009a44
00009a48	Label	DEFAULT	DAT_00009a48
00009a4c	Label	DEFAULT	DAT_00009a4c
00009a50	Label	DEFAULT	DAT_00009a50
00009a54	Label	DEFAULT	DAT_00009a54
00009a58	Label	DEFAULT	DAT_00009a58
00009a5c	Function	USER_DEFINED	UART_EnableInt
00009a70	Label	DEFAULT	LAB_00009a70
00009a74	Label	DEFAULT	LAB_00009a74
00009a78	Label	DEFAULT	DAT_00009a78
00009a7c	Label	DEFAULT	DAT_00009a7c
00009a80	Function	USER_DEFINED	UART_Open
00009ab8	Label	DEFAULT	LAB_00009ab8
00009aec	Label	DEFAULT	LAB_00009aec
00009af2	Label	DEFAULT	LAB_00009af2
00009af4	Label	DEFAULT	LAB_00009af4
00009af8	Label	DEFAULT	DAT_00009af8
00009afc	Label	DEFAULT	DAT_00009afc
00009b00	Label	DEFAULT	DAT_00009b00
00009b04	Label	DEFAULT	DAT_00009b04
00009b08	Function	DEFAULT	FUN_00009b08
00009b30	Label	DEFAULT	LAB_00009b30
00009b3c	Label	DEFAULT	LAB_00009b3c
00009b52	Label	DEFAULT	LAB_00009b52
00009b5a	Label	DEFAULT	LAB_00009b5a
00009b66	Label	DEFAULT	LAB_00009b66
00009b76	Label	DEFAULT	LAB_00009b76
00009b7a	Label	DEFAULT	LAB_00009b7a
00009b7e	Label	DEFAULT	LAB_00009b7e
00009ba0	Label	DEFAULT	LAB_00009ba0
00009bb0	Label	DEFAULT	DAT_00009bb0
00009bb4	Label	DEFAULT	DAT_00009bb4
00009bb8	Label	DEFAULT	DAT_00009bb8
00009bbc	Label	DEFAULT	DAT_00009bbc
00009bc0	Label	DEFAULT	DAT_00009bc0
00009bc4	Function	DEFAULT	FUN_00009bc4
00009be4	Label	DEFAULT	LAB_00009be4
00009bf0	Label	DEFAULT	LAB_00009bf0
00009c06	Label	DEFAULT	LAB_00009c06
00009c0c	Label	DEFAULT	DAT_00009c0c
00009c10	Label	DEFAULT	DAT_00009c10
00009c14	Label	DEFAULT	DAT_00009c14
00009c18	Function	DEFAULT	FUN_00009c18
00009c3e	Label	DEFAULT	LAB_00009c3e
00009c4e	Label	DEFAULT	LAB_00009c4e
00009c54	Label	DEFAULT	LAB_00009c54
00009c58	Label	DEFAULT	LAB_00009c58
00009c66	Label	DEFAULT	LAB_00009c66
00009c6a	Label	DEFAULT	LAB_00009c6a
00009c70	Label	DEFAULT	LAB_00009c70
00009c7a	Label	DEFAULT	LAB_00009c7a
00009c84	Label	DEFAULT	LAB_00009c84
00009c8a	Label	DEFAULT	LAB_00009c8a
00009c9c	Label	DEFAULT	LAB_00009c9c
00009caa	Label	DEFAULT	LAB_00009caa
00009cb8	Label	DEFAULT	DAT_00009cb8
00009cbc	Label	DEFAULT	DAT_00009cbc
00009cc0	Label	DEFAULT	DAT_00009cc0
00009cc4	Function	DEFAULT	FUN_00009cc4
00009cc8	Label	DEFAULT	LAB_00009cc8
00009cd8	Label	DEFAULT	DAT_00009cd8
00009cdc	Function	USER_DEFINED	USBD_IRQHandler
00009cfe	Label	DEFAULT	LAB_00009cfe
00009d02	Label	DEFAULT	LAB_00009d02
00009d04	Label	DEFAULT	LAB_00009d04
00009d1e	Label	DEFAULT	LAB_00009d1e
00009d26	Label	DEFAULT	LAB_00009d26
00009d44	Label	DEFAULT	LAB_00009d44
00009d64	Label	DEFAULT	LAB_00009d64
00009d72	Label	DEFAULT	LAB_00009d72
00009d9c	Label	DEFAULT	LAB_00009d9c
00009da2	Label	DEFAULT	LAB_00009da2
00009dc2	Label	DEFAULT	LAB_00009dc2
00009dce	Label	DEFAULT	LAB_00009dce
00009dda	Label	DEFAULT	LAB_00009dda
00009de6	Label	DEFAULT	LAB_00009de6
00009df0	Label	DEFAULT	LAB_00009df0
00009dfa	Label	DEFAULT	LAB_00009dfa
00009dfc	Label	DEFAULT	DAT_00009dfc
00009e00	Label	DEFAULT	DAT_00009e00
00009e04	Label	DEFAULT	DAT_00009e04
00009e08	Label	DEFAULT	DAT_00009e08
00009e0c	Label	DEFAULT	DAT_00009e0c
00009e10	Label	DEFAULT	DAT_00009e10
00009e14	Function	DEFAULT	FUN_00009e14
00009e38	Label	DEFAULT	DAT_00009e38
00009e3c	Label	DEFAULT	DAT_00009e3c
00009e40	Label	DEFAULT	DAT_00009e40
00009e44	Function	DEFAULT	FUN_00009e44
00009e70	Label	DEFAULT	LAB_00009e70
00009e7c	Label	DEFAULT	LAB_00009e7c
00009e84	Label	DEFAULT	LAB_00009e84
00009e9a	Label	DEFAULT	LAB_00009e9a
00009ea6	Label	DEFAULT	LAB_00009ea6
00009eac	Label	DEFAULT	DAT_00009eac
00009eb0	Label	DEFAULT	DAT_00009eb0
00009eb4	Label	DEFAULT	DAT_00009eb4
00009eb8	Function	DEFAULT	FUN_00009eb8
00009ecc	Label	DEFAULT	DAT_00009ecc
00009ed0	Label	DEFAULT	DAT_00009ed0
00009ed4	Function	DEFAULT	FUN_00009ed4
00009edc	Label	DEFAULT	LAB_00009edc
00009f0e	Label	DEFAULT	LAB_00009f0e
00009f14	Label	DEFAULT	LAB_00009f14
00009f1a	Label	DEFAULT	LAB_00009f1a
00009f1c	Label	DEFAULT	LAB_00009f1c
00009f22	Label	DEFAULT	LAB_00009f22
00009f28	Label	DEFAULT	DAT_00009f28
00009f2c	Label	DEFAULT	DAT_00009f2c
00009f30	Label	DEFAULT	DAT_00009f30
00009f34	Label	DEFAULT	DAT_00009f34
00009f38	Function	DEFAULT	FUN_00009f38
00009f7a	Label	DEFAULT	LAB_00009f7a
00009f9e	Label	DEFAULT	LAB_00009f9e
00009fa4	Label	DEFAULT	LAB_00009fa4
00009fc2	Label	DEFAULT	LAB_00009fc2
00009fd0	Label	DEFAULT	LAB_00009fd0
00009fde	Label	DEFAULT	LAB_00009fde
00009fec	Label	DEFAULT	LAB_00009fec
00009ff6	Label	DEFAULT	LAB_00009ff6
00009ffa	Label	DEFAULT	LAB_00009ffa
0000a010	Label	DEFAULT	LAB_0000a010
0000a016	Label	DEFAULT	LAB_0000a016
0000a020	Label	DEFAULT	LAB_0000a020
0000a028	Label	DEFAULT	LAB_0000a028
0000a046	Label	DEFAULT	LAB_0000a046
0000a05a	Label	DEFAULT	LAB_0000a05a
0000a062	Label	DEFAULT	LAB_0000a062
0000a072	Label	DEFAULT	LAB_0000a072
0000a07c	Label	DEFAULT	LAB_0000a07c
0000a082	Label	DEFAULT	LAB_0000a082
0000a0a2	Label	DEFAULT	LAB_0000a0a2
0000a0aa	Label	DEFAULT	LAB_0000a0aa
0000a0ac	Label	DEFAULT	LAB_0000a0ac
0000a0b6	Label	DEFAULT	LAB_0000a0b6
0000a0be	Label	DEFAULT	LAB_0000a0be
0000a0c8	Label	DEFAULT	LAB_0000a0c8
0000a0d4	Label	DEFAULT	LAB_0000a0d4
0000a0d8	Label	DEFAULT	LAB_0000a0d8
0000a0f6	Label	DEFAULT	LAB_0000a0f6
0000a0fe	Label	DEFAULT	LAB_0000a0fe
0000a106	Label	DEFAULT	LAB_0000a106
0000a10c	Label	DEFAULT	DAT_0000a10c
0000a110	Label	DEFAULT	DAT_0000a110
0000a114	Label	DEFAULT	DAT_0000a114
0000a118	Label	DEFAULT	DAT_0000a118
0000a11c	Label	DEFAULT	DAT_0000a11c
0000a120	Label	DEFAULT	DAT_0000a120
0000a124	Function	DEFAULT	FUN_0000a124
0000a13c	Label	DEFAULT	LAB_0000a13c
0000a15c	Label	DEFAULT	DAT_0000a15c
0000a160	Label	DEFAULT	DAT_0000a160
0000a164	Label	DEFAULT	DAT_0000a164
0000a168	Label	DEFAULT	DAT_0000a168
0000a16c	Label	DEFAULT	DAT_0000a16c
0000a170	Function	DEFAULT	FUN_0000a170
0000a18e	Label	DEFAULT	LAB_0000a18e
0000a1a8	Label	DEFAULT	DAT_0000a1a8
0000a1ac	Label	DEFAULT	DAT_0000a1ac
0000a1b0	Label	DEFAULT	DAT_0000a1b0
0000a1b4	Function	DEFAULT	FUN_0000a1b4
0000a1c8	Label	DEFAULT	LAB_0000a1c8
0000a1d6	Label	DEFAULT	LAB_0000a1d6
0000a1d8	Label	DEFAULT	DAT_0000a1d8
0000a1dc	Label	DEFAULT	DAT_0000a1dc
0000a1e0	Label	DEFAULT	DAT_0000a1e0
0000a1e4	Function	DEFAULT	FUN_0000a1e4
0000a20a	Label	DEFAULT	LAB_0000a20a
0000a218	Label	DEFAULT	DAT_0000a218
0000a21c	Label	DEFAULT	DAT_0000a21c
0000a220	Label	DEFAULT	DAT_0000a220
0000a224	Function	DEFAULT	FUN_0000a224
0000a24c	Label	DEFAULT	LAB_0000a24c
0000a250	Label	DEFAULT	DAT_0000a250
0000a254	Label	DEFAULT	DAT_0000a254
0000a258	Function	USER_DEFINED	usb_key_event
0000a2c0	Label	DEFAULT	LAB_0000a2c0
0000a2d0	Label	DEFAULT	LAB_0000a2d0
0000a2dc	Label	DEFAULT	LAB_0000a2dc
0000a312	Label	DEFAULT	LAB_0000a312
0000a31e	Label	DEFAULT	LAB_0000a31e
0000a322	Label	DEFAULT	LAB_0000a322
0000a32c	Label	DEFAULT	LAB_0000a32c
0000a330	Label	DEFAULT	LAB_0000a330
0000a332	Label	DEFAULT	LAB_0000a332
0000a334	Label	DEFAULT	LAB_0000a334
0000a33e	Label	DEFAULT	LAB_0000a33e
0000a356	Label	DEFAULT	LAB_0000a356
0000a364	Label	DEFAULT	LAB_0000a364
0000a368	Label	DEFAULT	LAB_0000a368
0000a36c	Label	DEFAULT	LAB_0000a36c
0000a388	Label	DEFAULT	LAB_0000a388
0000a38c	Label	DEFAULT	LAB_0000a38c
0000a38e	Label	DEFAULT	LAB_0000a38e
0000a39a	Label	DEFAULT	LAB_0000a39a
0000a3c6	Label	DEFAULT	LAB_0000a3c6
0000a3ce	Label	DEFAULT	LAB_0000a3ce
0000a3d4	Label	DEFAULT	LAB_0000a3d4
0000a3d8	Label	DEFAULT	LAB_0000a3d8
0000a416	Label	DEFAULT	LAB_0000a416
0000a440	Label	DEFAULT	LAB_0000a440
0000a444	Label	DEFAULT	LAB_0000a444
0000a45c	Label	DEFAULT	LAB_0000a45c
0000a478	Label	DEFAULT	LAB_0000a478
0000a484	Label	DEFAULT	LAB_0000a484
0000a490	Label	DEFAULT	LAB_0000a490
0000a498	Label	DEFAULT	LAB_0000a498
0000a4ae	Label	DEFAULT	LAB_0000a4ae
0000a4f2	Label	DEFAULT	LAB_0000a4f2
0000a506	Label	DEFAULT	LAB_0000a506
0000a518	Label	DEFAULT	LAB_0000a518
0000a51e	Label	DEFAULT	LAB_0000a51e
0000a522	Label	DEFAULT	LAB_0000a522
0000a52a	Label	DEFAULT	LAB_0000a52a
0000a53a	Label	DEFAULT	LAB_0000a53a
0000a540	Label	DEFAULT	LAB_0000a540
0000a554	Label	DEFAULT	LAB_0000a554
0000a562	Label	DEFAULT	LAB_0000a562
0000a566	Label	DEFAULT	LAB_0000a566
0000a57a	Label	DEFAULT	LAB_0000a57a
0000a582	Label	DEFAULT	LAB_0000a582
0000a596	Label	DEFAULT	LAB_0000a596
0000a59c	Label	DEFAULT	LAB_0000a59c
0000a5a8	Label	DEFAULT	LAB_0000a5a8
0000a5e0	Label	DEFAULT	LAB_0000a5e0
0000a5f8	Label	DEFAULT	LAB_0000a5f8
0000a608	Label	DEFAULT	LAB_0000a608
0000a60c	Label	DEFAULT	LAB_0000a60c
0000a610	Label	DEFAULT	LAB_0000a610
0000a61a	Label	DEFAULT	LAB_0000a61a
0000a636	Label	DEFAULT	LAB_0000a636
0000a644	Label	DEFAULT	DAT_0000a644
0000a648	Label	DEFAULT	DAT_0000a648
0000a64c	Label	DEFAULT	DAT_0000a64c
0000a650	Label	DEFAULT	DAT_0000a650
0000a654	Label	DEFAULT	DAT_0000a654
0000a658	Label	DEFAULT	DAT_0000a658
0000a65c	Label	DEFAULT	DAT_0000a65c
0000a660	Label	DEFAULT	DAT_0000a660
0000a664	Label	DEFAULT	DAT_0000a664
0000a668	Label	DEFAULT	DAT_0000a668
0000a66c	Label	DEFAULT	DAT_0000a66c
0000a670	Label	DEFAULT	DAT_0000a670
0000a674	Label	DEFAULT	DAT_0000a674
0000a678	Label	DEFAULT	DAT_0000a678
0000a67c	Label	DEFAULT	DAT_0000a67c
0000a680	Label	DEFAULT	DAT_0000a680
0000a684	Label	DEFAULT	DAT_0000a684
0000a688	Label	DEFAULT	DAT_0000a688
0000a68c	Label	DEFAULT	DAT_0000a68c
0000a690	Label	DEFAULT	DAT_0000a690
0000a694	Label	DEFAULT	DAT_0000a694
0000a698	Label	DEFAULT	LAB_0000a698
0000a69a	Label	DEFAULT	LAB_0000a69a
0000a69e	Label	DEFAULT	LAB_0000a69e
0000a6a6	Label	DEFAULT	LAB_0000a6a6
0000a6ae	Label	DEFAULT	LAB_0000a6ae
0000a6b2	Label	DEFAULT	LAB_0000a6b2
0000a6be	Label	DEFAULT	LAB_0000a6be
0000a6ca	Label	DEFAULT	LAB_0000a6ca
0000a6ec	Label	DEFAULT	LAB_0000a6ec
0000a6f0	Label	DEFAULT	LAB_0000a6f0
0000a6f4	Label	DEFAULT	LAB_0000a6f4
0000a722	Label	DEFAULT	LAB_0000a722
0000a72a	Label	DEFAULT	LAB_0000a72a
0000a72e	Label	DEFAULT	LAB_0000a72e
0000a732	Label	DEFAULT	LAB_0000a732
0000a750	Label	DEFAULT	LAB_0000a750
0000a768	Label	DEFAULT	LAB_0000a768
0000a76c	Label	DEFAULT	LAB_0000a76c
0000a796	Label	DEFAULT	LAB_0000a796
0000a7a2	Label	DEFAULT	LAB_0000a7a2
0000a7b0	Label	DEFAULT	DAT_0000a7b0
0000a7b4	Label	DEFAULT	DAT_0000a7b4
0000a7b8	Label	DEFAULT	DAT_0000a7b8
0000a7bc	Label	DEFAULT	DAT_0000a7bc
0000a7c0	Label	DEFAULT	DAT_0000a7c0
0000a7c4	Label	DEFAULT	DAT_0000a7c4
0000a7c8	Label	DEFAULT	DAT_0000a7c8
0000a7cc	Label	DEFAULT	DAT_0000a7cc
0000a7d0	Function	DEFAULT	FUN_0000a7d0
0000a7e6	Label	DEFAULT	LAB_0000a7e6
0000a804	Label	DEFAULT	LAB_0000a804
0000a806	Label	DEFAULT	LAB_0000a806
0000a818	Label	DEFAULT	DAT_0000a818
0000a81c	Label	DEFAULT	DAT_0000a81c
0000a820	Label	DEFAULT	DAT_0000a820
0000a824	Label	DEFAULT	DAT_0000a824
0000a828	Label	DEFAULT	DAT_0000a828
0000a82c	Function	USER_DEFINED	usb_report_queue_service
0000a856	Label	DEFAULT	LAB_0000a856
0000a884	Label	DEFAULT	LAB_0000a884
0000a8a8	Label	DEFAULT	LAB_0000a8a8
0000a8ce	Label	DEFAULT	LAB_0000a8ce
0000a8f6	Label	DEFAULT	LAB_0000a8f6
0000a8f8	Label	DEFAULT	LAB_0000a8f8
0000a8fc	Label	DEFAULT	LAB_0000a8fc
0000a924	Label	DEFAULT	LAB_0000a924
0000a926	Label	DEFAULT	LAB_0000a926
0000a928	Label	DEFAULT	LAB_0000a928
0000a93a	Label	DEFAULT	LAB_0000a93a
0000a942	Label	DEFAULT	LAB_0000a942
0000a948	Label	DEFAULT	LAB_0000a948
0000a94c	Label	DEFAULT	LAB_0000a94c
0000a964	Label	DEFAULT	DAT_0000a964
0000a968	Label	DEFAULT	DAT_0000a968
0000a96c	Label	DEFAULT	DAT_0000a96c
0000a970	Label	DEFAULT	DAT_0000a970
0000a974	Label	DEFAULT	DAT_0000a974
0000a978	Label	DEFAULT	DAT_0000a978
0000a97c	Label	DEFAULT	DAT_0000a97c
0000a980	Label	DEFAULT	DAT_0000a980
0000a984	Function	USER_DEFINED	report_state_clear
0000a98c	Label	DEFAULT	LAB_0000a98c
0000a99a	Label	DEFAULT	LAB_0000a99a
0000a9ac	Label	DEFAULT	LAB_0000a9ac
0000a9b4	Label	DEFAULT	LAB_0000a9b4
0000a9da	Label	DEFAULT	LAB_0000a9da
0000a9e8	Label	DEFAULT	LAB_0000a9e8
0000a9f8	Label	DEFAULT	DAT_0000a9f8
0000a9fc	Label	DEFAULT	DAT_0000a9fc
0000aa00	Label	DEFAULT	DAT_0000aa00
0000aa04	Label	DEFAULT	DAT_0000aa04
0000aa08	Label	DEFAULT	DAT_0000aa08
0000aa0c	Label	DEFAULT	DAT_0000aa0c
0000aa10	Label	DEFAULT	DAT_0000aa10
0000aa14	Label	DEFAULT	DAT_0000aa14
0000aa18	Function	DEFAULT	FUN_0000aa18
0000aa2e	Label	DEFAULT	LAB_0000aa2e
0000aa3a	Label	DEFAULT	LAB_0000aa3a
0000aa4e	Label	DEFAULT	LAB_0000aa4e
0000aa60	Label	DEFAULT	LAB_0000aa60
0000aa6c	Label	DEFAULT	LAB_0000aa6c
0000aa74	Label	DEFAULT	DAT_0000aa74
0000aa78	Label	DEFAULT	DAT_0000aa78
0000aa7c	Label	DEFAULT	DAT_0000aa7c
0000aa80	Label	DEFAULT	DAT_0000aa80
0000aa84	Label	DEFAULT	DAT_0000aa84
0000aa88	Label	DEFAULT	DAT_0000aa88
0000aa8c	Function	DEFAULT	FUN_0000aa8c
0000aaa6	Label	DEFAULT	LAB_0000aaa6
0000aab0	Label	DEFAULT	LAB_0000aab0
0000aac2	Label	DEFAULT	LAB_0000aac2
0000aad2	Label	DEFAULT	LAB_0000aad2
0000aae4	Label	DEFAULT	DAT_0000aae4
0000aae8	Label	DEFAULT	DAT_0000aae8
0000aaec	Label	DEFAULT	DAT_0000aaec
0000aaf0	Label	DEFAULT	DAT_0000aaf0
0000aaf4	Label	DEFAULT	DAT_0000aaf4
0000aaf8	Label	DEFAULT	DAT_0000aaf8
0000aafc	Function	DEFAULT	FUN_0000aafc
0000ab28	Label	DEFAULT	LAB_0000ab28
0000ab34	Label	DEFAULT	LAB_0000ab34
0000ab40	Label	DEFAULT	LAB_0000ab40
0000ab4a	Label	DEFAULT	LAB_0000ab4a
0000ab60	Label	DEFAULT	LAB_0000ab60
0000ab70	Label	DEFAULT	LAB_0000ab70
0000ab7a	Label	DEFAULT	LAB_0000ab7a
0000ab88	Label	DEFAULT	LAB_0000ab88
0000ab92	Label	DEFAULT	LAB_0000ab92
0000aba0	Label	DEFAULT	LAB_0000aba0
0000abaa	Label	DEFAULT	LAB_0000abaa
0000abb6	Label	DEFAULT	LAB_0000abb6
0000abcc	Label	DEFAULT	LAB_0000abcc
0000abd0	Label	DEFAULT	DAT_0000abd0
0000abd4	Label	DEFAULT	DAT_0000abd4
0000abd8	Label	DEFAULT	DAT_0000abd8
0000abdc	Label	DEFAULT	DAT_0000abdc
0000abe0	Function	DEFAULT	FUN_0000abe0
0000abf4	Label	DEFAULT	LAB_0000abf4
0000ac02	Label	DEFAULT	LAB_0000ac02
0000ac2e	Label	DEFAULT	LAB_0000ac2e
0000ac8c	Label	DEFAULT	LAB_0000ac8c
0000ac8e	Label	DEFAULT	LAB_0000ac8e
0000ac96	Label	DEFAULT	LAB_0000ac96
0000ac9c	Label	DEFAULT	DAT_0000ac9c
0000aca0	Label	DEFAULT	DAT_0000aca0
0000aca4	Label	DEFAULT	DAT_0000aca4
0000aca8	Label	DEFAULT	DAT_0000aca8
0000acac	Label	DEFAULT	DAT_0000acac
0000acb0	Label	DEFAULT	DAT_0000acb0
0000acb4	Label	DEFAULT	DAT_0000acb4
0000acb8	Label	DEFAULT	DAT_0000acb8
0000acbc	Function	DEFAULT	FUN_0000acbc
0000accc	Label	DEFAULT	DAT_0000accc
0000acd0	Label	DEFAULT	DAT_0000acd0
0000acd4	Label	DEFAULT	DAT_0000acd4
0000acd8	Function	USER_DEFINED	usb_send_host_payload
0000acee	Label	DEFAULT	LAB_0000acee
0000acfa	Label	DEFAULT	LAB_0000acfa
0000ad0e	Label	DEFAULT	LAB_0000ad0e
0000ad20	Label	DEFAULT	LAB_0000ad20
0000ad2c	Label	DEFAULT	LAB_0000ad2c
0000ad34	Label	DEFAULT	DAT_0000ad34
0000ad38	Label	DEFAULT	DAT_0000ad38
0000ad3c	Label	DEFAULT	DAT_0000ad3c
0000ad40	Label	DEFAULT	DAT_0000ad40
0000ad44	Label	DEFAULT	DAT_0000ad44
0000ad48	Label	DEFAULT	DAT_0000ad48
0000ad4c	Function	DEFAULT	FUN_0000ad4c
0000ad54	Label	DEFAULT	LAB_0000ad54
0000ad6c	Label	DEFAULT	LAB_0000ad6c
0000ada0	Label	DEFAULT	LAB_0000ada0
0000adb0	Label	DEFAULT	LAB_0000adb0
0000adb4	Label	DEFAULT	LAB_0000adb4
0000adbc	Label	DEFAULT	LAB_0000adbc
0000adca	Label	DEFAULT	LAB_0000adca
0000ade8	Label	DEFAULT	DAT_0000ade8
0000adec	Label	DEFAULT	DAT_0000adec
0000adf0	Label	DEFAULT	DAT_0000adf0
0000adf4	Function	USER_DEFINED	watchdog_init
0000ae0c	Label	DEFAULT	DAT_0000ae0c
0000ae10	Function	USER_DEFINED	watchdog_feed
0000ae20	Label	DEFAULT	LAB_0000ae20
0000ae2c	Label	DEFAULT	LAB_0000ae2c
0000ae44	Label	DEFAULT	DAT_0000ae44
0000ae48	Label	DEFAULT	DAT_0000ae48
0000ae4c	Function	DEFAULT	FUN_0000ae4c
0000ae5e	Label	DEFAULT	LAB_0000ae5e
0000ae64	Label	DEFAULT	LAB_0000ae64
0000ae76	Label	DEFAULT	LAB_0000ae76
0000ae78	Label	DEFAULT	LAB_0000ae78
0000ae8e	Label	DEFAULT	LAB_0000ae8e
0000ae90	Label	DEFAULT	DAT_0000ae90
0000ae94	Label	DEFAULT	DAT_0000ae94
0000ae98	Label	DEFAULT	DAT_0000ae98
0000ae9c	Function	DEFAULT	FUN_0000ae9c
0000aeb0	Label	DEFAULT	LAB_0000aeb0
0000aeb4	Label	DEFAULT	LAB_0000aeb4
0000aec2	Label	DEFAULT	LAB_0000aec2
0000aed8	Label	DEFAULT	DAT_0000aed8
0000aedc	Label	DEFAULT	DAT_0000aedc
0000aee0	Function	DEFAULT	FUN_0000aee0
0000af02	Label	DEFAULT	LAB_0000af02
0000af04	Label	DEFAULT	LAB_0000af04
0000af26	Label	DEFAULT	LAB_0000af26
0000af2a	Label	DEFAULT	LAB_0000af2a
0000af34	Label	DEFAULT	LAB_0000af34
0000af36	Label	DEFAULT	LAB_0000af36
0000af50	Label	DEFAULT	LAB_0000af50
0000af60	Label	DEFAULT	LAB_0000af60
0000af6c	Label	DEFAULT	LAB_0000af6c
0000af76	Label	DEFAULT	LAB_0000af76
0000af7a	Label	DEFAULT	LAB_0000af7a
0000af8a	Label	DEFAULT	LAB_0000af8a
0000af8c	Label	DEFAULT	LAB_0000af8c
0000af98	Label	DEFAULT	LAB_0000af98
0000afa4	Label	DEFAULT	DAT_0000afa4
0000afa8	Label	DEFAULT	DAT_0000afa8
0000afac	Label	DEFAULT	DAT_0000afac
0000afb0	Label	DEFAULT	DAT_0000afb0
0000afb4	Label	DEFAULT	DAT_0000afb4
0000afb8	Label	DEFAULT	DAT_0000afb8
0000afbc	Label	DEFAULT	DAT_0000afbc
0000afc0	Label	DEFAULT	DAT_0000afc0
0000afc4	Label	DEFAULT	DAT_0000afc4
0000afc8	Label	DEFAULT	DAT_0000afc8
0000afcc	Function	DEFAULT	FUN_0000afcc
0000afda	Label	DEFAULT	LAB_0000afda
0000afe8	Label	DEFAULT	LAB_0000afe8
0000afea	Label	DEFAULT	LAB_0000afea
0000aff8	Label	DEFAULT	LAB_0000aff8
0000affc	Label	DEFAULT	DAT_0000affc
0000b000	Function	DEFAULT	FUN_0000b000
0000b020	Label	DEFAULT	LAB_0000b020
0000b046	Label	DEFAULT	LAB_0000b046
0000b070	Label	DEFAULT	DAT_0000b070
0000b074	Label	DEFAULT	DAT_0000b074
0000b078	Function	DEFAULT	FUN_0000b078
0000b096	Label	DEFAULT	LAB_0000b096
0000b0bc	Label	DEFAULT	LAB_0000b0bc
0000b0dc	Label	DEFAULT	DAT_0000b0dc
0000b0e0	Label	DEFAULT	DAT_0000b0e0
0000b0e4	Function	DEFAULT	FUN_0000b0e4
0000b138	Label	DEFAULT	LAB_0000b138
0000b13c	Label	DEFAULT	LAB_0000b13c
0000b140	Label	DEFAULT	DAT_0000b140
0000b144	Label	DEFAULT	DAT_0000b144
0000b148	Label	DEFAULT	DAT_0000b148
0000b14c	Label	DEFAULT	DAT_0000b14c
0000b150	Label	DEFAULT	DAT_0000b150
0000b154	Function	DEFAULT	FUN_0000b154
0000b16c	Label	DEFAULT	DAT_0000b16c
0000b170	Label	DEFAULT	DAT_0000b170
0000b174	Function	DEFAULT	thunk_FUN_0000b17c
0000b175	Label	DEFAULT	thunk_FUN_0000b17c+1
0000b176	Label	DEFAULT	LAB_0000b176
0000b17c	Function	DEFAULT	FUN_0000b17c
0000b194	Function	DEFAULT	FUN_0000b194
0000b1a0	Label	DEFAULT	LAB_0000b1a0
0000b1ae	Label	DEFAULT	LAB_0000b1ae
0000b1c2	Label	DEFAULT	LAB_0000b1c2
0000b1dc	Label	DEFAULT	LAB_0000b1dc
0000b1ea	Label	DEFAULT	LAB_0000b1ea
0000b1f4	Label	DEFAULT	LAB_0000b1f4
0000b206	Label	DEFAULT	LAB_0000b206
0000b210	Label	DEFAULT	LAB_0000b210
0000b218	Label	DEFAULT	LAB_0000b218
0000b228	Label	DEFAULT	LAB_0000b228
0000b22a	Label	DEFAULT	LAB_0000b22a
0000b246	Label	DEFAULT	LAB_0000b246
0000b256	Label	DEFAULT	LAB_0000b256
0000b260	Label	DEFAULT	LAB_0000b260
0000b274	Label	DEFAULT	LAB_0000b274
0000b27c	Label	DEFAULT	LAB_0000b27c
0000b284	Label	DEFAULT	LAB_0000b284
0000b286	Label	DEFAULT	LAB_0000b286
0000b29a	Label	DEFAULT	LAB_0000b29a
0000b29e	Label	DEFAULT	LAB_0000b29e
0000b2a0	Label	DEFAULT	LAB_0000b2a0
0000b2ac	Label	DEFAULT	LAB_0000b2ac
0000b2b0	Label	DEFAULT	LAB_0000b2b0
0000b2c0	Label	DEFAULT	LAB_0000b2c0
0000b2c6	Label	DEFAULT	LAB_0000b2c6
0000b2da	Label	DEFAULT	LAB_0000b2da
0000b2f0	Label	DEFAULT	LAB_0000b2f0
0000b2fe	Label	DEFAULT	LAB_0000b2fe
0000b304	Label	DEFAULT	LAB_0000b304
0000b30c	Label	DEFAULT	LAB_0000b30c
0000b314	Label	DEFAULT	LAB_0000b314
0000b318	Label	DEFAULT	LAB_0000b318
0000b31e	Label	DEFAULT	LAB_0000b31e
0000b320	Label	DEFAULT	LAB_0000b320
0000b328	Label	DEFAULT	LAB_0000b328
0000b338	Label	DEFAULT	LAB_0000b338
0000b344	Label	DEFAULT	LAB_0000b344
0000b372	Label	DEFAULT	LAB_0000b372
0000b374	Label	DEFAULT	LAB_0000b374
0000b37c	Label	DEFAULT	LAB_0000b37c
0000b38a	Label	DEFAULT	LAB_0000b38a
0000b394	Label	DEFAULT	LAB_0000b394
0000b396	Label	DEFAULT	LAB_0000b396
0000b39e	Label	DEFAULT	LAB_0000b39e
0000b3a2	Label	DEFAULT	LAB_0000b3a2
0000b3ba	Label	DEFAULT	LAB_0000b3ba
0000b3d2	Label	DEFAULT	LAB_0000b3d2
0000b3d6	Label	DEFAULT	LAB_0000b3d6
0000b3e4	Label	DEFAULT	LAB_0000b3e4
0000b3e6	Label	DEFAULT	LAB_0000b3e6
0000b3ec	Label	DEFAULT	LAB_0000b3ec
0000b3fa	Label	DEFAULT	LAB_0000b3fa
0000b402	Label	DEFAULT	LAB_0000b402
0000b40c	Label	DEFAULT	LAB_0000b40c
0000b418	Label	DEFAULT	LAB_0000b418
0000b42a	Label	DEFAULT	LAB_0000b42a
0000b434	Label	DEFAULT	LAB_0000b434
0000b436	Label	DEFAULT	LAB_0000b436
0000b43e	Label	DEFAULT	LAB_0000b43e
0000b444	Label	DEFAULT	DAT_0000b444
0000b448	Label	DEFAULT	s_0123456789abcdef_0000b448
0000b45c	Label	DEFAULT	s_0123456789ABCDEF_0000b45c
0000b471	Label	DEFAULT	LAB_0000b470+1
0000b472	Label	DEFAULT	LAB_0000b472
0000b47e	Label	DEFAULT	LAB_0000b47e
0000b488	Label	DEFAULT	LAB_0000b488
0000b48c	Label	DEFAULT	DAT_0000b48c
0000b490	Function	USER_DEFINED	main
0000b491	Label	DEFAULT	main+1
0000b4aa	Label	DEFAULT	LAB_0000b4aa
0000b4be	Label	USER_DEFINED	main::override::jmp_0000b4be::switch
0000b4c0	Label	DEFAULT	DAT_0000b4c0
0000b4c6	Label	USER_DEFINED	main::override::jmp_0000b4be::case_0
0000b4e0	Label	DEFAULT	LAB_0000b4e0
0000b4e4	Label	DEFAULT	LAB_0000b4e4
0000b50a	Label	DEFAULT	LAB_0000b50a
0000b510	Label	DEFAULT	LAB_0000b510
0000b514	Label	DEFAULT	LAB_0000b514
0000b51e	Label	DEFAULT	LAB_0000b51e
0000b52c	Label	DEFAULT	LAB_0000b52c
0000b536	Label	DEFAULT	LAB_0000b536
0000b558	Label	DEFAULT	LAB_0000b558
0000b55c	Label	DEFAULT	LAB_0000b55c
0000b582	Label	DEFAULT	LAB_0000b582
0000b588	Label	DEFAULT	LAB_0000b588
0000b592	Label	DEFAULT	LAB_0000b592
0000b5b4	Label	DEFAULT	LAB_0000b5b4
0000b5b6	Label	DEFAULT	LAB_0000b5b6
0000b5c0	Label	DEFAULT	LAB_0000b5c0
0000b5dc	Label	DEFAULT	LAB_0000b5dc
0000b5f0	Label	DEFAULT	LAB_0000b5f0
0000b624	Label	DEFAULT	LAB_0000b624
0000b65e	Label	DEFAULT	LAB_0000b65e
0000b66e	Label	DEFAULT	LAB_0000b66e
0000b67e	Label	DEFAULT	LAB_0000b67e
0000b68e	Label	DEFAULT	LAB_0000b68e
0000b69a	Label	DEFAULT	LAB_0000b69a
0000b6a6	Label	DEFAULT	LAB_0000b6a6
0000b6b2	Label	DEFAULT	LAB_0000b6b2
0000b6b8	Label	USER_DEFINED	main::override::jmp_0000b4be::case_4
0000b6ba	Label	USER_DEFINED	main::override::jmp_0000b4be::case_3
0000b6bc	Label	USER_DEFINED	main::override::jmp_0000b4be::case_2
0000b6be	Label	USER_DEFINED	main::override::jmp_0000b4be::case_1
0000b6c0	Label	DEFAULT	LAB_0000b6c0
0000b6d0	Label	DEFAULT	LAB_0000b6d0
0000b6ec	Label	DEFAULT	LAB_0000b6ec
0000b6f4	Label	DEFAULT	LAB_0000b6f4
0000b6f6	Label	DEFAULT	LAB_0000b6f6
0000b70c	Label	DEFAULT	LAB_0000b70c
0000b712	Label	DEFAULT	LAB_0000b712
0000b71c	Label	DEFAULT	LAB_0000b71c
0000b730	Label	DEFAULT	LAB_0000b730
0000b73c	Label	DEFAULT	LAB_0000b73c
0000b75c	Label	DEFAULT	LAB_0000b75c
0000b776	Label	DEFAULT	LAB_0000b776
0000b77a	Label	DEFAULT	LAB_0000b77a
0000b78c	Label	DEFAULT	LAB_0000b78c
0000b790	Label	DEFAULT	LAB_0000b790
0000b7a0	Label	DEFAULT	LAB_0000b7a0
0000b7b0	Label	DEFAULT	LAB_0000b7b0
0000b7ba	Label	DEFAULT	LAB_0000b7ba
0000b7cc	Label	DEFAULT	LAB_0000b7cc
0000b7e0	Label	DEFAULT	LAB_0000b7e0
0000b7e4	Label	DEFAULT	LAB_0000b7e4
0000b7ec	Label	DEFAULT	LAB_0000b7ec
0000b7fe	Label	DEFAULT	LAB_0000b7fe
0000b818	Label	DEFAULT	LAB_0000b818
0000b82c	Label	DEFAULT	LAB_0000b82c
0000b844	Label	DEFAULT	LAB_0000b844
0000b846	Label	DEFAULT	LAB_0000b846
0000b856	Label	DEFAULT	LAB_0000b856
0000b874	Label	DEFAULT	LAB_0000b874
0000b890	Label	DEFAULT	DAT_0000b890
0000b894	Label	DEFAULT	DAT_0000b894
0000b898	Label	DEFAULT	DAT_0000b898
0000b89c	Label	DEFAULT	DAT_0000b89c
0000b8a0	Label	DEFAULT	DAT_0000b8a0
0000b8a4	Label	DEFAULT	DAT_0000b8a4
0000b8a8	Label	DEFAULT	DAT_0000b8a8
0000b8ac	Label	DEFAULT	DAT_0000b8ac
0000b8b0	Label	DEFAULT	DAT_0000b8b0
0000b8b4	Label	DEFAULT	DAT_0000b8b4
0000b8b8	Label	DEFAULT	DAT_0000b8b8
0000b8bc	Label	DEFAULT	DAT_0000b8bc
0000b8c0	Label	DEFAULT	DAT_0000b8c0
0000b8c4	Label	DEFAULT	DAT_0000b8c4
0000b8c8	Label	DEFAULT	DAT_0000b8c8
0000b8cc	Label	DEFAULT	DAT_0000b8cc
0000b8d0	Label	DEFAULT	DAT_0000b8d0
0000b8d4	Label	DEFAULT	DAT_0000b8d4
0000b8d8	Label	DEFAULT	LAB_0000b8d8
0000b8e6	Label	DEFAULT	LAB_0000b8e6
0000b8f2	Label	DEFAULT	LAB_0000b8f2
0000b904	Label	DEFAULT	LAB_0000b904
0000b90a	Label	DEFAULT	LAB_0000b90a
0000b91c	Label	DEFAULT	LAB_0000b91c
0000b924	Label	DEFAULT	LAB_0000b924
0000b944	Label	DEFAULT	LAB_0000b944
0000b960	Label	DEFAULT	LAB_0000b960
0000b962	Label	DEFAULT	LAB_0000b962
0000b966	Label	DEFAULT	LAB_0000b966
0000b980	Label	DEFAULT	LAB_0000b980
0000b988	Label	DEFAULT	LAB_0000b988
0000b98e	Label	DEFAULT	LAB_0000b98e
0000b990	Label	DEFAULT	LAB_0000b990
0000b9a0	Label	DEFAULT	LAB_0000b9a0
0000b9a6	Label	DEFAULT	LAB_0000b9a6
0000b9de	Label	DEFAULT	LAB_0000b9de
0000b9e6	Label	DEFAULT	LAB_0000b9e6
0000ba1a	Label	DEFAULT	LAB_0000ba1a
0000ba22	Label	DEFAULT	LAB_0000ba22
0000ba24	Label	DEFAULT	LAB_0000ba24
0000ba2a	Label	DEFAULT	LAB_0000ba2a
0000ba38	Label	DEFAULT	LAB_0000ba38
0000ba48	Label	DEFAULT	LAB_0000ba48
0000ba56	Label	DEFAULT	LAB_0000ba56
0000ba60	Label	DEFAULT	LAB_0000ba60
0000ba68	Label	DEFAULT	LAB_0000ba68
0000ba6e	Label	DEFAULT	LAB_0000ba6e
0000baa8	Label	DEFAULT	LAB_0000baa8
0000baaa	Label	DEFAULT	LAB_0000baaa
0000bab0	Label	DEFAULT	LAB_0000bab0
0000bab2	Label	DEFAULT	LAB_0000bab2
0000bab4	Label	DEFAULT	LAB_0000bab4
0000bab8	Label	DEFAULT	LAB_0000bab8
0000bac4	Label	DEFAULT	LAB_0000bac4
0000bae6	Label	DEFAULT	LAB_0000bae6
0000baf4	Label	DEFAULT	LAB_0000baf4
0000baf8	Label	DEFAULT	LAB_0000baf8
0000bb02	Label	DEFAULT	LAB_0000bb02
0000bb0c	Label	DEFAULT	LAB_0000bb0c
0000bb1a	Label	DEFAULT	LAB_0000bb1a
0000bb1e	Label	DEFAULT	LAB_0000bb1e
0000bb26	Label	DEFAULT	LAB_0000bb26
0000bb32	Label	DEFAULT	LAB_0000bb32
0000bb40	Label	DEFAULT	LAB_0000bb40
0000bb68	Label	DEFAULT	LAB_0000bb68
0000bb82	Label	DEFAULT	LAB_0000bb82
0000bb9c	Label	DEFAULT	LAB_0000bb9c
0000bbc8	Label	DEFAULT	LAB_0000bbc8
0000bbca	Label	DEFAULT	LAB_0000bbca
0000bbce	Label	DEFAULT	LAB_0000bbce
0000bbd8	Label	DEFAULT	LAB_0000bbd8
0000bbdc	Label	DEFAULT	LAB_0000bbdc
0000bbec	Label	DEFAULT	LAB_0000bbec
0000bbf0	Label	DEFAULT	LAB_0000bbf0
0000bbf6	Label	DEFAULT	LAB_0000bbf6
0000bbfc	Label	DEFAULT	LAB_0000bbfc
0000bc02	Label	DEFAULT	LAB_0000bc02
0000bc08	Label	DEFAULT	LAB_0000bc08
0000bc0c	Label	DEFAULT	LAB_0000bc0c
0000bc12	Label	DEFAULT	LAB_0000bc12
0000bc14	Label	DEFAULT	LAB_0000bc14
0000bc48	Label	DEFAULT	DAT_0000bc48
0000bc4c	Label	DEFAULT	DAT_0000bc4c
0000bc50	Label	DEFAULT	DAT_0000bc50
0000bc54	Label	DEFAULT	DAT_0000bc54
0000bc58	Label	DEFAULT	DAT_0000bc58
0000bc5c	Label	DEFAULT	DAT_0000bc5c
0000bc60	Function	USER_DEFINED	memory_fill
0000bc66	Label	DEFAULT	LAB_0000bc66
0000bc6e	Label	DEFAULT	LAB_0000bc6e
0000bc70	Function	USER_DEFINED	soft_i2c_write_byte
0000bc7a	Label	DEFAULT	LAB_0000bc7a
0000bc7e	Label	DEFAULT	LAB_0000bc7e
0000bc8e	Label	DEFAULT	LAB_0000bc8e
0000bc90	Label	DEFAULT	LAB_0000bc90
0000bc92	Label	DEFAULT	LAB_0000bc92
0000bc9e	Label	DEFAULT	LAB_0000bc9e
0000bcaa	Label	DEFAULT	LAB_0000bcaa
0000bcc2	Label	DEFAULT	LAB_0000bcc2
0000bcce	Label	DEFAULT	LAB_0000bcce
0000bcda	Label	DEFAULT	LAB_0000bcda
0000bcde	Label	DEFAULT	LAB_0000bcde
0000bce8	Label	DEFAULT	LAB_0000bce8
0000bcec	Label	DEFAULT	LAB_0000bcec
0000bcf8	Label	DEFAULT	DAT_0000bcf8
0000bcfc	Function	USER_DEFINED	soft_i2c_start
0000bd04	Label	DEFAULT	LAB_0000bd04
0000bd10	Label	DEFAULT	LAB_0000bd10
0000bd1c	Label	DEFAULT	LAB_0000bd1c
0000bd28	Label	DEFAULT	DAT_0000bd28
0000bd2c	Function	USER_DEFINED	soft_i2c_stop
0000bd32	Label	DEFAULT	LAB_0000bd32
0000bd40	Label	DEFAULT	LAB_0000bd40
0000bd4c	Label	DEFAULT	LAB_0000bd4c
0000bd58	Label	DEFAULT	DAT_0000bd58
0000bd5c	Label	DEFAULT	DAT_0000bd5c
0000bd60	Label	DEFAULT	DAT_0000bd60
0000bd6c	Label	DEFAULT	DAT_0000bd6c
0000bd78	Label	DEFAULT	DAT_0000bd78
0000bdb8	Label	DEFAULT	DAT_0000bdb8
0000bdf8	Label	DEFAULT	DAT_0000bdf8
0000be28	Label	DEFAULT	DAT_0000be28
0000be48	Label	DEFAULT	DAT_0000be48
0000be80	Label	DEFAULT	DAT_0000be80
0000be81	Label	DEFAULT	DAT_0000be81
0000beb0	Label	DEFAULT	DAT_0000beb0
0000beb1	Label	DEFAULT	DAT_0000beb1
0000c0c0	Label	DEFAULT	DAT_0000c0c0
0000c0c4	Label	DEFAULT	DAT_0000c0c4
0000c0ca	Label	DEFAULT	DAT_0000c0ca
0000c0d0	Label	DEFAULT	DAT_0000c0d0
0000c0d6	Label	DEFAULT	DAT_0000c0d6
0000c0de	Label	DEFAULT	DAT_0000c0de
0000c0e0	Label	DEFAULT	DAT_0000c0e0
0000c0e2	Label	DEFAULT	DAT_0000c0e2
0000c0e4	Label	DEFAULT	DAT_0000c0e4
0000c0ff	Label	DEFAULT	DAT_0000c0ff
0000c12e	Label	DEFAULT	DAT_0000c12e
0000c130	Label	DEFAULT	DAT_0000c130
0000c132	Label	DEFAULT	DAT_0000c132
0000c134	Label	DEFAULT	DAT_0000c134
0000c17e	Label	DEFAULT	DAT_0000c17e
0000c186	Label	DEFAULT	DAT_0000c186
0000c18c	Label	DEFAULT	DAT_0000c18c
0000c192	Label	DEFAULT	DAT_0000c192
0000c198	Label	DEFAULT	DAT_0000c198
0000c19e	Label	DEFAULT	DAT_0000c19e
0000c1a0	Label	DEFAULT	DAT_0000c1a0
0000c1be	Label	DEFAULT	DAT_0000c1be
0000c1c0	Label	DEFAULT	DAT_0000c1c0
0000c1de	Label	DEFAULT	DAT_0000c1de
0000c1df	Label	DEFAULT	DAT_0000c1df
0000c1e0	Label	DEFAULT	DAT_0000c1e0
0000c286	Label	DEFAULT	DAT_0000c286
0000c2cc	Label	DEFAULT	DAT_0000c2cc
0000c2cd	Label	DEFAULT	DAT_0000c2cd
0000c2fe	Label	DEFAULT	DAT_0000c2fe
0000c364	Label	DEFAULT	DAT_0000c364
0000c370	Label	DEFAULT	LAB_0000c370
0000c371	Label	DEFAULT	LAB_0000c370+1
0000c3dc	Label	DEFAULT	LAB_0000c3dc
0000c470	Label	DEFAULT	DAT_0000c470
0000c47a	Label	USER_DEFINED	matrix_physical_key_ids
0000c47b	Label	DEFAULT	DAT_0000c47b
0000c4b9	Label	DEFAULT	DAT_0000c4b9
0000c4ba	Label	DEFAULT	DAT_0000c4ba
0000c4bb	Label	DEFAULT	DAT_0000c4bb
0000c4bc	Label	USER_DEFINED	default_internal_key_codes
0000c4bf	Label	DEFAULT	DAT_0000c4bf
0000c582	Label	USER_DEFINED	default_rgb_channels
0000c648	Label	USER_DEFINED	firmware_version_string
0000c649	Label	DEFAULT	s_6EC(RGB)BLe;V1.5.1;V1.0;_0000c649
0000c662	Label	DEFAULT	DAT_0000c662
0000c666	Label	DEFAULT	DAT_0000c666
0000c66a	Label	DEFAULT	DAT_0000c66a
0000c66b	Label	DEFAULT	DAT_0000c66b
0000c66f	Label	DEFAULT	DAT_0000c66f
0000c670	Label	DEFAULT	DAT_0000c670
0000c675	Label	DEFAULT	DAT_0000c675
0000c67a	Label	DEFAULT	DAT_0000c67a
0000c67d	Label	DEFAULT	DAT_0000c67d
0000c67f	Label	DEFAULT	DAT_0000c67f
0000c682	Label	DEFAULT	DAT_0000c682
0000c684	Label	DEFAULT	DAT_0000c684
0000c685	Label	DEFAULT	DAT_0000c685
0000c689	Label	DEFAULT	DAT_0000c689
0000c68a	Label	DEFAULT	DAT_0000c68a
0000c68e	Label	DEFAULT	DAT_0000c68e
0000c68f	Label	DEFAULT	DAT_0000c68f
0000c693	Label	DEFAULT	DAT_0000c693
0000c694	Label	DEFAULT	DAT_0000c694
0000c698	Label	DEFAULT	DAT_0000c698
0000c699	Label	DEFAULT	DAT_0000c699
0000c69d	Label	DEFAULT	DAT_0000c69d
0000c69e	Label	DEFAULT	DAT_0000c69e
0000c6a2	Label	DEFAULT	DAT_0000c6a2
0000c6a3	Label	DEFAULT	DAT_0000c6a3
0000c6a7	Label	DEFAULT	DAT_0000c6a7
0000c6a8	Label	DEFAULT	DAT_0000c6a8
0000c6ac	Label	DEFAULT	DAT_0000c6ac
0000c6ad	Label	DEFAULT	DAT_0000c6ad
0000c6b1	Label	DEFAULT	DAT_0000c6b1
0000c6b6	Label	DEFAULT	DAT_0000c6b6
0000c6be	Label	DEFAULT	DAT_0000c6be
0000c6c6	Label	DEFAULT	DAT_0000c6c6
0000c6c8	Label	DEFAULT	DAT_0000c6c8
0000c6e6	Label	DEFAULT	DAT_0000c6e6
0000c6e7	Label	DEFAULT	DAT_0000c6e7
0000c728	Label	DEFAULT	DAT_0000c728
0000c729	Label	DEFAULT	DAT_0000c729
0000c754	Label	DEFAULT	DAT_0000c754
0000c75b	Label	DEFAULT	DAT_0000c75b
0000c781	Label	DEFAULT	DAT_0000c781
0000c786	Label	DEFAULT	DAT_0000c786
0000c7aa	Label	DEFAULT	DAT_0000c7aa
0000c7ab	Label	DEFAULT	DAT_0000c7ab
0000c7ac	Label	DEFAULT	DAT_0000c7ac
0000c7ad	Label	DEFAULT	DAT_0000c7ad
0000c7b8	Label	DEFAULT	DAT_0000c7b8
0000c7b9	Label	DEFAULT	DAT_0000c7b9
0000c7ba	Label	DEFAULT	DAT_0000c7ba
0000c7bb	Label	DEFAULT	DAT_0000c7bb
0000c7f7	Label	DEFAULT	DAT_0000c7f7
0000c839	Label	DEFAULT	DAT_0000c839
0000c86b	Label	DEFAULT	DAT_0000c86b
0000c86c	Label	DEFAULT	DAT_0000c86c
0000c86d	Label	DEFAULT	DAT_0000c86d
0000c86e	Label	DEFAULT	DAT_0000c86e
0000c86f	Label	DEFAULT	DAT_0000c86f
0000c870	Label	DEFAULT	DAT_0000c870
0000c884	Label	DEFAULT	DAT_0000c884
0000c88e	Label	DEFAULT	DAT_0000c88e
0000c88f	Label	DEFAULT	DAT_0000c88f
0000c890	Label	DEFAULT	DAT_0000c890
0000c8e2	Label	DEFAULT	DAT_0000c8e2
0000c8fe	Label	DEFAULT	DAT_0000c8fe
0000c91a	Label	DEFAULT	DAT_0000c91a
0000c937	Label	DEFAULT	DAT_0000c937
0000c938	Label	DEFAULT	DAT_0000c938
0000c951	Label	DEFAULT	DAT_0000c951
0000c953	Label	DEFAULT	DAT_0000c953
0000c954	Label	DEFAULT	DAT_0000c954
0000c991	Label	DEFAULT	DAT_0000c991
0000c992	Label	DEFAULT	DAT_0000c992
0000c995	Label	DEFAULT	DAT_0000c995
0000c996	Label	DEFAULT	DAT_0000c996
0000c99a	Label	DEFAULT	DAT_0000c99a
0000c9e5	Label	DEFAULT	DAT_0000c9e5
0000c9e6	Label	DEFAULT	DAT_0000c9e6
0000c9e7	Label	DEFAULT	DAT_0000c9e7
0000ca24	Label	DEFAULT	DAT_0000ca24
0000ca25	Label	DEFAULT	DAT_0000ca25
0000ca27	Label	DEFAULT	DAT_0000ca27
0000ca28	Label	DEFAULT	DAT_0000ca28
0000ca2d	Label	DEFAULT	DAT_0000ca2d
0000ca2e	Label	DEFAULT	DAT_0000ca2e
0000ca30	Label	DEFAULT	DAT_0000ca30
0000ca31	Label	DEFAULT	DAT_0000ca31
0000ca72	Label	DEFAULT	DAT_0000ca72
0000ca73	Label	DEFAULT	DAT_0000ca73
0000cb12	Label	DEFAULT	DAT_0000cb12
0000cb21	Label	DEFAULT	DAT_0000cb21
0000cb30	Label	DEFAULT	DAT_0000cb30
0000cb31	Label	DEFAULT	DAT_0000cb31
0000cb42	Label	DEFAULT	DAT_0000cb42
0000cb7b	Label	DEFAULT	DAT_0000cb7b
0000cb7c	Label	DEFAULT	DAT_0000cb7c
0000cb7d	Label	DEFAULT	DAT_0000cb7d
0000cb8d	Label	DEFAULT	DAT_0000cb8d
0000cb8e	Label	DEFAULT	DAT_0000cb8e
0000cb8f	Label	DEFAULT	DAT_0000cb8f
0000cb90	Label	DEFAULT	DAT_0000cb90
0000cb98	Label	DEFAULT	DAT_0000cb98
0000cb9c	Label	DEFAULT	DAT_0000cb9c
0000cba0	Label	DEFAULT	DAT_0000cba0
0000cba4	Label	DEFAULT	DAT_0000cba4
0000cba8	Label	DEFAULT	DAT_0000cba8
0000cbac	Label	DEFAULT	DAT_0000cbac
0000cbb0	Label	DEFAULT	DAT_0000cbb0
0000cbb4	Label	DEFAULT	DAT_0000cbb4
0000cbb8	Label	DEFAULT	DAT_0000cbb8
0000cbbc	Label	DEFAULT	DAT_0000cbbc
0000cbc0	Label	DEFAULT	DAT_0000cbc0
0000cbc4	Label	DEFAULT	DAT_0000cbc4
0000cbc8	Label	DEFAULT	DAT_0000cbc8
0000cbcc	Label	DEFAULT	DAT_0000cbcc
0000cbd0	Label	DEFAULT	DAT_0000cbd0
0000cbf4	Label	DEFAULT	DAT_0000cbf4
0000cc5c	Label	DEFAULT	DAT_0000cc5c
0000cc60	Label	DEFAULT	DAT_0000cc60
0000cc64	Label	DEFAULT	DAT_0000cc64
0000cc68	Label	DEFAULT	DAT_0000cc68
0000cc6c	Label	DEFAULT	DAT_0000cc6c
0000cc70	Label	DEFAULT	DAT_0000cc70
0000cc74	Label	DEFAULT	DAT_0000cc74
0000cc78	Label	DEFAULT	DAT_0000cc78
0000cc7c	Label	DEFAULT	DAT_0000cc7c
0000ccc0	Label	DEFAULT	DAT_0000ccc0
0000ccc4	Label	DEFAULT	DAT_0000ccc4
0000ccc8	Label	DEFAULT	DAT_0000ccc8
0000cccc	Label	DEFAULT	DAT_0000cccc
0000ccd0	Label	DEFAULT	DAT_0000ccd0
0000ccd4	Label	DEFAULT	DAT_0000ccd4
0000ccd8	Label	DEFAULT	DAT_0000ccd8
0000ccdc	Label	DEFAULT	DAT_0000ccdc
0000cce0	Label	DEFAULT	DAT_0000cce0
0000ce3a	Label	USER_DEFINED	usb_device_descriptor
0000cf20	Label	USER_DEFINED	usb_host_report_descriptor
0000cf5c	Label	DEFAULT	LAB_0000cf5c
20000000	Label	DEFAULT	DAT_20000000
20000004	Label	DEFAULT	DAT_20000004
20000008	Label	DEFAULT	DAT_20000008
2000000c	Label	DEFAULT	DAT_2000000c
2000002c	Label	DEFAULT	DAT_2000002c
200000cd	Label	DEFAULT	DAT_200000cd
20000110	Label	DEFAULT	DAT_20000110
2000015b	Label	DEFAULT	DAT_2000015b
20000163	Label	DEFAULT	DAT_20000163
20000164	Label	DEFAULT	DAT_20000164
20000165	Label	DEFAULT	DAT_20000165
20000166	Label	DEFAULT	DAT_20000166
2000016d	Label	DEFAULT	DAT_2000016d
2000018e	Label	DEFAULT	DAT_2000018e
200001c7	Label	DEFAULT	DAT_200001c7
200001c8	Label	DEFAULT	DAT_200001c8
200001e9	Label	DEFAULT	DAT_200001e9
20000202	Label	DEFAULT	DAT_20000202
20000204	Label	DEFAULT	DAT_20000204
20000210	Label	DEFAULT	DAT_20000210
2000021c	Label	DEFAULT	DAT_2000021c
20000224	Label	DEFAULT	DAT_20000224
20000228	Label	DEFAULT	DAT_20000228
2000022c	Label	DEFAULT	DAT_2000022c
20000240	Label	DEFAULT	DAT_20000240
20000267	Label	DEFAULT	DAT_20000267
2000026b	Label	DEFAULT	DAT_2000026b
20000279	Label	DEFAULT	DAT_20000279
2000028b	Label	DEFAULT	DAT_2000028b
200002a5	Label	DEFAULT	DAT_200002a5
200002b7	Label	DEFAULT	DAT_200002b7
200002d5	Label	DEFAULT	DAT_200002d5
200002e8	Label	DEFAULT	DAT_200002e8
20000304	Label	DEFAULT	DAT_20000304
20000305	Label	DEFAULT	DAT_20000305
20000306	Label	DEFAULT	DAT_20000306
20000307	Label	DEFAULT	DAT_20000307
20000308	Label	DEFAULT	DAT_20000308
2000030c	Label	DEFAULT	DAT_2000030c
20000310	Label	DEFAULT	DAT_20000310
20000311	Label	DEFAULT	DAT_20000311
20000312	Label	DEFAULT	DAT_20000312
20000313	Label	USER_DEFINED	application_state
20000314	Label	DEFAULT	DAT_20000314
20000315	Label	DEFAULT	DAT_20000315
20000316	Label	DEFAULT	DAT_20000316
20000317	Label	DEFAULT	DAT_20000317
20000318	Label	DEFAULT	DAT_20000318
20000319	Label	DEFAULT	DAT_20000319
2000031a	Label	DEFAULT	DAT_2000031a
2000031b	Label	DEFAULT	DAT_2000031b
2000031c	Label	DEFAULT	DAT_2000031c
2000031d	Label	DEFAULT	DAT_2000031d
2000031e	Label	DEFAULT	DAT_2000031e
2000031f	Label	DEFAULT	DAT_2000031f
20000320	Label	DEFAULT	DAT_20000320
20000321	Label	DEFAULT	DAT_20000321
20000322	Label	DEFAULT	DAT_20000322
20000323	Label	DEFAULT	DAT_20000323
20000324	Label	DEFAULT	DAT_20000324
20000325	Label	DEFAULT	DAT_20000325
20000326	Label	DEFAULT	DAT_20000326
20000327	Label	DEFAULT	DAT_20000327
20000328	Label	DEFAULT	DAT_20000328
2000032a	Label	DEFAULT	DAT_2000032a
2000032c	Label	DEFAULT	DAT_2000032c
2000032e	Label	DEFAULT	DAT_2000032e
20000330	Label	DEFAULT	DAT_20000330
20000332	Label	DEFAULT	DAT_20000332
20000334	Label	DEFAULT	DAT_20000334
20000336	Label	DEFAULT	DAT_20000336
20000338	Label	DEFAULT	DAT_20000338
2000033a	Label	DEFAULT	DAT_2000033a
2000033c	Label	DEFAULT	DAT_2000033c
2000033e	Label	DEFAULT	DAT_2000033e
20000340	Label	DEFAULT	DAT_20000340
20000342	Label	DEFAULT	DAT_20000342
20000344	Label	DEFAULT	DAT_20000344
20000346	Label	DEFAULT	DAT_20000346
20000348	Label	DEFAULT	DAT_20000348
2000034a	Label	DEFAULT	DAT_2000034a
2000034c	Label	DEFAULT	DAT_2000034c
2000034e	Label	DEFAULT	DAT_2000034e
20000350	Label	DEFAULT	DAT_20000350
20000352	Label	DEFAULT	DAT_20000352
20000354	Label	DEFAULT	DAT_20000354
20000358	Label	DEFAULT	DAT_20000358
2000035c	Label	DEFAULT	DAT_2000035c
20000360	Label	USER_DEFINED	key_event_count
20000361	Label	DEFAULT	DAT_20000361
20000362	Label	DEFAULT	DAT_20000362
20000363	Label	DEFAULT	DAT_20000363
20000364	Label	DEFAULT	DAT_20000364
20000365	Label	DEFAULT	DAT_20000365
20000366	Label	DEFAULT	DAT_20000366
20000367	Label	DEFAULT	DAT_20000367
20000368	Label	DEFAULT	DAT_20000368
20000369	Label	DEFAULT	DAT_20000369
2000036a	Label	DEFAULT	DAT_2000036a
2000036b	Label	DEFAULT	DAT_2000036b
2000036c	Label	DEFAULT	DAT_2000036c
2000036d	Label	DEFAULT	DAT_2000036d
2000036e	Label	DEFAULT	DAT_2000036e
2000036f	Label	DEFAULT	DAT_2000036f
20000370	Label	DEFAULT	DAT_20000370
20000371	Label	DEFAULT	DAT_20000371
20000372	Label	DEFAULT	DAT_20000372
20000373	Label	DEFAULT	DAT_20000373
20000374	Label	USER_DEFINED	scan_row
20000375	Label	USER_DEFINED	scan_column
20000376	Label	USER_DEFINED	scan_record_count
20000378	Label	DEFAULT	DAT_20000378
2000037a	Label	DEFAULT	DAT_2000037a
2000037c	Label	DEFAULT	DAT_2000037c
2000037e	Label	DEFAULT	DAT_2000037e
20000380	Label	DEFAULT	DAT_20000380
20000382	Label	DEFAULT	DAT_20000382
20000384	Label	DEFAULT	DAT_20000384
20000385	Label	DEFAULT	DAT_20000385
20000386	Label	DEFAULT	DAT_20000386
20000387	Label	DEFAULT	DAT_20000387
20000388	Label	DEFAULT	DAT_20000388
20000389	Label	DEFAULT	DAT_20000389
2000038a	Label	DEFAULT	DAT_2000038a
2000038b	Label	DEFAULT	DAT_2000038b
2000038c	Label	DEFAULT	DAT_2000038c
2000038d	Label	DEFAULT	DAT_2000038d
2000038e	Label	DEFAULT	DAT_2000038e
20000393	Label	DEFAULT	DAT_20000393
20000394	Label	DEFAULT	DAT_20000394
20000399	Label	DEFAULT	DAT_20000399
2000039a	Label	DEFAULT	DAT_2000039a
200003a4	Label	DEFAULT	DAT_200003a4
200003a8	Label	DEFAULT	DAT_200003a8
200003ac	Label	DEFAULT	DAT_200003ac
200003b0	Label	USER_DEFINED	ble_tx_length
200003b1	Label	DEFAULT	DAT_200003b1
200003b2	Label	DEFAULT	DAT_200003b2
200003b3	Label	DEFAULT	DAT_200003b3
200003b4	Label	DEFAULT	DAT_200003b4
200003b5	Label	DEFAULT	DAT_200003b5
200003b6	Label	DEFAULT	DAT_200003b6
200003b7	Label	DEFAULT	DAT_200003b7
200003b8	Label	DEFAULT	DAT_200003b8
200003b9	Label	DEFAULT	DAT_200003b9
200003ba	Label	DEFAULT	DAT_200003ba
200003c0	Label	DEFAULT	DAT_200003c0
200003c1	Label	DEFAULT	DAT_200003c1
200003c2	Label	DEFAULT	DAT_200003c2
200003c3	Label	DEFAULT	DAT_200003c3
200003c4	Label	DEFAULT	DAT_200003c4
200003c5	Label	DEFAULT	DAT_200003c5
200003c6	Label	DEFAULT	DAT_200003c6
200003c7	Label	DEFAULT	DAT_200003c7
200003c8	Label	DEFAULT	DAT_200003c8
200003c9	Label	DEFAULT	DAT_200003c9
200003ca	Label	DEFAULT	DAT_200003ca
200003cb	Label	DEFAULT	DAT_200003cb
200003cc	Label	DEFAULT	DAT_200003cc
200003cd	Label	DEFAULT	DAT_200003cd
200003ce	Label	DEFAULT	DAT_200003ce
200003cf	Label	DEFAULT	DAT_200003cf
200003d0	Label	DEFAULT	DAT_200003d0
200003d1	Label	DEFAULT	DAT_200003d1
200003d2	Label	DEFAULT	DAT_200003d2
200003d3	Label	DEFAULT	DAT_200003d3
200003d4	Label	DEFAULT	DAT_200003d4
200003d5	Label	DEFAULT	DAT_200003d5
200003d6	Label	DEFAULT	DAT_200003d6
200003d7	Label	DEFAULT	DAT_200003d7
200003d8	Label	DEFAULT	DAT_200003d8
200003d9	Label	DEFAULT	DAT_200003d9
200003da	Label	DEFAULT	DAT_200003da
200003db	Label	DEFAULT	DAT_200003db
200003dc	Label	DEFAULT	DAT_200003dc
200003dd	Label	DEFAULT	DAT_200003dd
200003de	Label	DEFAULT	DAT_200003de
200003df	Label	DEFAULT	DAT_200003df
200003e0	Label	DEFAULT	DAT_200003e0
200003e1	Label	DEFAULT	DAT_200003e1
200003e2	Label	DEFAULT	DAT_200003e2
200003e3	Label	DEFAULT	DAT_200003e3
200003e4	Label	DEFAULT	DAT_200003e4
200003e5	Label	DEFAULT	DAT_200003e5
200003e6	Label	DEFAULT	DAT_200003e6
200003e7	Label	DEFAULT	DAT_200003e7
200003e8	Label	DEFAULT	DAT_200003e8
200003e9	Label	DEFAULT	DAT_200003e9
200003ea	Label	DEFAULT	DAT_200003ea
200003eb	Label	DEFAULT	DAT_200003eb
200003ec	Label	DEFAULT	DAT_200003ec
200003ed	Label	DEFAULT	DAT_200003ed
200003ee	Label	DEFAULT	DAT_200003ee
200003ef	Label	DEFAULT	DAT_200003ef
200003f0	Label	DEFAULT	DAT_200003f0
200003f1	Label	DEFAULT	DAT_200003f1
200003f2	Label	DEFAULT	DAT_200003f2
200003f3	Label	DEFAULT	DAT_200003f3
200003f4	Label	DEFAULT	DAT_200003f4
200003f5	Label	DEFAULT	DAT_200003f5
200003f6	Label	DEFAULT	DAT_200003f6
200003f7	Label	DEFAULT	DAT_200003f7
200003f8	Label	DEFAULT	DAT_200003f8
200003f9	Label	DEFAULT	DAT_200003f9
200003fa	Label	DEFAULT	DAT_200003fa
200003fb	Label	DEFAULT	DAT_200003fb
200003fc	Label	DEFAULT	DAT_200003fc
200003fd	Label	DEFAULT	DAT_200003fd
200003fe	Label	DEFAULT	DAT_200003fe
200003ff	Label	DEFAULT	DAT_200003ff
20000400	Label	DEFAULT	DAT_20000400
20000401	Label	DEFAULT	DAT_20000401
20000402	Label	DEFAULT	DAT_20000402
20000403	Label	DEFAULT	DAT_20000403
20000404	Label	DEFAULT	DAT_20000404
20000405	Label	DEFAULT	DAT_20000405
20000406	Label	DEFAULT	DAT_20000406
20000407	Label	DEFAULT	DAT_20000407
20000408	Label	DEFAULT	DAT_20000408
20000409	Label	DEFAULT	DAT_20000409
2000040a	Label	DEFAULT	DAT_2000040a
2000040b	Label	DEFAULT	DAT_2000040b
2000040c	Label	DEFAULT	DAT_2000040c
2000040d	Label	DEFAULT	DAT_2000040d
2000040e	Label	DEFAULT	DAT_2000040e
2000040f	Label	DEFAULT	DAT_2000040f
20000410	Label	DEFAULT	DAT_20000410
20000412	Label	DEFAULT	DAT_20000412
20000414	Label	DEFAULT	DAT_20000414
20000416	Label	DEFAULT	DAT_20000416
20000418	Label	DEFAULT	DAT_20000418
20000419	Label	DEFAULT	DAT_20000419
2000041a	Label	DEFAULT	DAT_2000041a
2000041b	Label	DEFAULT	DAT_2000041b
2000041c	Label	DEFAULT	DAT_2000041c
2000041e	Label	DEFAULT	DAT_2000041e
20000420	Label	DEFAULT	DAT_20000420
20000422	Label	DEFAULT	DAT_20000422
20000424	Label	DEFAULT	DAT_20000424
20000428	Label	DEFAULT	DAT_20000428
20000429	Label	DEFAULT	DAT_20000429
2000042a	Label	DEFAULT	DAT_2000042a
2000042c	Label	DEFAULT	DAT_2000042c
20000430	Label	DEFAULT	DAT_20000430
20000434	Label	DEFAULT	DAT_20000434
20000438	Label	DEFAULT	DAT_20000438
2000043c	Label	DEFAULT	DAT_2000043c
20000440	Label	DEFAULT	DAT_20000440
20000444	Label	DEFAULT	DAT_20000444
20000448	Label	DEFAULT	DAT_20000448
2000044c	Label	DEFAULT	DAT_2000044c
20000450	Label	DEFAULT	DAT_20000450
20000454	Label	DEFAULT	DAT_20000454
20000458	Label	DEFAULT	DAT_20000458
2000045c	Label	DEFAULT	DAT_2000045c
20000460	Label	DEFAULT	DAT_20000460
20000464	Label	DEFAULT	DAT_20000464
20000468	Label	DEFAULT	DAT_20000468
20000469	Label	DEFAULT	DAT_20000469
2000046a	Label	DEFAULT	DAT_2000046a
2000046b	Label	DEFAULT	DAT_2000046b
2000046c	Label	DEFAULT	DAT_2000046c
2000046e	Label	DEFAULT	DAT_2000046e
2000046f	Label	DEFAULT	DAT_2000046f
20000470	Label	DEFAULT	DAT_20000470
20000472	Label	DEFAULT	DAT_20000472
20000474	Label	DEFAULT	DAT_20000474
20000478	Label	DEFAULT	DAT_20000478
2000047c	Label	DEFAULT	DAT_2000047c
2000047d	Label	DEFAULT	DAT_2000047d
2000047e	Label	DEFAULT	DAT_2000047e
2000047f	Label	DEFAULT	DAT_2000047f
20000480	Label	DEFAULT	DAT_20000480
20000481	Label	DEFAULT	DAT_20000481
20000482	Label	DEFAULT	DAT_20000482
20000483	Label	DEFAULT	DAT_20000483
20000485	Label	DEFAULT	DAT_20000485
20000487	Label	DEFAULT	DAT_20000487
20000488	Label	DEFAULT	DAT_20000488
20000489	Label	DEFAULT	DAT_20000489
20000c4c	Label	DEFAULT	DAT_20000c4c
20000c4d	Label	DEFAULT	DAT_20000c4d
20000c4e	Label	DEFAULT	DAT_20000c4e
20000c4f	Label	DEFAULT	DAT_20000c4f
20000c50	Label	DEFAULT	DAT_20000c50
20000c51	Label	DEFAULT	DAT_20000c51
20000c52	Label	DEFAULT	DAT_20000c52
20000c53	Label	DEFAULT	DAT_20000c53
20000c54	Label	DEFAULT	DAT_20000c54
20000c55	Label	DEFAULT	DAT_20000c55
20000c56	Label	USER_DEFINED	scan_enabled
20000c58	Label	DEFAULT	DAT_20000c58
20000c5a	Label	DEFAULT	DAT_20000c5a
20000c5c	Label	USER_DEFINED	transport_is_wired
20000c5d	Label	USER_DEFINED	wired_protocol
20000c5e	Label	DEFAULT	DAT_20000c5e
20000c5f	Label	DEFAULT	DAT_20000c5f
20000c60	Label	DEFAULT	DAT_20000c60
20000c61	Label	DEFAULT	DAT_20000c61
20000c62	Label	DEFAULT	DAT_20000c62
20000c63	Label	DEFAULT	DAT_20000c63
20000c64	Label	DEFAULT	DAT_20000c64
20000c65	Label	DEFAULT	DAT_20000c65
20000c66	Label	DEFAULT	DAT_20000c66
20000c67	Label	DEFAULT	DAT_20000c67
20000c68	Label	DEFAULT	DAT_20000c68
20000c69	Label	DEFAULT	DAT_20000c69
20000c6a	Label	DEFAULT	DAT_20000c6a
20000c6b	Label	DEFAULT	DAT_20000c6b
20000c6c	Label	DEFAULT	DAT_20000c6c
20000c6d	Label	DEFAULT	DAT_20000c6d
20000c6e	Label	DEFAULT	DAT_20000c6e
20000c6f	Label	DEFAULT	DAT_20000c6f
20000c70	Label	DEFAULT	DAT_20000c70
20000c71	Label	DEFAULT	DAT_20000c71
20000c72	Label	DEFAULT	DAT_20000c72
20000c74	Label	DEFAULT	DAT_20000c74
20000c7a	Label	DEFAULT	DAT_20000c7a
20000c7b	Label	DEFAULT	DAT_20000c7b
20000c7c	Label	DEFAULT	DAT_20000c7c
20000c7e	Label	DEFAULT	DAT_20000c7e
20000c80	Label	DEFAULT	DAT_20000c80
20000c82	Label	DEFAULT	DAT_20000c82
20000c84	Label	DEFAULT	DAT_20000c84
20000c86	Label	DEFAULT	DAT_20000c86
20000c88	Label	DEFAULT	DAT_20000c88
20000c8a	Label	DEFAULT	DAT_20000c8a
20000c8c	Label	DEFAULT	DAT_20000c8c
20000c8e	Label	DEFAULT	DAT_20000c8e
20000c90	Label	DEFAULT	DAT_20000c90
20000c92	Label	DEFAULT	DAT_20000c92
20000c94	Label	DEFAULT	DAT_20000c94
20000c96	Label	DEFAULT	DAT_20000c96
20000c98	Label	DEFAULT	DAT_20000c98
20000c9a	Label	DEFAULT	DAT_20000c9a
20000c9c	Label	DEFAULT	DAT_20000c9c
20000c9e	Label	DEFAULT	DAT_20000c9e
20000ca0	Label	DEFAULT	DAT_20000ca0
20000ca1	Label	DEFAULT	DAT_20000ca1
20000ca2	Label	DEFAULT	DAT_20000ca2
20000ca4	Label	DEFAULT	DAT_20000ca4
20000ca6	Label	DEFAULT	DAT_20000ca6
20000ca7	Label	DEFAULT	DAT_20000ca7
20000ca8	Label	DEFAULT	DAT_20000ca8
20000caa	Label	DEFAULT	DAT_20000caa
20000cab	Label	DEFAULT	DAT_20000cab
20000cac	Label	DEFAULT	DAT_20000cac
20000cad	Label	DEFAULT	DAT_20000cad
20000cae	Label	DEFAULT	DAT_20000cae
20000cb0	Label	DEFAULT	DAT_20000cb0
20000cb2	Label	DEFAULT	DAT_20000cb2
20000cb4	Label	DEFAULT	DAT_20000cb4
20000cb6	Label	DEFAULT	DAT_20000cb6
20000cb8	Label	DEFAULT	DAT_20000cb8
20000cb9	Label	DEFAULT	DAT_20000cb9
20000cba	Label	USER_DEFINED	rgb_active
20000cbb	Label	DEFAULT	DAT_20000cbb
20000cbc	Label	DEFAULT	DAT_20000cbc
20000cbd	Label	DEFAULT	DAT_20000cbd
20000cbe	Label	DEFAULT	DAT_20000cbe
20000cbf	Label	DEFAULT	DAT_20000cbf
20000cc0	Label	DEFAULT	DAT_20000cc0
20000cc2	Label	DEFAULT	DAT_20000cc2
20000cc4	Label	DEFAULT	DAT_20000cc4
20000cc5	Label	DEFAULT	DAT_20000cc5
20000cc6	Label	DEFAULT	DAT_20000cc6
20000cc7	Label	DEFAULT	DAT_20000cc7
20000cc8	Label	DEFAULT	DAT_20000cc8
20000cc9	Label	DEFAULT	DAT_20000cc9
20000cca	Label	DEFAULT	DAT_20000cca
20000ccb	Label	DEFAULT	DAT_20000ccb
20000ccc	Label	DEFAULT	DAT_20000ccc
20000cce	Label	DEFAULT	DAT_20000cce
20000cd1	Label	DEFAULT	DAT_20000cd1
20000cd2	Label	DEFAULT	DAT_20000cd2
20000cd3	Label	DEFAULT	DAT_20000cd3
20000cd4	Label	DEFAULT	DAT_20000cd4
20000cd5	Label	DEFAULT	DAT_20000cd5
20000cd6	Label	DEFAULT	DAT_20000cd6
20000cd7	Label	DEFAULT	DAT_20000cd7
20000cd8	Label	DEFAULT	DAT_20000cd8
20000cda	Label	DEFAULT	DAT_20000cda
20000cdc	Label	DEFAULT	DAT_20000cdc
20000cdd	Label	DEFAULT	DAT_20000cdd
20000cde	Label	DEFAULT	DAT_20000cde
20000cdf	Label	DEFAULT	DAT_20000cdf
20000ce0	Label	DEFAULT	DAT_20000ce0
20000ce2	Label	DEFAULT	DAT_20000ce2
20000ce4	Label	USER_DEFINED	key_press_counters
20000ce8	Label	DEFAULT	DAT_20000ce8
20000d20	Label	DEFAULT	DAT_20000d20
20000d5c	Label	DEFAULT	DAT_20000d5c
20000d98	Label	DEFAULT	DAT_20000d98
20000dd4	Label	DEFAULT	DAT_20000dd4
20000dec	Label	DEFAULT	DAT_20000dec
20000ded	Label	DEFAULT	DAT_20000ded
20000dee	Label	DEFAULT	DAT_20000dee
20000def	Label	DEFAULT	DAT_20000def
20000e02	Label	DEFAULT	DAT_20000e02
20000e03	Label	DEFAULT	DAT_20000e03
20000e0c	Label	DEFAULT	DAT_20000e0c
20000e0d	Label	DEFAULT	DAT_20000e0d
20000e0f	Label	DEFAULT	DAT_20000e0f
20000e10	Label	DEFAULT	DAT_20000e10
20000e11	Label	DEFAULT	DAT_20000e11
20000e14	Label	DEFAULT	DAT_20000e14
20000e15	Label	DEFAULT	DAT_20000e15
20000e16	Label	DEFAULT	DAT_20000e16
20000e23	Label	DEFAULT	DAT_20000e23
20000e24	Label	DEFAULT	DAT_20000e24
20000e25	Label	DEFAULT	DAT_20000e25
20000e33	Label	DEFAULT	DAT_20000e33
20000e34	Label	DEFAULT	DAT_20000e34
20000e35	Label	DEFAULT	DAT_20000e35
20000e63	Label	DEFAULT	DAT_20000e63
20000e64	Label	DEFAULT	DAT_20000e64
20000e65	Label	DEFAULT	DAT_20000e65
20000ea5	Label	DEFAULT	DAT_20000ea5
20000ea6	Label	DEFAULT	DAT_20000ea6
20000ea7	Label	DEFAULT	DAT_20000ea7
20000ee7	Label	USER_DEFINED	key_events
20000f29	Label	DEFAULT	DAT_20000f29
20000f2a	Label	DEFAULT	DAT_20000f2a
20000f2b	Label	DEFAULT	DAT_20000f2b
20000f2c	Label	DEFAULT	DAT_20000f2c
20000fad	Label	DEFAULT	DAT_20000fad
200013cc	Label	DEFAULT	DAT_200013cc
200013cd	Label	DEFAULT	DAT_200013cd
200013ce	Label	DEFAULT	DAT_200013ce
200013cf	Label	DEFAULT	DAT_200013cf
200013d0	Label	DEFAULT	DAT_200013d0
200013d1	Label	DEFAULT	DAT_200013d1
200013d2	Label	DEFAULT	DAT_200013d2
20001492	Label	DEFAULT	DAT_20001492
20001558	Label	DEFAULT	DAT_20001558
2000161e	Label	DEFAULT	DAT_2000161e
200016e4	Label	DEFAULT	DAT_200016e4
200017aa	Label	DEFAULT	DAT_200017aa
20001870	Label	DEFAULT	DAT_20001870
20001936	Label	DEFAULT	DAT_20001936
200019fc	Label	DEFAULT	DAT_200019fc
20001ac4	Label	USER_DEFINED	matrix_pressed_bits
20001ac6	Label	DEFAULT	DAT_20001ac6
20001ace	Label	DEFAULT	DAT_20001ace
20001ad4	Label	DEFAULT	DAT_20001ad4
20001ad6	Label	DEFAULT	DAT_20001ad6
20001ad8	Label	DEFAULT	DAT_20001ad8
20001ada	Label	USER_DEFINED	matrix_debounce
20001adb	Label	DEFAULT	DAT_20001adb
20001ae0	Label	DEFAULT	DAT_20001ae0
20001b1c	Label	USER_DEFINED	matrix_baseline
20001b1d	Label	DEFAULT	DAT_20001b1d
20001b22	Label	DEFAULT	DAT_20001b22
20001b5e	Label	DEFAULT	DAT_20001b5e
20001b5f	Label	DEFAULT	DAT_20001b5f
20001b64	Label	DEFAULT	DAT_20001b64
20001ba0	Label	USER_DEFINED	matrix_threshold
20001ba1	Label	DEFAULT	DAT_20001ba1
20001be2	Label	DEFAULT	DAT_20001be2
20001be3	Label	DEFAULT	DAT_20001be3
20001be8	Label	DEFAULT	DAT_20001be8
20001c24	Label	DEFAULT	DAT_20001c24
20001c25	Label	DEFAULT	DAT_20001c25
20002264	Label	DEFAULT	DAT_20002264
20002265	Label	DEFAULT	DAT_20002265
20002266	Label	DEFAULT	DAT_20002266
20002273	Label	DEFAULT	DAT_20002273
2000310a	Label	USER_DEFINED	scan_records
2000310b	Label	DEFAULT	DAT_2000310b
2000310c	Label	DEFAULT	DAT_2000310c
20003111	Label	DEFAULT	DAT_20003111
2000380a	Label	USER_DEFINED	ble_tx_buffer
2000380b	Label	DEFAULT	DAT_2000380b
20003813	Label	DEFAULT	DAT_20003813
2000382a	Label	DEFAULT	DAT_2000382a
2000382b	Label	DEFAULT	DAT_2000382b
2000382c	Label	DEFAULT	DAT_2000382c
2000386a	Label	DEFAULT	DAT_2000386a
2000386c	Label	DEFAULT	DAT_2000386c
20003880	Label	DEFAULT	DAT_20003880
20003881	Label	DEFAULT	DAT_20003881
20003882	Label	DEFAULT	DAT_20003882
20003883	Label	DEFAULT	DAT_20003883
20003884	Label	DEFAULT	DAT_20003884
20003885	Label	DEFAULT	DAT_20003885
2000389b	Label	DEFAULT	DAT_2000389b
2000389c	Label	DEFAULT	DAT_2000389c
2000389d	Label	DEFAULT	DAT_2000389d
200038a1	Label	DEFAULT	DAT_200038a1
200038a2	Label	DEFAULT	DAT_200038a2
200038a3	Label	DEFAULT	DAT_200038a3
200038a7	Label	DEFAULT	DAT_200038a7
200038a8	Label	DEFAULT	DAT_200038a8
200038a9	Label	DEFAULT	DAT_200038a9
200038e0	Label	DEFAULT	DAT_200038e0
200038e1	Label	DEFAULT	DAT_200038e1
200038e2	Label	DEFAULT	DAT_200038e2
20003934	Label	DEFAULT	DAT_20003934
20003935	Label	DEFAULT	DAT_20003935
20003936	Label	DEFAULT	DAT_20003936
20003946	Label	DEFAULT	DAT_20003946
20003947	Label	DEFAULT	DAT_20003947
20003948	Label	DEFAULT	DAT_20003948
20003949	Label	DEFAULT	DAT_20003949
2000394a	Label	DEFAULT	DAT_2000394a
2000394b	Label	DEFAULT	DAT_2000394b
20003967	Label	DEFAULT	DAT_20003967
20003968	Label	DEFAULT	DAT_20003968
20003969	Label	DEFAULT	DAT_20003969
20003a0c	Label	DEFAULT	DAT_20003a0c
20003a0d	Label	DEFAULT	DAT_20003a0d
20003a12	Label	DEFAULT	DAT_20003a12
20003a90	Label	DEFAULT	DAT_20003a90
20003a91	Label	DEFAULT	DAT_20003a91
20003a96	Label	DEFAULT	DAT_20003a96
20003ad2	Label	DEFAULT	DAT_20003ad2
20003ad3	Label	DEFAULT	DAT_20003ad3
20003b14	Label	DEFAULT	DAT_20003b14
20003b15	Label	DEFAULT	DAT_20003b15
20003b23	Label	DEFAULT	DAT_20003b23
20003b5c	Label	DEFAULT	DAT_20003b5c
20003b5d	Label	DEFAULT	DAT_20003b5d
20003b5e	Label	DEFAULT	DAT_20003b5e
20003b5f	Label	DEFAULT	DAT_20003b5f
20003b60	Label	DEFAULT	DAT_20003b60
20003b61	Label	DEFAULT	DAT_20003b61
20003b62	Label	DEFAULT	DAT_20003b62
20003b63	Label	DEFAULT	DAT_20003b63
20003b64	Label	DEFAULT	DAT_20003b64
20003b7d	Label	DEFAULT	DAT_20003b7d
20003b7e	Label	DEFAULT	DAT_20003b7e
20003b7f	Label	DEFAULT	DAT_20003b7f
20003bbd	Label	DEFAULT	DAT_20003bbd
20003bbe	Label	DEFAULT	DAT_20003bbe
20003bbf	Label	DEFAULT	DAT_20003bbf
20003bc0	Label	DEFAULT	DAT_20003bc0
20003bcd	Label	DEFAULT	DAT_20003bcd
20003bce	Label	DEFAULT	DAT_20003bce
20003bdd	Label	DEFAULT	DAT_20003bdd
20003c0a	Label	DEFAULT	DAT_20003c0a
20003c0b	Label	DEFAULT	DAT_20003c0b
20003c0c	Label	DEFAULT	DAT_20003c0c
20003c0d	Label	DEFAULT	DAT_20003c0d
20003c0e	Label	DEFAULT	DAT_20003c0e
20003c0f	Label	DEFAULT	DAT_20003c0f
20003c10	Label	DEFAULT	DAT_20003c10
20003c13	Label	DEFAULT	DAT_20003c13
20003c16	Label	DEFAULT	DAT_20003c16
20003c19	Label	DEFAULT	DAT_20003c19
20003c1a	Label	DEFAULT	DAT_20003c1a
20003c24	Label	DEFAULT	DAT_20003c24
20003c5b	Label	DEFAULT	DAT_20003c5b
20003c5c	Label	DEFAULT	DAT_20003c5c
20003c66	Label	DEFAULT	DAT_20003c66
20003c9d	Label	DEFAULT	DAT_20003c9d
20003cac	Label	DEFAULT	DAT_20003cac
20003cad	Label	DEFAULT	DAT_20003cad
20003cae	Label	DEFAULT	DAT_20003cae
20003caf	Label	DEFAULT	DAT_20003caf
20003cb0	Label	DEFAULT	DAT_20003cb0
20003cb1	Label	DEFAULT	DAT_20003cb1
20003cb4	Label	DEFAULT	DAT_20003cb4
20003cb5	Label	DEFAULT	DAT_20003cb5
20003cf7	Label	DEFAULT	DAT_20003cf7
20003cf8	Label	DEFAULT	DAT_20003cf8
20003cf9	Label	DEFAULT	DAT_20003cf9
20003cfa	Label	DEFAULT	DAT_20003cfa
20003cfb	Label	DEFAULT	DAT_20003cfb
20003cfc	Label	DEFAULT	DAT_20003cfc
20003cff	Label	DEFAULT	DAT_20003cff
20003d00	Label	DEFAULT	DAT_20003d00
20003d42	Label	DEFAULT	DAT_20003d42
20003d51	Label	DEFAULT	DAT_20003d51
20003d52	Label	DEFAULT	DAT_20003d52
20003d6f	Label	DEFAULT	DAT_20003d6f
20003d70	Label	DEFAULT	DAT_20003d70
20003d71	Label	DEFAULT	DAT_20003d71
20003d72	Label	DEFAULT	DAT_20003d72
20003d73	Label	DEFAULT	DAT_20003d73
20003d74	Label	DEFAULT	DAT_20003d74
20003d75	Label	DEFAULT	DAT_20003d75
20003d7b	Label	DEFAULT	DAT_20003d7b
20003d7c	Label	DEFAULT	DAT_20003d7c
20003d7d	Label	DEFAULT	DAT_20003d7d
20004068	Label	DEFAULT	DAT_20004068
2000406c	Label	DEFAULT	DAT_2000406c
20004070	Label	DEFAULT	DAT_20004070
20004071	Label	DEFAULT	DAT_20004070+1
20004074	Label	DEFAULT	DAT_20004074
20004075	Label	DEFAULT	DAT_20004075
20004078	Label	DEFAULT	DAT_20004078
20004180	Label	DEFAULT	DAT_20004180
40000000	Label	DEFAULT	DAT_40000000
4000001f	Label	DEFAULT	DAT_4000001f
40003c9b	Label	DEFAULT	DAT_40003c9b
40004000	Label	USER_DEFINED	WDT_WTCR
40004004	Label	USER_DEFINED	WDT_WTCRALT
40010000	Label	USER_DEFINED	TIMER0_TCSR
40010004	Label	USER_DEFINED	TIMER0_TCMPR
40010008	Label	USER_DEFINED	TIMER0_TISR
4001000c	Label	USER_DEFINED	TIMER0_TDR
40010010	Label	USER_DEFINED	TIMER0_TCAP
40010014	Label	USER_DEFINED	TIMER0_TEXCON
40010018	Label	USER_DEFINED	TIMER0_TEXISR
40010020	Label	USER_DEFINED	TIMER1_TCSR
40010024	Label	USER_DEFINED	TIMER1_TCMPR
40010028	Label	USER_DEFINED	TIMER1_TISR
4001002c	Label	USER_DEFINED	TIMER1_TDR
40010030	Label	USER_DEFINED	TIMER1_TCAP
40010034	Label	USER_DEFINED	TIMER1_TEXCON
40010038	Label	USER_DEFINED	TIMER1_TEXISR
40040000	Label	DEFAULT	DAT_40040000
40050000	Label	USER_DEFINED	UART0_RBR
40050004	Label	USER_DEFINED	UART0_IER
40050008	Label	USER_DEFINED	UART0_FCR
4005000c	Label	USER_DEFINED	UART0_LCR
40050010	Label	USER_DEFINED	UART0_MCR
40050014	Label	USER_DEFINED	UART0_MSR
40050018	Label	USER_DEFINED	UART0_FSR
4005001c	Label	USER_DEFINED	UART0_ISR
40050020	Label	USER_DEFINED	UART0_TOR
40050024	Label	USER_DEFINED	UART0_BAUD
40050028	Label	USER_DEFINED	UART0_IRCR
4005002c	Label	USER_DEFINED	UART0_ALT_CSR
40050030	Label	USER_DEFINED	UART0_FUN_SEL
40060000	Label	USER_DEFINED	USBD_INTEN
40060004	Label	USER_DEFINED	USBD_INTSTS
40060008	Label	USER_DEFINED	USBD_FADDR
4006000c	Label	USER_DEFINED	USBD_EPSTS
40060010	Label	USER_DEFINED	USBD_ATTR
40060014	Label	USER_DEFINED	USBD_FLDET
40060018	Label	USER_DEFINED	USBD_STBUFSEG
40060080	Label	DEFAULT	DAT_40060080
40060090	Label	USER_DEFINED	USBD_DRVSE0
40060100	Label	DEFAULT	DAT_40060100
40060101	Label	DEFAULT	DAT_40060101
40060500	Label	USER_DEFINED	USBD_EP0_BUFSEG
40060504	Label	USER_DEFINED	USBD_EP0_MXPLD
40060508	Label	USER_DEFINED	USBD_EP0_CFG
4006050c	Label	USER_DEFINED	USBD_EP0_CFGP
40060510	Label	USER_DEFINED	USBD_EP1_BUFSEG
40060514	Label	USER_DEFINED	USBD_EP1_MXPLD
40060518	Label	USER_DEFINED	USBD_EP1_CFG
4006051c	Label	USER_DEFINED	USBD_EP1_CFGP
40060520	Label	USER_DEFINED	USBD_EP2_BUFSEG
40060524	Label	USER_DEFINED	USBD_EP2_MXPLD
40060528	Label	USER_DEFINED	USBD_EP2_CFG
4006052c	Label	USER_DEFINED	USBD_EP2_CFGP
40060530	Label	USER_DEFINED	USBD_EP3_BUFSEG
40060534	Label	USER_DEFINED	USBD_EP3_MXPLD
40060538	Label	USER_DEFINED	USBD_EP3_CFG
4006053c	Label	USER_DEFINED	USBD_EP3_CFGP
40060540	Label	USER_DEFINED	USBD_EP4_BUFSEG
40060544	Label	USER_DEFINED	USBD_EP4_MXPLD
40060548	Label	USER_DEFINED	USBD_EP4_CFG
4006054c	Label	USER_DEFINED	USBD_EP4_CFGP
40060550	Label	USER_DEFINED	USBD_EP5_BUFSEG
40060554	Label	USER_DEFINED	USBD_EP5_MXPLD
40060558	Label	USER_DEFINED	USBD_EP5_CFG
4006055c	Label	USER_DEFINED	USBD_EP5_CFGP
40060560	Label	USER_DEFINED	USBD_EP6_BUFSEG
40060564	Label	USER_DEFINED	USBD_EP6_MXPLD
40060568	Label	USER_DEFINED	USBD_EP6_CFG
4006056c	Label	USER_DEFINED	USBD_EP6_CFGP
40060570	Label	USER_DEFINED	USBD_EP7_BUFSEG
40060574	Label	USER_DEFINED	USBD_EP7_MXPLD
40060578	Label	USER_DEFINED	USBD_EP7_CFG
4006057c	Label	USER_DEFINED	USBD_EP7_CFGP
400e0000	Label	USER_DEFINED	ADC_ADDR0
400e0004	Label	USER_DEFINED	ADC_ADDR1
400e0008	Label	USER_DEFINED	ADC_ADDR2
400e000c	Label	USER_DEFINED	ADC_ADDR3
400e0010	Label	USER_DEFINED	ADC_ADDR4
400e0014	Label	USER_DEFINED	ADC_ADDR5
400e0018	Label	USER_DEFINED	ADC_ADDR6
400e001c	Label	USER_DEFINED	ADC_ADDR7
400e0020	Label	USER_DEFINED	ADC_ADCR
400e0024	Label	USER_DEFINED	ADC_ADCHER
400e0028	Label	USER_DEFINED	ADC_ADCMPR0
400e002c	Label	USER_DEFINED	ADC_ADCMPR1
400e0030	Label	USER_DEFINED	ADC_ADSR
400e0040	Label	USER_DEFINED	ADC_ADPDMA
40100000	Label	USER_DEFINED	PS2_PS2CON
40100004	Label	USER_DEFINED	PS2_PS2TXDATA0
40100008	Label	USER_DEFINED	PS2_PS2TXDATA1
4010000c	Label	USER_DEFINED	PS2_PS2TXDATA2
40100010	Label	USER_DEFINED	PS2_PS2TXDATA3
40100014	Label	USER_DEFINED	PS2_PS2RXDATA
40100018	Label	USER_DEFINED	PS2_PS2STATUS
4010001c	Label	USER_DEFINED	PS2_PS2INTID
40110000	Label	USER_DEFINED	TIMER2_TCSR
40110004	Label	USER_DEFINED	TIMER2_TCMPR
40110008	Label	USER_DEFINED	TIMER2_TISR
4011000c	Label	USER_DEFINED	TIMER2_TDR
40110010	Label	USER_DEFINED	TIMER2_TCAP
40110014	Label	USER_DEFINED	TIMER2_TEXCON
40110018	Label	USER_DEFINED	TIMER2_TEXISR
40110020	Label	USER_DEFINED	TIMER3_TCSR
40110024	Label	USER_DEFINED	TIMER3_TCMPR
40110028	Label	USER_DEFINED	TIMER3_TISR
4011002c	Label	USER_DEFINED	TIMER3_TDR
40110030	Label	USER_DEFINED	TIMER3_TCAP
40110034	Label	USER_DEFINED	TIMER3_TEXCON
40110038	Label	USER_DEFINED	TIMER3_TEXISR
40150000	Label	USER_DEFINED	UART1_RBR
40150004	Label	USER_DEFINED	UART1_IER
40150008	Label	USER_DEFINED	UART1_FCR
4015000c	Label	USER_DEFINED	UART1_LCR
40150010	Label	USER_DEFINED	UART1_MCR
40150014	Label	USER_DEFINED	UART1_MSR
40150018	Label	USER_DEFINED	UART1_FSR
4015001c	Label	USER_DEFINED	UART1_ISR
40150020	Label	USER_DEFINED	UART1_TOR
40150024	Label	USER_DEFINED	UART1_BAUD
40150028	Label	USER_DEFINED	UART1_IRCR
4015002c	Label	USER_DEFINED	UART1_ALT_CSR
40150030	Label	USER_DEFINED	UART1_FUN_SEL
50000000	Label	USER_DEFINED	SYS_PDID
50000004	Label	USER_DEFINED	SYS_RSTSRC
50000008	Label	USER_DEFINED	SYS_IPRSTC1
5000000c	Label	USER_DEFINED	SYS_IPRSTC2
50000018	Label	USER_DEFINED	SYS_BODCR
50000024	Label	USER_DEFINED	SYS_PORCR
50000030	Label	USER_DEFINED	SYS_GPA_MFP
50000034	Label	USER_DEFINED	SYS_GPB_MFP
50000038	Label	USER_DEFINED	SYS_GPC_MFP
5000003c	Label	USER_DEFINED	SYS_GPD_MFP
50000040	Label	DEFAULT	DAT_50000040
50000044	Label	USER_DEFINED	SYS_GPF_MFP
50000050	Label	USER_DEFINED	SYS_ALT_MFP
50000054	Label	USER_DEFINED	SYS_ALT_MFP1
500000c0	Label	USER_DEFINED	SYS_GPA_IOCR
500000c4	Label	USER_DEFINED	SYS_GPB_IOCR
500000cc	Label	USER_DEFINED	SYS_GPD_IOCR
50000100	Label	USER_DEFINED	SYS_REGWRPROT
50000134	Label	USER_DEFINED	SYS_GPA_MFPH
50000138	Label	USER_DEFINED	SYS_GPB_MFPL
5000013c	Label	USER_DEFINED	SYS_GPB_MFPH
50000140	Label	USER_DEFINED	SYS_GPC_MFPL
50000144	Label	USER_DEFINED	SYS_GPC_MFPH
50000148	Label	USER_DEFINED	SYS_GPD_MFPL
5000014c	Label	USER_DEFINED	SYS_GPD_MFPH
50000158	Label	USER_DEFINED	SYS_GPF_MFPL
50000200	Label	USER_DEFINED	CLK_PWRCON
50000204	Label	USER_DEFINED	CLK_AHBCLK
50000208	Label	USER_DEFINED	CLK_APBCLK
5000020c	Label	USER_DEFINED	CLK_CLKSTATUS
50000210	Label	USER_DEFINED	CLK_CLKSEL0
50000214	Label	USER_DEFINED	CLK_CLKSEL1
50000218	Label	USER_DEFINED	CLK_CLKDIV
5000021c	Label	USER_DEFINED	CLK_CLKSEL2
50000220	Label	USER_DEFINED	CLK_PLLCON
50000224	Label	USER_DEFINED	CLK_FRQDIV
5000022c	Label	USER_DEFINED	CLK_APBDIV
50004000	Label	USER_DEFINED	PA_PMD
50004004	Label	USER_DEFINED	PA_OFFD
50004008	Label	USER_DEFINED	PA_DOUT
5000400c	Label	USER_DEFINED	PA_DMASK
50004010	Label	USER_DEFINED	PA_PIN
50004014	Label	USER_DEFINED	PA_DBEN
50004018	Label	USER_DEFINED	PA_IMD
5000401c	Label	USER_DEFINED	PA_IEN
50004020	Label	USER_DEFINED	PA_ISRC
50004040	Label	USER_DEFINED	PB_PMD
50004044	Label	USER_DEFINED	PB_OFFD
50004048	Label	USER_DEFINED	PB_DOUT
5000404c	Label	USER_DEFINED	PB_DMASK
50004050	Label	USER_DEFINED	PB_PIN
50004054	Label	USER_DEFINED	PB_DBEN
50004058	Label	USER_DEFINED	PB_IMD
5000405c	Label	USER_DEFINED	PB_IEN
50004060	Label	USER_DEFINED	PB_ISRC
50004080	Label	USER_DEFINED	PC_PMD
50004084	Label	USER_DEFINED	PC_OFFD
50004088	Label	USER_DEFINED	PC_DOUT
5000408c	Label	USER_DEFINED	PC_DMASK
50004090	Label	USER_DEFINED	PC_PIN
50004094	Label	USER_DEFINED	PC_DBEN
50004098	Label	USER_DEFINED	PC_IMD
5000409c	Label	USER_DEFINED	PC_IEN
500040a0	Label	USER_DEFINED	PC_ISRC
500040c0	Label	USER_DEFINED	PD_PMD
500040c4	Label	USER_DEFINED	PD_OFFD
500040c8	Label	USER_DEFINED	PD_DOUT
500040cc	Label	USER_DEFINED	PD_DMASK
500040d0	Label	USER_DEFINED	PD_PIN
500040d4	Label	USER_DEFINED	PD_DBEN
500040d8	Label	USER_DEFINED	PD_IMD
500040dc	Label	USER_DEFINED	PD_IEN
500040e0	Label	USER_DEFINED	PD_ISRC
50004140	Label	USER_DEFINED	PF_PMD
50004144	Label	USER_DEFINED	PF_OFFD
50004148	Label	USER_DEFINED	PF_DOUT
5000414c	Label	USER_DEFINED	PF_DMASK
50004150	Label	USER_DEFINED	PF_PIN
50004154	Label	USER_DEFINED	PF_DBEN
50004158	Label	USER_DEFINED	PF_IMD
5000415c	Label	USER_DEFINED	PF_IEN
50004160	Label	USER_DEFINED	PF_ISRC
50004200	Label	USER_DEFINED	PA0_PIN
50004204	Label	USER_DEFINED	PA1_PIN
50004208	Label	USER_DEFINED	PA2_PIN
5000420c	Label	USER_DEFINED	PA3_PIN
50004210	Label	USER_DEFINED	PA4_PIN
50004214	Label	USER_DEFINED	PA5_PIN
50004218	Label	USER_DEFINED	PA6_PIN
5000421c	Label	USER_DEFINED	PA7_PIN
50004220	Label	USER_DEFINED	PA8_PIN
50004224	Label	USER_DEFINED	PA9_PIN
50004228	Label	USER_DEFINED	PA10_PIN
5000422c	Label	USER_DEFINED	PA11_PIN
50004230	Label	USER_DEFINED	PA12_PIN
50004234	Label	USER_DEFINED	PA13_PIN
50004238	Label	USER_DEFINED	PA14_PIN
5000423c	Label	USER_DEFINED	PA15_PIN
50004240	Label	USER_DEFINED	PB0_PIN
50004244	Label	USER_DEFINED	PB1_PIN
50004248	Label	USER_DEFINED	PB2_PIN
5000424c	Label	USER_DEFINED	PB3_PIN
50004250	Label	USER_DEFINED	PB4_PIN
50004254	Label	USER_DEFINED	PB5_PIN
50004258	Label	USER_DEFINED	PB6_PIN
5000425c	Label	USER_DEFINED	PB7_PIN
50004260	Label	USER_DEFINED	PB8_PIN
50004264	Label	USER_DEFINED	PB9_PIN
50004268	Label	USER_DEFINED	PB10_PIN
5000426c	Label	USER_DEFINED	PB11_PIN
50004270	Label	USER_DEFINED	PB12_PIN
50004274	Label	USER_DEFINED	PB13_PIN
50004278	Label	USER_DEFINED	PB14_PIN
5000427c	Label	USER_DEFINED	PB15_PIN
50004280	Label	USER_DEFINED	PC0_PIN
50004284	Label	USER_DEFINED	PC1_PIN
50004288	Label	USER_DEFINED	PC2_PIN
5000428c	Label	USER_DEFINED	PC3_PIN
50004290	Label	USER_DEFINED	PC4_PIN
50004294	Label	USER_DEFINED	PC5_PIN
50004298	Label	USER_DEFINED	PC6_PIN
5000429c	Label	USER_DEFINED	PC7_PIN
500042a0	Label	USER_DEFINED	PC8_PIN
500042a4	Label	USER_DEFINED	PC9_PIN
500042a8	Label	USER_DEFINED	PC10_PIN
500042ac	Label	USER_DEFINED	PC11_PIN
500042b0	Label	USER_DEFINED	PC12_PIN
500042b4	Label	USER_DEFINED	PC13_PIN
500042b8	Label	USER_DEFINED	PC14_PIN
500042bc	Label	USER_DEFINED	PC15_PIN
500042c0	Label	USER_DEFINED	PD0_PIN
500042c4	Label	USER_DEFINED	PD1_PIN
500042c8	Label	USER_DEFINED	PD2_PIN
500042cc	Label	USER_DEFINED	PD3_PIN
500042d0	Label	USER_DEFINED	PD4_PIN
500042d4	Label	USER_DEFINED	PD5_PIN
500042d8	Label	USER_DEFINED	PD6_PIN
500042dc	Label	USER_DEFINED	PD7_PIN
500042e0	Label	USER_DEFINED	PD8_PIN
500042e4	Label	USER_DEFINED	PD9_PIN
500042e8	Label	USER_DEFINED	PD10_PIN
500042ec	Label	USER_DEFINED	PD11_PIN
500042f0	Label	USER_DEFINED	PD12_PIN
500042f4	Label	USER_DEFINED	PD13_PIN
500042f8	Label	USER_DEFINED	PD14_PIN
500042fc	Label	USER_DEFINED	PD15_PIN
50004300	Label	USER_DEFINED	PE0_PIN
50004304	Label	USER_DEFINED	PE1_PIN
50004308	Label	USER_DEFINED	PE2_PIN
5000430c	Label	USER_DEFINED	PE3_PIN
50004310	Label	USER_DEFINED	PE4_PIN
50004314	Label	USER_DEFINED	PE5_PIN
50004318	Label	USER_DEFINED	PE6_PIN
5000431c	Label	USER_DEFINED	PE7_PIN
50004320	Label	USER_DEFINED	PE8_PIN
50004324	Label	USER_DEFINED	PE9_PIN
50004328	Label	USER_DEFINED	PE10_PIN
5000432c	Label	USER_DEFINED	PE11_PIN
50004330	Label	USER_DEFINED	PE12_PIN
50004334	Label	USER_DEFINED	PE13_PIN
50004338	Label	USER_DEFINED	PE14_PIN
5000433c	Label	USER_DEFINED	PE15_PIN
50004340	Label	USER_DEFINED	PF0_PIN
50004344	Label	USER_DEFINED	PF1_PIN
50004348	Label	USER_DEFINED	PF2_PIN
5000434c	Label	USER_DEFINED	PF3_PIN
50004350	Label	USER_DEFINED	PF4_PIN
50004354	Label	USER_DEFINED	PF5_PIN
50004358	Label	USER_DEFINED	PF6_PIN
5000435c	Label	USER_DEFINED	PF7_PIN
50004360	Label	USER_DEFINED	PF8_PIN
50004364	Label	USER_DEFINED	PF9_PIN
50004368	Label	USER_DEFINED	PF10_PIN
5000436c	Label	USER_DEFINED	PF11_PIN
50004370	Label	USER_DEFINED	PF12_PIN
50004374	Label	USER_DEFINED	PF13_PIN
50004378	Label	USER_DEFINED	PF14_PIN
5000437c	Label	USER_DEFINED	PF15_PIN
5000c000	Label	USER_DEFINED	FMC_ISPCON
5000c004	Label	USER_DEFINED	FMC_ISPADR
5000c008	Label	USER_DEFINED	FMC_ISPDAT
5000c00c	Label	USER_DEFINED	FMC_ISPCMD
5000c010	Label	USER_DEFINED	FMC_ISPTRG
5000c014	Label	USER_DEFINED	FMC_DFBADR
5000c018	Label	USER_DEFINED	FMC_FATCON
5000c040	Label	USER_DEFINED	FMC_ISPSTA
e000e010	Label	USER_DEFINED	SYSTICK_CTRL
e000e014	Label	USER_DEFINED	SYSTICK_LOAD
e000e018	Label	USER_DEFINED	SYSTICK_VAL
e000e100	Label	USER_DEFINED	NVIC_ISER
e000e180	Label	USER_DEFINED	NVIC_ICER
e000e200	Label	USER_DEFINED	NVIC_ISPR
e000e280	Label	USER_DEFINED	NVIC_ICPR
e000ed0c	Label	USER_DEFINED	SCB_AIRCR
